2163162009648673636 1981 51
-101049435 28826288 22263601 -31506666 42063249 -48659006 10331503 -72710079 10435508 -22674824 101434609 -68784153 105752254 14748763 -59860863 -8276543 -17203832 -24851531 17676926 -557986 -59579275 26854001 71223302 -54983213 85928042 8889728 -67696056 102371214 -22670716 -37438581 -28117518 3154345 -15140118 29387877 33034132 -4848830 18415491 61381367 -36370627 -15034510 -50973236 80256231 -1269167 81803075 42236330 86460482 77855221 -51178997 -12218889 15672977 86587729 
-12441477 19165719 24824776 29830698 -15220487 25821659 3900762 -58275093 -81257941 1207771 -42953385 -6551349 -51292284 -34252238 -43224816 -8859594 -34384106 56298603 98479938 -86733449 -95631483 -83440601 38204646 42463753 40072598 -51128072 -41963960 -25037844 55404808 97725655 35088915 -23967455 71498695 -79420371 -12673140 -62596034 76739270 -11717886 42953572 88365418 -99966534 95717154 24314509 25161224 106228794 30768041 -89861166 -57233598 -33718174 -51082834 -17140070 
-27623155 21216966 -48700127 -94318493 -30599596 69891335 105928908 -70120719 -1918010 87628306 -58474590 -49577568 51622045 74303213 15407409 106867816 81675590 -71907923 48184139 -83699293 11029789 15159444 47643020 -5909726 -37078025 51672024 -83193072 49522963 30887233 82935121 76376654 32768117 -81837706 55525709 49461986 22636531 -35274770 14313795 -80911269 -37221300 67134112 51274490 101397502 -8876689 -69211027 14912584 -11844733 27402533 -55817528 -23282845 -75479177 
-92613335 23756354 -51787130 81075641 64060582 -37284102 -86952073 40226531 94117784 -92040622 97654560 32021093 -104905022 44653949 -14124944 88759629 37578730 75344574 -93173341 105478145 -88018163 17009603 -85115163 68768013 54243787 -70359073 34635100 -65640226 34648303 79937929 56279177 -55572654 -65855398 -39164955 -74415266 32830221 -59066784 -76904994 -68926502 90080652 75116202 -4696183 78568784 -48171636 -62636345 -23600253 -60983047 43521350 42342092 -100752246 60101493 
-352101 -68131600 103804177 6056188 7076862 -44287693 99105789 33150421 -22454835 98018613 12152159 26580728 40637675 -100920924 -80333268 42603114 -6241265 -55419979 -93161882 57431173 28935033 61772574 22460835 22713418 82764345 22167662 54251377 29988773 -54181448 -36312884 -82572220 78285851 -12546291 106879064 -99611923 103559697 -20685926 5681156 -61590493 -12782280 -18213691 52242717 -13048610 -29647447 85306405 -3057907 75220029 48361051 -46412265 -72622726 -69540461 
-54179705 94927140 7596529 9523933 -15898524 -92929764 -11967785 -101121438 -96060831 69768485 23542729 25094229 21386546 -10228295 -27578921 -58658022 -85350944 23214110 11482454 94236239 -106659146 63052250 45631032 39351682 20072541 26812941 -90824600 58088654 38962396 -62200459 54022193 61250983 -43574583 92917972 -20825440 -48623009 -100548209 63115330 -11494803 9622288 -103016116 -15804288 -94913645 -73627014 -20111637 97149710 46630923 -53488729 21326685 13906304 2170928 
-87905650 -1039047 -71006896 58303508 36832197 -12603901 -3462756 -13533238 -46457598 578502 35098557 5308701 95817083 19283385 -87962354 -45895086 48921384 59104906 -56498042 -70704968 -53849267 103832229 -79216524 42707790 -103070875 -27450570 54628305 -68529522 75280983 -7654130 39669521 2045776 17602111 87901060 22851742 84138416 70775839 70886627 848875 3242436 26895482 107124902 -7521705 -49442659 44485151 -259731 -46464878 -38903958 -73384844 36376440 -39041516 
-67188226 61124856 -97462482 77016087 -4866981 52913216 17590667 -54624472 -66710775 76425239 70570486 -70638015 40570942 -56148063 36669255 99603563 88781683 85808490 -24532888 50094833 85655448 96473697 -105334221 -68540341 32364576 24089556 -103821766 -24202038 82456111 61910615 83814708 -43484831 -94390740 6481369 74109887 103617175 -84592746 39999003 -80858164 -102264737 -96193457 -97117130 91395058 -6089965 11744979 -101323964 -44118808 -13462428 -77501534 -100541635 -24288756 
12439996 -7991090 -51859631 57773800 -62131563 -40614689 -5356274 80816382 53145164 -51729510 -94309144 31336497 -61084419 41191306 36028013 -38692695 -52797023 57738127 -9480661 50822775 107047121 61877308 -59983469 -47644268 -15659152 -14200207 30266226 66896904 -35565210 -90836157 36330290 28813436 -43660210 55910476 32980867 28573497 61402099 12739352 49030217 56026337 92378456 73421373 -61607010 -71248301 -35434088 12775595 102267864 -24628627 -43668116 56026503 -58566082 
-72352402 6744657 32802688 -16452324 100237423 -33168918 44992188 97065338 -16667239 -17182020 13961256 -62999631 -46839095 -55486480 -10444638 -51421553 73101092 -61861685 40063346 -104545089 -16962557 59080755 -95470411 -16851180 74842963 100998532 -76407212 -12681921 -25814463 80090524 98462708 -51994538 -11591027 -39283882 73958168 -69218069 67400825 -27970749 100730235 -67715211 99962969 68005749 26427688 89588777 92782750 67832769 -86905336 -62280223 2834069 75092116 102854582 
-43290714 34922092 1256076 -26260310 22477190 55580863 -39360537 -81743100 -63891908 -30179711 12153277 73501626 58138872 -43865171 3151515 61487250 8387487 73684388 -107168154 106359715 -12556967 -16297932 -31790859 -43153297 -58163075 106974600 97357631 96480867 85639449 48857849 -5045000 60970381 -65560054 -65344901 -54865985 -80771999 27347242 40706455 29891613 -24891885 93488968 -89898952 -23189958 80822381 -90904164 -7462388 7277681 5518779 -16931855 92620191 -75727795 
738552 -81351130 23109262 -78977127 6160257 -57385253 -40506715 -39100879 -96067605 -55684736 -3590466 35499522 -73323936 59425688 -78915821 8555237 15767305 57979553 -3574455 15105970 -65878702 -1926033 -92352645 39435168 -43834795 -51426120 -61900883 100516394 73693757 51225344 7275792 -79589819 -34000428 100201932 9607710 -70501493 -106428279 27528342 27942612 -71071836 93833933 54652049 -74612523 67397531 -55760096 -52988756 76158034 -77039270 36602038 95026751 78005726 
-30898884 87017880 -1852437 -61998137 -94422980 -51686373 95952952 31264434 36267506 31041625 30599590 98885919 -42823776 68079626 25385087 -91341443 15301144 31482279 49436528 24010948 -101860699 90115201 -28894970 -93858835 39431403 62910744 -51156050 -15976211 -91831203 730551 -10093141 -53766467 83899956 -20846993 -94051733 -102506782 51727094 -104872220 -19247224 103384996 -18889042 43582923 -11934966 -77232823 95838724 80724316 -13034568 -32201596 -81789886 19455014 95612408 
-69076698 -88759073 -73205987 86556033 -10448460 95118807 -33833556 28294794 97958877 73301532 20186235 -81137480 -19631575 -47048303 70717084 -103479759 -24755695 -27708024 25750826 46636294 21760497 93898172 30776387 -51407827 -26441196 -74655759 -36687845 -76897343 -66055158 -22051870 78020800 27887711 43116397 -78313643 -73075873 60749593 24311895 49564446 7446478 14582518 -7886138 -104777550 -37980345 25432873 29879741 -43656207 41765767 3915373 38727284 98196389 30628071 
105390746 -1023612 -28512242 -12293179 -35109589 -17832425 -49839569 -33487435 -36826902 -4638044 62623946 74038686 -52707674 -99910200 78933315 -66578712 45303635 -102491336 -41164095 -82183656 78124005 15396602 104016126 -19618012 98178072 47675809 30708816 -24175813 -41724908 -36074313 -101621909 -20223069 6404450 44572924 59285449 19984802 76309742 31902558 9388579 15460153 61745544 -96772197 59398882 9743126 13943549 48846379 -25453853 83062448 -55849237 63993700 -19798487 
-99793755 91328555 -24125703 70108060 48807492 -68165926 -102475205 -52675729 -50993745 82554961 4533370 -98244248 108529 -30861901 -4227718 83919861 -73129696 -70548303 7847287 -28256546 9827620 -57345383 -10719137 -97817307 17667138 -66523618 -48558293 -49865580 -62071245 -6946379 98077659 -106232150 69567317 93768557 34572533 64280760 -11120428 -50070546 87340735 -99803338 -83184391 5972781 -77047822 -89727810 47419760 91409266 16194572 22039235 -26799919 29016251 -21350537 
-44529672 -61541496 -23585406 71790103 25466881 62079956 -66413629 -56577015 54482673 28689609 -77334680 38188910 18564622 58234235 -27547389 -46578386 76701657 72493733 59105908 26678138 45582929 89440854 41507533 26868687 -41045699 92114709 -97021475 -99002844 101189183 -5891490 -6171668 -50973967 52973627 59561071 4465042 32251649 -57072149 82661819 -72482250 72080337 -65942927 91342067 3650330 56301440 40217846 33524000 65592138 -38485138 -88806402 -45433645 -4499124 
69368115 92813209 11045915 51772723 -90553151 -64026050 -71581469 67410073 -34079901 -23891093 -106134156 30777128 87573851 46517303 -59228082 -10939452 47735338 52529035 -7257013 -27928130 72679912 -44138766 -26845052 89770967 -57830593 -44520607 82487064 -4914977 4543620 -89860443 54428588 32427114 78020713 -13900035 2818641 96208049 -28015292 20547233 16859333 89132138 63191352 -7512089 -34994701 -2385445 29824724 67874203 62604904 -55501134 45256130 13199831 76738005 
-21140862 13737078 76301716 83347437 105406981 -1024970 -15578195 15169052 -85554586 16041535 -96455628 -7197409 67334593 -24837756 -103512560 61818280 92761434 -37043770 -85725555 50959624 96995339 -85938355 16652725 -75040607 81953313 16235286 -62746139 -18668021 91678111 19735307 -82052998 72239010 -7971537 70133173 20792896 -24433957 23449555 -59880380 40301427 -19501879 68156435 76489669 89902804 -97995058 -5543446 25556429 10809235 7676643 -26183861 -59517872 84987669 
48706400 81143276 10344101 67405228 -50064616 -71158079 -54326844 -15040014 47111609 -22614596 79697444 -95077600 57602185 106937056 -6638676 -47632541 81997084 -37572245 -5134907 -61915401 -22770059 34175043 -43868463 -61247975 -95041763 -87666934 100123177 95933092 -93534300 -11669067 43404844 -23046364 20337457 101412524 87451579 63711774 -12672309 46658327 79318002 4987006 -58512818 -103250473 47693240 -93901788 -96142215 61009134 -51478896 43553866 -78535763 78823108 45995752 
22926433 -28601353 32015206 -2750331 -72487030 -39628634 100271948 -37511015 3581368 28922659 -72543852 107019230 99499912 95946421 -2843375 49592172 97581121 97247194 94954208 15240928 -83213615 -86186241 31980658 -87856172 67152264 76535576 85586091 50042422 15192828 89882041 -7863565 27791916 -75357350 -96977395 36854287 98854924 -70789400 69114683 29830216 -2443820 -52901490 67702024 31988503 89073339 28641549 -14094520 -93269172 84894769 24208279 80511298 -83842823 
-75476865 -89332027 -53580844 -28915344 45884747 -36115121 -43995192 -92157827 -63992143 -39918260 -27481367 39096001 85231928 39651701 -105918730 -27805516 -86795021 78257528 -9253729 -39736611 -103004515 -54942255 -23560004 -89501824 -40194231 61235946 -43123681 -42397629 -13268026 83881591 -64447983 -75056175 29473484 79503855 39064274 81422428 65267001 -99596716 -34842447 81142462 5356150 -60442466 45994078 7208918 -52384216 -25058554 61654782 -20941436 -49253655 -43132324 11982883 
-23420554 95957411 98933626 74279746 -103779690 16979300 -53666662 88894004 -7712129 -16914662 94668270 7012354 81155588 -90121514 39264908 -72432757 -30423067 902916 42496553 72423474 -7253159 -72286045 10480131 60552720 -73002026 53034935 -21406725 -50299321 -105353759 -16639474 -105588240 61932706 -55759377 -78750936 15712149 -10435348 -103827178 94168892 -47480783 -57484680 -53871786 18250062 51397007 -698681 60730342 -14843829 102561190 103863516 64269262 -11853683 -82769834 
22983398 -104604346 52937789 -69883174 -103058000 -21512158 95457179 -10792430 74971041 10170529 70494035 -106488028 57809437 -11696310 -79114762 13832863 42775105 -99090087 78741918 -79770447 75254713 -102155931 45991221 -38348615 79154013 -54645922 100666860 -66557175 -2126513 -67068934 41875267 -105249703 -98226195 105143363 -72624918 -34641546 -17167890 -76691910 99656627 -50799649 -106116689 5652063 1009874 36170674 53428457 -83230062 39384156 -61379716 36019275 48529520 -94702588 
27673022 11040366 87193039 -7224079 -18770638 92837271 -6442525 -71544227 -31823371 -5170243 -64558999 -12596539 94845026 77193721 17478666 72947191 26585078 87233345 26925077 -46294721 -8458976 57788760 -16588607 -27215859 93295643 -7385913 -104249383 -36047745 -85654665 38337926 -20155637 39890866 -83618133 6132214 -67624883 -44806993 10297971 -17036827 -60571153 -64781386 -94728686 99912179 -71223028 24998962 -39366886 35949882 82076621 57148592 25380747 -41127480 -51051449 
51162507 -47616689 74941524 -99357395 32384182 -64223149 -50131002 88938953 9897549 -37804498 -89791770 -22775305 -97322489 -24168880 -26521261 -22161906 107227504 28815615 105786411 69967499 51978202 -65818971 947413 -14890057 -56412860 60272081 -90476594 15167489 -6469633 -70422445 -70797170 99019936 -105986760 13799118 12194248 106973245 86112370 19452820 -99268491 -84786371 72220812 69684865 74221156 96916126 -94613196 -33012471 -20208713 80551176 98908474 -8629315 -52693399 
30790042 -78567709 91788429 -87375795 -37236656 40485252 101806652 -87246227 -51585057 55936608 -104306773 101084345 -88615310 -96490738 -43196335 82412915 -45515516 54746213 -54888040 4558030 -75743456 42179576 74632592 77370507 -69877705 -30801465 -9206611 -83733690 -39873592 -49531782 -23403004 97242661 -64073901 -91029467 25802817 -40794620 8461411 30236143 -64465613 66224571 83430712 102847492 100668784 49020289 -98308086 -21079814 -52984845 -12774494 -3718391 -39072339 78108973 
17102932 53494645 6254145 9606040 -47468648 95653485 35859176 -64971795 -34178970 -5141727 51752468 12824052 -73212864 72539394 104571824 27254682 104341596 84309618 -88677161 -12817109 -32631859 -48503758 -3728552 67363168 3219258 -30676042 -107080798 -20732278 13473935 6043391 -76098264 -83726683 5756814 29348736 -78119630 -50637809 14230360 106606272 -57639656 -84415068 -18730989 -66736950 -58007402 20941251 -18146878 13506686 64154936 65317726 -69336615 -66529396 11849885 
49776498 75103941 91808353 31109337 -98150198 106690109 66194795 51991226 -36704255 -77314500 -91539118 -55893338 -9796699 41494899 -21428612 57711815 9541418 -92070158 28734764 12461253 70933969 12919351 48429031 -93446408 46232579 19595993 96486798 -18059395 -98998891 13566752 29761904 31481825 -64030532 -100291930 102767343 -17655851 45098618 -102435297 -85834590 68268106 44600261 -63397031 -8414277 67219562 -90418141 74686468 -55465084 -71388570 -8268826 87622193 -72449602 
88694466 20597278 40358152 26836670 75749017 -56697129 -35633301 -75678906 43783571 90483634 -53179244 88729239 -33196607 -16134180 -92681894 95314482 -77149181 -66308307 77531839 36009779 -74862960 -20393292 98529449 78408875 -74464728 -32165254 40864345 -81854366 -85841605 -58594199 106451054 -91042615 66482576 -45532469 -40254153 78545150 -14776456 -81986979 50751985 15333103 73741109 104877890 14423346 -107034511 81869243 99862783 -65638046 51735671 36989355 7473593 -80351721 
81700458 -85073012 20343472 58780054 -78547028 -97322117 97706246 -65984236 -15369168 85717172 -21461799 -55838253 -71082795 56166993 107046251 76575954 -48294768 10039385 96929101 43985934 -102271920 -44655958 1117555 1594125 20879571 -101996499 -75325094 -11591316 -104148361 -102854945 30571702 27997785 -38054513 20390770 4714075 -28034413 10122090 92184554 22811607 3899557 63706170 41798196 99682195 35222142 -105532291 -107122418 29179164 62346992 -80967135 30818228 21788598 
96760916 76781736 59828410 -17650443 -61294798 56415559 11527984 -100001732 43263447 -21704775 73143090 -60045409 59750693 98086414 77912999 93585790 62379564 -55356972 43759746 22687751 -54416163 46410230 -59807689 -24410570 6289466 -107179112 30904521 -51030552 -19582276 -16532141 100844848 -62548581 65004322 -67368699 -65199055 -92823621 26814486 -84290224 -62385569 27628813 -100469006 -25595428 -92762169 -72074939 38909178 101275005 85144483 -37741909 38368625 6868423 -102090781 
98000874 24857622 677173 45272410 -53590979 9505016 -17486007 95412915 54698403 98799610 31083289 -104832776 -48409595 96981870 49825158 93254287 879902 83275447 33872881 49035958 71257723 15982954 55253705 -56501373 16525847 -13664108 33992132 -14834242 56258569 100765576 -88756154 56947545 4737052 -24439003 -87717620 12102109 -59782200 -14292755 44666349 -22916500 -89665823 103606713 3011449 90216627 55827108 -52153850 -65548893 39752426 -72756225 -23177718 58720824 
81159971 105367217 -96264401 78565474 -32739644 91710505 92021874 16260814 -48072625 -59605621 -99400488 107284563 -34298911 5988254 54245819 -68589691 60613874 -73895854 97091556 35495099 -47204152 -97487498 -32577713 -100386572 -68474997 18562940 840709 -57142108 63182226 69023693 -94116848 54456018 -27364476 62658979 -68112106 -26351140 70775720 87348449 -39137885 26833870 103079980 49508045 19728124 -48316060 -87011541 50084445 88285691 -21556255 -17050614 39057556 -47245093 
-104413710 84341556 -103907223 -58544341 -39911102 -10293785 -36384505 -64896935 43011490 33506780 -13568103 85960987 9524227 -103610963 65354518 57184218 -16368451 -84250673 69378288 100881358 44797441 73712441 -104247191 101078344 -17231316 -99906710 29421805 82888238 70314335 -11023819 -34626039 -23441521 -98796180 -19645666 -101666702 10446810 -35137008 45145202 -84281 -74429035 -85271966 -53881974 94868865 76413044 -74620509 44011517 48769835 81781486 6699935 -67276543 72529779 
-19533352 57935031 22119973 -84687110 99688320 -71713320 34604071 1548235 98269607 97625201 97872970 63890351 -89817280 24579929 -66229345 81248555 -29561383 39063752 -23886998 -61829209 -68783337 18764103 -81880273 -12698875 103935994 4431841 -43134406 -38171955 -106725189 43014045 27658385 -96832277 64483010 -27524236 -54312926 -106594326 41460601 91276308 72947313 -93238596 -102600879 -40071570 -44040159 12587250 -86615418 42570724 -64491537 21661264 -106698944 79273244 -75713740 
93801893 -98510217 -77277666 10570732 80167682 -107013489 60233417 90864284 66801933 4864841 -4490071 -55599946 -35648607 22286004 -62702697 -79777240 21077324 -51114915 57950286 -25644553 -12261558 56693801 -7044224 -83756465 -56687929 28588636 56443729 88376515 -71482693 45707380 -84372640 -105262982 -27798039 -82674603 -82034383 -95268367 11085424 -44190913 59737629 69697783 -94224729 -101976934 -96890411 -8159077 -9531486 -104567128 99147251 -75250220 103352664 -3332311 -17528297 
74498885 104240282 -56413103 -2368648 -65649803 -96421124 -92240365 -63904635 61800161 -3377931 -15423052 -9664289 -2826327 366820 47214145 68570769 -90314005 104496005 -91341165 -55895303 31519213 -102713941 -44765614 -57549302 -40709367 90070504 21567176 -36219611 -61282692 39734558 -60532917 -71483358 -29218066 -77109168 -102295376 81825119 -48928530 25760077 94125575 -80722782 215880 -58733543 -59421583 50656439 49668530 13329320 50440766 23416321 61604976 -21563542 -98260831 
-50919801 -231381 -55424706 75865670 48088860 -73409065 84208444 3088418 -18570726 40387423 78360934 -84849386 63182174 -59311421 63950204 15599946 60553211 42001863 -83278467 -88939043 -53085563 92922638 85354665 -40839366 -85684670 -97657783 55761470 28207265 -26063356 18018361 106773026 44647267 -66495376 -72601823 -76044755 -41880021 -79890816 35032500 -24750632 -38292374 82009245 82996975 62034401 -101106518 68178879 -78335202 11023871 -94162330 36024352 -48834976 100025645 
30573502 -82306185 -68842228 -1136520 -21736504 -3441871 -63823862 -43361369 -67185209 -81145070 -57531030 -43604553 -73854439 45594145 -48091087 86401800 -28136844 36862424 -92161487 63104620 -12011172 -62859088 -36140016 -83828896 -64506644 106017444 -76719660 87427150 -38033491 -16895293 55482651 -3133121 14455757 -6301747 61038735 -98165413 32436995 77511801 2701677 -55609821 -46914542 101466832 -31783803 -83551795 42659048 -98498715 -14489333 -49170378 -71682789 94273795 -91046212 
49083318 -32116923 -89540666 94336581 -64663177 45612541 14408140 31637714 76403790 -90653886 93848138 -18220030 -4519414 91455366 29891800 54689569 38525667 80002425 65961485 75319435 84267568 74189789 -93303876 39035713 99321637 79768685 73623222 104218387 75275858 -79068312 -64015404 -65908913 -42208711 76424649 -105319351 -25512535 93448855 -42632668 -67615876 -61513389 -11488280 -93742378 -31121230 -83541770 47100721 35937857 51310435 64631859 86441923 -57185302 102721600 
63594167 69892444 -71795651 -24939577 36218993 -21839414 -84760862 -91912730 -3347387 -87111123 -61658689 24008465 98096007 -6370620 57901954 98149364 -79279445 26888789 6533236 -27275536 66738103 34006833 86365950 -56740384 -75149082 -84317914 -34300577 106974084 -101292291 -89225501 65588342 -87286273 -93629595 53051128 -32892423 -22674831 68786431 -20720059 -99666229 28128625 86899224 23796909 -16671534 -5854868 106231237 -57696889 -11469407 -10500279 89411427 -60431437 -82394657 
-31089032 73118361 -79466025 25036789 32708505 26836943 -41968594 -106026925 4718930 78388405 14789621 -92822211 37324163 -101066216 14417403 694423 -47251879 28253063 -25283838 20387299 53505514 -106102424 88215968 70017976 39299014 -4959717 -51426053 44184188 8805680 -84777932 2808719 14002338 81861510 -34378126 -79169943 -19606850 47623066 21587027 -37968743 -14670931 76827368 48634043 2520662 -50910794 70955048 -68938508 -106131267 -79559707 3225772 102878720 21394427 
15756825 66673117 -18970519 -34005356 81338165 -23628876 -68075021 6835 -64174011 -38623680 62665249 15310298 1694585 106011165 40228773 -48058543 2419231 -7459120 -9373605 -55732327 41206274 27105756 -18893148 -83365282 -78642787 92100030 100733093 -89838537 -48365872 80248476 -101950318 3652035 57991448 74633279 -94358057 -27586377 26155509 -95240229 -22365786 -6526457 27181025 107086848 55002000 104776874 -96394117 -19331773 72689359 -65227785 89979864 74641707 -49757818 
-75257319 15378095 -15303343 12595029 -49471250 -4174429 90559803 104540005 50496780 5743786 20510114 -88944151 36236721 -15517578 90480934 77671411 -79702205 -52073083 -77656534 -39402349 36811565 -32627584 100824433 37695225 -55013717 68543502 104873612 -8762692 29933108 69547673 -66419083 -23989029 54325430 -89738881 -74988793 99969197 6534809 -36315832 -13242476 -95888103 -6422947 -51628924 27518325 62981735 -83508332 68066992 72201789 -52998513 966999 -106063531 -93319168 
-9289143 70225783 -100267848 -38027495 -21513890 -63696064 80674287 -86550988 -87382408 32112446 78475983 -98378614 63057994 56841687 -34458163 -43237655 -81091994 -98490663 -54273675 1033339 81365993 -65712655 63195041 -52854368 -48808846 -26342399 3543914 30924104 60809740 93358828 45199778 46299479 -40989302 89626991 -26790963 -49733291 -12390590 58502288 64679431 92134699 96718559 36984531 2570200 66910011 -48589090 15287123 90172820 67811275 19179166 -67587378 84478419 
83239140 -15415008 51191167 92687698 107351154 40382338 -97948238 75009371 -38630227 86758121 -91314958 -18243085 88113843 98166955 91404282 -22766482 52569801 12222802 49666364 25034470 -98769999 -76967641 -5991018 41380698 -68971771 -26045142 74947042 -44274402 -99944640 -37350622 -23498243 73389332 99386737 -13556655 -83712238 92808480 -103770227 52456258 -50863151 65107296 -14628271 -87422613 13845396 -77020608 -64004802 -3945793 73297317 -20672079 -88225761 -67644120 15728646 
76950802 -93123422 80370447 6985872 -23351708 7516905 11929657 42359656 9879258 28143655 -45538105 81766337 -25194571 33726828 93251669 21003967 47590560 -73075569 95927552 -11485849 19461757 -3265700 -93197714 -27782566 104469010 55379185 17653757 42808554 38674853 -47716737 -28600245 -105360568 -83465683 90118111 68002999 -51251539 -47765974 -13368637 50344917 -20440863 -85547727 38734989 -8406958 -28801516 44887577 -63421748 61645231 -62744584 -420932 57716793 -14334198 
-64688898 -95923960 47096121 -17812157 65432644 -11282524 -19434820 -57502196 6651 16737933 8049680 106567910 24579245 -52568459 -106554755 -22100783 -7702700 -28855700 -101943995 7761342 63453726 -57031700 -6371252 76740422 -88259642 -9316637 635316 90878720 -36870636 -30733074 -57663451 -107051873 -88263317 -70877720 27361362 98523982 -18989247 8290568 104288986 -97995424 8864717 -92704964 -38110134 59907835 -51143747 63336781 88731093 60130849 -62247897 -31571422 5820116 
57898645 -59723831 -107074064 -77245418 26111486 -60487830 -20820338 -6909493 62150704 -35728852 21473672 96670533 48674910 64901856 -84746793 48074693 -32942135 25970925 78037764 37156897 91521221 87965912 -49777038 98262941 58994443 -99920266 -23689813 88029116 90189187 -103498735 3398962 68721508 -20314326 72526417 30449020 46428614 -48931876 19226766 9689022 -29369917 67914336 16921273 34659197 -32048893 -76414108 -87221212 -91610584 -53450059 37998926 -3079146 -75089963 
37132768 -81041631 13580977 -37668099 -34483871 3832251 36886892 -31963917 107224750 23555890 -55230200 41806684 70647466 63109318 -24405429 24587709 2358990 106556020 1393250 -44378833 -38309478 46265971 29789173 -33639495 99849208 94729627 53793785 41471895 73958969 45394368 91313471 -80225093 56869501 77213604 -67154155 -79397882 -46612426 38629732 80851826 -90536624 77141089 -34701476 -59868755 -94407980 -26804128 -83760628 -69555484 -18563283 27497760 -43089247 -39080932 
12966681 23003152 -74630948 75150954 36885264 105406171 83468442 76336462 65706552 -26988247 -82601661 34756229 43559309 -66709390 91793802 100263282 -69780118 81422197 -33249606 80970972 -77186241 -6671345 5462829 -34240738 -17979055 -39757781 -72151548 56477017 40847267 93753066 -104041537 -39673958 -104974834 49743267 -67518 27033727 16485449 57533637 -54268118 67585804 -38311025 91091146 96831775 96210725 23550062 87508335 89561864 21851620 100676843 -63078313 -34380961 
67465588 -101789264 74622552 103121949 96235455 -58095257 102414875 67363592 -25978652 9090931 70312356 -93530831 30536649 90391034 25152918 -37476581 88922911 106374724 -3139448 -86530774 40516706 -6540721 97402985 51318085 77030670 -57787713 -29650754 67675082 79313135 -25959624 -102292618 86500887 -42363101 -847291 68116166 -96277081 -48764756 -49478861 -81013862 -58592908 -52391817 -100615918 90128983 -66532155 97669239 -58330155 -46393909 20041979 -54576838 -19859814 -90803073 
-32324708 5974937 37820500 95595579 -25457952 -33478843 -72889470 23689429 -21592722 71743393 -98457095 -89183822 74343130 83004818 -59759681 -28465766 101298652 -41512332 -13878911 -40328483 -4369208 -34805023 106135123 68653037 60419067 27158334 -37605561 12080125 -312149 -99638521 41376648 37093379 30554380 -29835227 29515807 -96266398 44958421 54550331 76543453 -101289859 15865612 40971869 41060317 -96714521 28318431 20431097 -77523771 -55897143 -4932302 -48100667 -53435603 
-23665522 -78180482 27540994 70609674 -96275395 34161062 71378105 31327292 10874337 77530079 -9102039 -11080129 21650594 -29828011 -32999337 41714619 -58476836 101902410 3781571 -5872085 -13192550 -32201178 -40636119 -57756024 -19742830 18627879 34847553 -70592609 -84534471 101706303 51954254 -100183625 27327635 67262291 -88934425 -17576093 -50930134 9221357 -41709800 100876510 -88391999 63109569 1114795 57302484 61700472 -13828724 76569422 33158946 101765308 -33421377 103708738 
3503545 64549940 3980056 -5029874 102606149 -79016112 3730630 74575928 -15280431 -54504258 33189181 -60417137 3476299 58565461 -49406783 -57343949 -42684297 -48029937 -49691277 -105307402 -1488984 -101514160 -1871543 -24165038 24852680 18722344 86075489 85068058 -89353364 -12364064 -28502953 -89475701 -59773910 33803878 -71061720 -37517988 -68879506 11880621 -81536234 -104125389 -1027694 -96944323 -74020069 31085762 39440809 51911926 -106122598 26061928 5339884 -39271724 24615876 
-23763703 -45497508 12400780 -42082688 18688273 -78364792 -89682441 51340196 -49046032 65615443 -42969449 95023705 17211991 104816623 -48646744 -104477025 37913262 16935079 965365 -102843600 64029976 71111594 85496523 -86973167 -2917649 -79052233 37023603 97601551 -80040322 -29738935 -10314480 78370328 -101070282 -67778740 101334749 -28918229 -78828447 29248800 57514690 24543296 51106468 -15253489 20647983 -93376269 31124028 17072986 -7196046 92873956 103787433 36571526 9098808 
92300976 -23609471 94231545 103742212 -81625625 -21065989 51989985 -15222293 -90298931 13167010 -75912069 31901946 -30763024 105789844 -40057341 -40600629 107262245 -68932655 -38422627 -16630721 -58612803 7208118 -61075283 35275961 -20895238 -100499864 61570006 20197984 78533323 -76452628 -65191607 100107584 105165802 -50592502 70045770 -11924624 75403601 16985449 104332614 -44231499 -60207781 -62930044 79337721 88254601 71111493 -27540599 68222442 -59398993 -35333942 24187580 -11753251 
-21526622 86189308 -58132636 -11707580 23281187 54996671 80261443 28568554 68400577 -43811327 27032784 37756169 -63370280 -64160223 40441325 24702978 30894955 -66933406 7300658 65699149 21957321 85911201 -8485492 59346079 13868778 92119811 -71234047 39470413 82352341 -65484457 7163044 90142030 88782947 43675929 -73287388 9414140 -75698729 -52400469 -20253702 -51457991 -28605701 -72017630 46200201 -69274560 103910870 8105916 54359305 60802668 22347801 48305904 -23940670 
-91265798 -62579538 26417169 -33060721 -70839716 80571412 45050163 -25137272 -51276236 50479417 76291090 27446497 52883361 62215197 -73047570 -61619088 -64315572 -101611843 -102336164 -45156383 -16061484 8701804 25673226 -105805224 -1768923 185417 -40841441 74132912 34681264 -106900163 86826644 42202138 -101301506 -51193865 -45960012 -29663031 92976206 -60524242 -10568168 8314256 84856893 -14395634 -21566774 2865065 51766249 -87448100 16895598 -50719119 81256085 -100598752 -23198129 
64088389 -4607703 -18697209 -59381022 12441133 -55089725 71988262 -1075371 -41865067 -30102129 76619237 -14622193 -34595848 -87205696 -36898366 22680194 -67347392 -97497320 -90296352 104408575 3285269 41187246 -6387645 107274422 -98504012 -42502772 88434769 93015684 -43322877 -29692192 24719434 31545366 -48040745 21452034 -99244715 16412950 -69471796 36140728 32293909 -15045611 -67320893 -88345462 -97952297 72438114 99264048 -19519146 94526864 -49322324 -82443974 41428791 7585869 
-50411958 71013610 14775676 19396121 -76920174 -64516903 -80343683 -22738550 19009981 12440269 -61272425 33737088 -14805976 58619517 29079637 -90823756 -15658926 -85797787 -67802612 65519809 36729531 -38881743 -72286197 78697744 -55445128 21969178 69178202 -31710003 12567498 -80045517 25873198 -28459178 -78519113 56421636 106770838 -14079528 -84526272 67797311 23350871 -77914552 -77444011 -18841620 3548776 32761471 -74512227 -45985517 95720864 -69214872 53417225 -102265153 52050715 
53651660 62435290 3440071 -52989068 58962254 -67165175 -51267477 -47888675 -102257772 19106982 27692862 101190847 -9382656 -37965733 17495951 -96730896 35753162 26640170 18475460 93459293 98308698 -19814738 19087529 -14498769 -39809205 56498902 101462706 105529356 90829860 76563284 9420360 65880179 105563308 85446471 86194891 -2466664 -463348 76569269 44550961 101445546 90492876 66247727 -35459078 21560316 72128754 96191185 57428846 16949277 -88882083 67683928 105632414 
93525089 51772591 78019282 88835451 95886635 14040501 -18467007 16982658 53508577 79619695 -86973899 100065255 -3145971 9332333 -10997482 -27812133 102322623 -72557414 95436166 -64127146 91108078 -45296045 -51939146 -20230655 85350848 100236753 -54922206 -18187492 -30585266 27736033 -104905169 102559579 39696948 36513483 -5124565 -73235211 -51214211 10962069 22163439 -106522250 58979795 21101981 75053825 56155701 -97317797 -103071315 -84754276 -36997112 82124316 -68370230 90814347 
-99175711 -8678277 -73426007 -56923689 -34246680 -14957341 51297427 62761612 -2739681 13652963 -17815190 -3165717 85154826 88767913 71642775 -57516233 -82246854 -58381984 -103629168 -92366686 -82169483 98034651 -41670061 -90561075 -9240711 -57748472 23657021 -18088934 -27519433 21454192 -84873554 -27139675 -98934469 96774179 -12201754 -85514469 -67154468 45397757 -14596222 67754307 -42371814 95369386 -55311522 -39870832 -19399092 16518350 -103162588 51651435 -34362629 67762939 -105166193 
18188984 -1604500 -47256734 -49401844 10574005 -65269750 18248923 -4129687 -40573336 -53004358 21493363 77155511 103750706 -10945127 -18774689 -106883908 -20295815 77649421 -106459849 59445848 -95946279 97772993 47775398 -44550561 -65328615 29319476 66158598 13857500 62779872 -63119114 -38352591 25349409 -101023461 -74734716 -44718918 3850027 -95349128 19094864 30893200 64041329 -72636818 -35489093 65592091 49728231 -82079467 30054509 104068804 73598197 64447337 10050376 64450430 
-18440432 40086117 -55199392 38165849 46478083 -60396328 6920411 65835504 23568252 -71125437 -53193496 1675397 -72595400 64235158 88327126 -91737246 73020324 -107051383 39014942 -52478170 -86012576 15477524 42236517 -24840565 -34684127 -3445105 22894665 64348962 45265226 105344047 -43815156 61041417 -55488859 -1233817 26158294 82636679 -56422584 64922888 -6533262 -20594235 -4214526 12022744 -42880427 4041165 40526401 -94941928 -100113349 -77340950 92138032 -40556016 22928187 
-5152285 -19598667 84204350 -91663257 58986151 30742562 -86081287 -55096663 -70400447 40531514 3444417 86523051 83150613 -39098740 -81858619 68435879 27843303 64887790 27026747 48824360 40600527 -74654604 -14366741 -75585350 -46943311 -59039127 -2134356 -18779290 -76753749 -90989759 -3992135 45377210 -81285770 13322095 -42872802 107209893 -71742929 23690597 77988191 57331352 20730395 68018688 56169692 41357968 69111593 -23453655 21777700 -38529033 44972148 -78173246 73131634 
-62802451 82707761 11487637 72979624 -90505888 -56816786 -16069959 79603181 -52045662 88702408 63597165 -60163057 -14245475 12960145 -97100856 -49606452 -46947846 -639620 25181319 30006590 -104891162 2752925 3721289 2020685 88608882 33697314 74984762 61053732 -50181954 -79898331 -29520426 -86686076 -70433186 -39521008 95853563 -88076346 -56857915 79509988 84989762 8521512 -12270947 -32720954 -39605924 -57349471 -67814531 -39983794 65756276 -44996092 84991219 99700928 87948204 
238568 -22207499 73588355 43800882 -65042363 42741838 97780098 -1134672 38135710 -26443081 5674237 90848914 86147629 59937078 -85017325 71407378 19654489 53755365 29882847 -39847697 -60701777 9712966 -45465201 -19248505 -99675991 80703720 42929325 -16578829 -80310626 25332495 -83868864 70086336 -67873767 -1454652 36138411 41681984 -3491317 97242320 -45296105 92885099 -33213509 2607967 48483586 -87459440 -28098329 8764790 -45407904 -98591125 -20147112 -16703682 87992329 
-79809109 -73355614 26326036 55684165 -80483932 -60316091 -50004993 -55791359 23542269 -93421983 -56718946 -92461116 36443739 17362304 53052444 -96638002 78801199 -56625823 61715166 -38089658 64624686 -39375427 18112345 -2073479 77835961 -26783104 -12568815 -79655963 -95362706 8514710 101160963 34285450 -99726555 -21453280 -59285633 16516254 38940855 -56962836 -53276821 41630743 50569849 -6969657 -70041643 98788340 82732333 104022853 10937686 -32394579 -65048401 -53841910 -101029977 
-63263219 46801105 -40707489 -95776649 66591881 98309338 -100103596 -9830723 18154077 -20336145 -7932969 1797755 -89809864 -43687069 -20801592 -45031563 -18182203 -106729167 -35773054 88382216 -31554901 -1347972 1774771 -13679596 -34048141 -21368301 -61025385 -5970470 97148641 -79218199 79958612 -61156779 -89802957 78042526 -62671451 65182961 -85239296 -41412355 50794798 -64638109 21282570 69067409 86565362 -98739354 -82841477 105399508 -37359834 -79218702 -61820248 67764373 53258219 
-19764708 64274956 2216767 80609779 -18085205 -31476081 -19140481 -26945611 80729608 23606320 44013084 -59542008 -37957367 99677070 -91266723 67740203 59271356 59982819 9308527 -55492137 87866243 -79084029 -60391840 -41830527 -67977183 29934058 -59725191 -89700596 18651729 -15023772 88669248 -11991688 -34564195 59119514 81249021 41762389 104496650 89668949 -26796611 -28045366 39456977 7623846 68051306 47868025 106654250 63419506 58173530 -84158694 19130080 43315631 -73637039 
-45807140 -27447432 -6956165 100453813 85720675 103163586 47793892 63658213 -86765343 -35711794 89088643 -21811035 -96381992 22742796 76461263 24695310 -103260762 47636377 -20798545 95546165 -27891411 -52516893 69261478 13598310 -74308387 -50171726 -101886016 -44194536 56421902 92595671 -3699920 35874743 56217869 101188551 56452541 44783220 44669331 -75161578 -88809622 106526113 -48416097 -73754675 -51264891 -51785329 85803863 -32945047 -30521237 32702847 -10023519 39136808 5989775 
-104106220 10604388 58785946 -13522185 -57512343 41493274 -3344504 -53480701 101718474 98266071 -35683601 -98648998 -72712387 41714568 53231126 -74539425 32749507 -65606381 -37976709 61926598 73560754 91779813 32621573 11230815 -84769886 -1992002 -36171349 2550748 -77284603 -98072946 -43541274 30698606 15494189 -10305463 -54201062 -87280412 -46482088 -103183186 57415316 68451153 81661195 9761622 101278521 -41270201 2066264 17381859 -97662130 -64707844 -56544501 4102271 54625240 
-76147952 60661919 87565967 85166428 -13467113 26814292 3193655 48494821 101245917 -10169025 31980664 -70282417 -30145665 -78375329 -40524348 -9698557 46008107 -57835563 106434719 -67507957 -54561503 -87690430 -33657729 22100008 -75338936 16238400 -87713120 39307246 -58505947 -2959695 24904333 5696 22577181 42852283 63304402 71637219 -22421001 83297019 80184429 60165726 85124631 21754865 70391997 52096802 -36228356 -62036657 59296197 4326238 -82550753 36695308 -50477556 
48443335 -77880908 -99854503 -39360409 -35285124 -93837131 85692496 -21146337 -97384466 86564285 52859904 -103226572 71762328 91846177 97671454 70802241 -74489716 20659625 75949589 67177574 -2502590 -72881588 105969663 92385159 -44151775 70122946 107171460 -62990897 -53548224 41676486 -91703148 61571051 96860634 -66849749 -58299437 -78927593 51072106 -19822846 -84892237 -24760657 -53230742 78102933 -39908831 -54035908 24817203 -52696138 -35394102 10564174 -91860654 -90852169 84208636 
-52987961 -2877071 -2689728 47633567 -107278929 -69779803 -44657505 -42634620 18156560 -21978480 -22606902 -91973876 61412590 6168703 -92608193 -98485227 81199536 59519725 -58957893 -19324752 106329652 34395862 4474756 104370182 55282951 102731723 -1041450 70793540 36006432 -69422482 -60989208 12109764 -15303617 71211000 80666233 -40382991 49235049 -818529 -100082413 4538253 32829101 -67347302 71184922 88971155 -3996577 -49184622 -41707838 -101718406 1560131 34023970 -65384798 
-79864808 8119959 -1769382 -44244958 -51152407 -101124175 -58396296 32043346 26121457 -106460659 -85469902 -70621607 100994165 26294292 -72220635 39083334 28821539 -62851421 -99235300 -106238774 65180395 69173339 5879539 -29980645 -100430575 98054505 5384690 40895892 14400117 -11518755 -79555246 -58376770 39992225 47822691 100388071 -103324106 -82533509 3243670 -36007805 66868412 -29552684 1268470 -59329609 -43831004 73326399 -76001891 13750741 102038134 99940332 -75921323 -34408867 
-66020033 -56205466 100458602 -2386935 93523559 92209185 15520705 -91343559 67254458 -56329341 24229807 75977793 31673606 -23902556 -68176794 -20091385 48236575 -6449756 65578574 -98546983 -43427720 67727046 -4640521 -70230514 -18630599 -42944100 -90964183 -7249642 10202060 64651081 -45868636 59859287 -32437357 67589755 15282502 18770995 -53644845 -34121291 50314352 -40955048 80714491 61982961 -30729056 -64461672 73700950 91736772 15658184 -55840854 -50812462 93977616 26296811 
-1467926 103550579 -36651406 -3711716 45077557 -37349240 -104691729 -69779558 60969384 42749079 69289288 55467408 106323089 101829145 -98413747 25685706 42285957 101669456 22300457 52069222 33099962 32178275 105066631 15939791 -47603678 -22802316 -38481804 3533330 -14748740 88501541 -12257682 -57971417 5025484 29874125 -84884872 29482075 -13127745 -44439151 -80347315 -20635620 73161692 -88192699 -99766279 -59298736 23619290 -33271473 -30407590 18063707 14356320 102445381 68973481 
-16006733 12243779 -90263255 -39307196 -23355199 -69140733 -18551561 -43303109 51978858 -50212722 -92400279 -86270322 70840262 -50483 5313769 5083122 -26525877 -93523678 -87916091 -99103726 53912858 22821904 -80325686 -72607934 27442067 60746345 105912600 -33843282 -62530128 93848860 -70049706 -30083611 -14076717 17136489 -35720542 89264817 -25508223 -20588442 -96516512 25064305 -57798212 -40833205 28097275 91655037 22622760 85174999 -67268970 -30589075 -73306593 -101881628 17178434 
-19118784 69348016 6943125 80475978 51180504 29481256 -54552259 64772204 2766955 76619354 -14902682 -60772638 35299387 -6074201 -35158681 -84292077 72700249 -45677699 -3576770 27828240 -51946622 47188104 -4648021 -70237633 -92205831 -44992459 -87550739 105210449 73260076 -71749478 -18401515 5314223 -76683023 -80368939 -23147016 98895374 38273683 81538541 -48544465 56986287 -19508266 -86068711 20198519 107103741 -69212552 -2567651 -37383582 88051870 -101781863 -26245207 -74376078 
52800828 -72174767 52939313 -72312875 -46889879 37803901 98822881 39147079 94566641 62864414 26691771 -95244263 -1988278 -7169444 -2414717 36025523 -4192318 77479655 -93235442 -31601474 -27949499 -77237008 84478930 89731918 101594245 104346524 22853384 40586732 85171312 -18147585 33939314 -24870581 106711133 78190267 12825921 -88084309 -95681851 -21018216 -96493705 61226618 88068259 84023916 39855383 -75810149 -15376960 43484762 33553341 102625308 -78948627 -96846827 -56338089 
-49915173 -58998507 -35855715 -100955983 27638036 41858947 97881323 73168625 -46253867 5707526 -41154883 54684027 -65715959 78919509 -77591266 5209124 -102379319 26395380 747917 -95987905 -45063378 62258489 -57402517 16893 49271729 27375610 -26132687 -96556729 -17230628 29338464 5138116 -83630605 -13462969 -104810272 -68216609 -7621848 -98368486 53267878 104117627 57060244 15642071 70711851 -36823529 20432819 23189724 80519747 -87108630 91098760 -76449598 107310261 99938553 
75405985 104620613 8924464 -436349 -55795606 66674574 -37772025 91593717 8660884 -77030369 55156796 -47218913 35052200 46211742 -42639536 -81292918 -9687316 -70328134 -2788985 4739491 -70747753 97190807 -5084370 -36619112 -24702595 -31605236 38168362 -82130275 -35787927 -65971645 26420251 77283678 -66941319 -95432808 87364571 -88386200 6553673 -165458 70523819 -77949403 -99518033 44020697 -64567485 15567909 -60468415 -97240208 -73835490 48253975 -90504052 -52482941 -5928917 
30069637 -7163604 -49607978 67322039 -93949949 -40783567 6099127 -70345499 -106730369 58742272 78169198 39980633 -85812704 19458910 -56134796 -57622287 -34250483 78617131 -91899786 -41173738 -6583535 77898832 88749454 -48070459 16809743 27616044 91507896 107265759 103915636 -50225284 102877601 -26987464 3716943 53309395 -31740440 68018897 -90588963 29436827 106025545 -71460532 -18830756 -90858846 -88465876 103843370 -101946654 104495655 -35073625 -70400258 -8862158 41497543 -101262750 
75352420 21648657 -33999385 66717677 -27480772 39156614 23109773 -70755195 7003839 -101147932 -19564053 -43790687 -100381978 -1139298 -74536474 63689831 50380299 -34977634 -58899455 12854704 98451182 84755077 -49461583 -17088220 91207304 -49454948 -93517184 -100829159 -48494082 57792074 91124752 -78805456 47451780 1204200 45539132 47672642 45878043 -95896673 47472363 79995405 -98668722 48543206 -96102132 -51954664 -59728361 -101169099 -62207319 91536555 53972208 -106792114 -83688586 
44745788 -74416081 71352758 -44958893 81997334 55342302 -79069927 91858682 -75739983 102939142 -60983472 -103892782 -91172520 -25943799 3843596 -40726288 -98766888 26692850 -155943 89402224 -98821992 -77680228 69444458 94745748 -33185837 96588066 -62959362 84000581 77087846 66351165 -15389966 -18094398 -19991303 -11716091 -20250460 44279411 69064847 73852914 -73105134 -22960302 1769075 -73359095 2517138 97770924 -45027967 28746730 98478567 101465763 -58025542 93517372 66683038 
-90626293 15275896 -90184063 60444560 -12661583 -13252765 4412095 -12611337 -24830853 -59514654 44513357 76311223 -103327992 39888569 46916592 -104612468 -5219587 -27400719 22344601 53314584 25557979 22500424 20471971 -10692595 6368421 9843088 51606603 104058610 -61180580 38429707 -27651042 -10443391 -107176598 -15821000 18602532 44241106 73535379 55759318 -27466639 -37513135 32478508 46669120 -47309802 71845664 -9762518 7845008 -77951115 9796739 -63349159 5413565 -39578844 
-726387 93589836 42121359 38839444 -7071131 58589783 -9929003 -96583557 -95705572 54729473 -5865000 -92349882 -29077031 40560997 -20335283 49857036 -96688923 102765180 66194521 66639374 -71420356 -24749832 -64024568 99365990 13691359 -103523450 22914095 83530284 73269542 -21696301 98196180 73799715 32113563 -10712043 -24972649 17531799 32951888 -36169808 52760889 -101434661 -27097380 -17213660 -7372267 43554816 15822627 16537326 -16532447 -62565934 3958569 24494961 -21056722 
96854545 16900742 93480101 98488511 -98615113 1085904 -1297286 -105214816 38347453 -105436461 -56286006 -24542264 80766302 87595005 65079628 -62783408 -87614310 31196210 15710304 -62622480 91298525 -6569212 59945193 -18527074 44447946 -49972436 -86571000 79945668 78055933 -15936813 73693737 -3679983 12850162 -38919884 -78686582 -10553358 -106205526 -83988915 6627642 36657952 63369381 67675896 -6907362 -42118170 -33408465 54025574 -29860881 45958110 73979757 49676931 46901237 
12411001 -38550438 1988682 -42399570 81181906 48962872 -34589734 23678640 -36102618 18268501 102024980 -42670966 -72249488 -29166583 -37808070 85451426 -45192599 19802466 -82391448 60776521 90007394 -79853429 7600851 2019229 -99258322 48933140 86033448 -84069914 90516801 73251293 -46523756 85238884 67902892 100058492 58242300 -100040444 4485961 74484362 97125361 31410499 -70729404 -106580350 -74878440 46048280 92066668 -21692272 -60212644 2529036 -21983359 99868278 51752639 
72818161 35274708 -11951982 42218892 -9738203 102207129 -19585501 -29209683 2962995 -24574988 -25636427 32303126 23027262 -76314753 44821932 -90762622 -32395427 -13168338 -25971249 -50598347 55359460 -31700501 26638600 -1837260 -60358038 -87243866 -50843775 -1310891 -33476566 49029067 86114701 -25194006 -35931319 84867670 -39177553 -47888695 -86184590 75424880 -52962667 40476584 50121332 8039680 -91962134 -57755793 10749323 -96021998 -41458802 61235862 -85016302 20970011 29875903 
12828113 31393789 101508029 -56578061 -106564511 30692027 -83168853 -52058133 -87721873 16064639 -55174338 -84645279 88096481 -4910912 -79324916 -29224984 34890625 54644268 27782866 -24324712 7368838 16579416 87212198 20829227 -58628583 -66488861 95966465 -83598460 78647263 67867198 -69900080 20807011 58731202 -102801375 82707469 -30105829 55379241 -97670367 53184901 34454038 -80001011 29748207 -16702985 -19249233 90145030 10861415 103516050 15443403 -61481569 14278307 64299786 
-60145153 101130494 4424122 -43340304 -69910710 -21799328 66095838 -29634696 -71281557 55967635 47721177 104386056 22284713 51278048 103123785 51988935 -18933812 -75834366 -86321031 87908838 91182130 85963912 60987775 -75364537 -71895741 -85212580 95258719 622100 -51805410 64799254 91758833 -79994993 -75374767 39068655 -77294389 71783366 75458379 70182197 103619238 44374756 -64141564 -104640040 105163068 48985365 99429267 66429764 -85463857 74642119 106593595 -91140149 -103069537 
-32528081 77997716 32114834 -91379664 96375206 13713252 96031319 -22415477 -103328961 -21999362 -98030107 39851464 -49663862 -70214787 96197300 84262834 -38684868 -22702911 3103141 103355150 -31390082 -62413176 11987192 78606458 -59036370 18668134 2915029 53425181 95084772 -30880170 -11048412 -13227142 -80040567 103513538 -1461733 -89376370 17693647 65564544 -34875411 -62336615 -31623254 -33281200 80734225 -86694839 95328353 52524701 -83599530 82982296 -62941298 96738712 58778042 
-72511260 -60738389 52547520 -87847068 -75996727 41486035 20242105 18548430 -50585701 -96510307 20690121 96178656 -106562066 42537981 -89157856 -67946038 -90121318 69811518 -1609521 -32443606 63297610 49086316 -90815476 22220355 98065172 43149965 6963298 -34978060 -46804291 37964580 33246924 19472287 5149995 18063983 68585034 -28843281 -104892854 26288690 -100778693 -12551056 -99034002 73141575 -92149937 104347243 15872273 37599463 101075482 -91013823 76814575 76065676 -69303888 
-83124235 -24112928 99530708 96252098 48378785 35823451 20772475 34506093 99539805 85495350 37500235 77268544 -101819332 93854256 28231058 -39398034 -29104207 32688156 39003093 23341587 81603569 -22299607 -72701064 71267954 35489150 62906870 -24361313 -23753809 -21366347 85264058 -1969977 60363395 90466776 -89928085 -9409977 -24512854 39888449 -8646876 -70763180 -65036302 27920633 98465628 -88531513 -82783798 -84106281 35412427 -34943619 -53377370 -30774266 27636617 50900363 
69819249 -44761536 -61620244 -87688644 -32025868 -66061055 33758236 -64694103 -20558127 -61852050 -5351103 35919 -100812492 41275255 101154960 -82443642 -12253509 57004840 30294324 6533668 -86120775 18364425 -69403790 -92055620 -28454120 6556070 102436405 -4342799 -36746827 9078493 -99221302 -10258413 -2920648 -105987173 -20040426 -8808235 5460285 -37266190 64195728 3667479 -75404268 -84771232 79847730 58675859 37456289 -69103210 101722799 -44605108 -67605241 -95251978 -86316327 
17539494 -90276733 53260584 -52102435 4392190 35993586 24029808 -77447334 33011882 93954461 4551319 87911675 45451609 -96938096 881255 91542465 11134778 100605052 -9844848 10004778 83990019 -55182213 44437112 77443435 27802742 -92574194 93159383 -51093094 82213316 69837530 -7207030 84138276 10344605 64773713 -64792875 91191340 61141082 81580210 -65254366 -35565894 48401456 -102225364 16853082 46064132 -89434914 38652323 74752407 -82073740 -16351061 84717487 -15578912 
-98952123 46627681 80000976 70703896 -19110393 3833229 -42216152 -56985977 71352702 86520732 -20334641 -53170359 -22094900 82312729 -68069784 38391567 -57737122 -73232327 -65504238 -31770262 164004 -65950079 -11199593 -101442157 16262491 -20012214 -78253746 9095736 103803561 17130970 62429770 99168415 26868971 -82423281 -82580001 60004826 35719437 -36392606 56617655 61990852 -96938213 33181840 67122515 35819971 96908488 75077849 3526405 -63976282 -58954106 32827784 -25096590 
-46360415 -30000062 94814451 -84741442 -91880901 -81113883 -90153853 -107193686 -86628089 57485045 -99270065 64671281 -40187305 -33752124 -84154021 -57242585 56052572 10002473 90699365 22693833 -25807350 -58342200 -78480985 90623927 -5199759 -88685832 99765895 7726097 51497438 91525093 75284724 106298217 -24735342 -86034126 -7786177 89195676 -65312793 36576422 -52920031 77449941 43879815 32718754 -6571793 -106687535 101101938 36369841 66530706 63537372 15368520 19538207 -45677701 
-44616255 -88417864 19724452 -72716316 -17043350 -62596490 -86665179 -14115861 91661878 52763706 79741017 -93447149 48542327 29298006 8392894 -42619208 9028047 -70543681 -11925326 -72775057 49917174 -85625293 -38616363 7375321 70734234 107128747 -3195169 28562210 49382472 -14124156 72340663 -31018147 -61770268 73844233 -28560113 -64886834 -1370052 -70136978 -36170568 93411088 26778980 -98727176 39867363 60355620 76672372 85533369 20583437 21926977 103465228 -18126723 2235465 
17134748 -86039328 -61451575 -98508939 107276868 -39861717 -33264353 -9784112 -97276800 51125151 29168087 87502360 -75725848 -70425330 -68416327 -43430953 99712259 -57871405 51571831 65945822 50648259 92237564 -75089938 -74249130 57598691 47313367 -79187696 18213844 45317623 -90067360 -82915020 30582412 -44905041 -62110109 18061505 -86403511 61099518 31632461 -72609415 37517979 -67667988 -8304727 -31816342 -36271631 -102069975 19586831 12269926 -50157838 32029290 63251235 -40282651 
-51166885 75705682 -30386585 91105658 -93957018 92547673 88004273 -66999581 61846440 -46831186 -54556214 58457307 -52335576 -56488513 -86423809 107305766 -94878019 35378603 -69938844 -3094899 -35415139 62169367 -20425774 88948812 29207874 50114633 32055045 -21526612 46220515 -17117846 88881799 -17488696 -19976367 58272225 -102467054 3235310 33104713 103732195 68729194 72174664 53125154 44466639 39297234 62439294 103000509 -47613968 -37783322 62787633 52794214 -55982992 85409821 
-12998668 103209592 -10783436 -33923293 89493029 -77975902 -1640805 -46685841 -657827 -6168539 -69916698 -9586964 -79918629 -12440491 -82778815 81791632 72605837 -77225710 29593889 16938651 15127241 90139903 -32426000 55946204 38483971 -94211345 66126033 -18529990 -102835033 -14996991 -67107472 56462660 51516644 56966607 49576452 -50295494 -53920646 -37506705 103260024 64053094 -29246661 -25678554 -63189339 -103824812 10008099 93435296 -26231965 93108311 -8286559 -61606858 -26946897 
103268374 39574176 29153263 -12263234 23535205 65133331 8412207 44198379 74760203 102712068 26379799 96651116 -6483112 -20689830 -22571383 107120132 -61375393 40093630 30992242 14761427 -93393946 79150475 -65677702 -12203548 -85801834 -54040536 -32277741 -42207208 -89789876 43729438 62709016 42402576 91669905 96409624 -22668576 43717655 -92994591 11269800 91623838 -49442061 102652391 -91299194 -62868532 50148407 -88203856 -79400378 -65625508 58386263 22661558 -6361588 59632756 
-47032851 106810571 -50231178 14828846 -99329552 104435628 32075149 50118208 -88488144 52010825 -12642322 100753854 -26288866 54891167 -83153475 75055896 101289777 -36912647 18043667 34197591 -97188342 -11813990 -61117164 -97142381 -21837284 -26180189 -103655637 -3992205 20657552 -60109624 -10703961 -13143004 106719918 -64779840 -106725554 -84964949 -93324070 56125282 -14075618 -58045738 34225862 102186196 -106341743 -61425076 54052326 82508147 48493684 75023272 76348873 64233840 -43826133 
39097660 36552746 15585414 -95777945 30807576 46932099 96091168 81570343 1470693 -87151671 34097551 96538641 -99388790 105806413 -18767452 -27828263 12950747 -68822718 -106505674 15208413 -70539627 13975339 102974028 -13509059 -4569831 86227226 67003238 -27800615 -76161191 -74607887 -75940572 -5590154 -106356918 68700660 -47914336 -656825 -42158957 14412538 -106387707 -75002056 -41856232 12587217 -72763790 -65802847 59828756 -92411186 -56543715 -27150660 -89968270 -48827138 8300263 
-25986251 37032442 20863668 57289896 22464940 -92432853 -373289 104978062 31376087 100358809 24156639 -47762879 -55450898 -103728044 -93886477 -85993858 15356703 56011318 -85446992 -51512353 -29744995 -68002251 -5052385 97553721 -33606989 41359165 41071965 -68723070 -37238979 64566874 -21232399 -42289321 101400566 -94990449 -98874487 2420333 -16297692 103731533 50690698 16246405 17511951 44176525 89987934 -47852036 -61985003 35741208 -98960113 17023830 -28913499 -25247672 92161147 
58781371 76759368 50083278 54110848 -70076994 -46211543 97213297 -48752098 1520620 -21967140 -99732004 -33815009 91356750 -72761301 -47591768 84324401 56580822 -103384610 -5606630 -40112034 -68843574 42748014 -96990896 -49535144 39088749 -11018774 5463491 -13604376 -2413576 106874248 34603322 -20811644 -87006625 -8302714 -34108643 -97772482 -86222272 -89161516 80050671 -96367267 -12341301 36254733 91533122 -62568703 23733525 10669033 18019573 -89009674 107114659 -28842680 38861400 
38173318 -18624514 94802016 31580205 8990258 67858683 -16013765 -16892575 -102464423 -14011645 -87311344 56180479 -45557732 100328530 85231220 -50087714 -98329197 44526094 -15279349 -28287054 94711968 -30797077 -60492636 -87903417 -54895691 62622848 -63252935 -1381933 -96393899 -18737234 8178429 -45402828 -25350911 -93359864 75020685 26412775 -1231579 -24227535 34579440 -31266892 38964198 -32612670 -58036841 -36807166 102031513 1508151 -93372187 82530699 -2926684 67286960 -106564652 
-2698933 -94495103 -50634034 -55558775 67158707 -29002030 -85123823 13749747 10875385 -30044596 -23271875 88176762 -104090970 9074029 8700189 2137720 -38075361 24533771 -74904938 -13054814 -84430600 82566485 71303980 -89932980 -106097053 58061953 -93630088 45019818 -46737712 -34072651 92931636 45061739 -66161082 31989902 15168488 -9757130 65921026 16321261 -20478593 78391926 -23566715 13264372 8395887 44748275 -77413170 -105984208 -25183218 40694750 43616433 -101397492 28970220 
-48605094 -83843914 42740824 83610692 -27287529 -87269228 60372340 -81267319 85566550 63633618 -39996521 90860325 34649213 89353694 -100863668 68825352 11008178 14908475 -100764879 61286789 -75083590 -37719585 -29646008 -64101844 -52478630 46521526 63291825 28453365 50369237 -97317260 -10616777 -54765543 -9744549 56090058 66381277 -71850085 -27041543 102544938 44029833 23813626 -46787631 58494725 -9337352 -80306941 -74030669 23961741 38506705 12220066 -10444388 89898344 24222116 
105267174 39536090 6639606 -42174483 81139630 8873224 -15200258 85353621 27859633 92040018 -103474980 33022374 37623332 -69457864 -96194709 20502861 38700619 -93885022 49648064 74707745 -75402454 -83217437 -85351886 -103019055 87145678 -74879637 96555355 79784138 -87369370 -25684394 -13737862 -32003456 54473034 85574955 -25919084 -14196837 61165925 29417205 95968159 101747787 -97179313 -68882126 28723955 85864683 1232978 -65446396 -38048792 93866899 -90356935 10953239 -70790442 
-42129698 67377332 52408098 -64376484 35496259 -84375054 106674339 -92432550 43269087 94676608 -20997235 -16052506 -94087701 24414678 -26971394 -26880035 -82357769 95080550 101818035 46264283 76074894 -87844567 -85793402 -77213873 -87045301 -41951861 -11583513 92521353 64927181 -101276989 -2947973 -51506699 64298513 -99372354 -49244325 -1213965 95521781 -88228639 76333429 19843929 -37315577 -95654410 -40637945 -42949005 -74769252 -94171444 -57572232 -75126127 84274429 -87689231 -11995851 
95940791 -13688585 12337163 104830527 -14668064 39398519 -49079281 -47348323 27101618 48399577 71082837 83133114 99574662 -4408316 46381130 -61781783 60024225 -25561688 -42142205 40356758 -23829034 -21708922 -98520508 78273253 46805208 -4610561 -105989738 -37691139 1902361 15927380 -36349848 96884692 47396020 3434856 86431011 -67577297 101702312 21434596 -99472791 5116954 -72967492 73424041 89294255 67030105 -80115085 -45568957 88348983 -25271306 20600968 -103013866 101016607 
-79960990 79089508 -79128938 18978101 27794358 38129272 -65362407 -23101785 -63622393 71592208 42015274 -79135412 7784785 77017254 33907547 -106958037 -97074616 -55804306 2553407 32018267 -73206390 103621130 81194438 -52002140 11496166 -73216848 -39162945 46377519 23643803 -25635978 68083682 37644600 36819923 85970289 60542028 24339034 1736309 48099568 62596626 -85247112 74144341 -21541521 -35054070 60896640 -104114591 23426062 -91241365 -36379095 69880765 101719746 87121640 
33890171 29966816 -104765366 58803286 19661401 74538209 -104850902 20588104 -68727642 -87512746 -94879392 -28758152 -56828021 -101184665 45173827 15401493 7781449 -57251877 -68859276 -87576875 -89007054 98309737 -43809493 16647078 -10500212 -23699135 44668611 52137200 -54743591 90365932 32606468 75689680 -68008876 20063519 -25929302 -100175549 22916220 -41646369 11363308 97280292 -60724436 -12392448 58307234 44446383 -72135764 58032300 -20992063 -93457809 51951986 -71130869 45088829 
-56113925 -38699930 -99719708 -42264174 88644381 23151275 -28910763 27079524 30388766 53276944 -85900683 96325077 -93653163 32139435 -105112447 42007071 24009770 -54622995 -7552132 39565674 -67532630 -52386064 -27856516 77859638 -2651113 1884589 16972958 -70302946 -5743073 -47322846 21151828 -66022140 -3766031 42399019 -11179479 76405983 70129548 -95435592 -43636872 14331746 74689357 6564109 -104175828 84186119 4629874 -29693865 -5286478 -106549667 -89305078 105694070 17348149 
11613783 -97934577 104325272 71555429 -53696294 -50271123 -47489858 12944754 -84776751 -90045987 -46305091 -87928299 -87456514 -22708928 47138973 -1348321 65988406 -51388755 34675650 -55473446 -102440008 -33022974 -22057935 64757744 26355147 71955924 -17017357 -57258773 45391219 -65402453 -81824623 -79933954 -102116533 -78775116 58098508 11978153 -75734705 -10533661 51150214 -88501056 61583858 57989258 81124168 -66711028 -29560870 -43804895 -11653243 -51179115 -62104545 -47292097 61415567 
-28444415 -102040054 -70822378 -62887751 -79938920 -25346188 -15559083 65755278 38073547 5111114 71751204 21021134 -99263383 92350244 88100092 82510944 -94883062 -56386290 -102485357 -79159025 40637261 -94833673 -20661358 97803929 -55158227 -54769700 19708610 65256182 -67252274 -23829133 -451041 27633697 -9077412 5313855 -34100503 -17419768 14955835 24981347 -8685844 -21926147 -68635241 -69687280 -36906293 -2225661 -13410704 -19912359 48639364 22099776 54874726 -70036074 52020128 
-59598209 -89486674 22262821 18277195 -50436096 -92526608 60867796 20514787 73977520 22233246 -50094681 4858805 33409587 71020474 -20714274 18607594 104998266 -64075695 52453947 -92953917 95754374 -99362311 13743683 67119325 -21355659 51156105 -20835550 96427588 96240726 30839591 -41289503 32863127 53082101 49295599 54035772 59242647 -70943245 -30195115 -87925122 -101561016 -72627095 -11905814 34837842 25213355 101796081 -91671291 69016247 68585065 72875687 101690682 -33889828 
13952335 71700836 -61588793 54258198 -81765026 78934694 16613211 96741831 -31368193 -35569386 -28485201 -50743403 -70507023 51540909 94566336 -83912623 87119995 50148469 -57979800 29022913 86096197 -29272104 10691807 -52125083 70272072 -79301629 90008073 -35166653 -47366129 29930882 -91142229 -28470145 -103368268 -84845122 3461237 45912942 87099090 106187812 65098917 -97207921 -54853948 63757935 -82471615 91702565 -54889808 12095364 -64882259 -97251833 -41776145 -93106072 -84269899 
-30887003 87883968 26829572 -85180063 27190499 54497439 -83750972 -87605040 -89419484 60549414 -102368884 45629748 44043703 328729 68186022 -32774318 -56108782 95805094 35658669 -43191044 36796167 105055490 -12207671 -49280941 -40737033 61726430 -9720854 -83424951 40894041 41787878 -51470583 53446072 -52245824 -26715914 61847777 -65218304 31770747 -57827472 29430333 -88914894 -67395481 -69195490 -82356319 10836814 17903884 10508278 -26372220 -6249358 -44817493 -26307379 10819275 
-42568818 39104664 -35316748 -101598366 -26475311 15150233 -100340078 61472869 34394530 104728704 94160517 83781007 -46810570 -62251544 -5988130 50251036 -44513574 -61291348 -62783821 -65645406 97807432 104453076 65079613 45933678 -93289053 -21899925 -73778548 51003939 10789841 -56049407 -98112010 -77862996 -65840646 -55894804 70897975 -34672144 23103370 -2620686 863695 97943242 -85367654 100901202 -40432571 -84007917 -41947633 -59860438 -107321706 -33632069 -4718098 14108021 -88780645 
24206551 15950012 16258730 89564805 98912638 58263212 -24707328 83331476 44088248 -8296827 53760008 -60976622 -83823008 -2852826 51869178 40770510 15921367 -104921924 9376408 55814762 30492539 -74274262 -96469494 -78181399 73821958 7553442 98336847 -41635004 31995759 -15863089 6989747 34317975 -20560285 -98701569 19517192 -25062428 87634682 78555581 12442313 35614808 -101705451 -9208705 -53579683 -77348321 -14637691 -38349670 -14025995 22368367 102709526 97942914 4281988 
-12500873 -97976725 46652650 16383175 96402206 -68730892 -26583508 11839873 90074977 -11781648 12298932 1825593 -17060230 57527082 -106426722 25122533 -40209938 -22166242 105198208 38929654 53174779 -19060590 -64566752 13711603 -58966392 -11978546 9163186 -75820912 45999762 -30399900 29902576 -19690727 -20146279 -91827895 -30869411 9706354 69461575 50268186 75837096 -52906621 -94082009 -26349506 7360974 -15963455 72617769 -107051872 62890913 -100933521 81217630 -52902158 79523112 
-77949175 -33724294 55965056 -24824041 86269900 98155341 70136233 -86414961 26749246 -16417001 -65543195 -59507881 106411500 -98192778 -34254660 70155692 -11064521 85928781 44806815 28207352 -3257489 -78242355 61795706 88780904 94175731 -97197471 -103193080 9958502 100811312 24306140 -9770672 17185024 -81960083 -39830325 -31143487 2144048 -431322 53584835 -45513429 -46437397 -92667054 -10179703 -8419714 -41356141 2824868 44752597 34874182 -95048227 95994204 34968629 7167625 
-58243987 -98673928 43818133 -91999627 35487919 72959485 -85223069 -79815783 -88142814 25938532 -60357630 -76846692 37884380 87613697 7612350 -64203586 72566025 -63196774 -20963067 66978427 -140330 56875624 -57138824 85173174 -62276131 43672137 72170917 4697264 98150002 67454972 4076964 101788176 -26679958 -83001111 -104574560 -22012918 -18902397 -20315196 78298520 -54731512 -96471009 76192584 27259005 -33303393 -37769019 13453006 7710934 -85041283 -100484853 43602743 21605263 
-28972099 -91007415 -29029291 33490274 -63138810 99768781 -36967674 -96563802 -78630172 -70271643 -69066096 -68044269 26997587 -66166834 17958409 -27748133 -58767371 -14484705 75282761 101036342 34253646 49649456 -41891095 -42432279 437136 -85298043 -46769508 -27749565 -25559502 94715186 32585729 -13591123 -94795551 -100279257 20824681 31088338 -64830964 5536724 2312562 47353044 33194947 -137453 -64268055 47436983 18027925 72811565 -9729208 -55648728 17817298 2609105 83308383 
42032092 -24220789 7975665 78091230 98731378 -17671914 67769072 50393942 42260390 -507242 -67631214 -67438379 59796206 23977952 31025945 13548085 8882310 95622385 89864898 -12914973 55948687 -75991582 -95603973 5974422 60136372 -6118790 -36337575 83087856 -97239417 30045671 -94989412 54139350 101699659 4185339 -6467951 30670183 18560086 -35652205 53584340 -27206675 29745325 -14610331 45771560 78074186 35289062 -95942626 -85956785 97062609 -45691924 -43192546 -99215764 
28990799 -60444722 30450677 -100060392 6482088 46757090 80514426 99604789 -81303794 26424096 -44939546 -69738217 15705577 61148453 64272594 -77491087 -38420508 9586066 54831345 35362803 32689193 -99408414 -46989340 -1437124 -63684920 -39851795 41090296 -90881711 -89827891 107144899 96795039 96225066 27276515 -5354036 -89606159 42804075 -96082092 7086843 -84391983 57372538 -42831739 -78117941 58961703 90059250 -91370749 92699175 6458381 55954000 -42148025 -85971715 8696878 
-100821496 66060222 -47115105 49782624 -51237978 48772367 -23195021 -5740540 50767945 -23195297 50324522 55603376 -192117 73092944 16254400 87523190 47525115 58247127 -70021892 14654843 -87329395 -59795885 -77966583 -59056714 -35164290 98824181 -54026159 33867212 -22090231 104463465 58658194 -17049341 73758618 66367595 69752730 32830614 -50748719 -105981883 -22412221 -1035779 100197925 -18310955 7347681 18102086 106002962 -64536985 12526453 -8506948 102152424 -34793521 76720162 
30041032 88994960 98524168 -40243416 -91922137 -86530966 -11587565 -1297187 -18071371 -30466875 -20969862 82982627 11130825 -24505731 -25268683 -30225955 30616144 -61966774 97051381 88534838 -41034033 12557263 -65821454 92941959 11514604 106507754 -98740825 14218617 -86561770 77947934 -2888796 77344858 -58260733 29771186 19738892 103673619 -11406433 -85160435 -102946332 43625421 -81812165 102310466 -106005331 -97595659 -76471763 -27233061 28685295 68404859 -20062887 100644689 -101598369 
-99512926 -24405774 -6468562 -30114236 43020269 -97106882 34364910 -43599232 3992788 106912541 62442409 -75513013 28202970 -75992768 84027498 39675875 -86724062 66199285 91019206 79191815 -109363 17389365 -76814873 -70411362 81553667 -33454848 -43084804 -18020427 86693580 41309112 31768609 -28996620 66707089 62331947 -90416407 62657412 34610350 98199252 51105587 59752924 -63554658 -14269458 -69960079 85546066 88882872 -8463262 -39211246 70993928 101574814 -39993392 26569451 
26933976 54837457 16606224 -82868574 103929276 -44280995 42482842 23540061 -59482196 72939191 -43232968 -245566 64372612 37987600 88107734 95723226 48842924 -95266477 51354565 102553823 37853502 106616009 -41538932 -65674070 -18095457 -102411323 -67156111 -59516900 104555029 7218686 44179237 -58658260 25870634 -902733 9541960 -83488138 -105007689 -102716301 -50485867 -98234830 37920253 22490331 63308487 -91538456 37594446 103289991 -24468404 -60703045 -20650636 55678945 106095370 
102788920 -29585861 -55815978 91180702 -60023082 93024433 -38034847 -61221770 -66534182 97413025 -38621032 30399736 -88125217 80241918 -88649485 -51470601 -71486004 94389983 -79542264 54297321 87170544 15109630 64609508 -50391912 6014556 -71300110 -87712546 -30143322 22921436 73913089 5253996 50269187 84412244 -74402252 1717276 -66090788 -102245287 50652051 -36402071 -61373327 -87463632 2010273 45439214 -98273622 -40673523 -18824299 -18453321 85353698 82023859 -101892535 -72488602 
82829300 -51591054 46525732 -99031656 42367884 -4918667 -48474631 -83325320 34133087 82261343 50297132 1525595 55342175 -46086524 -10262096 -101038710 -23114769 -73342957 -90351439 11918052 -56059551 94689081 11724737 -56804434 14413575 -7774074 -2927854 -86548357 -88120532 -13977941 -29401214 -106107978 -101870310 -31352240 -45115353 -82131406 65733703 48945550 -48793464 6176337 36224671 35573861 82162713 62784499 -76180610 -83073402 86767218 99918983 -63457328 29654613 -80860619 
-100226486 -55229789 -87117910 -25028744 -61939980 103657600 72315560 71562834 -14926797 60596783 42981203 29689672 -674697 -10609818 -64584987 63410789 -25717166 11714550 -68997330 -82176911 -69019785 -30893208 12245950 -107317075 -31879448 32888511 57685546 -10296892 -81988091 -13691757 -93029481 35760524 -68830423 -60943610 -26406303 -30903981 93516066 40512765 -60623706 31058209 -97960990 45432129 -12144684 -77183462 402279 -29724051 63907260 95824247 91627269 -34917661 17321838 
35026573 -10101911 10785680 57355819 -58611713 23110983 -8826031 78574139 -56153293 -56084018 -94996053 -89215982 84239615 17545929 40998973 24066176 4803477 8852001 -38425539 -98480053 -100744438 -33786880 -21326140 -8547379 101673562 634303 49772110 53025505 -14876426 83133243 24066721 98989694 -66669136 -12693281 37599608 -7785763 52119438 -26468996 -60130294 -6401752 71674869 74148419 -27013813 53767670 2425084 101436377 -103619243 107356554 81373837 -5133950 11332982 
-69717984 -99159424 -13982556 4844956 -93527928 49686082 14183940 80351058 -74978813 42467204 84316199 13201944 46602529 89781832 -78845188 11168185 -64504805 -47812295 51573347 20765940 -78437667 54245719 -69292049 -85347583 -54817692 -81741873 56238163 46118353 89677288 -38552320 100756240 -24075793 32612762 -30021655 55493973 -89612815 61604743 30804848 80777194 -10104289 105894874 43916441 -60548350 8505081 23918507 -1114145 89612663 104633688 97873756 36812449 -75675592 
-72621124 -50650060 3986475 15084825 -85193107 -90140906 -40588556 20814909 105822992 40343679 43917630 5330673 -101059633 7961117 -32152896 88002030 -14423516 -13463964 67607080 -87626842 -76572178 82912554 -4000044 35861900 -103676592 76408353 -69720760 -102870963 -4593278 84868976 -52090395 -104505734 -29887484 35436084 -52383349 62248687 -20346577 45928358 73768572 -62838762 -53128169 8122769 6750215 83508005 99101210 96204234 21594602 -35415621 -6583186 490716 -105659323 
371076 -105874032 101088509 -30457274 169185 -70388659 28127184 -5981863 59555978 -23355958 -1419483 62589609 60137688 107213905 90519968 10850349 60205195 42062359 -80706271 -40956033 55989686 -77280286 71538852 85740463 -6836495 -13055479 98629164 -32923204 15542978 -97617610 66730973 -75701984 69475982 93121727 764801 -106059754 -89516534 8215321 -102337524 -3075833 -55494238 -94060795 62266655 -99517431 -60319083 38316133 -57516275 -45994873 -80584375 87258457 -33948036 
-91930647 -41910615 -43926585 -38121048 11944053 39275462 42255615 -69687753 -62536625 45143975 75576454 62940412 -29587338 -54608802 -67374923 -43463955 -69757670 64401005 -23704236 42571175 78023403 54993038 -93038795 58763328 30986965 -46897568 -44058265 -100600656 39739873 84688352 -9372251 103237155 82816763 57584879 10619313 80689029 95800377 -27093683 38264856 -34747121 35309524 -71054372 66380837 68077910 6749190 77859075 -100539145 33718665 -28414234 -84813340 -39828998 
-53998126 -100820014 -80826104 -52338184 -77120249 -12501687 -90372427 81551090 -35729719 -69685469 -93432842 -85759371 64336588 -23522837 13458588 77485079 87945370 42021044 47092329 -90130179 -81599581 -75656847 63951929 12580588 27744010 -36500422 47412819 -3850091 12576783 -41980265 18169890 -26195742 -29925144 15891564 -73342879 45224693 -55386097 -73203169 100737068 -106752434 104471443 17820805 -22301455 41700450 48310916 96240479 -30353449 41799055 -49268845 6027892 -25524472 
-94142393 103655995 16149520 80381618 8074183 -35251574 23362682 -101346119 -62459948 4336692 27052603 6478570 28766675 54515838 43730515 -83034326 -15988273 -79660393 -23436960 -46482956 -17872718 89414820 43924335 60501334 -43913852 -73570155 -38945912 -86104401 -692063 70328888 13641021 -39721931 83573264 78496125 38961210 72862654 -80299078 34889621 -74630009 104902248 -95505517 66626518 35626104 58757191 52527723 -78481761 83174725 -36122957 98369011 -72962613 -37048631 
15436287 -27805121 65521677 -12875053 -40253518 -48119618 49026229 16814617 21759149 94148344 21241993 69179905 -53652298 24197193 43030734 -88421344 -57535969 -11784563 -92667966 50514148 26246790 89350316 29210333 -36846293 -64100875 -55873683 -63835877 -29472494 96976376 -70333924 -21205507 33896414 7651421 54681044 -846390 -52360562 -5745109 -101323898 20222501 101724538 8028954 17679071 102370242 93894462 98571926 -95088460 35841169 597654 -13060848 -66152795 -42484387 
-19787294 21853149 -14308434 -51922611 50873836 -43285038 -90406370 -102207263 24641788 -14420603 -53702688 -19737037 59574889 -29604834 -81928934 -44992743 103338653 99589584 58410312 -98454705 -93424534 -21275186 63817314 38436966 7685558 -35363990 -10937773 55298378 -67674901 -62413327 18552599 93611049 55021405 -32437939 -70929951 33637024 -63891175 -13183502 -4501032 -66373961 9485336 14344255 -63393028 -42817210 84524327 19094898 -26235404 -19955620 47258373 32641506 -4765246 
-60047507 -948783 63326 80398791 -34516121 -58565034 -102197131 107073097 28867253 -77654216 40208211 44836203 -63658684 -15323497 -81616477 -75539832 38449314 -40126365 16062541 2942589 -85537779 17644745 -31126529 -84291610 -26662383 -100464899 -48877507 9417344 105595025 -102396901 66776976 65327038 3261777 -6145736 -15153892 25970084 57927753 68336024 106505454 51922052 -107290890 74449738 -63914900 -87851550 7616260 -99826816 -38945310 -6095722 86863187 6213393 86206351 
48272516 46089524 73952201 84344517 38515988 -80969818 -84697673 80985488 40209252 -40588294 -58719278 98740171 -37694422 17839241 30165237 -2790256 -100274908 -6715587 13884714 -86531552 -65920524 41613689 -5775333 79915272 8095019 -34470371 -45849679 18639779 -93166449 -20470993 -40414447 4190946 9500359 24303282 -15771634 106055784 -91604167 -62651088 78472316 84711128 -48418092 -74791496 57414629 -24766532 -53440563 17372523 17038810 103676881 41329628 7094155 -9277109 
-95591908 104421700 103100695 -66961459 66570367 32589494 -101899133 -63228996 93749513 -57791287 95620640 -47967744 56288131 -67350258 30032416 -28835254 81390776 4482092 8134481 7183858 84735912 -57644485 65287014 -20922469 72395254 -37025396 97870564 39852597 57057427 85178520 45801695 81064452 20790905 -63312547 22225236 6013730 -68129634 32066434 26336618 64264882 -1697249 -46912267 -71728776 -89152690 106128631 -11703363 32435452 66508680 -30557768 21444198 13637204 
-5911589 -104710930 -64170115 -45324976 -31259099 52259909 30188054 -89773783 105155524 -62139410 -35550429 -103389672 -17055461 -19224369 -38302403 65948904 27442400 -27560384 88755351 95122814 21034335 -61627528 74149302 24209284 -86220124 -882556 -50861983 -16958586 -43949211 -4064674 -94683870 -584399 87100904 96946655 38774116 83469173 17937668 -46001769 64224622 106788246 -9227376 -104368636 -54648753 -14556655 -41137533 63348032 -87078869 30724333 45765620 -48572740 18260600 
78918252 98912238 102359377 -32051146 40090125 -100333650 -105776058 -29478511 -95245931 -6035185 -7335743 51091303 99749428 -44943132 62124412 19686394 33576826 68820375 75059056 32262238 60562781 -16782821 -25457503 68981593 11613480 57687531 24432172 25648730 49466263 -3663483 -26748668 -68271101 97177996 10010544 8209785 -876572 -7260954 -98668568 89029620 101431152 -2634688 33241697 -59919377 -81319345 82251649 65799953 68764771 95912394 75187647 13291413 -52513098 
59135701 24989543 8953790 106354975 -103859969 -66768925 58269616 -4384432 -103601309 33447647 -4305020 -19319424 51338262 -11697117 -286597 -23116548 86614500 676051 -102174722 -92927842 -13212767 -43271659 42087877 -70588048 -34851314 -54472368 65618124 70173849 -53954276 -65077404 21616315 -58791505 47326826 31304968 -39271853 -14519511 -105406915 -39489229 -104596795 58132407 -83760512 -65198578 100323895 -74955742 105306344 31963964 -15803199 24576736 14164372 -95783898 -38547978 
105877610 15667819 -87453087 35989265 92383817 -8160219 41130300 99340039 4869172 -84362905 65448576 -19081826 87913099 66889570 10638159 78998150 68902756 66518253 -22959796 -43709315 -14452491 106795003 36796822 53601645 8341800 60119616 -40821010 29778933 -42514091 30945387 -87412644 19313467 -26623079 1230599 97133886 -33517925 -82486183 -87496937 -60817619 -55725506 48331625 -86769170 -94221976 65364446 -6027681 -101802692 39842311 -29597932 -101742668 54541878 59560351 
23851744 -51179093 -77078354 -72492477 -6798232 -55347062 30401508 74526388 21306356 89870373 94539446 37806449 -68287019 18212624 20284756 69718678 -71636448 -8200231 59915193 -2545356 21334843 6258590 72815788 7921907 86276677 84833840 -26037773 242486 -102159545 -92444899 99019843 86759630 79485378 -61269897 -76754434 73222933 -88943231 91562759 55836259 -30480653 20604971 102183439 -67459649 -84794153 -41465313 81236822 -20226132 44748301 20996254 -1474227 -5504563 
107132006 53638871 -71482900 -49130494 -57142351 -32387020 14626039 24769176 76791215 97394335 -76121632 8019418 -92076962 -59570069 92458934 49169361 -30739343 -45733082 -38919914 -82042520 86249872 14873796 49198425 -52981133 -88231118 -94377107 -95514554 -72912642 75796502 -54720851 -96557575 102850481 -59887619 -55535944 -42253611 104811981 -29637907 72999684 85550961 -5781804 95212306 94306324 29866994 -86626141 -56593820 19625615 97911854 88166726 30457336 -76934028 -23802166 
98347121 -8148336 -59270535 -56881602 80060013 -94901448 84161506 -82810305 -18974805 -66912667 -30885296 -79892714 8641689 -9971415 13443008 83553193 -16889404 -54175725 45168470 -84669319 -58688138 6467765 21010398 -29247881 -11663796 97693201 -57716166 -31619677 -52753835 49840252 -51941153 69283809 -90827524 -79587713 91748518 77149232 -50000576 -101104964 16641473 -21637460 103239950 82244168 86492012 -106738892 -58010083 91839887 19651670 36478966 -30692072 -54952439 -15991301 
-59627682 -55981319 -101168130 96565873 10990368 -23620008 51739389 86031173 -57756060 -102022300 -16967684 -53790907 8808380 33782610 -15177068 44937174 -57663351 -49911272 93581564 101633489 2366544 -104317038 -12289300 101245234 -13500607 87243768 40654779 -56224771 39429514 -75209773 100660883 67840725 -73076416 98855164 -36317006 -88994388 7345550 60045029 24078402 -91005491 51447455 -43493350 -101378440 7682642 -59424551 -34537154 64210208 -66954130 -60579333 -66511952 -31689333 
-94291927 -105885284 74033175 48508051 -68451443 3317704 -37189303 -75685356 2415715 -66618571 -4953977 63901137 69411409 -56758452 27616687 -40663608 75825563 101872609 -93430898 62919308 4580461 36881432 26108035 42797280 6947058 48959975 -106845813 47465288 70780288 32343708 -6112173 -4941916 93791767 -27241386 -67525637 -65191733 -61395443 -61641482 -89394937 101640082 37550583 -8453613 67564688 1486746 -65305744 14255041 74081572 -26013879 8299396 15259601 1290359 
-12954409 -69059865 56569598 24754226 61340405 -29599900 -56785204 34708071 70921033 -88399167 83363760 -12305881 -71258356 -21517577 -106505159 27180914 -52244871 13909010 14391874 15019225 43445064 41161071 -83564338 100913272 -90290395 -10027824 -1265739 -26855149 42979280 91055399 39190521 20849127 74559384 -10126675 -13821642 38136543 -86610486 -69841272 -39425798 -35843894 78772787 28195600 -37564294 -60959649 -34661055 -55831266 74385554 -94716680 -90241533 -85366150 -19360118 
93721893 -81709387 2137991 18931903 -13384067 46400940 -14750916 -23763216 -46625064 -16676007 -81292854 -77980985 20437962 -2472198 7546210 80942598 55902978 -56594047 -16726537 -74163228 -50092411 -16252313 49908092 22822058 -78056960 6443819 -36283272 51054522 -38596670 73331665 -54338926 36995616 -14536652 -104631173 74950869 77696706 79893746 -6595225 93803610 58663933 -42201932 -58950878 105340098 47638940 -70144570 56015743 -35429521 69477683 -10403222 48892999 -13283010 
42471804 -97301782 22353707 31964296 -65899857 -5523461 -51080630 -95323792 -88372726 90868569 18691851 -82844430 -85197772 41116913 -1899438 33194925 96562030 -12275486 9931689 36505866 -82459032 40313864 6510935 4069697 66034224 28363682 65897858 -6557731 -18520236 -39288285 -49329771 64413308 -30760784 8307653 -102000833 -59875754 49767021 -4629022 90941056 -96657742 57578715 -73236832 -6594809 -91783109 61085385 31339099 -14407317 -85560913 99457889 -91933271 -52804669 
58491629 -104548464 87537947 56823798 97555940 21751599 82586763 -73497627 34269609 65601365 25762947 91572478 -22831632 -87183912 77086716 -46261876 28210042 -26131177 54870924 -35865153 -86573480 92243147 -13484136 -97341242 -58798935 56978694 41146827 -102745467 2191263 9970371 -101737650 57992753 44798446 62836613 -89313912 95970853 -75212282 84084375 72860961 -26176781 49855489 -3102721 -92270731 -82693990 70901118 100719871 -10917346 -84739022 88930102 -51133785 30829357 
-19400307 -77374327 -31032344 98680472 96294231 18204359 15241494 63465406 -2609037 -65163089 17574746 -79596188 11343876 48680829 -9825252 67557025 -102500640 -46827097 -107266165 -6502833 -89243171 33346215 -61144678 34132664 43180159 87552121 -61852668 -105881415 -71565557 91837918 16174459 24622684 -43490253 -94301175 -72667861 12150340 40903395 76711673 104987524 1078734 44269747 6646419 9889275 36843820 -19613004 -81902597 65672099 33928740 18460564 -89802411 7172457 
-34290138 -42856437 34474 68423422 9929143 -98615688 -6728721 102009737 -27143096 -64565983 -18865975 -93992384 -27456334 -1156808 -36196956 -17897978 -62063272 16347195 -12871672 -36197367 4415144 96971985 -23176613 72954334 12698413 78400778 92864758 81875964 101563073 85431506 77673822 91164840 -17698319 -100563726 -91698769 -76088997 -12332365 -50047289 37769208 -30783446 18313193 31683651 -74449556 33920628 -23303107 56352730 29189502 92322431 9946976 -42329652 -78478750 
-2584272 -11732671 -75514187 -84636637 -78720290 8839170 57216530 -20184296 -19984983 -22608794 12876973 12918364 -44571670 -15007520 -40556107 92685460 -99219179 -24378330 -94610214 17271768 -99717123 -72448349 9733421 21805135 103768840 73621409 -64594109 -57596155 -55086531 3637210 44987074 23930984 -83734098 93521961 -29420675 47521422 72408756 43254346 -11736023 100790251 -37996971 1648357 -36522082 9926729 81357279 50227896 37608047 67167764 53039419 31509949 22115929 
-49284187 82186175 59014171 -64896438 41919522 42299312 81150871 -9957433 106905001 78204419 -78868588 36716339 -31162507 -10317507 49565405 -2570198 -4418660 18295526 -55111646 -58069894 -95308262 -22467284 -2199519 95926736 967510 -76059252 -98732548 72780899 37418458 -97030154 -22628518 73059073 -39970631 -95307484 -104251582 92516756 -81747028 12493343 56173899 35294323 14290065 -43267079 14476179 -55508370 -75510767 -99780416 -86006669 -52708668 107213046 10077958 -2674493 
-30048089 -24679627 -25682418 80598554 30593173 -68453134 -24452949 -81680541 70719140 -43429179 -96830734 -61675265 -19133908 28967295 -103509267 27679416 -1021086 -70840833 -100376412 81677234 -2400762 4249040 88913361 -65593267 26465003 44515559 42172167 -66731537 58106470 -47784599 -74535244 56449721 61112427 45832204 -22195546 -26593816 45051123 -22912362 41415197 -57903685 -102585622 -82350510 -82998808 53269157 -17647931 -47747032 -7234309 103135143 95287175 -80851663 60066392 
62818369 -81641568 -34846451 101801491 -50664534 -54163750 -34867569 -57811686 -32540141 -56304777 49512708 -43125053 26989729 99856770 50080483 74184316 -28301580 -86539335 28496895 19413429 -26260625 -89221097 -74882193 -69102578 -74943964 74684314 -47761515 -88805693 91877500 52644379 41726037 88979793 42088903 -9542267 46775652 -53518131 74551741 -4567933 -104003282 95427407 -84917464 6921756 -64326724 30085731 -62183261 96387388 -69689225 42944249 -38209913 -97995110 73775818 
65616195 7199288 22106290 76024344 56175416 -36694694 72430094 104263062 19856453 -3075060 -30675527 -58050503 -66400392 38013942 99821354 41862516 -33482383 -321146 45800555 -15405138 -105146143 -47546908 -31607974 -85542875 90449612 -57096757 26058677 81847147 63513840 90923683 -4875208 22111688 91053032 -79916696 54532096 70900287 -98394340 -60127747 33635569 -89965490 -95006978 26500509 51861912 15627771 5569491 93853743 69642113 -29366734 -77716059 16719518 -30863181 
50271855 94128659 75788546 -107368296 37997177 -71126822 34108903 103877633 38963465 25430469 78196887 -26928137 -66030706 -27679530 20799246 23263213 -24604285 -30732486 -42923169 -85401019 89996350 13566114 -72570136 -51234411 -103721171 105749595 -74292969 -90224087 -32661062 -3901582 44545806 -30134840 -8221923 -69408950 24803067 -106092857 97017500 -6982562 -7255378 -79453325 -13465464 38230298 10542966 100026437 63669872 -44025640 -52735837 -96432373 26447865 -38258950 -56646527 
26620060 47744494 70248430 -88216300 -2874145 38751846 94777451 -102295259 -67595847 106232514 -76255880 407175 -55191617 8266601 61504347 -6836400 -61000850 37593392 -90391351 9577762 19703210 95854899 -85400736 -89771656 93387491 -57831135 -12390606 -82175849 -2978332 62016633 -42097358 6734697 -72898622 -60260012 -84351999 17485422 62019134 64660192 -21155937 70321987 -54093067 -1867920 -16341541 22779105 -5339480 -19120390 52221530 -48335070 4828731 105380978 -32223727 
49144230 -27275267 54589989 -73357214 62807431 94695285 33050040 -69799938 -18989756 14374459 -58076784 104083247 44717467 -56094311 87898626 -101263466 -76752563 46600402 18054039 105169311 -44469128 71440356 -9894432 82761347 -6784354 -11705093 -82571921 -16561316 -58385949 -99282 54124766 47444674 41116817 -41656254 12005486 -48025674 61908341 -104510794 -88177338 -76104600 -104170321 -79335709 -104172179 -63028006 -11170024 -47903888 39623753 86691402 -51273282 -104349997 69278091 
-80868889 -20747958 -101111970 66911176 100031697 8053100 29319388 -80841027 -42147816 -14560528 -47007459 88354531 102575900 -26458744 -52975151 -81474078 3659193 63049377 -84634262 41020485 -26837412 100040458 6010304 -40711554 3452958 -85806186 84650587 -15275245 -45775435 33977428 -76843918 -5241954 -63031737 29374983 74386382 -74834127 85162236 -91130907 -71644416 24353211 107159118 53239836 64020994 -34732314 -11023887 48051630 -25431908 96569100 26094863 -103693864 -42338766 
46561432 -24543152 -70009575 45936940 92677131 -77244247 24402242 -1733185 42923294 -35218412 46293124 25369547 -68693182 28867001 86899820 -90216463 -53892150 -88390410 -49610831 -101476326 -83909385 -91813378 24359300 -81660135 3937420 16456327 67340729 -8147989 27512823 -67066621 -92418077 -100502664 48180302 100003582 72519134 -62183797 -17120016 14706434 -47064308 85240415 47679882 70668879 58754417 15985907 27768181 22959603 73492415 -29576712 -71614489 56416456 1610902 
-32483966 -76314618 76085341 -8198977 -99864308 7257017 43016644 16614132 69156614 -83910719 62865720 -63705767 50383393 13004361 -33923557 -78942141 -11776833 -85788944 -41872296 43893596 75180505 84590319 -8151008 23339324 -79430859 94808867 57836092 -72413379 -5587508 -17078458 -89233106 -47984126 71342631 -12869003 17879296 -27445071 104513924 -9945288 -41002612 45238318 -30246469 13780066 -77650267 -38700632 4760993 106991035 70938388 -40241750 84472849 -96773288 -40543568 
-18433194 65054794 -78755283 -69517008 58849731 -35928289 -88190521 -67405022 -75097473 65366309 56105938 -40826867 -79617332 -23750907 -93529775 101184714 20486841 6522898 62712932 -97071741 -5333832 -20628638 -39246921 -53223188 -29485842 -67496148 -14865134 55373361 -10139228 -48192542 82042500 -16159819 -104232250 63747456 -63954657 -76579090 -42679301 -38572310 -68041326 61688880 27963312 17709976 -6448683 44171555 -8436528 -16570605 9829975 -70584278 16018255 -3589100 -12481771 
-52325177 -15862443 67975348 76306329 -84522663 49303053 -14848849 89422590 -96972032 -18860425 -82577803 51667907 87848817 -1083116 -52871211 -67020786 -46217101 -56037007 -44221562 -3991481 -78968150 106335787 64218397 -92467571 21934532 59385340 68597909 -8447918 94753962 72711042 55464001 18612804 -7355722 69081350 -437649 -92922575 20704767 -15585645 32783268 -93101048 96599892 96249299 -92318412 53507185 -38303579 -71493068 50653692 -55372598 -87372588 -82455509 97972258 
1448505 54341488 101973102 -71953484 -100067397 -84173381 2731779 -21774811 -80615764 18980587 -77401151 -51054510 75700559 -52181045 -87432873 89686210 38180493 -68493104 -20403628 -66334896 -72334036 73361304 81045249 -47768328 36351542 65161488 -4626210 -60112134 -99784181 86725247 -29341227 -7506778 50552690 102352855 -82338480 -2593238 69342590 -48506840 -31768067 101931241 92720541 -106175067 -4800003 46312439 103702525 -34758041 -960106 -59570315 -62297962 5076853 20198153 
73187016 -69059384 -23047576 -102664675 37298506 99879131 -94451337 33178021 -86844224 31058179 65117856 1293442 -97555779 77639193 66062179 -47074683 36639873 -84528831 54910374 69157674 30547814 1983896 -66370776 84972538 -49478980 99277112 8718142 92442760 -80112065 -73610524 -8618841 41162400 41097460 -7949367 54280799 -104404970 -84551970 9857444 -27493282 -98574024 14284473 -59088101 12472494 -87874876 82900685 6307422 61783509 -16028598 71603805 103656745 -50592543 
78879096 -19078450 15262214 -45441612 -65480102 -40593161 -75032513 53716007 4248401 -54267319 58089950 -48086793 64295291 -27919794 11626371 -46403577 41456762 42180937 -30997692 -7955350 66650561 25829282 1992073 -17022753 -59776394 56792548 31152456 -18597170 -14967301 -90182798 -63661324 78396297 29029310 -76985612 -74497872 -100703947 33701677 -94519356 102469623 90731304 52838243 -94902687 40585755 41300879 2499064 86434096 8105188 15074446 -12030233 -64193118 8076130 
-105826424 78672213 23533606 105509266 47888352 62798071 81336136 107123303 -35255569 13857405 -79943863 19807704 57125119 68399215 25228628 -79019048 33315056 -26658658 50754611 -31561599 23348186 -23669929 79603731 83732369 -18303378 -84001776 -105673190 -97613607 -103516332 98488878 77913420 50787063 -30536405 15103056 -79572224 -72962627 19238911 -53864847 -16989985 -12862001 740825 76679686 45017129 90696494 -46504435 -76619746 64681784 -3893682 81497722 51104731 100694871 
44042527 -60643969 -33221532 -91554148 -18821647 -57140173 -78964408 97808628 -42694897 -58172493 -29450950 -59139297 -52020803 48850572 6977809 15680911 -75516866 64537997 71734250 14635755 41964432 33133613 27393811 -58154439 -41257409 -72715937 57683793 36213939 68029397 -46863061 -83195711 -84369351 56228464 -34732596 1616935 92337487 -70439931 61263372 -83423233 90312136 -50505631 60388728 -94448200 -50302948 -25479344 -31382968 -27353054 -27822988 75497471 51818823 21012330 
66319977 322800 -63898850 -60858656 -2541197 22592278 -102946487 69981385 -6003827 63618567 -105486694 74087148 -929411 5681826 78408175 42898861 18773612 37310587 35803083 34308129 -11311252 -64359618 -24238660 89309408 35721013 -81041946 -56311700 17095286 72394376 62651187 12180549 16917910 66342432 96795607 -59898793 -6746786 -81246940 99085773 46204583 -1669005 84158163 -99031370 -94312383 97948025 -76027739 -58102688 95187569 -47406953 -42806945 27131767 -37991723 
67251847 -44229011 -66882943 48996646 -54966399 -51393528 -79792178 85205560 25417188 84019794 48171673 -103863444 -91676278 -64016092 73201283 101584768 -99469921 -45730821 -46135527 -80484948 89291285 -50283218 12330454 49734349 27775296 -31821599 -96302126 -4983492 -32705904 73883208 104790723 -96642029 -18743096 23159270 38406882 104170177 93051575 -46181409 -56558826 89932147 -16130055 -44415690 26920766 -89661664 -61163671 -20997820 28545817 -54932746 -33194577 -40978540 6808230 
-28630600 18844334 25184533 71074427 -24289882 53712359 -68293238 17465934 -88791671 -62491256 7519301 -79705688 -78925956 64817424 28866110 101526124 101673880 41995533 -65321413 102709393 93094733 99355616 22714858 -90051823 61785852 -25121655 56918846 76879398 -84862588 -93652145 -12475354 68425308 6705730 81205895 84179985 -54819893 54651979 90723092 -53761012 5162197 -67394943 90140663 -7379005 -73276680 -52651449 -52176448 -83425756 -50777500 28884548 -54547813 -61268643 
-88147145 -23593878 -105630449 32459114 91071633 48116181 -74491488 -29273529 -14136808 -52768092 -92175915 94042032 61539500 -97280195 -37090848 79552446 32589275 -81706279 104331506 19768669 -19774666 -72129342 31182098 32335620 30292037 57203660 24122539 -3276299 2914183 -34369903 91343916 76853279 -39694400 56596947 8584826 -14919204 -7793937 -32447985 -17672459 47422531 13768520 32471563 -51049669 -8689887 -75960665 4413809 54867870 41799603 -93618058 102574689 27764006 
95179255 50100615 -67615729 51271234 -29194084 -102910970 -48514109 -24639543 74395918 -28535091 93921146 -91619703 -103470259 -58524875 34238724 -65546207 24561595 -18576981 104915671 84142410 -30773257 21994087 -77474078 -61653053 -5161433 67182169 -45135785 15085297 72763802 84677749 -78068870 -28206706 14108773 96644980 -26865207 40167944 89333963 39403747 -46598534 90812850 10799865 -96826181 24223576 24844619 -58133078 -63183361 89343756 93551675 -97312299 91815347 42720698 
-25730915 -71857374 97656968 -52098274 -31465875 -41816949 18991227 -47149252 76432572 -81665688 -2779473 -18230347 39499938 61247795 -105379631 45359987 -94813924 -76566437 -45206782 -81491023 31309693 -43086866 -25193805 59974446 -41970040 43975974 46121054 60973978 22191174 -93043790 -13807958 -29709048 30988429 -94724326 35753786 92633952 59289015 68453501 19722695 -11675368 -96805641 -20640883 40882160 92391708 -96221744 -56204777 -38045490 -41111634 -62643990 4238065 98779011 
19422144 -55911146 24266137 -83302412 -58207958 -29550110 -106172364 -94051674 106923988 101547596 16860771 -7223406 54858111 -36047889 -87723837 49371953 -19367265 30932842 56108284 -14775136 22144827 -22184092 66555387 -70663184 45329164 -53913240 37514021 -21693332 24099389 -4418776 87854176 89806974 42817843 -24287137 45756496 68862449 60051896 -64118327 -11555362 -79384906 -91359440 90392529 -71517260 -79349712 -55863237 60506397 -72330105 64299559 61490640 71629020 107063008 
26575220 -19275569 65876093 -45388110 81340908 -86787834 9059773 84309774 -60216059 28269292 -60449076 -25584672 6672891 44176151 -62015813 74682499 25620521 47715941 -14474241 86541729 -56214976 -20345161 59046529 -45056830 -29393842 18651787 -105545338 -93603880 95596702 -87918163 50707914 90626781 88393085 32812949 -101956574 -84521346 88325728 67525092 -47267000 68792667 14725633 31176997 525873 10438517 -14946303 -23318290 -58577276 -81079094 -58067842 -43763636 -99334937 
31890994 15727574 -76209232 -98599451 -7330184 -93212604 -30480912 93977830 62281067 10463944 98416905 -91888728 -31725102 90574981 77384164 -105342029 76864835 23071647 -74132884 88214159 -58947716 -53956712 -23592728 -45533385 95640820 5873961 -58862801 106272349 -71406704 101111316 20015387 -69168821 102403139 5832001 -83342049 4038799 59601278 29015311 44048930 -30856487 58377264 -64539788 -95088299 -49021354 4308912 2501054 106337138 87553459 -1242653 81892403 17589350 
91843418 69295680 97053677 -102774946 -72245875 -60733949 -82893966 1874289 39483118 -98179283 37982398 16082115 12415018 43250522 61842338 31392057 32979689 -23982787 -15923412 -89693714 43970942 -12115247 -26329925 -39054127 7939721 -69832019 85809589 -62752541 61304925 27223507 -67816470 77224726 89124742 -63387073 -35931062 88081037 -68495677 -6158122 -84300491 40952747 75842531 -7229791 -98277756 89149925 95627617 -31982457 57265296 -55074302 59450631 11169696 24469648 
49224177 52440561 10438862 98669821 83005181 -7629179 36649911 88081480 -35033287 28709049 27540070 -79956130 -3993576 75675918 -57536857 -4268887 69869229 -63817666 105638917 -34827135 -67061716 -14384502 -19893868 -82168032 -68940480 -104894610 57090662 -12379708 -101557270 -22377904 71417332 71106068 -8079478 -105531628 -5604600 -16882555 -62473877 52427071 -50394788 86920820 40564468 52807211 -12840582 88328932 -43245350 -76239645 25992699 -28487346 89565283 65285425 78548046 
15111853 -39801188 -35235899 60558119 6003181 54519145 86105397 -78950224 78824421 -30448356 -47421940 33243832 -93231883 -51054664 6992765 94560018 -57362789 -2568803 10313541 52840752 70672724 -43507039 36926664 63886319 -50715020 54402723 -49525465 98920233 -80045113 15791468 -80541946 7718244 -98130877 -81098768 23695348 54633650 89727978 -73914818 41520425 -42561792 80745277 -105944103 -37303565 62364652 -96372850 32996249 101274850 22537342 -73755452 -107198167 22124085 
-53398321 11130268 -61335000 -99206054 -48062154 52580420 -91093954 -76009941 -69441696 -1016588 101774579 94395879 27799528 -7686685 21356638 106012727 46947347 -37648054 75567261 10901698 -67820850 -84010880 52483849 -15179364 -36447892 75047866 -23083152 -71975349 -1496256 69163509 -92111668 100476363 19480793 30805275 -71462069 -57058521 -58783605 -83018605 87633168 -51080242 -90073425 -76023134 65708434 55961504 -2428794 98473167 -22049660 5512930 67901741 -11416400 -69553848 
-85353039 43040095 106097601 20623300 -16783937 -78654685 -94847565 49076216 -30909585 -80228621 -60107 73635553 -46893382 10247112 28003888 -34110442 97743330 -58243430 46242977 16525646 -83126385 -48118378 -14214183 10875310 105527336 -4094298 -18637493 -42492234 77145862 -63681517 34228194 -38629251 98910026 -63863787 -85038073 56666788 83034271 -32958203 -27738935 -17416731 69506777 36009765 62453014 98558515 -64513427 10470593 -50128268 -16947397 -66049417 -41486029 -23521891 
75653617 49502110 77910948 42741166 -39292808 -77904969 91271594 -66666946 -78777896 27388159 84933003 80914290 8635633 32392782 -74896937 -57469378 -65052511 -50877797 6720615 -47336082 -83887656 19756654 24545799 37400543 -38663802 -68460763 -101140550 8770978 -73444429 -59904243 100824201 14405356 14950730 18551300 29285924 -32036467 -104738871 99752618 30504619 -61477566 -10173608 59780346 -5848337 -3133429 -41466520 -46782885 -94742201 -40043585 -68081012 1243687 3679134 
-8151927 101022225 33279789 -39160890 -81951806 44136017 -97316445 -96780223 -25246598 94267594 38980500 14848202 -106659293 97031233 19990978 -20030540 26019472 98210053 41921020 73669074 -426640 -55094382 10203120 74515395 69267471 26069270 62688185 107057002 56445161 -59668238 -64058969 -45779980 38986700 88035056 101064474 -41519989 83964025 36339226 23178658 -31943119 -62946741 98723295 66195816 13752391 -81569086 21423393 79848399 1569784 34862428 -182734 29950732 
-13927973 67647911 51786583 -100365304 -80145577 94612666 56773575 -104996846 -6443292 43402130 61663315 -71972690 57754896 74215380 -10770830 -25258654 12385547 -71729084 -67257373 96421216 49371738 72546720 56907690 -94317216 71980764 34747758 52085361 61828289 -89992984 96140970 -12785154 95178600 -57388835 18896340 81984375 -77243265 88536364 51116332 -99364167 -90533500 55422030 93155881 -95786456 -54529570 92639982 -18713862 -99264239 9550301 -51622076 -66518282 -82378463 
58027079 31393658 -38927592 -35740183 37896854 -30415501 -51021528 -44387044 49740052 37449876 84078190 40355302 101737870 -46079770 -99508278 -72827478 103229264 -55186017 242995 31013758 -33632385 8219290 35491517 -24728556 57296354 -6356408 15707845 3919277 -74445267 33471373 7680972 101222349 -62686344 21121054 -57168263 81709694 -100726512 69717836 -18518086 19248074 -98670603 -46129586 -49878300 -36269062 -99138159 -41780292 -67963838 -26032354 -34606172 50671771 31866122 
58537972 15641818 -34511656 31409227 -101918957 -69412540 87057937 33205848 -103341417 -82691794 13377063 -70830744 -67324903 -103996884 -25675103 -41931968 -1790915 77532463 105991511 -70958643 -81459075 38485130 -85456777 -26835967 -68732613 7435860 97958459 -51740446 -80685876 68367063 -3204850 59698025 22548884 1485155 47107112 3054135 -9938417 21718679 -41988753 39496971 76753825 -28882451 -78268797 -37279708 -15612758 69965292 79666597 -51004269 -21401848 104655319 49695063 
6758367 -4953613 -14231276 72938223 -44803503 21412322 -59257711 -61883255 -100720166 97555314 71521663 73673782 100802430 6116483 25004611 -81854809 -4670990 -36802582 65867127 -21351757 -25019184 105951356 -51762435 101956343 71755296 32981420 -85016639 -92814493 20487942 48197505 87381827 -83361871 -8360674 -32463308 -42461963 -87575436 13679654 69027972 -10573905 102410561 101648248 35233475 -72937988 -21811968 87160280 -84273060 81641742 62801877 100147627 49064685 -86414734 
-102009370 67911117 -6004709 -47775642 -107258708 -101310898 80595227 37648956 2520091 100413837 91196135 -12939921 76373741 6320634 17366336 -9377949 51676850 -61527259 -89166997 -27592189 23986232 480108 6759126 -960587 -30654750 92221893 -43274285 -9368210 37149899 -752364 17227277 -22226010 88594800 67556125 78907658 -41843001 -105038662 -34069229 -38044043 2391896 53386068 -27551362 -105852747 104087770 -33384661 -72695034 -11421145 29780361 103094062 -49508874 48897138 
74509949 -64820451 -84569579 -49807702 64458607 8600957 106175295 -73911477 -82803719 -49419203 -51710416 43532418 -88829480 -72306157 31636637 -100808157 -1207872 69139373 76101196 87305088 -20882385 -105223401 -59240751 -18064311 50665707 58255105 45203303 56934703 353996 33880820 -104734834 660864 -58725625 59454024 69489251 -59792578 55653997 -14149725 68658534 -70834763 60318383 93402551 -65937540 -70778647 45009470 -21379693 -56983324 -16407260 -65766828 -44701048 14467155 
72385888 104566208 -26848361 25484417 59664770 78875314 -102706799 -63691811 40699115 42831072 64289101 -16820311 -96484986 -77330801 -94265805 -83451675 92350103 -32593438 -97789697 -35203584 -57304460 56316818 -85634201 62432420 -71530521 20997938 56747973 32079581 44209765 -19398493 59484680 -73143351 -38151524 40649599 -19196926 -91461358 76554714 84999123 -56317910 57558477 -11740313 -48157680 11039247 23777013 -99183081 30558706 54554662 105733255 101050497 78822543 12660339 
94551063 -83049913 106073448 -7027370 100174823 100802385 100835689 99881285 29586427 26805052 -18875891 19435092 21233594 -10848124 -25348271 61439173 97865921 31725206 69106976 101413394 94423385 -54986327 -83993649 -59437228 78697846 -105793285 -65970606 47588577 24565694 79522928 -88053681 -93154945 1471332 64197694 67786451 1369746 74908599 52636480 -15362045 -28926131 9845790 -26695614 -14352733 26439458 38979472 9029181 38272372 -93297240 44037180 106348672 -95432991 
1586160 17845957 84865039 -10163490 23708938 15462362 36479242 63885203 87418978 -90415627 -20130421 -76943860 -49774452 -43759665 4817132 -65305768 82197918 94172437 62216048 47614915 35774019 -101083164 -99400551 23450180 8723800 38829534 -26669511 -73794463 -54419792 101866129 -25923436 -105835539 5747124 53071749 -44755809 48633844 -68544263 81586525 -12585129 -39242197 21862174 48774981 -13961161 76819868 -39406034 -73849709 97182439 -91872935 8121555 68942676 8470839 
74322028 -51091618 -5893500 1381398 -80127625 -97942415 -78655213 -76614508 16435571 -46768297 46440419 66394046 -70342112 -5082225 -105048797 43811552 21293972 -36544599 11544943 31603131 -17639958 9807365 -15935046 72519095 -88561256 36404029 20982714 -31303408 -14381563 82084907 58629654 64928408 99810385 -80591500 -39170099 -54731075 -54143021 81890306 14080140 106737115 -97112196 -8100705 20167688 -92919080 52431019 62889845 50395159 -50773979 101212399 -85476725 -36925527 
-69707494 -45810423 40638845 20908855 77218493 -47469032 -8597687 14392672 78140923 -23534600 101554014 14851910 59812757 19677259 -60649291 89395770 34061118 -92966612 -84874744 -15673287 63686837 -53775221 1062949 88017781 -74737112 28646426 -61997907 99373305 2039097 -103747797 65290460 70890394 72495908 -837239 69618682 25603762 25122735 58832767 63112296 -98215614 -85009889 10516618 33767059 -11395343 53345137 9388611 27025180 33482071 69872813 -101695276 -9079841 
-63314182 1947398 76768644 20696992 -101056844 -1469714 26349251 -68576165 -56535078 -17091437 -17025896 -30250619 36342607 -98175405 85795540 -158717 17826779 33230793 -2200902 7201903 -47533304 50639640 -31675542 -104435381 91749176 29982718 -41582766 -85427495 71736232 21442958 38714147 -21706701 -82665084 -94779482 18714323 -105099114 -65565923 -16424287 -93330182 -17790293 -62846666 75351114 18178457 30953746 44813734 -30335551 -41139070 -76952764 8978491 104311373 -13132842 
20021285 61017619 8011381 -98177884 43463971 92869190 -34439745 -63351432 -82188470 95381203 44354605 -40020751 -68392164 55912706 -81515606 -89811178 -79989242 -89739831 -65998785 20040985 -15020676 -75637624 -22546765 -84652430 -24064283 54083392 -72907373 -1984391 -82193305 -51886699 50135030 26760193 23069832 88426155 30163827 -74000832 -94924873 -26827585 -62885985 -101407587 -75846900 1503220 33544123 101915893 -34984892 -66046319 -92555609 98033291 -19616672 -81182474 -87792731 
81461665 -98520983 -99934261 -17812583 85236617 -21179077 -42743673 -31073731 22447558 7115375 -49908807 73327080 -48594752 -40499725 97922242 -87337079 -106689854 40276877 -64349241 15825529 -49845890 18028228 91903388 -60455592 89247198 60684652 -20503244 -2511893 73229345 -43928707 82105626 8753622 89903362 53155185 -3450641 -12938810 -37931968 -86928573 -25662553 85917300 -55032038 -24325577 -88370099 -1659734 69361566 -100009163 -28975918 30889917 35226676 -36430062 3709320 
-59468911 -21000018 -2706812 79636510 -47548112 -11891323 -53878456 543861 101309592 83495200 -72406919 -26888496 -597545 2220246 75138427 90695000 93340021 72735615 -12280243 -47250842 -102783446 89576604 33337921 -75827668 -53000633 54609836 58731384 -78620960 -21778439 -24856902 84623885 -63030072 81294647 -91186241 -62160175 25010782 3674559 -79644748 44277008 -93425457 21687699 44336443 55744163 59735933 101201537 -3650557 -92704752 -60542740 30471466 -63960391 31008690 
-38923354 103229301 -73132832 71871019 -20242788 -95906855 -76664298 49351608 58031007 -47389643 -83991136 -63851116 -11815636 105712791 93739616 87775891 -3059859 13953089 -35933333 56799361 3914002 -89960661 92300159 22954264 -94712293 -27480622 -83256166 73694653 54055806 -55519602 24484348 -57100280 63260107 -85135926 71858757 -100511152 -19456867 8946681 45294442 -17516309 59066682 -94724774 78607929 73926364 -52596368 -20571467 -67658140 -23779554 -28893384 74065603 -25856971 
23401520 67851557 94604490 97357322 48391243 69804051 16984963 4562258 17649320 61545457 -92563827 74494827 32574329 -102049494 -8943498 -76285399 61100416 -93561595 60561040 -85542848 43179106 67970661 3763149 54428457 -27690345 -21236751 -37694558 69343341 43241464 -106810984 53326199 4791649 18521132 -81239057 -55167982 87072335 39953798 84550992 -71185334 -27906981 69388824 -23280191 -10388341 -75052039 -67652048 -44136262 42490944 -57680102 78290663 70236441 26171776 
73079718 -97661486 52870973 -58700338 56904555 43552115 -59404158 63803135 -18018746 103758734 31144749 -66630488 99410214 21699575 62810426 -90556603 83361715 -40950405 10358001 -31797198 -15416458 77489996 -65323923 -98000087 47868171 -26014951 -104733511 102648519 -27475260 -77396847 26046630 -42727657 56201068 -42362478 37277765 18250249 73810052 -61214870 6187973 38137351 81072496 -67806511 104667130 -48762704 -40224452 -82985145 81705480 -51897661 3486953 33909492 55666246 
-76947475 26470899 -95436297 -97346572 23610461 -94303725 38695673 107303927 95521063 -97533616 -17993504 12030681 84278590 207879 104071262 85492050 -98819719 85414901 47086956 17759910 54715294 96492490 34036811 -75350011 100168658 18227179 95737266 -63968219 -67024047 20376054 69990181 96692964 7624459 87496027 24514392 102610859 -47962977 -39748698 25089044 -54558808 -103248915 -44406969 -39135456 -30204873 37431490 -35408904 -77147430 -5584424 68697530 2399740 60617929 
94358499 22187655 -93283079 32294469 36686581 98953405 37893725 71775975 49821673 -19324847 27488989 -25012759 -85885915 68281492 107206545 49625056 64638771 34470055 -92094386 -92800959 -52100544 16415089 104541618 -86113118 1581530 66598065 -43106887 47870790 -99607199 -106687977 15718463 13029424 -18032259 70849426 32371120 -45564409 23921140 100275755 91425378 68256813 106927947 63819934 -70860375 -69487163 -9773866 17269619 105897801 -39648605 -42990681 30386977 -6600837 
-4283849 79436948 18872930 -78918640 -52106654 -31005972 80992888 14679571 74721894 42369342 -42817664 27223380 89492204 79344419 18837756 101032381 13711165 -6795862 87334664 -106743438 -24016796 -41859858 -11740811 -47177177 -77588938 -19998519 61345465 58116652 -60952411 54334410 -53490885 18480429 58862040 95273076 -77980467 -23651837 27030257 81129166 59479489 95673686 -62089687 -104422543 76579744 17323250 -72040164 -101188142 -55591240 18798662 66966376 -63798307 73258536 
89084364 -73185810 101579308 -4709150 80746361 -16743015 -67353015 -25484867 -40036052 -21411494 -99987500 -87672920 -24242989 75632426 -94866843 68563295 -90588401 11995548 74793842 86845898 -46477940 68111282 -88146565 -104787258 -54645362 -95533472 -44236641 58677834 -35185016 -37849204 -45675511 -8336983 -86868150 55036425 22129298 -64741182 -13755330 -96398766 37147151 104335040 -72332361 33878491 -39669952 -20647890 -93300495 -22175154 -106755605 27657047 3512376 -41599208 97598088 
64513380 40286697 37556407 71624619 91147172 -14456333 -88129314 55710484 66530886 -7711080 -5421116 -94595954 -19923116 62910942 14492820 -83958212 27333177 7109279 32776025 -55217611 16723699 -28695170 106570625 -54154932 -75364762 47547093 -78930541 -95567850 -72154184 -96587146 -80018828 56901419 -51541458 -92724904 38582521 57614732 67883262 4632717 64001941 85591152 99929004 -63145893 -55200728 41316273 -14602498 97161369 -8698688 -76468476 -62058373 -27795582 85546819 
51019801 14282167 59745162 -31500004 -40695884 41348174 -17665532 49441533 -55077415 1253307 80815172 44609481 -46895069 70478310 -6085785 -20889199 48186143 96719182 -36304524 -79170159 -84972041 -14753098 -1715459 61155711 87622332 -47562979 106947446 -88744692 -60845665 33266452 -28303756 -80899134 -39139476 49791431 71951828 101055577 29768340 -41754069 -70199040 60502534 -100010559 79346077 87389709 12905086 55142500 -9128129 65795343 -95148691 -52347858 64104121 6519665 
75858374 -24749721 -5462691 -105172030 17068845 58079526 92718451 -62457248 60864975 81022547 52530947 69020637 24236124 -90721012 -52061262 34750392 -90574244 -17503546 18001400 -21594645 -33725714 -10428544 -23606417 62453772 59738467 -31333228 -70548982 -55359248 433366 -88810300 106248447 -42463499 27705137 -65316877 -67371648 -52598009 -85063285 41987431 18209178 56877102 25761226 -42716088 41085605 -42693891 -79490318 -385479 -22441366 -67250845 9828215 12590687 70398892 
86548438 31108033 57419750 79181254 -90847488 7004064 86699700 40698908 -91285923 70328298 -55031474 -78279151 91707267 82803643 21049373 -46330452 -101169850 41725253 41452354 -4826030 33104733 20066346 39083319 20142966 14868335 46469745 -71596585 7785156 -80271105 -36942598 -87084932 64541560 -16898739 57095169 -43335728 62991770 -3671722 -106930120 -10754807 -21389592 -10294104 1806294 -40894382 -90233705 -62804768 -4464213 99029531 -3997862 39550675 28171951 -83182726 
-100423071 -83965243 66367865 21045723 -53215255 99005370 -44430546 -88576507 -83295524 -41726801 71767511 -22432819 -91898362 90529313 -82114364 -63884525 -65812262 49812475 60383568 -39011955 -65755191 -54805204 -19985935 45195273 56323312 543314 -22199027 -74506026 33145109 96366158 -79897162 -407323 -82032171 8153882 17576012 -24713334 6741921 -15159233 -22430379 -52398246 35421783 1759300 9779730 47322119 -97289285 71516346 -48061246 50032838 42127293 61863961 23504310 
38716097 103515508 -105142096 10103013 78965436 -3666125 -13948666 -30418954 -105783742 13954964 86348351 57130329 -76378340 63437602 28140961 4218765 -54353106 100576512 -105547271 -44569297 98010343 56260510 -20825726 -70048886 22642659 65392456 -91097172 -48897233 -4150940 62780620 -27079978 37769564 -33552621 96820393 -75268388 83067690 -50118783 -81615722 -104038065 -61707847 -988811 74128206 70868021 101335616 107321827 -99909237 -87945631 -75028454 -37422853 -16977676 -61086706 
48316579 87493057 63274223 76663394 -18037816 -81547828 41023319 20979717 -72372553 81791678 100805428 85170326 64156042 -78064239 10885340 -77467199 49815277 85202718 63743825 26300275 106051463 -13389441 -906884 33007963 -50434143 -50951566 -18541135 27009076 -46770184 -84624804 103827012 -101651965 35827886 21504643 8765609 76623075 -12782821 68355555 73963255 39813975 -20971821 29534159 -19079461 -63698575 -87064400 62755756 -56543038 -9024969 -87791261 -74843920 48062947 
-43193252 -35223429 59906942 -9084476 -21136740 73032735 -40969160 -92384599 80784358 56279534 -74031035 -21041221 -5640526 -86011472 -3527194 -69455127 -20122169 -33844538 -72582138 -21049987 89914362 25368859 -84305970 73623663 8062669 -11923283 -28066248 52977665 -41063177 90739673 53302507 -78984305 4956691 -101595131 -51235186 -30251265 -75307411 -11010394 -88146374 -81778981 65692860 -55245056 13179769 62383630 -99787619 89933040 49722665 2908912 -10182537 -32262991 62647077 
26360060 -24365363 73188705 -88817258 -31316244 101006950 -57942052 -35227641 99907848 -60974248 71188312 -53690593 20174018 5037093 80723056 63907152 35284982 -22691167 -94655816 -9170995 82438434 -77148765 43555134 21813498 77377671 31462364 7472737 20846489 -83268821 839172 27028690 47894391 -69962978 32893921 -58583955 -84067560 103579704 64329690 78576813 45375026 -53348767 -90925352 -20990813 -27238898 93782351 96822244 -74709865 -99761284 54074604 48549081 -31179015 
-45845068 -79088102 -54864089 -92548255 -74251415 -91866750 -40453931 17196618 91595015 79744493 -2175715 -65732054 -92399911 -102748605 26416660 10761739 -65922167 -80420746 3813043 -48616623 106313924 42956129 -92009446 -64440965 89028779 15412698 101715318 37825002 57793436 43274768 -33755136 -30237867 -45450989 38501106 99173692 64683904 -29140316 -104251720 12898069 -40706596 97242054 6285482 -37010243 42357971 -29514020 -8706953 -18440422 -106809089 1951613 14484568 14018716 
64621931 -20391682 31551582 -91098496 -46409968 -7824239 -62341675 50008771 49042957 18077719 -67104539 -19417548 -106348573 -25667193 -5957831 -97652900 86296423 -91943855 40332910 84541915 -53959097 83647360 -71685906 -80735415 15580425 -89405215 10280376 -92469954 25246029 64705037 -97078454 -75458941 -56326212 -43416141 40654137 -68025072 17905406 -33174730 -32989649 -103470307 -6885137 -55405123 24936957 41000790 -20441414 -7731238 -106486741 -72671542 -13767069 57941812 -99648686 
-37373997 -15771187 25767520 -21687279 65072603 12857903 25636347 -42886978 78388177 33846606 -92233524 91982151 31976953 13684548 94467686 -42978199 -24315808 92228262 58434827 -49772616 -75674399 100909685 -9592222 5170729 53668920 88232760 33625946 -4690512 102566115 76427761 -67091327 -84370612 107071278 -18415670 100838591 104146973 -64865707 -48422990 44106320 100831588 8679818 25695022 -51385513 57905147 -30988027 93011474 32426978 72645142 -84701849 28220201 -50754824 
72677998 -101752023 46551831 -56466790 -78480304 102703688 -99937031 100365626 94019842 70226008 90122090 3060899 -41910092 10771739 -68991931 -87967898 -41870375 27115580 94156300 -24083358 55893039 -101385840 -16667642 56593572 -14802401 26260738 62576213 50067414 -51616518 -20883325 -34362164 -3529113 -100415946 -105781869 -13796157 85854363 54638822 83680144 92109239 100835870 17025948 73429500 -56302452 19367821 -62505541 -64947510 -83105793 57079242 -12690166 96865580 42082447 
3500369 -35984069 78712342 -14382487 -83158937 80063304 -9867785 21734905 42608676 4282507 45239213 11775217 7500848 -69578201 95355903 -46905177 -84096425 18284877 86379020 48081191 -14947961 50334406 61851930 -46334574 -73640618 34522156 -6230022 105203780 88934623 68443986 -56910348 -39771933 28808589 -5887288 25146249 -91894751 98950122 8455116 1370875 73783540 89966254 -59161722 -55687042 96190786 -62938183 -63844314 -26667730 -76887146 -86342252 19873340 -20679522 
-72584276 94436604 -36028155 -32535476 -82895369 -73078314 80453826 55420834 -61517082 95332176 40816471 1746756 -53706228 12492507 -83078877 -24713002 26059539 -95069623 -75520202 -32716863 -102234527 -3281987 -35811975 -96513637 -23870049 73577107 -3515514 -40277436 29993273 61243608 73651449 44850990 -50811667 9044396 -12034958 -106111688 -45434674 14586057 -38976275 -68088890 -66065221 50664525 8071403 -97381991 89595085 92485358 7490827 -29254870 -80553307 65698570 -28897384 
71797016 59113765 90546980 -86927775 64829892 -29388874 85104756 -54726660 -72435773 105094094 -20889454 26626743 53654923 22551969 -98340235 -3410092 -15428760 -95996124 14168816 -17035171 -29143786 -7951333 -44569503 45923241 68623691 99296925 95474042 -52206478 86086463 -66482463 44242323 -48693306 -79554281 50827966 17516194 36630169 -22723968 -88687755 15720266 26519500 5222251 -50799201 -64715211 -97664924 67450374 -91495861 -93588347 54068728 -83253062 93098919 -39655933 
9733155 -58048760 -27356908 -82416012 -5118908 9375503 -65997851 -33922645 -30803836 -3396982 -19276294 49013703 34566442 32955630 67872273 98650236 -4071032 -40595466 55999950 -67667129 97473432 29569779 -27823911 34761684 -59251152 -52177245 -81977593 58928302 -43447904 -82689877 95494443 -81500913 -23779885 -79478552 103091928 73751410 94238547 31526226 65436658 -72543563 59703952 49391253 14084703 70581775 92479946 -77693720 64021624 -96246040 -105036855 12444970 -41342617 
-37060398 59498792 104155954 85693772 49350720 97268348 -56536308 -51097072 -46855414 -79967818 45662862 -69227306 67455683 -23698939 86591501 22085770 104983541 -35076916 -36494126 15922642 62482312 28721085 51062559 88473992 100108056 -103058079 -16102969 -21304442 49226270 35242542 57975870 -32835022 76794773 -95676320 10700589 24176302 -82870474 93343251 -29596962 -54207360 104955288 16801531 -13830127 -96202250 -39850061 58865259 16285600 42806084 -23249958 -86836250 100142975 
90615878 -54409625 -65372326 -30047848 97940732 -72634905 93327777 38843428 47413688 -88031807 35528635 -87318720 41079240 25846003 75501051 45771923 14645333 42991017 12432469 28343963 -57745875 -94286573 -75455089 -42406247 54396302 95206429 19378550 -57762997 -4803299 -52350013 -35548159 -25864967 -23009479 16488073 -54613125 43761679 50497344 -1813440 -38840761 19111963 -63588596 -19053791 -84360533 87947358 103550069 -32899621 104635567 -84736382 85484409 51823987 102378331 
10691576 51447744 80203944 70723612 -25352451 64067890 -95478433 -106063901 -85753044 -100287612 -66708483 16290225 31277754 -5738975 -47995893 22250437 22019365 -87015795 101103366 73314023 1780971 92686085 -71910503 13365141 -66097558 -5464777 67278905 85210276 -9500429 -62664377 74596199 75990946 101227257 40750727 71242309 -57120544 -24907434 65278714 -77654889 97912808 -71044971 13593620 -29356069 45023146 88754665 -2836750 -48838049 51550150 43330398 -62620370 103563319 
38010098 -86253495 -61116783 64197950 -22954498 88298871 88652458 -73092559 -56567956 -91745671 -72212929 44092591 55648983 -86778306 13462041 -49512521 44594056 59069445 -93225439 72325598 -28444610 -69936261 -77573292 -106193130 40346765 43722394 28844742 25017176 -22836532 -21606726 30522805 -87332774 -39512163 87109709 50498406 68678464 -54051494 -17685668 -88460645 61164822 -43790849 -102192014 60043646 -43480941 95423498 -45355269 -47336818 56903964 46045978 -66533601 19078184 
-53593142 -48313880 3963533 -77342781 -99017921 -28855146 50952827 63421716 -105773771 57568887 -16999890 -43015858 48811453 41286382 -10365971 59661703 -51127853 -54898570 -4369831 -68203793 54518534 74410486 -82626919 -36765118 46502039 -105848874 28738657 -56334601 93010304 -20612621 -74339788 69232227 -104324051 95673576 -44847750 -80844286 69261373 -80655947 -32297212 54244796 -23614362 -41127675 -99285954 65306745 -14422117 56461297 -16756447 103853058 84185817 -105387239 7790620 
-20054004 -105180391 -82312965 -22158817 75322109 -54319188 86079544 35580315 -57428766 86405049 103236996 17066785 -94775661 1839915 -83274814 40557594 -42365570 -72250018 4019650 74947452 93573906 -89294044 -15543953 -57911473 -91003722 -54715503 -82291539 -78678728 50276007 86193032 -68418316 -92716095 22719917 -94203880 -98392042 -105371742 -17919748 11471816 -31991532 -2392538 5354754 57211237 51367611 50176124 59214010 90570605 97372406 82961576 -60622707 -30926606 -38899501 
-45237403 59560331 4328955 -99453802 -84926260 69546522 103446738 -65886538 55723325 16370689 28446779 85973754 8920351 -101049892 -86159439 -46997805 -70649362 60572740 -97715344 -79591933 28095857 82837224 -71875144 -102269844 21506118 -78448364 -102035736 31063532 93704304 -69179364 -40872544 73471353 711808 84986180 -82228181 -90795205 61081050 5734243 58768965 -79910175 -25724823 -19007625 24707062 51891938 -23789555 82718233 -92209727 -3052722 -39409347 91495625 -93730171 
22723845 -48879254 23947035 -33163330 -11346687 -106538089 24167187 -61900815 28362796 70107150 -26905601 -35616394 79957359 -60716111 33707828 77655902 42049100 -6295477 -75622563 19039569 -24141766 -105753592 89517783 98184023 60777893 -106503320 40305492 -3737305 -102441490 46624312 -67181354 97242041 -34984716 -35071374 -9384196 -25281366 58853926 -33979486 -76486160 -7089911 -55270164 53165344 -103834253 8751273 -99529893 -73496255 -75940625 -73456593 -27068864 -73746644 83959332 
58254395 -88906923 -54046237 74195874 54058946 40178871 10117344 -17504207 -92691631 74820867 -21455652 -48750589 -105286615 -97151153 -106664212 -61788115 -50258399 -70618786 -53490385 -61349523 -101162587 -67696247 -12946219 -41114104 72041107 -56205235 -103482074 -22568994 -95214230 87901027 -35933159 72074988 -99541743 9178574 19931517 -78821311 39332158 -82600369 -71498306 -10975175 -69490936 66974575 -11604348 38434016 33256882 -47258309 50146768 47757651 87109291 -97545284 -64709245 
27751726 102156076 44227798 -77367944 -44926647 -69553588 -22070156 93864043 -41647686 -44695858 -23669665 -33213475 42484647 48183298 77432040 88963424 -21975266 -55579447 97046457 -45988830 82464592 -26874151 104652661 104870312 -13379132 34168240 -30351179 -30328445 105344985 -72903239 39780787 53347409 -98638745 -71244477 57928360 -56069348 -19410779 88341230 -84774736 -47349766 -2344618 69430363 -87780594 84793039 -3453961 105565585 -83582284 -34983368 -79524243 -56362215 -4569599 
-68995135 -17233844 -11557490 -66436891 90745046 25911527 -102305180 79119330 76737084 5946053 103430339 75511089 -51064108 -99262363 -41282828 51364907 -12446567 93212650 39321981 22746418 875579 1435258 -5905863 -16059133 -103012828 9690418 -45720554 -59919696 -34635104 40651162 -36984872 36742199 -20563932 21321511 -105692424 19199753 -73146849 -52854901 -107125691 69759368 -19358742 -17406512 -38192212 43431316 -59567454 -84591299 106489403 76351110 53962146 -47136693 -8523330 
4062827 13316478 51855623 35724397 -75094562 -36392465 -82704985 36658448 -3602701 -62581461 693710 -48958974 9366448 -85035246 -48903920 65871575 -103348741 -29775948 -92045329 63108252 -9017003 -233189 31040911 36026930 -90827258 -18651362 -7666530 75706135 39553830 -52973914 26451573 4569035 -85992020 -87778383 26489912 -74495576 91566659 91252966 106044574 94576876 74237041 -881057 -55170801 -27045076 49184115 87686938 -43780489 -10044961 -29431959 96523766 27214726 
98806306 59596753 -88816308 15591280 -93563341 35539680 -42186305 -3708574 86378857 -86095826 -60124576 -11298231 61650910 -52832876 -41032998 68469544 -21184403 9572941 83270070 12527058 17840162 52829254 17309897 60264923 -28480200 69822660 -35817085 -75506058 -36603726 -11649730 83647458 51559526 -60141517 -84238798 -42225124 -73292784 -13289094 -107121668 25062166 87980831 -29214509 -100495452 57211337 54492064 89754859 7044906 92183072 64384277 -15683828 64171767 -22342347 
-41014969 1026940 -60715591 -52943851 83777358 76302738 59386563 33284550 74641857 74921270 -13947678 -78046940 44979314 -85691149 77004382 70665855 -102573272 -101227273 84985562 -54127373 -11462758 41464572 58249397 98544106 36508915 63480343 -14995347 -50392074 -49309649 89220350 -87767584 37761153 85316107 -90375291 73612974 -94678200 86013562 -17652323 28608449 29815710 21670947 59980029 -78674022 -102511802 -43519498 -73343745 53573282 -92850919 45592474 -30398827 76106467 
54634089 -20955751 -76337910 -93544858 -100378555 -21544090 -59501019 -102539674 31765268 -41750733 -43093256 -50492455 -77877847 -36483043 90405209 -3289797 81083007 -69305779 64622139 -18584480 94422235 15486097 54405458 -35881992 8469201 -8423105 -21103167 80577539 72045418 -101711240 -77384435 57618422 -50834722 -44089670 -92797213 84184136 -52618643 96387090 9832426 18876800 55304259 78830186 11150387 56771108 -95972385 93308764 22174525 -66562930 43513649 29899247 -41933933 
-82697479 41690076 35256779 -97218421 31213415 29998033 -75090587 10305878 93181675 1893714 21438974 -58669785 -28209263 64184342 -89191104 -4167806 -9936165 11987600 -29576090 87309233 6797314 60173152 34394892 69794451 101465294 -101207782 76145025 -56633018 -84633865 -18429015 75293155 -68620315 -51816575 100005850 -26280401 -49388880 -32496132 73362601 -20200336 -79229340 39791109 51411289 73487080 43482682 -88578423 -21390094 81977547 -104187537 -6519948 18685211 22765093 
-31041271 -102251970 75144670 -42300031 12864022 10869246 34147950 -21287073 -59434300 2415961 93028417 -66121188 -84065545 -14517792 -26375754 -52195457 -25890688 -50949387 76938344 -104446390 72760998 -78855577 -24023040 18336639 93743297 -75614842 -46435130 80379004 -2572243 91683985 32167248 -43853985 95981087 106299132 11183439 76766943 -25163125 -30452905 13772402 -58076929 47822846 -52513780 67271532 -19510606 98312553 -17116695 -38949740 81981540 -29076460 74825803 -59242560 
61970584 -11581177 12546559 -67912986 18765211 -43875779 34877049 -104789426 83292240 21988793 -37310778 -31810144 -13667342 -9933741 -73879688 65519783 58527822 -48482167 -103089696 -1194731 -27461162 22780795 -87212434 67150230 9865311 -86850583 70200502 -102456373 10482870 64300149 27292027 -88961172 90131853 -51329435 49455857 -68113297 88750337 10760221 73825561 62424772 99430232 15035118 -38331104 -48241334 -3520519 -74627093 44918983 41469923 7371125 -75991547 -98930791 
-82376246 -19302439 -49730921 -1434940 54118878 -19953228 -27145367 34549837 -106226642 27169475 -58804346 47498234 46645144 52083956 -6744553 -97572754 63881022 -61241133 79229449 -7969172 104122875 -47645187 -61959867 -43815264 -90483460 -66592155 -94317683 -107323924 8085318 44520470 56157211 -88012731 24819045 19620838 57732283 4733266 -37863923 15301021 53001460 13091119 70973301 100869406 56774364 25323559 90659837 -16087276 -65353123 -82300476 104958710 51433314 -11785860 
-81913765 -24142021 -28863300 -53458135 -41551995 92152491 -72204421 29776993 45178856 -13541069 15616093 -54268822 -67162823 -11794520 77055824 89425164 -91375808 -55335960 22653640 43094408 26588799 -101196314 74256492 58526782 -30276826 8418642 86891610 -98971200 -12364096 27174878 -26586947 -10165589 -87777965 -107284762 28602609 -103337724 58707083 -5740016 105870080 -2707756 45677404 -30239076 3020822 -63813909 -32259061 29469855 674143 53723890 -11540731 -22399300 -8812428 
81986030 -83157129 16831015 54077992 40691985 98088668 -60357789 -63660111 4228573 -5367150 106771261 -36915544 -38520713 95259617 57309480 21404566 -35208108 -96329892 89213496 89074051 10008806 76660850 60789605 -41842432 9850360 -45793225 -38123033 -54085064 -10055269 -2175819 19851801 -91603154 -29536337 76284041 -7277949 39989067 81583303 -72487590 63552224 79761723 -79749029 -45769130 -53839664 97507673 92851967 99363649 -40532768 18219946 54064063 51580602 -22104339 
39177836 -17162805 -99738980 97571511 5224677 -65495021 18297430 88576416 -7787264 -69679237 -41734379 -29412158 20341119 49329146 26386554 -39985907 -43308981 -61964075 7978953 -24570227 20800807 42312273 37130500 -94344777 -63480507 -85418386 43121689 -16357385 90111863 45604777 -26091232 103614194 94101273 -12183059 -25464918 51769507 -89649569 4675071 2001878 -18145 28165012 -57864323 -6485311 -89865986 100727075 75234593 42781966 -598206 24868487 -32498958 74743036 
1783822 59379392 -99528786 -101267395 3400106 65385938 -1740124 -1180632 -36158527 58551215 49644548 -98344487 90419320 97280522 4313101 -84556240 -67559695 61317478 -40483035 -64957929 72809316 -42936206 -58158835 76599976 -13162861 -65465172 -30919102 9884656 94480709 -16737078 -41459097 61963573 4436689 15869567 -32821309 1953461 -95985643 -36174428 -68055262 -86178836 47377239 61871028 63221123 46183509 45769529 -77721039 82284798 37462002 61971367 -14270209 59564249 
34982867 -16856616 -89422752 -23298249 33822945 94223898 28726276 36717232 11782618 3620253 -72284897 -87127519 -66918476 -77070455 -78583719 42379916 -25957691 80466547 -2480242 -29296423 80028617 44430875 -57405427 -5202896 55963009 -28781953 62783784 -91575738 -67434657 20418190 93107779 -85990428 31119089 -96572638 39830497 101625907 -93083230 -91577445 -51861869 20408405 -16373360 -55934793 -105523814 -568802 -96087764 12679923 -26486251 64222991 71437210 69762740 -106956981 
91910076 71356054 -32678842 20729976 89142140 -83607282 103880716 25570214 -17805583 23937678 32325837 44033164 -99095509 -85602075 -69625436 -57016011 15247620 62749388 -4103893 -45247344 34207628 27538082 -104071277 -70069738 74353998 -50741407 16052138 -95767532 -75656369 105617303 1749266 90239857 20416218 6035590 -10611314 102911149 48244939 -102947402 35675540 -15274690 50629985 -36838482 87878442 16820250 -64608696 98910323 45032396 -9508844 97495857 -3221974 -78605058 
-13182394 10833803 34344057 70861151 -57073466 -18664368 21814297 -79011083 -23934746 69680475 -2947627 -9719704 -65612902 -27838868 -42693853 32840892 -26738754 -67931031 53885473 91288864 10547153 -24110888 3673583 44489978 -95669648 98797470 -50201141 -19688085 34483884 -98367228 71069212 13207525 19043585 -37559114 44060807 22330397 55742695 -85724754 -69343115 -84322234 -103141519 -66480778 67951180 5073381 20869129 83705053 24903993 98563228 75334944 60367710 -86141257 
72295244 75237024 2084249 -80340037 37968461 -55293226 -49042211 -72637836 -67822530 -21600616 50728193 71715012 3683940 -20466235 -38506460 -77990509 -47618747 29135467 -88277347 53204293 -81900195 67821681 81184468 14293717 63502416 23403059 -75422159 62373231 84234655 96529227 86651869 23896625 -56963150 -75602237 70177772 73079030 76099297 -49169413 -66623016 -62542985 -93916222 74533454 -44129349 -91731518 -39732852 -104917071 13844299 -92400168 -16725604 9495810 5099980 
6392767 42647744 99817727 66846322 -37763471 13944947 -85129911 -51772800 34301193 58598581 90702732 71826183 -35638204 90160669 6724049 68530599 2224178 -91658225 8510766 36881964 -67376549 -35424774 610485 30926749 -92512832 41535999 77516282 -88687934 107193612 -25137770 56046999 -5479702 18725752 68175874 81742593 -95435842 -53519946 81009075 -57265861 -80846006 -7296872 86039499 71916380 -103745710 68901386 -97984200 -84559157 -73783806 4336352 93269291 91951318 
-101325962 35575569 92414736 -27189073 33746757 -56247800 28060243 37603595 38645937 -14748495 4588081 3574936 -70532813 -99513843 -50759508 33827678 -9075751 -39279460 53232613 -64185593 -762105 100368677 18448893 6369643 6070671 46742375 34805766 43655712 -28756906 -100255405 -5853803 8499524 13533400 -30805758 34084269 18696382 -100771175 61410740 -94113374 -438664 90013563 77410155 55306725 5038496 66681951 -73840698 -59861395 -69963559 40901431 54620667 25277646 
47823210 -59129457 9012430 46752118 -9025809 75921403 9492145 65740817 100370383 81206236 -52483951 -105336260 -83127549 -37932840 -67329601 100960139 -14300401 58941019 70532587 -60166260 -65604414 -96584143 -90939768 90544382 -18064184 106843067 20370432 47526296 52357493 -20703994 40450444 23526996 92890656 -71675083 55818014 -84468284 -98007690 36029583 60613752 709489 -66822208 49703850 85832518 -102571663 19322428 75363271 -41129465 -82221111 23762828 77208408 -58735961 
3559736 -45829886 -94483382 10464852 -96863919 -52686171 71664679 -38543807 -43723940 -23927040 56982285 -60180433 102934494 95343218 82279272 80249648 91529222 -62531361 -33551589 84769704 64322472 -99581283 -31835934 103727352 -52456133 -28752476 -33696927 -49367562 63360258 -47563122 -29663165 65807757 -44861508 -44155212 34279588 90542199 -47452957 106706108 24854368 39846994 68854351 -47024654 46112148 74380019 48511278 -51091125 6111869 1455906 -96450432 -87595059 105503019 
-74892821 -42232355 55417207 -79089261 25648361 -105068549 63572726 -55124127 -41614902 92060296 72225953 13544475 60409429 86251444 -105922728 -6308573 18455361 -32469552 -54049349 -84603261 -22969444 73743945 46678670 -54104148 -27991771 -61555041 -18210943 27740917 74987531 26955462 105331616 -83234925 -44858693 12683640 -36682751 13141654 107026084 3416374 22942305 -39294762 -35643905 -60922584 -102309198 -1214398 -51925926 101174916 77744558 -98717082 -26771494 -2368019 -37557309 
-93406755 -41127266 97267874 51524891 20972394 -27968799 -75314861 -60933906 -91880063 11936195 41814025 97356678 32803637 6102335 91928334 82489761 -40834577 -10258161 18333653 101889257 -68194175 -73271218 48968217 58237009 -36993606 -12575940 -51411127 -12975098 -34127789 -43877192 -61137182 74129718 46104310 16371436 -43175361 51009920 57318638 -104621768 86549094 28335010 46720422 85496985 -18092531 -39660214 -32460188 -58846721 34305257 -106114563 34423726 86394729 -84778732 
62498026 -10514231 -68956703 -76734453 22202229 -13290731 -510384 18866704 5040885 97652337 -92039833 19865489 72758502 39041498 -2128664 -107001368 63570135 105959829 63209319 69780512 55788673 34030278 86982091 59517944 -49454232 -3758054 92506681 102026116 93127883 -25157103 84633413 37186491 -87987341 -68361086 -74238958 -104470559 32005685 -57405252 48224464 64311773 -76645272 19209587 53631954 -55585655 73463528 33782410 91631173 91540328 -86538825 -8358118 78795934 
-102345898 -10412116 81997355 -55563880 -101950035 78430768 -96738352 100862519 -57630827 -82077776 -22708923 -65466605 71657591 -11910538 15260994 39721117 14484304 84779105 -68745624 -4055716 -52328013 101519016 -343734 41450365 33338910 6161975 53398598 -47724941 -76638378 -90346466 -55914080 43579539 101082589 64940558 589686 2723803 40663352 64552637 -91423387 -20554796 -91262708 87376193 -10050677 8977995 -24677783 71592261 48352516 -13310879 92031302 103470794 6208235 
95062492 30569474 24013787 79866626 -98106349 -42051132 -107020204 44221743 -33066688 55497084 -27326347 57170447 -69872210 -99075037 -81002996 24781976 73803475 95729835 75727789 60237331 99628559 14618330 100016157 -12566285 -32874803 3108821 -73412561 -96226376 22931100 -7479441 35864909 -106966564 17614414 -59138841 -33158127 -83271349 98798679 -8065899 -4072341 34953827 43290250 94452129 -98566901 28460039 -46090757 -43247926 -28294837 -28651782 34850243 42401143 42802302 
34781050 -67989207 44193076 -42684437 -73989464 -37393627 -5813543 -39653076 -80473424 -51612717 76529155 -15607924 78788405 90958504 67556456 37878459 97663623 -44353277 84454689 61670461 -29564350 59286847 -25590756 -71793942 9506524 -95140379 89801884 54826665 34988027 -86230696 94300356 13670110 -73499161 18439519 93254734 67835746 -55590531 84552981 82086936 -63161041 81492380 -11423058 -34087078 44060566 -12933211 -1049365 -91168187 5750168 73129021 4701787 19087745 
41383967 -74163742 5698167 88781116 89247855 -8797999 41711921 -80872580 -87352507 89897105 -34923471 -74481428 15826443 -103572508 99910417 17710021 -74319464 82887724 4495265 6018245 -21345050 43255242 22745028 -54457156 -18648800 -46724615 12436352 -91589027 -63142307 10762474 -46608346 36067907 -40898460 79402739 101514530 14297210 65352864 -75609484 54108046 5379768 83203705 -93265348 71789563 -99948562 82139377 -39968430 -31237670 -73892308 51048437 47715921 -103366042 
-87357998 -62036491 -84979202 104452916 -35034246 25038727 26689938 86682304 -73793612 27220249 -26294447 -48214030 -47226260 -44373762 90947227 40984877 16679953 -13708023 -103474423 32838791 39402067 -71104821 -98210237 -101551631 -102638335 15809849 62591802 44717964 83995375 -89082170 21225061 36951947 43905959 -72513668 -40867094 -70251956 28236453 92844304 27641028 -70799933 45368414 -83011778 -26765194 9701945 -54220716 -53699611 -28786023 -33709989 20878671 -7490136 48871983 
21896706 78366317 -70011895 -51573143 -11128029 -21969639 -34058540 -15931605 76697794 -95209979 51135338 -90782201 85378370 -24276768 57080838 -68816283 95275333 -60058418 68494557 -97311364 -19595758 -66998654 99885219 -103554316 936824 77228912 -8784797 102829955 -102028545 -3803045 -38726914 -72605617 13427983 97574312 -50342495 104179916 47248716 90628353 -25222718 84773814 -100709741 99390092 -81564959 49721932 32733827 26049749 -3043932 53648745 31525510 -5406648 24700875 
85440135 78618982 12503555 19892738 90386673 93998834 12225451 -4004010 41890319 -96307040 -37345501 46291458 -37891556 4984431 -84795354 -20854274 38716288 9173662 -56346175 13359014 768276 -54740757 5842849 69139752 107198597 -35702373 42268499 22454160 -105387302 -76762451 87848921 -21312421 -86438525 9026712 54949495 30751765 93893919 -38432256 63857390 -7599395 76896274 43921395 -11409418 34763476 -101222517 -51634384 -75682562 15968498 2526944 -71618006 -81406359 
-98960097 57595437 -50623275 -20671597 -3298735 50171239 -10551948 85349654 -39561590 -60297339 78359678 -84164129 68457650 21238468 -33576311 74778851 26437646 92407468 83922987 -2665694 35634387 -80865928 26610226 1563267 -35051997 81144423 -78328332 -88959756 38896713 -16302917 75811062 -43778683 64442981 -36557678 30866915 21111574 82746970 32253986 -99733992 40524234 852755 80210246 -20260469 -58677061 -34311240 -65127578 -107262946 -176472 -103985709 3295361 55161877 
7326212 -105201527 35614515 87504836 15987740 -37520000 66656404 -77390698 66053873 -65090609 40580835 68651547 -55311969 -24546385 23334565 60896623 28060569 -78193184 72317094 -46838921 -42126089 3532295 77862014 -62343870 92798605 -72440623 80392232 -91904924 69952815 -9379835 25135992 19680797 -37452339 -4083795 -54065618 44745707 -64420977 51507642 89476915 60285253 -56288852 16270672 -36515127 22061089 101789036 100436732 -14898972 -40793664 14666203 -23016923 12192622 
-68677559 58337280 51788225 -25477597 91334774 41254084 82246031 -9094833 -70151138 -81068164 -18954431 -13435885 26598091 43218391 -63381029 75572472 17553850 19127354 -54964385 -61749248 -97928856 -51285410 -71942340 99056027 -81361854 -88602724 -17341649 -92075107 -39844771 47981735 20142118 20126888 -23218918 -106409578 -65586404 -22340005 -106537643 53450335 16008354 106129751 99073626 -98963133 65298495 100266338 23906684 -19483625 98053330 100830811 7442 43258398 45080325 
12334115 49417887 -22463733 -42864208 857862 -69927205 -17954255 50168848 -65530706 90770069 46103306 35637822 51043182 -26914472 -31613433 94229739 -104175215 73763275 -102823433 -21446896 85006098 -42091418 -26789800 -35578880 -964163 36889350 39738926 81239826 -31472947 -87618517 -34566955 -103416203 9717278 39117158 -36694999 -32431120 5557318 96828418 87243717 52309968 63410655 27822420 -96352330 29198180 -64555075 48686027 9904597 -29348557 -30265980 1515063 -35384979 
-49697945 -51212272 35322541 -11038463 -70241842 -99307887 72151279 -52374610 103066594 -68792195 -80002334 -5487717 71271262 15431812 -30006561 -56529354 106923777 13671007 -21693392 -49706271 77965931 49254800 15136529 -71477208 -71391651 -12516414 94251812 -18052718 -3127667 -52916555 -46421415 105606209 103331776 76804105 -43993031 -72722821 1154920 67565318 -50139732 -95655925 -1938417 -96576210 -5096855 19718815 50114852 -49364286 -93146982 99106299 66594832 -25836631 -56807921 
71245256 58650039 -40372302 96898656 -62530680 42540538 92624469 -67470999 -71551341 -73998521 17704846 -7173820 -89478005 -47061160 -9891730 -88363330 -11046578 49795854 69333304 84026186 -50672554 93623357 50531519 -64221536 106539527 -15768157 14908395 -43946775 -106077573 34157489 -30670816 -79979707 -89648656 97067277 91095291 34028969 95935948 58709760 12948881 2795988 75576512 -39440707 83147252 55436895 81429071 -34300798 -103419138 -57127779 44163751 -7258236 -104958847 
54280699 58108453 -63798688 -81427233 -33105860 -85448117 33592825 -25238846 -57215702 -75857943 72515453 -57445065 -104028169 -14510074 2287383 -61993360 37509116 48183484 75238637 66623757 11687820 -43536600 -78898968 -12737153 104577748 72506455 77587202 -33969262 45043449 86317092 75552134 -59130260 -38918553 13419744 33061504 -8627227 74892184 71551772 79384727 32768148 -34647101 -98561617 -100626848 14906793 56518855 24115777 -70760790 -30859568 34346519 -17846636 -11752964 
-62841086 -66357912 -7772066 -24475625 -99426471 47172063 89672341 -32493411 44484362 -47453444 -96152404 34318470 56695469 -13488465 -25849476 45420875 10756271 85638995 40463922 31407835 76447131 10669798 -79973171 22715352 96229715 28011850 58680250 53248616 -91258064 82613963 -37466885 -26038266 -84029601 34557482 44509741 42337066 75240439 26331186 102460285 -96480979 35447185 -17747179 -22027861 -74077304 -45680138 66426790 -92931326 75515872 39560328 27964763 -29568613 
-102451444 -25501506 -69888507 -79463144 79582370 65052955 96368312 -40071673 -22409061 -16290740 1117674 -98953681 -33685365 100266579 -11497642 12131721 -64484061 81357157 37522324 -82161477 96307425 -44495718 89766927 -90637515 51100266 -85452407 89869609 16351673 -15848691 6461831 -47408564 -71609780 30523601 23038671 76453945 -75083203 59037897 -93912909 -97272550 71762575 -82244377 67113754 90716577 1857460 -14249173 -39444080 54675273 -31971899 -15855235 9534329 -49087763 
-19265383 100103255 50009388 -44746397 -60755301 11940818 -81794709 -100385844 74635466 97022939 98487297 94665154 -100413851 1901574 -48274022 88228677 104895668 -77165495 17239233 -56229973 -8514596 77729532 27113355 -34916121 -54881438 91066263 5441332 79532699 -525993 28134408 -69219783 29661494 -29869648 30608863 -81792578 -99149697 -4495999 101431340 76209497 -61623754 83093760 -3536073 8570419 36939457 71881684 22184067 -6708132 36045678 -55617647 32953497 18983142 
51706024 54862110 -86730540 22337094 -44475898 -72784200 -50760406 -11840110 62971584 -61684245 -20771790 -103062410 52068532 -80222538 -35161928 51781566 45529465 -40691584 -78169604 -64862849 -53491750 39200591 -102836705 -61101459 37479240 -79909892 45444189 72956341 -62247753 -24340387 24247379 2791073 1522039 13319369 -82249634 -77269093 -22888466 -19955514 7611121 -18519863 -10335811 -10367365 79094102 6244496 61277945 79994661 -80454527 83411687 2536742 -63799798 52464711 
69463475 24517635 -48881499 54993618 25745749 92559389 99820525 6120635 68968712 -25301354 88436130 -65142763 85525548 -13899639 -82501884 -106827275 -3579280 63439752 16733472 -68673270 101764040 -86191861 -28618328 -67486164 -31706311 -80046559 174890 -77195385 45965445 -49219570 -49114778 85949836 33195983 64263678 88016613 -34777058 81793260 -101539107 -82624136 -94231803 -101973477 26870203 -98136352 57943397 17829535 -73408862 -39902530 54090044 8992752 93592654 -70673621 
-5882878 45786986 8364534 51136070 4858031 55835800 -105197551 -77963326 21863823 101756321 17770650 92076411 -29050349 58849480 -21028287 -72477547 77888455 92886914 -93304026 4438762 58799710 -28590801 32127777 104199636 40524374 32943772 -3341170 -13049861 66728864 13951761 -66019338 -31728707 38868404 -29265764 -57716432 -95024122 -24174738 92102883 64157564 53003243 51704523 -88142409 -32919772 76193776 -50823897 -11425826 8565988 -46251498 -2641245 -12305691 82327018 
95911283 -60122822 77938353 74115134 -51931317 11846796 -99969892 -33564190 46717962 -214208 99326311 2298197 -65666272 59774674 -65232322 -67626830 96391920 149322 93463342 7998710 24702697 32515992 -18938149 2686826 78043732 93188012 -22114418 39604850 11166605 -78158024 70844098 -87361676 -3136938 93525676 -54744920 19389572 13974627 -27048343 70041356 -93298639 10512474 4044196 -88596030 53938396 -75730954 28466070 -60614200 -27921406 -60754449 61526434 -10765284 
-106960418 -23174688 -50780016 -78615898 80642708 45863894 -72226823 36219218 55469786 -88814059 -41000175 -102587395 105072362 2094206 -12032996 -101604302 9418734 34343150 106483003 -72281727 -2672489 -90997893 38877808 7681483 43516197 66742083 95780494 -79837435 -56476887 -103485169 -85447375 -38868782 -57954636 55956295 -45503652 -68326019 -86799498 -70004408 64301750 -50006457 103927100 28011711 -62360053 35448329 -958431 -106731950 -43372899 106855732 96454165 14399929 91124286 
-90243386 -74598590 101754429 -69163085 36850564 -86686646 -64631080 59341796 -6309532 -32441468 -41401490 -83061220 -80609769 70815149 44253227 -47456019 101275637 -16233926 85671307 -13526714 -7774636 -35820765 -37499658 -103798846 68669407 69120826 -6211207 -54948930 6206135 -90163000 -50273207 80423768 98744619 57859612 63826236 74625881 2527506 64032876 22555560 59027746 -64092078 -14746575 -71039880 -83700448 64221275 44322552 -29612318 68624520 -8037337 -82273468 41177707 
-60314857 56682958 64015790 -8270198 -21207423 71873351 -36426866 -48070656 -3327914 14030682 65939150 1368761 -20438204 30360544 -11636752 -83632821 -87633478 -65652962 -104192514 69323488 7150458 -11919531 -68330519 -96896084 -68114210 82550815 74403318 17739122 -60875715 52494731 77694603 26764463 78712056 -29322220 27163134 -101780367 82282735 32822106 41534023 14212390 81247500 20385192 48701148 -21977616 58368781 8622771 13384525 -98213461 93820888 14026267 -43849456 
-55113951 -85045499 95977883 -33284086 38438620 -99392677 63672878 -48701817 -93626280 -89490062 -2634407 -54280123 -60090534 -92753843 -66428025 58244457 59101913 9580085 -11115056 52893285 -75635032 107097896 -76859986 -54617460 18256859 60285040 41741024 -40449165 42255540 107115298 56713295 92769733 -94109403 -102462966 6900243 95565332 -85152663 -89523471 59252088 -100105630 64552418 14359206 17687994 -12335337 -62296247 -83626072 25395529 9212461 -70712083 105497956 39030924 
-17935328 46960646 59546166 76253494 45179786 71479575 -65651203 75694026 4346286 5152499 45225448 -98672082 56378380 -77553019 -2795866 18510899 92246411 -89103134 -53556469 -66449184 -81477797 31827999 -47545145 22927075 -95549113 -55970259 -18473973 10656511 28931801 -38388914 5058746 43662172 -25986459 -75376877 -18056882 71874756 71500191 -48305298 88603059 19885724 30881943 92364344 -82017676 -47339871 37166947 -68788455 -68335026 -91539315 30398036 -32825854 85678248 
5278450 -5787772 73187337 40183006 -75867554 -1954745 -103222883 -32247969 104852375 -36158524 -4948025 87183461 77788469 -87729436 -67805794 44421786 73795173 -106813646 -45073435 17228305 -56900715 -47685609 46361380 -8768219 29435207 -36766253 -24866544 -104058295 26222968 72530203 -5204834 -2928487 -63053834 -34011993 6419325 -94779875 21997988 -25183363 -105420882 -33947196 -92616096 -48806881 -29566230 33280060 28841266 -87324034 56364678 -16854269 -16715115 31635422 -61451616 
-85340828 20572045 -95096688 102713372 103647393 -25770906 -1632720 -43399894 -27909918 97256568 36447585 -2037925 61500770 17262035 70982183 -83323784 -79488825 -86762442 -105806332 -57709281 78094532 -79356412 77991914 -13102511 -18473247 11930532 -27818488 -94407067 -85156552 41183177 67594701 -7959070 -29613269 -74558647 -50308669 61146693 287147 77623317 -100582641 -79769501 90251111 -50151424 -14677267 17985748 90314319 9785889 -25948111 -97687506 -66782366 26318181 -18837446 
58086719 -3282932 -99336595 101599032 -55461317 -85293576 -53595291 -58136422 99256552 81520551 70727886 102238101 -55723858 -70676941 11937682 -29344587 3149312 -52051804 -68228975 -80262681 -81712430 55903563 -89449977 -92331286 -5532962 -9819625 -15668119 73677119 -17942479 -23988829 48970303 -162703 -89695307 -100072974 88323781 102102428 -103284392 -33438550 -5682175 21843994 38830278 25616505 54566003 -42923917 7668596 -90080316 2012986 26542057 -20593038 -99307020 -107131034 
-26778007 34640085 -71150757 91989824 31851044 -70076302 106515926 13266572 50394065 -58243290 -12066319 -48629126 1814373 22372656 -18283924 -55580492 -2978343 -59294070 -35408059 -93911497 -48537000 52383453 62869824 -82437380 -27524911 -22550328 91231390 -101665411 -36560424 91541417 -84906304 -26239259 85690322 41960062 -32201416 60342428 -91152421 -90640598 -93485091 -30754538 107361819 89366218 80955425 -75237131 36156680 -72489781 101913501 12199917 -78630589 -166927 -37434906 
-49553460 9810665 -36498278 32565941 -52132905 28827870 40870122 -103213079 87588766 -60832384 1434972 103968944 13469705 72232736 46868755 -57956249 -101300105 -29198871 -27412351 23213681 45143414 74351705 -48058023 -40564793 -10566412 48152230 -54379579 -88935172 -77214001 6473689 -72045411 65049639 -97943641 48728635 -103976078 -66791448 -23334177 -39650324 43300283 5741733 -15009296 -100302341 -89443485 46245382 103256533 -89790721 54126158 9008752 85913613 -94451259 14131646 
-58307819 3475740 2818593 81248783 -97130418 -15755656 46996657 42382196 73506954 76588111 -77078039 14358763 -5292221 103389205 15057970 100163922 -7816124 100855789 3507256 -94966603 541420 45163422 89242798 -50881952 -31835359 -19020424 -13748310 -7857474 -33501563 78890792 72851599 -53284191 -59014901 1946836 -97350857 -10035217 -549443 -43198788 -106828302 -58286062 -82007731 -95596211 32119175 26653202 17233802 36983671 -74474919 -90331520 40330978 53249858 -100877963 
4682938 4013415 33819241 16868496 86933619 78820 -7430129 37083925 -86018816 79360528 70327649 -77874061 -96535734 59049464 32003963 -76706839 3008374 27732023 -23963992 103274168 -67885356 -16742806 -38476351 72348932 62178930 95751824 32978020 -105198700 -72069985 46777829 -60444582 -95321561 18140559 -89069768 -68142110 -70906553 33698248 94255932 23798540 -88489759 -90674437 -69927080 -23295031 -100166349 -73424728 41569632 85023444 27473944 46862931 -21667016 -18971845 
-33687802 85800996 -3014368 57201121 -90613597 11563982 -2337470 20859062 64237038 -70694659 9181276 101350070 14310373 -43269583 -14033787 60725024 -98848682 -5018247 29028047 -42932187 -53019844 -5444442 8710796 13432091 50453857 -50803374 -37364844 -12013542 -32605832 -23230521 88035326 -61221860 89699374 -25345709 -69249422 -97214157 17893119 -61160828 11396952 33157588 101486113 2923123 -43279908 -46015016 -67828499 -71910159 -34357093 -53790790 -93058978 -46087317 -4517836 
69047940 -19981244 -81949230 -85818422 -64568885 -69838049 -80791918 16707538 -46091880 -23123557 59132909 85645774 -20431463 46856900 -64653350 -80793928 -33138119 -40314163 -7422669 -24736167 31635247 -86398548 45203787 -56310329 35785894 -80274248 -29943653 -16606826 -39619564 -10581615 -99755759 10185727 49011191 -1969431 -2034344 89496936 -9305869 -75003808 4068764 -79253355 4996476 -88886420 8095251 29998932 58304814 -18538194 -10836302 -12428371 45520760 62725845 -94826685 
-21801832 -18645856 63155307 -61751745 -41901267 44652985 44558865 106281301 64554767 97823269 58084048 94442362 -100788257 -97750721 20987091 -104394615 -38801518 44747915 52869582 -14377736 -90985095 17149897 23500479 27968003 -71931594 -92962229 3620710 -97263552 -83578051 -46232713 37008468 -59285032 104065089 60894380 -23949789 -24233208 -76662468 102184566 -40364303 -49109451 -76795608 48138783 83537296 66188112 968726 -58627315 13830066 60273951 -85500464 -53711021 -43658042 
67701511 -85005457 -8944368 -90404314 -26610826 31997387 -33857376 -80415235 8348997 6710508 82777376 65176606 -28684427 25579937 -44781355 2380023 -35617193 12321543 61357298 39911993 9503200 -4362650 -34493838 78127382 -35808306 77509217 17723650 54099474 -48907423 -21636003 -7297981 84939775 8285355 82007774 -32871806 75718267 -12694676 22756553 -52183663 -101029573 -77328893 -84045484 82201228 -16549095 -36627283 67695196 -11801517 85274365 -35716110 99193974 40369570 
80006006 27556931 56372307 -22703623 -88146460 93322214 -104328895 77902486 9409847 -3613034 -84795509 96666414 -78757290 96702441 82079075 39652706 91242781 -27530593 8098397 82427509 73905562 69487613 -55250689 -100551183 -32421876 -70450930 31213352 -56211920 83132388 -1140126 -78748492 17810608 33641174 64825428 96560462 -96590858 -106810588 -90107864 -8809240 -82025890 40255970 92126024 -92423101 88563130 24119742 19177529 -5361185 14739153 70763855 61852453 63100697 
-15727912 -26185849 14651747 105960034 -77557775 -61411369 -2174287 39434184 15498535 -25903912 43969020 3695799 101646601 -48905798 101317598 37834734 -55597800 46246540 95988654 -11178176 -25104446 41501887 -97480829 62449826 14095037 9903023 -16901651 67402172 -72302915 70545580 69803504 -8552364 -8661401 -104519604 41205578 54066371 63241567 -1077617 86440849 35877915 -10563268 22762295 94738952 413420 15872892 -62601546 44278238 -11537573 -10190622 30079600 84946953 
-374841 90902421 106404708 55670861 36278310 27161416 -96648155 91762420 -6575888 50041543 37930182 -82217099 27080187 21348926 35916355 -86343581 -63887035 66053334 -92037783 -75211274 -68927521 5348903 -98959965 68043581 -34278171 86475992 -50234245 79772314 81032115 99433593 69915511 103102862 38822653 -15734172 10124957 28996203 98729834 -42351257 84359708 -74160876 -45570566 23548989 89275337 -44929685 78564463 -42377196 50362905 72945355 -27456407 -40460109 12389837 
-50595574 568992 20271942 -55306847 88944247 -72338733 -55557174 -30520654 71494741 104321060 -14209251 -63263754 24770573 59446942 69134483 79319557 -12201433 -60662530 -22446880 -2588603 18660352 -9239295 68522270 83276652 -25744789 -60732008 -64970646 -7814853 92945090 94054826 104883919 61278820 -32419137 5157022 43157719 -94633441 -30027925 79823875 5756614 85946882 97789885 91845053 12849587 19255804 38867284 -76336595 -56005573 -83652767 -8849088 -14714053 67122740 
-68457401 62560045 -83264505 27447247 77851644 66364039 -75459564 104789735 -42486276 15192338 18984353 -58263800 -2708091 39045640 90591052 -85513016 94351089 -42079058 -22054316 -8230188 106626276 -15282533 -106466085 -5302936 26164463 -69189989 53185038 105212983 65064325 -16729898 -13329547 38745448 -71950326 -71203047 106410079 21528199 -81541996 -47311252 -34320753 -85548324 -88769958 23835931 99855448 9221142 -87666452 40955990 63844553 -20506217 34135112 -19639940 -75588938 
17399442 -41539992 -7989151 77832466 42804939 -54472376 -25272417 51565917 86125258 -47852058 22110503 101781636 -11764327 103781404 -51990037 -66784693 53526724 -78029156 5346443 -12380253 55622050 -9754500 -44196077 97714085 -31254996 5673584 70727381 18427466 -40667299 39508129 -83094832 7742193 -47574028 93893871 10043300 -74423627 -97313424 96815183 97918691 -37414315 15024598 -2883603 44872457 66454773 -41100998 -7195220 95211846 -48783430 -17707307 -41295469 -21115883 
55615276 -87768198 -104711948 -40943600 -106344090 101227927 -58030752 63355044 79359434 -79034750 73374443 -17054109 69237951 20587703 -22263659 -107046628 -25918443 10364043 -34419127 -104370680 55537496 64732888 3718210 -18523571 3652241 31112263 49811368 -79963226 29232928 -82068283 -63382061 -79214166 64156253 -74718890 -105109919 -47134151 23446330 56988148 -68427211 71305727 -32577276 47448535 -61198902 102746795 -28131099 14394049 -82209089 62835563 -55371932 45001490 -26851224 
-84746989 -92944727 28662431 -42193145 101394759 9640430 3064929 102799781 1367606 -2592698 5524469 11273518 -81445214 -15173306 -82378528 64384709 79204804 -78905986 -38008934 -77084144 -41155914 52374653 -12928258 68439640 -65893235 52583049 -50800508 42279181 -49337141 80252920 -27016037 67172592 32898365 -764122 2476916 13193399 -105053976 -95317024 -106209971 62123803 89636370 -59216769 -2131954 -27244886 78754543 -98725244 105185541 -107254723 -92310558 84056429 99923902 
78982309 75519444 16091202 70936282 -3485972 19593134 11564848 -76241670 -36636016 -3035600 68627826 -83174717 -69456237 -57903310 103435698 -72014794 92438930 48462242 42589055 -30768622 -66958549 27754362 -62904015 67338853 63168977 3188967 29534557 44780155 36406482 51756306 15843337 101224227 59554422 96419234 2266535 -51822410 24284180 -98699662 101177191 -71977635 -28591334 -83681053 -99381835 -11244272 -45912329 -75567371 38681716 48948490 -24616774 -43724821 -96873079 
-48488197 63891562 31537406 46492822 29920000 -22580112 45953923 -72941728 54759343 -46857661 92383788 46474397 52624529 -98753731 -22852781 93300453 102495570 10652744 10866017 85610649 75832108 -2619906 -17511506 -86529762 -42420259 -66743061 -89099769 -45075310 -45513122 53394627 47928871 18164650 16967151 22325917 16504152 -1023123 18670347 -90154490 -81798129 51225704 12987929 -99620568 15305880 43698271 -20872555 58684210 48628007 50212398 58513237 -82683345 -78373354 
-5588435 75797445 41711102 -95411956 54046596 84381104 -89121558 36556428 -64575785 -60682353 74641350 92672848 5233447 -56036639 75635493 -106754652 71079517 -73484641 -85942062 2165820 89596381 22850839 -56657862 87172469 -76012107 87371491 102901079 -55982506 -35450379 -37028568 -58568961 -52306091 -1963547 54755599 -23853649 -102983563 -105136381 -1047918 -62626879 -37356485 -32834588 -67906071 -62311003 -92511143 -580385 7913110 48243262 3616634 75741071 13092372 -103570522 
-76823714 42795101 25457447 -97701056 34942682 64917086 -48552329 -10227300 -76882865 70343329 -84459863 -28859528 -99566408 -105808396 29711105 -79471406 -26590 38307865 -13580632 -95610657 -64591887 -17313097 46980000 -14518039 -9088605 6488542 10229545 -103385921 83867215 12585016 75144034 -68645007 -78661061 96397288 -96609975 88755616 41574852 88648099 38571585 93708408 105954835 -60016416 -46958256 34003999 -64165566 -55000650 6074416 10660488 12695199 82036830 -26416455 
-988782 88530272 48854776 98311147 14676564 -6011053 53222901 59896103 89762998 -29013993 32490793 16545864 25879394 92482888 24620102 -67068233 9235411 -41236703 -5878319 -104662776 38217343 -22475288 -3517986 -59580125 -23955445 -34490123 -94121712 -36828193 93870231 97124496 -85910721 -100115042 92376246 99428334 103446746 69156230 93358512 -72296797 4806549 -12136316 79239329 6508624 -36681183 -87685316 36295685 35147509 76144400 4897698 90364381 -99366275 50752498 
85602910 4971325 -30562240 101292855 13960174 -101116283 -81785997 28185394 88347856 82299198 22651567 -44329369 22352254 29003219 -73655987 55663093 104957642 -42371479 93008492 -67537339 27614684 -29764917 -7626564 12441273 47415987 49158265 -94761603 29342000 86668567 -62385669 -17138075 -56108639 73456586 25146753 -57519944 -3676917 -106337076 -19950785 -5740868 36692576 54947207 -53120293 60447065 -27268490 50006085 -59304702 -90422731 -77789477 45719455 71710413 47151583 
47095938 4677363 94068620 35916355 38459843 -96781857 45455463 61225950 43192673 85876824 5933724 65548692 -46919155 91282548 -45802102 46919603 48357787 -23615690 -106355344 89370237 83827726 -53352648 13500175 -99454554 84302991 -15304376 1040129 44208062 35249213 28983622 83882118 -83989856 96985333 45682155 82913171 64303137 -34066641 -80757586 -100912786 89562882 -9797796 95243287 -27225928 -668226 -80466762 59999528 14609474 -88189070 19318580 68664445 -55446937 
99410348 64132449 106802184 14906864 -91514282 -39133583 -65001108 37858005 -13400468 -41299412 -4744848 -49912150 4929601 72740914 -103665858 62254815 -93981833 -16740168 -100211007 34620574 -95315264 42306670 34952910 -35322138 21417775 -53799023 -34357012 -55974277 81202310 62630662 -59563845 93626330 52144510 74855950 -54808756 33419949 100918166 91085642 46083226 -45173096 15936556 -87016387 -92097355 22227301 -90243434 52580902 91223173 -8131184 66814144 -9291894 -68111393 
16035798 -32797597 -46318031 -37181477 -81705041 92600205 -37992124 21612075 -37450320 2145454 66886885 -22388170 44570004 71991617 -106461919 -5105930 2256071 69718571 61110826 48116069 -1514777 40249281 -46620637 70128508 58554716 -70232036 100553846 -45393072 -78473518 -27562255 -45841117 -65263893 27748032 -54955468 55282172 82133773 72752053 21969981 -29498633 32722241 -105466295 -58469703 -105256127 25551952 -70390774 76370123 -74109777 63524086 48429921 -73521827 -13658093 
-10475513 -59141501 634922 103738943 8104630 -99277797 14249363 -48517266 -53321539 -92284428 51183628 19647520 -103378603 1870889 -79851120 -99066964 -62733170 27719587 -26188405 12434962 -91284274 -34635672 857231 72029448 -30029446 56085875 -59752994 63457606 66153884 6666880 -72639421 -52309182 -26654414 -62871063 -1446525 -66640064 -50200672 -14001096 -27291761 -66463946 -9041772 -15082307 1941153 -98217346 -48279898 101118899 -56013217 -100921867 -73295421 76021086 49106351 
-74525597 63923111 54272819 -41961489 -10471001 35979362 59931887 23023276 50424799 38093559 -6426272 65119255 19039808 98800642 -56865631 43900559 -16697936 104510072 -3892392 54445912 -57522637 -96197783 59512123 33828258 57553447 -74577868 -20686444 76075579 72549989 98232851 -12788638 -10587410 -38128750 37869104 9353210 -26810934 81197912 42571988 11805832 106623570 55490349 -78021937 -46551001 105825633 -59220401 -46863252 84988814 68563729 91037865 -53868103 -98267675 
-46459067 -71081465 52299917 -18657581 -72381864 33573673 57684996 106276485 63222940 -105896461 91284151 -31343542 78075463 73868445 8093323 -44704734 -95711416 41977669 -16802464 19302768 97220132 36531213 5038834 -34243648 77593218 -17349917 32151198 -101438672 27493896 102128107 30673489 37179564 -72609470 68412197 -24781417 93767134 -77323201 103614557 77042264 56525495 2218849 16367755 2746593 97526218 -83083409 -64193061 68376019 -97176771 -98887047 -86389965 -93771160 
92954379 74407877 -12697372 -13025565 95217685 -54822671 43474110 -2193225 -104507381 10493183 -397670 23459822 -35894528 -45843097 -78994477 55501680 -61517710 33614567 -29011971 -17402342 -64383456 -56541272 49439373 73543205 32449186 94247011 15564021 4577240 69331246 78118847 -49957744 22112127 40914656 16350223 38912344 49366514 2259783 45722574 -48542067 -26859819 56343174 -42347040 -100700734 -51699611 18846068 34335335 102602225 73261635 -89303034 -24192885 81768874 
-31766525 -6046074 -29329918 30467826 -53614204 -85148123 1723596 26335033 -39189865 -86495387 30509387 35519571 42530312 -31294823 81112631 -12254684 -75432047 -65311441 31246949 -60504349 57268006 -83645955 35429436 69522853 -43929697 40676302 -68456378 44631288 -37815631 32034644 32790940 37256948 -35877547 72534575 48643953 99343658 31537199 61986214 79268028 82810485 77008289 45317073 33063401 -8020243 37955041 18184063 39554366 -94718387 89647626 64071215 -48633171 
67767817 82638138 30870237 61062945 -91852176 -17002134 73438871 59551049 67586439 35198072 -64912993 -84887923 35210842 -86254678 53539135 -87421066 -96953943 -62690426 50881560 -48660590 91718615 -30574292 -97493240 -99343207 92984673 -39414578 2533651 32598366 -66166126 40041389 -77402925 -91759473 -76067412 44219443 -59735884 18782685 -69817363 28065538 -66543805 -41849880 93329323 63502107 -98601362 17348672 56846807 -101581417 82687142 -3966992 20182331 -44583813 -41903519 
83754674 -72367275 -10302018 -88951941 23339886 92158010 72235491 -8517887 68987281 6208811 -95387176 -84399430 104915825 -45543512 7001475 -36098757 85359023 91568301 19179576 83540383 76088754 -54238767 -75200206 45179307 -106326860 63493672 42393482 -66728783 26021972 -25048540 42077919 79779900 -40982046 66387504 -81984299 -86394396 19849902 -98763720 86673830 -75883880 -96479308 -95503654 -44380037 -29329350 -106516014 36229234 51446334 33961653 58084770 40637986 97677419 
87201429 -106057394 -48345797 41429619 47649917 -8231200 -11105525 -60039602 -107069912 7699341 -77952589 -40890638 -74249613 75369589 16632645 -20041704 -68341693 -43520796 -21681789 -58278772 78951533 2875421 -36577731 -11637813 -25135154 -24624998 -97325563 -42219590 59421854 104205153 55998332 94849333 -8636595 -42934081 -102721418 61574365 -61224926 57368387 105279293 -9366343 -103237037 27477883 36248235 50129163 1375913 47043321 16491102 92045246 84913160 29489131 -5496220 
95793698 33587430 -17286462 -95847487 -55886681 73903436 -36787687 2477745 51524080 27745294 24226106 -36214430 -27983360 -83997861 -6475669 -11693635 6837322 -75568879 -55483922 38638720 23000234 57536334 15320142 -37129258 107034032 19616051 -53374195 -20003858 -105269047 34285790 -76890252 -75420818 -56453457 -103317211 -105771005 15894719 54428602 -9020879 -34026193 -34643443 -95877318 -45424543 42761858 61413358 -97676151 -64436161 107172629 87965048 82547755 -106040865 -91227408 
-98662869 -73754968 -2713085 -25299999 -5732532 -69406017 -53940801 34611193 -11588452 -7734458 -105612962 42902950 -84288634 40649166 94939848 77436295 -85924833 -92981244 94569926 61450604 25105540 77304943 31027743 80499323 -98152776 -44664809 64774833 42833828 6192834 106806316 93250875 -95053949 -1977487 -23281970 31293482 103706448 -23641445 36489485 3226312 -82224960 29905512 12788339 65083828 82696956 84362454 81627209 79789580 67077120 -102059721 -6942965 -98300670 
12097039 -95918375 33085080 -70089962 94764603 101890142 -38201990 -3725158 -74985153 -77885390 -38670167 85834863 74825527 -4710394 9161614 76640146 28595097 -8540174 -99566907 -20092173 62405235 -105648606 -44581278 3589467 -75665891 -4672113 -23251561 1012954 46403838 -78227537 83794830 55696459 -80570354 60570498 -79144329 99131651 48891973 -34194232 17326145 29870941 -82643508 20347922 73988142 36294007 -21996171 -20773563 -44911157 86775866 -96408550 -27055233 39711676 
73727951 -51268794 -38689837 -23450584 6961279 -33501084 -105031020 -79767523 22933057 60359522 -68278153 9565096 93796519 61020233 -43388383 29977339 -37396360 89957690 21691289 67411462 67293958 -1802388 -90903777 99906872 -105827881 60400274 31422074 29634102 -37830280 9966048 91798768 32257780 -6250393 45193288 9102091 83056281 -37132222 -97195398 71064996 96446434 -43679425 106018711 -6239568 84429753 -28569419 28331539 61006659 26995959 300129 -14742367 81848930 
3745568 70909067 -51749033 49671391 45793643 -92411713 103916246 47426664 16838962 48703603 27459816 10587257 71904627 92083710 -32305294 -70676945 -53264342 -61338743 58611802 107179189 60295889 5949694 -56765293 105178272 -92284678 7894713 52360226 58768434 35652319 -47148169 7287013 22402672 -27896883 81913918 101533935 -102154955 -85020667 83489960 -106772733 -11056212 33440220 -42469056 -104713986 -40219677 85235556 18024732 -15105550 73624351 9511604 86653036 -51283521 
-94630473 -18123478 30039480 -65326264 -104458915 -10474905 64600058 -35980438 -37776906 68036437 -3531962 -86165280 -23303883 -25645733 -21188204 -7036178 -33847715 -39801224 -98110720 -18851935 -65336044 -56554612 -62088068 -58705635 -50029053 29329745 -64583927 -71412608 58628632 31886905 30610152 85012522 90274810 2402906 -44371154 12645825 -12078952 -65330967 -29069477 880317 30334906 67578970 -5985770 32473776 20500954 68261054 -27310848 74468553 14404952 28956798 -71806243 
9068023 -8473659 90705502 -79986457 101911109 32675759 95168124 96255891 -83453841 52338194 60955947 61970845 -85146723 75533786 56514808 -82455799 -64860694 -69755813 92593663 -24326985 78183446 70080855 -8526393 -105209212 52809691 86217430 5538668 44457522 64179982 73325391 -53016466 -24323528 -94257663 3506516 -82017149 -14673458 -73679390 -99482280 58834467 98165890 29296974 -2572344 93428435 -20900334 -91222237 -88925091 -79556388 -37330919 97905469 39175422 40752388 
96539735 76625377 -102032322 8637947 96861372 87389899 2077321 -25490132 -48164602 -38686704 62225668 865954 94702162 84450939 -17456993 -79642837 -99966280 -10281070 -85831272 53129590 40372684 -96001663 -75190965 82970462 52662184 -69170947 39261679 -66288701 -30567708 69588443 85587813 93623896 4642778 77424634 -51626400 -81689982 84118451 -50174520 69166299 74520827 89657938 -91418271 -57346112 -2554082 -89153284 28690208 -38898540 -22756237 -9153241 71043862 17748470 
80959204 98801529 -36418067 -14482193 -102665234 -41320198 -19369079 -44880670 -34617290 71093615 -95944390 10368464 92241194 -33331270 3392334 -4409531 24543419 14168654 61033783 66184309 68462264 62354379 67583750 84433835 -2519667 -44523534 -56520540 94080778 -31822315 -97864062 -76676154 -50465861 -36419549 -20299354 104854607 106512347 -30793795 51807214 -64976742 38537096 65036994 -11501457 -79579414 91683985 60239992 -35429954 -99416504 -47907007 -85374239 -9429041 10952880 
6771828 -22717343 37433187 7484607 -30355375 -64628955 -51042413 -40536973 -2442399 53981940 -54159627 -35461610 -65671515 -94018890 -29639467 28170968 16841678 6465267 -38579814 -88119417 28665308 5399937 80360988 88516859 -93460871 28777640 -26827775 102699342 -19973980 -87910970 -13862254 -26343121 40334879 -56233878 -61128391 -46261187 -16265151 -57245014 -27997907 77808148 -40266419 39833410 -93082497 45665810 58724951 28510621 -80716898 -71606076 60344732 -20408457 -37948493 
-75599896 -61745203 -35986624 -78340300 10743050 13159136 95870800 74486497 85572798 -80210466 -54206614 -19184977 -18324952 -98701903 56148406 -63039219 36494453 -32675928 25003806 -96381385 -36687744 -60485706 -86590703 85763743 23743081 30243367 20064186 -2459871 11891144 -72092859 48872294 -30189566 12814514 -24132337 92098974 -48505608 -22621204 59312157 69982562 101333113 -16087664 -85690383 22831076 -68777577 -37249699 -84128896 -43385891 94595322 -3932220 -101512535 -88612618 
-32083115 75208137 -64664565 -24048169 -71968067 -57500800 67460940 -75685160 63092466 104824857 -84269753 -67810250 -66978015 -103940932 -59505040 64257151 105130950 -25784176 101627578 68332006 25122393 54139342 11618097 84491733 100846420 -78014452 -98324896 -32566806 -80955836 106392168 -74016679 -23863601 12490810 -30794916 56520157 -4380949 -40654662 -55657958 -101775792 92720049 47777974 38439195 -73157674 -94778711 -22057888 26956575 -16703617 28973130 -10200742 -76270095 -55902832 
59002298 3979582 -39107867 -3827145 72269607 -12892744 -26799612 87097015 103519541 100910123 -43416559 -27684168 11506565 77557586 27689857 -100683181 -31249830 89515276 -35444395 71651520 103081638 72667646 95159487 73828543 -58805059 -89305985 -81299365 2097046 26211695 -30117093 -12421618 -19975840 -32598900 105909427 -104749941 -29661616 -102820361 -66155283 -74252976 -91326192 -84631224 9732829 542331 91844934 98923487 905355 -8868287 -48470987 -26014751 -34044042 87206188 
-82542430 68547733 67853369 106309555 66095406 52539679 -14496966 7866455 -16502675 62844726 -74572826 32879775 102081461 106571304 -95175504 98925402 -601622 -79174485 45624250 40915353 -15141896 37518385 -95069316 47424874 10647897 -39360050 -69839044 -75150814 14993001 281903 27326434 -63885716 73504598 -45981895 -107293742 -62529178 -48137599 97200080 39300365 -86338435 -84126682 47302097 56209851 -48044283 -26804012 100783928 59414774 -53323756 51192525 46232455 -103241746 
-41732023 -73755100 -101579673 75185159 66660398 -40753475 69065023 -44212594 -81510854 38128104 -61541224 57625118 -47448503 41771036 27018734 -36088201 -99092002 64526548 5843211 -31968753 35327800 -23345555 105175264 -2911897 -47068582 103090133 -8233781 -39091760 49852904 -84342793 -32464103 44281966 59605929 11298144 4969764 -2502265 -37692598 47055431 97678284 -33330310 73029521 -42158451 -7934882 27561255 -72047913 -9744063 -87111493 -103867911 83241546 -74509424 89821975 
97676935 17849197 -22585317 -795945 40280940 49111363 88467768 57823789 15311121 -97383457 78625177 27430913 -2212377 52549940 -42142758 85527216 14102871 15494638 -101451484 -16608517 -23350782 -43865944 62799837 43053313 -83963349 -3268709 -6190436 70635301 34632500 16045504 64763352 1237440 -86913842 -77637620 -73500140 72875855 43351169 -98530284 -94830417 75537227 928264 22831982 95524929 -41308646 105631706 -35076390 8843591 63565707 57260513 -89526687 95268184 
-17681774 43558586 -38124332 -48059892 9167022 33951052 15817430 -43909555 -46648404 52645676 8559324 -17473455 -14059763 -68226928 67090289 -15111075 -26944637 -80756542 6102975 74196439 -98316910 67291190 -1793760 29206178 52866183 97028299 6186297 105474427 -91506731 38866169 106279853 35416523 11043879 25454686 -103459850 -96995522 -7576928 93580962 46687392 -62821934 3023999 -82010225 39347125 93760771 -8520915 -81725327 -62807722 50751601 91856020 62337663 -79062552 
82597359 -11070744 -50791564 45657047 -100112131 -33061857 70894560 -102958171 -4942665 2565704 64384786 -64585477 66758855 -708463 -96033407 -65773750 -30590463 -72004420 82851582 -91245340 93780327 81505824 -28533446 7674460 -92181876 2033263 -19672973 66796366 13473275 92548361 -44206198 78315033 -24482986 102715399 -75374167 -37868618 -64002938 76377172 -95179919 -67709234 -3476509 860136 55426227 7800425 -17541318 -71747373 -83747032 -19931126 35832981 69704089 -80457200 
44735293 -53416044 95204709 -18931031 21485269 72784351 21793415 54553407 80697830 10000043 -12172722 -102220860 99447397 67401552 74435069 40228035 -84306320 -27568766 -76824285 37250726 30855157 -8956934 -29035152 -47385540 -43451198 -24273684 -44115667 97563490 -52419386 -101581473 -70593489 -9972085 -93442373 40984760 -25525314 14306733 -24635436 7564310 20225337 28600421 -95467772 -62568306 -74922795 102315892 17434731 -95286051 -38691219 -66901496 101368728 79305774 30585539 
-68413366 -16982594 -28457761 -67991413 70543748 51701257 -14719791 42418402 -10059107 55600485 -71969324 -84919753 -80820307 -93418276 -12602634 81397878 -79115428 -65032377 -49912067 -75303232 90775633 -3329714 -82379683 61839686 -72947491 4134624 -22278032 51896987 -50303819 -76692219 -16810147 -21339813 39108441 61648025 12595000 -25806102 81944714 -39446873 -9258548 56981253 -89144903 52858988 39427656 55783758 67822128 45748149 106524464 44489844 -53862168 57636263 83190468 
-76743402 -44547926 78900003 -100345495 39650027 19435884 -81454061 97143697 53498969 -34589537 -20553506 -27233030 54393866 -58497420 -35660468 17319233 -52495992 -100908573 80162618 -45004422 2884237 92427507 -5831222 104937732 12224982 -80546410 -85887263 84734817 -61881453 -27521635 54016010 -83117237 -90259654 93716065 -35710346 -70237679 -90128701 -16251443 -28792095 -42571643 68763499 -86141721 -80829089 -38330151 70125731 -43308786 -78768097 -76078483 47819311 85921446 -92638513 
-6251040 15547212 83564806 57890258 62587136 72268640 -104816535 -79034213 73685940 28995477 -13924379 5766306 88779756 -83600133 -60815953 103357816 -75348809 68388792 -47866342 -64708199 -32890144 27079361 29847 -43195484 79142425 101814828 87746797 -72357221 -59315785 -95689572 -5619448 -15949997 -292790 -101098351 19501169 -64399550 36618726 46323845 -73732423 78729110 15734017 -82583295 -83187812 78871068 -2345897 -106076707 -81378098 -105623067 13611535 14901480 -70469148 
45981413 80876426 -40175645 45353656 68549450 10738141 50759201 83942022 29325921 9407021 2757792 15985833 56037499 103764439 88135636 -39480471 -24132750 -56739795 11438204 106455696 -45236615 75587457 74847950 23293479 4669701 -74275391 62761082 1445243 37628839 86893541 96993193 92190416 -47262300 -15900225 96463672 60331488 -59577058 -67677642 -69023412 106938610 -11065442 -73316104 -21315682 -1084852 -30291 -33083350 81426568 -23904083 -17306008 -68366335 24121765 
-17919428 83402282 95443039 -21798562 -23965338 37780235 -28401432 -18401381 -26919046 75645618 -4852658 51820334 -25737280 -74119369 82462495 64687164 -70851227 76838771 76377222 -5694478 25381369 77100854 77768023 -97921531 -103626627 -46053018 -72805298 55973714 -56646513 -18328966 61866891 -70134227 -78635887 -84066793 -53651465 -60184683 -104782512 -74414264 -27782702 107028365 78412286 -30405204 94993278 30357370 78080962 40629053 61227459 102858292 40883231 45839273 -14439662 
-9776258 -42925600 81978415 15783136 84992706 80808544 -77417034 -35129494 617403 -13703975 -67151468 -83148874 -23215111 -65587554 74161655 37982296 -103695327 -62525112 -18387388 100505422 -37742656 51061117 77280174 -30003706 31857933 -30680495 23975464 82604860 -9319015 -60056817 89942328 -28838130 95120973 40035442 87842916 -44370311 37625572 40343543 53909797 106475436 -81938681 1956225 3271826 17604680 90220149 -92719748 -36410077 -60496913 -89976112 85445933 28951373 
-2511643 64921734 -25249342 18864492 10450977 -103147360 69934614 -93159162 79058660 -86982975 -51889068 -104434933 -66836146 -59141682 -10037422 -9946068 -60371588 81530758 -103093245 36516145 -62277052 44913728 101600774 -78922971 45120987 23007789 -5505061 -39241657 90791470 80948412 98839218 35721930 98452764 19300697 38012044 -47246857 -85664733 4622768 34480832 106541511 -23281334 72407784 -77929901 -16124787 -20382623 -17972701 74166009 75412336 77429391 16783225 1447435 
-74294664 -81901420 35241225 -56887360 80047764 -3688171 84403835 -24207131 98084312 78071863 17736456 89217826 -60492418 10560076 7020535 51381246 -101786513 63199322 50187396 -6902260 -16131446 -52824330 76321999 -7035332 54857383 -5461143 37285234 53863205 30501130 -39284281 24262811 -80165555 63224696 75811924 93106225 63922936 -54789484 -38630498 95466680 -10740666 -16337484 -31449999 -10666422 -42084093 68609082 -85094551 -102271469 14055621 -93205325 49019871 19922823 
18972430 64439432 -27115456 17977664 12765217 5768777 -2576218 -79834817 -20408810 15523607 64545042 90655151 -45778340 -50530995 30238461 58104685 -44813778 28919179 -97462814 67754913 -76726350 -95642160 33175444 -86765679 84074029 38774950 -63585636 -66481677 43436889 -27302856 -70928853 -50904521 83013650 23100226 60199983 -92611536 -85232257 -99355091 37440833 -56559625 -6991339 -62241443 -96943319 -33605115 -31958543 -42351958 -34497166 75406655 -92304891 11242594 -89438501 
-14934495 -67628508 -72834759 5687458 -93198729 -92418201 -59081493 -13770887 -82968007 94023869 -25098113 58576517 -28379646 -89565156 36289544 2272800 76185930 81718823 -10362582 93820749 49422093 70139460 -24952416 -96558271 -79322119 -82721100 -81839412 -103879315 72073091 60558271 89164274 48355687 -61983500 -91808850 104592119 -102386967 -73992415 71439265 -36869165 106302392 -25780496 -50044779 1564258 -30047913 41854983 25951217 107314438 40542427 75063242 -53916878 44124066 
42406259 66428022 -98704525 32709500 -19229959 55818821 62070789 -106736379 -16034545 36747414 -2279967 32319840 64005103 -91403698 -623541 -79684619 46367755 15368138 24505609 26000789 -13705701 82948480 -62116316 -42470747 29733622 -60363192 -19261820 2795939 18513028 10146513 10606973 69671652 -86735466 23954686 -88405266 42461737 35769831 -103431434 5996695 -2113695 -26647409 101195870 -36800937 -2291956 -45523178 87592214 29521131 105282204 -63003070 93787888 -15192948 
-74726065 -23274245 25598913 -72016770 22468041 74367940 -83927099 -27329872 78918884 -61422239 -38958446 57859812 92586721 -65255705 -44829928 51352466 42934638 -99180630 33701096 2854079 -30448235 60148025 -54041361 98205946 44009214 -94687079 -48985910 89848148 -29952311 47270770 9505051 64021106 99249233 -98407499 22737160 106223203 96333062 -36274875 99356800 53830592 72619096 34429352 -67319411 1241327 -4781496 -47622821 20081212 -20213477 68989133 -11259075 -36281665 
-77956214 43068402 75680462 -20976859 -32539041 -24557423 71409830 87736487 42194852 -101119642 -100071201 -8108461 70976901 34024514 19658850 -55527292 85110376 62372668 13040462 18825012 -26643509 99382495 -61407826 51472918 107258921 -80816318 -60488459 76522931 -57259509 -72866511 103003868 -71814068 -35739305 13408096 61910148 -88244539 -19253751 -91468937 80873654 -40222798 76856114 -59364482 -103192442 67923579 3010046 -97930343 -24743604 -18360766 18137969 101251264 49078904 
34801437 90524425 -77362302 -37938478 -53589263 -72418309 8883390 54956442 -60606342 54478049 13265882 -38232763 -82159335 79569648 -81216910 87031910 21442892 -95711382 16043600 -62088834 -71704425 39749927 57242905 -73789229 27742180 -80710224 62847918 -57004941 19641554 99715191 -43441507 52364440 -71693592 92693445 78052519 -25174923 -91127102 97928648 99141101 88113364 -13326436 13485336 -75239640 6925225 30820425 73644614 -3561329 70180145 76983812 -7303896 -23249769 
-2563904 67503357 58575468 16676415 -70901911 -30911293 -96317585 -67188813 22036229 56591457 81338157 14153702 92383346 82039591 -66592267 -57922766 659801 -48761433 98450560 -100062954 -44283122 -19387294 17563089 91724679 13571106 96223325 -80737191 -36794671 -23696202 -43442928 55986900 31557756 49846711 73262232 -101274085 -98498398 -91908359 13743427 -81973392 86974005 -49817780 -87907607 2627184 -29434706 80154902 -72986672 -74663031 105031035 81764627 537528 -56630524 
-45011945 -18917367 71893034 -46509829 47218375 13398668 2431633 82844181 100672549 -41033647 94223778 -12420127 -86947061 -18999507 105825809 57096127 84915240 -4937277 51041339 -13857743 -66745368 -85430561 22801000 89604206 24319819 -93347860 -33492514 -12396611 -97793466 -42111931 34254370 96450763 -56595403 17328888 -86098128 -92227670 2185605 -106478452 9544501 77211593 -10480203 23075749 49553158 104889544 -59916798 -41250133 1269179 -4835080 56101935 71346382 -45808567 
-41192600 -14346340 -57959703 -94661985 9893539 46701068 9850516 101821236 -64660210 58518901 -90858279 47156394 58320822 -9303383 50411907 24080737 -70487491 104108409 97923033 -77641030 -19779085 98263266 105682757 -38900169 -32234914 41179359 5274159 60872065 -50675472 9298141 -80468220 -101364005 -75461537 97028241 -94646464 43000812 88176872 7120948 25627360 7223012 -78409891 -96860041 -4028203 83936935 -72104524 66146274 6539131 20193027 -1344236 -36944013 28718429 
87320251 14101296 -49997858 62381706 -57195178 105460074 -71060053 32643345 75256113 -17379904 55567821 -43707407 13382076 63765438 48012029 -13557387 15841952 24513248 33389886 -69089932 -93931129 80863250 33730987 51206038 50613432 -101127447 -38097182 -99751417 43674084 16124602 80829509 -89125506 -72344108 58894248 -17471918 32377061 -33309563 -11407243 10538185 -43618490 -53652373 -84150323 2965336 40766971 13637656 -54543124 10310638 -44071554 -13107742 13435256 22696308 
-77278711 -100135960 -68231889 8008056 51329573 91422299 -88762840 -20589943 8210170 104993982 -90917814 19021372 58510233 -9686619 -3466691 81802053 65600120 -26935489 59751709 -15767037 39146098 39667082 91260701 -103983890 -26343027 -37382844 67568042 -77688270 -39538937 23121652 106911328 -48816876 33392609 -90339506 18912157 -31379641 49357504 58779211 74999869 76259363 6435654 -47141542 65744905 -38455136 87170071 61400401 64667195 27388415 -96328139 -101148979 52108396 
-84372650 47984520 20959367 9564873 4437651 11162942 11045321 80716793 -25762378 -77995932 -73710712 -69228245 -31038233 -43729331 86063356 104263368 -32419772 -81005199 -85176723 -81676500 29284800 18027198 86901380 -73910666 2471575 -15836206 19994063 -64091294 97382261 9002655 -47072648 29240216 49449894 -36187250 41068816 -40820472 -99251367 -51813452 -97447306 -35004806 42866465 16953513 86347092 86565407 -67622546 54703498 106860077 97122902 -13194877 -17241741 70871890 
46236162 44253896 -105590029 86911517 -72488266 -19700580 -42170328 -10310717 -12577364 -43394143 -74190630 3785237 54192776 -23500808 78575324 -82351607 38811527 -95800803 -85034653 14285970 10425622 -56837411 47941563 -59965707 -78235905 44023245 -90382644 -5356945 31678216 -62312125 -39135239 -30531348 82162711 -100184988 -87860327 -62160793 34339874 -97427477 91467172 -80202910 -91477716 -35090875 -8894801 -98186127 -36909333 -73180570 -16096373 62492988 -85106345 -42952356 -47387956 
-79515779 -71864478 83067111 -51102229 -21731278 -22035367 4588850 -43511922 92327268 -5013097 -8801160 61548309 19974606 -33628088 -63013900 -21581982 34104327 52527527 21172740 89683334 48792692 27750825 60004691 73980314 -17611898 -2401207 80461367 30004929 -18006386 -105742021 -102963712 83308424 -96662039 40939006 -82441389 -54775119 -57600223 63280201 6090576 -64290070 -23684412 51090310 -76586576 -15705410 -623403 78263666 36821654 3445315 -18415645 -2646822 37385985 
-40382289 -47985742 51817487 39387634 -95048163 -42428717 69004194 -32488623 18754456 52800541 31889968 80094520 -41141748 102160109 7945873 -6215094 82035844 15954938 35512194 -56593874 11685928 -1265672 -91243348 96062884 -26781716 13441608 -47489887 -4106018 -65339454 49986267 73297435 57449254 22217831 6569033 -42909565 28289692 -92851614 -17447148 -40813296 73114015 83550114 -103737315 67183744 -37131495 -104011958 -4420480 30053299 -3433255 -66710286 -29942182 -47731511 
-50900799 98208072 -48857375 -35738687 6235649 44493447 -78839924 19259926 -40867408 12564461 34574569 104085474 75564009 46798640 73429455 -72522119 -59064555 50289929 -16264755 33355975 -80843141 57341596 -71756679 -62260253 38868250 52458473 -65830981 60734783 -26632125 -37251149 -66465765 16026606 34542102 50176055 37857927 -57647043 54373513 -84027267 9053060 6841616 70200966 -67089190 72563920 72474687 52273817 -78874197 -63297132 88938421 -2661930 -84191705 -74874516 
-66164858 82336400 49287384 -57055378 -91857460 21981249 -18566913 -8771441 94540529 -92619927 -53863531 56044554 19031782 57976051 -18139768 93215857 -4621981 -97178804 68810939 15886344 91125169 -5499219 82374196 -32684318 11610710 -76515803 15386196 -41723683 -77069225 87152331 34964914 83230057 -58211371 -8832409 -24682030 -59038210 -30325810 14866502 -45092999 -30109663 -53971309 -6079318 -74494861 6056239 90660262 -3380876 -20612853 69169333 -57196179 102261815 18812839 
59812940 -11229989 105958846 -63404057 46785220 -90292646 59852617 93436675 98724737 37078892 50944831 -60979942 -76405079 -49257015 -67670628 61536423 -54291572 44982449 69625621 -100865563 -91962849 -55324374 82608232 -70287214 64559214 -53413875 89072425 -83558432 12561650 102569741 -32552569 45510065 -24538314 79592950 14222842 24484654 70268773 -99212612 -25466849 -57506487 -98717863 -104057266 -13808010 -13673579 -96629556 -30647500 -80349614 47619760 -105542146 83929197 -95034207 
-56888302 -97465098 78872439 89126061 98003977 59754207 86687267 -56766531 -55372480 -7655958 1135693 -78813751 10100261 -72724687 -60000834 83453606 65720739 -76399287 97999802 -72646096 93380156 45175268 -31535751 -1037956 -35572469 -79825361 -37201186 56627953 66321348 21250939 58491725 3341583 61135810 59970638 97193258 49776583 -87738646 -90980377 -23428313 24211969 79265785 93627465 -35295969 37033931 54709953 82061533 -49307578 69870952 39523941 -22249833 71686525 
-90949985 4803574 11480291 -44431431 77388701 -57883235 -82157926 -83982829 -95981952 196740 38704795 99681206 -17313287 73582042 49317376 -46230504 -102765059 39734592 -75549307 -249074 -62761209 -56421135 -3895586 75778903 -82060117 -24834723 -37503472 20857309 -86264421 -19187131 -64551384 -40864337 -50960236 100634762 39990264 65756741 89117536 -104758983 -59557157 -28049671 -37439648 -79764495 -85546207 -24161748 -80509493 43242855 33107289 91842286 13505379 -48759640 -68619951 
-83828456 53225439 21607158 -91272562 32988582 66997880 16711928 -48374220 -21793639 52587223 95830122 -99555173 -47928393 102006978 78958258 -70893525 92082871 -67793351 -5781699 86601356 -98507733 -7372521 32657078 -36962558 -28232513 -1240271 -102253448 95370504 -69300682 -57708539 64820940 50370129 -9194276 60142414 19016142 31260046 -84178831 25187107 32799541 -84317680 -38699602 -34984970 35457265 22151 2324309 96711223 94037303 -43670266 -59107728 57724872 95327353 
55690531 -11052336 -43228648 -94923914 34368926 -110456 -21368412 67706326 44210104 -55469453 -50248786 72963379 3222881 -62820060 -12592833 24338175 48008131 -68220187 91874418 -83622568 17575710 98676356 105273753 28017912 21340377 33287706 -100470182 4628723 36840427 -96453330 -40646448 -99292383 -47821518 -44246375 -47075573 36440163 -103179503 -54704575 7029040 12608672 -46373082 50316850 53240336 -58511919 96111737 66598043 19448220 72852338 50519505 31193444 -105304855 
-7838342 -13799402 -63345415 -12214079 -23728825 84518951 74385585 97151595 884 45455896 7749972 -50542676 -6883325 44510439 -29444321 35016932 -96496617 8221629 11695175 2657928 37284192 94329379 3177565 28854088 16554682 21568782 96082152 74972299 -69877566 -19607638 31808123 -25273323 -53730386 -59505296 -18082563 22758420 59040616 84777023 -37789522 -42459603 74113500 43829516 44852210 60281148 81360652 6355324 -53044007 -100192999 80698438 -104535393 -93009306 
19778404 -26897092 70558767 57603737 -5249631 99554439 -52388037 68464357 66127754 102723321 5248590 -2420315 -91426199 64206172 -57724798 46145959 90416831 58682066 -7581955 -94914200 25060223 4421245 -6758239 -88396627 -107213526 13994937 -2437881 -72129209 28845077 37024012 -34047549 -10555211 37499998 -33534522 69703087 25652639 90537057 18760247 -19989583 179534 -12702026 1878068 7835730 -83914550 -31293547 -60401407 -28634419 -7238492 76778375 -69799881 25021883 
21512669 -9709716 86582600 -6905581 -21324096 58020856 -95217128 -62333380 -78507042 19392336 -67212029 -13672139 42602175 -24529871 -106097499 101042883 73207744 39736034 -23168565 100127047 60146990 -75202777 56726647 59124281 94709776 97629174 106890426 34779670 -102409187 -6946879 87172403 -1851078 -50193726 -20223506 4976868 53900699 42123850 53862942 93166720 -38768433 -56112881 40884985 -16323575 8991908 9467235 -30659598 -20478855 1853890 14832316 50221247 -32384742 
-17055023 44627665 85557282 -11310646 75635860 -53336048 -89637276 65084322 92481749 -91549848 6421904 -41560990 98919585 -104524550 -54746204 -49910853 -84632145 -58749339 89865163 9709387 43967569 -103281241 3105822 92275170 -24545703 76888937 -69772002 99829276 82576464 -34268162 -54034148 -60548872 60925145 50986886 -41381979 105042278 -43956691 -96164920 -28898907 90797328 -77509150 11885564 88831253 87547701 -76326267 85748033 -57418809 60087815 -5995460 -89656564 12042491 
99313858 -101325699 50677823 -14860041 -86913973 -76435443 82193812 2805398 52975607 -28829547 -76751808 -93226125 -98762288 -16527885 -19424248 -53166169 -61052844 -73527829 65562084 39142383 88158767 61827347 81674251 -8236541 -3081927 107179493 -73529223 20119843 33077620 -25981426 -82563502 -21348007 71574398 -72285193 -48154067 82750477 -25569279 32135182 64408840 -63609539 22445354 41672688 -3536835 95719034 38591951 -22208465 90569580 -86106807 -9824189 -54876957 -70812291 
77423321 69891280 -94931280 -32471700 -88084730 95080867 -5240533 105904047 24064332 17312498 84746169 27863879 88134838 105292644 -974218 -92671000 -801420 86805834 59821215 -29740588 68482931 -11242743 -89746104 32272281 75461031 18621938 18369850 32086672 -97681963 -90667857 22788305 57022726 -8837637 76103683 -95317991 -76093208 15920769 74481693 -28869955 102144606 88045557 -100124767 106298654 -64808051 -14054917 -86537662 -9421676 103571596 15318572 13777069 -32076819 
-101684046 73203161 70947280 94825456 -21505620 -5124004 34839312 -33051286 106744461 -103032910 68476323 -63011772 -41285745 96565969 -10543151 102250128 -67073524 26666647 56837769 -41969097 89881889 68689127 50960619 -99318645 -80304606 9043180 -93985603 13337784 -6293939 50911803 -43808105 25198246 -99642361 42182633 7399305 -73195978 -65274646 83326980 3397306 92139094 -87764008 57894251 92168452 65292717 -13045018 -104874271 -37279943 -84491251 -29928847 -80844318 101088408 
57063301 -81065066 -74448047 -14821099 -31384113 72467503 -102034574 -17090969 996032 -87269160 -34763594 61089914 -1665230 -48190371 -55615701 -42094580 70514954 -50499570 2699390 -47752335 -425318 25009718 -20550161 88453724 31376622 35532163 4507686 -21287735 81850754 -21111034 18763627 -76138232 85459705 41517553 -74565352 -87759227 79185940 -2856202 -64927108 93099570 3193272 89066349 26382459 15559214 3226156 -90608025 -69377888 -41326248 105482407 24312858 -88044063 
25025926 -30609202 -28977355 -15089604 5621484 -46947840 46545842 -1175672 42448019 -76942228 -99529388 -31623672 -42953205 -16703981 -19386508 33141299 99355501 30973843 -13664558 -92218251 6744653 -66542604 -42748724 -807310 -5626064 -60103948 54199218 18995876 97880129 95553651 -86140166 -41950769 24575751 -92025651 78165493 34186999 45533820 24325168 46360643 30412595 -47399520 -8606332 -79365825 77662332 -83408417 -13009656 -48081584 -31995070 -59175530 -98823024 43353188 
-20536406 -1012164 -76438842 9913009 -87324919 -86258732 -46723774 105452431 85602085 -91398905 -76569151 51056618 61552919 -105118117 7122070 28016104 -51534176 54861705 -49664452 -52034364 -17148972 -82447993 71152659 11478092 -104933689 -67642990 72224720 -18426535 33822887 67991265 10943106 32875545 -14453989 12200759 -65031945 105647376 63153204 24337782 105643286 -66487333 55322202 20157236 -81332548 97765229 -13920531 33933017 -54823577 -102326440 96229546 40712353 96357370 
-44051006 87527553 92479620 1663965 492153 25449728 53420583 -10461912 -65548720 -70589744 -10822170 -88695010 -48835298 52528589 -5264795 -66913479 -80299258 82393027 1154161 -102057437 79581131 -66115111 -59232279 43326981 -73829880 -5210639 -77040022 -91326535 -42892794 -76196312 -59312385 -3770895 -71133248 80331618 -79276461 97617654 103196281 97556348 -62800947 -44132103 -88638752 -33922554 38657572 -70124209 24836667 -59520742 3916545 -81126235 27072879 -100737689 74848112 
-92066570 -21161990 60150884 -32786605 59273596 -32276284 -50594680 99216276 -61092960 40642585 41344763 27366791 -53441756 68289387 22261492 14256494 22324325 -51760256 -38693701 -57397612 24789750 104436538 -90948949 -16951677 36863024 -956115 65665070 46094181 -13387321 18168393 80690253 -48909354 -106380589 -75611936 -39228036 104157330 -27599400 53858643 96107275 46253106 99848441 49919793 -62523712 45173939 -77361932 -77571189 -11935032 -37380345 -18348683 -81680093 -62266357 
104414656 -21817351 -85793305 188206 -73454107 -98243736 -2661203 18827669 -101350600 26347233 -38255843 -8273978 -105683943 -100020419 -12831541 -70563685 69464136 -85097746 30641011 -6442361 -101645827 87924078 -103607389 8946621 56680099 -33957000 17044199 35782339 -48831333 74599942 -44755286 -45914524 -8783886 35511501 91041455 -99519071 -93330431 31671067 -16522533 50547406 -14247610 -25754483 -69826895 -14983149 6937229 54272678 -32553725 37827183 -31940789 42672815 -95110705 
65910549 64503948 27235226 99395563 8707122 63162092 11015628 95468290 -19231281 75179728 92406434 36300134 74152683 -28896699 47712557 -86708381 59604074 -61514320 -84740092 38163522 87263051 71532487 89037871 -103283533 -97859208 -39658688 -57572270 90756317 -60138623 80937131 37785983 36872666 71101659 -68094507 99418207 29019028 -104442545 -93012238 60869744 36659471 -30222947 -20786910 28732604 90492557 -60060163 -94427934 -6664109 -35118784 -52701822 76417965 -10711364 
22766321 -53155051 -54875010 86749171 -38631481 -74887603 35391984 57764971 -92214634 55269746 -66866157 -87107615 91919217 -69216892 -91190208 -20236740 701242 62649084 -18677922 -17458004 -28158297 -92696380 -66895405 10027692 63388584 -14353437 -78095776 99822422 70129508 62316018 98214408 44579794 43099744 -14206166 78737406 -62699160 -9912284 -96327675 -15900274 70409958 46679762 -13670648 -49653496 42945367 -98758945 -66513543 50028371 -37082915 70971 3100665 -61981638 
-7120722 -28464547 -76813957 69300846 60090492 85015720 31205993 90183148 46028900 -40286158 -20178983 100614438 4148614 765075 18036635 -67058854 99969111 -23791856 -8359738 16898208 75782213 -5189025 50035468 -11211217 -65814921 -50706107 -7161573 83462146 7281454 -61398821 30507301 -13955274 -94577362 -60713903 -80209283 -82163168 91246719 33289433 -15074425 35371200 975015 -29960825 -87147588 -99242556 94288090 36250343 -69032388 49097945 -21658878 48825927 -103926610 
47350905 -68404132 -43892618 -48919066 -3237767 -71259226 -20008543 -10880464 85158644 -101765325 103722376 90397808 -36541395 -98604285 16402290 -50236170 -21603530 42810394 -2761951 -31471864 -86980190 -50725560 20701207 103018059 -75674309 -76905800 -27524099 -56892987 57807984 92213621 -67129598 100002884 -90466479 6768537 68767586 32907760 60627912 10965371 76752429 23727112 10295146 -28711260 -77655819 96807627 -6195986 -68724565 85298223 -70322087 -50468627 35282432 -72572305 
-8400119 -23944861 -80433979 -76452152 -91907486 70780497 54304922 83538101 -46122585 45184505 -16904379 95977830 -23355271 76122892 -60656423 19593176 -68843880 91387463 -50737885 71746601 -83793492 -51306762 -48715550 -67728662 -89016968 -988410 -93881774 -47034520 -72611281 4797412 47111070 71804406 9218545 66860450 89267868 84739643 -71325680 -15941160 2148249 72013855 -101797873 -28890401 87910495 47461456 107245889 -43992828 -2919090 41337691 91798013 71404003 4612824 
78763732 -48946464 -77396524 -7307626 -30920931 -55024693 68709817 45256618 -66390699 -39354177 92138016 104967105 28950599 33569658 -3495081 -99617138 -47879311 -100849947 -23975384 26543258 -87387109 104377184 40696771 -38740221 -89354718 16628398 46203771 47232867 -54501272 -91347226 11771822 66150555 20692211 74491910 2510779 -76099272 -25842315 -17168974 -81002010 97372748 -106764218 76243172 -36761817 -91218158 -28332391 20028403 -96917130 10590208 -34002810 24592290 100485081 
-7648833 -39963193 -41532660 90089656 -94896816 -13112759 -4445242 2502728 -68280045 24559343 -27818268 12044145 26053056 16572776 -20241875 -53140284 27177264 9690857 -46475768 -54147951 -106612214 78470677 24846531 63073792 -11409688 -20695275 -1741857 8013267 -76214590 -101269234 -77971625 -93520493 14327354 36016770 92381905 4778779 107099160 36771181 71184118 -1178614 29286818 -37774385 -25502188 -50704965 63370045 31402137 -25450668 -89224021 -90049558 96442740 -77541595 
67375534 -81842959 -84483714 3873850 55400296 -92628036 74895595 -31861389 -55960169 73051730 48405773 -48772000 37784626 -100810467 -91560911 39752220 34941973 12033699 -20894954 45259921 -91870011 61716315 -87974651 10698195 -60952937 -3454966 -10325648 -60806413 -84599376 -27683874 17487578 41266054 -34346232 -45994613 -89021851 -106076168 17237587 37127473 5849792 -65980729 -23318953 22153423 -20894288 31303411 -65665992 6785330 45649385 -105285916 18986996 -7430505 -105031648 
-9394270 -75893239 64134392 -53109215 -82373497 -60628923 -22639342 91397246 96972733 -29910430 34205327 -69736677 38968728 45369428 78535654 -8083015 -97173325 -16665088 29259509 -20986198 70183929 59563419 -91398048 -102783745 -18260774 32036149 -32487034 57342715 -36916583 -44496536 23836902 -43251617 -102920743 -24261435 -95939179 3115358 -88506699 -2530480 -6115926 -90644469 -38904743 73658120 -78540691 66512614 -53397667 -71465277 -93427149 94067715 1456595 88492136 -22178126 
-47485067 22523873 74198299 3775632 58329284 -44979910 68528217 -23149697 2087058 46703229 66154763 -13669531 70297989 -30712415 -41628728 -38239921 104078057 -92776244 -81714818 53364271 101306502 38937105 -82356894 -74249615 -84438977 78377126 -85388765 97572376 -82005394 47042721 45394710 -36987006 5914113 -102424079 16198276 -29293208 77313841 -84451156 24045375 31423515 -107197784 77196011 -91742844 -9700830 8416691 -18350643 80714091 -27677570 22464992 -98800463 81512675 
-50199534 -5435979 -105491697 43121367 75107077 69997417 31881547 -61152320 65049726 -96217644 -88675705 94861785 -56711632 66406645 1007540 36228307 -55903123 3198722 87834973 102185255 -60303374 -93702053 -61684245 88931800 72891592 -47648928 51419805 15236947 67134970 97768765 -80332088 -76746081 13115597 58480779 -25872145 -74366000 87432403 64757786 93046343 -703737 -31992485 -75438655 46268186 -60965042 7306527 -11560516 -103822082 -52055389 52740937 88537825 92638422 
69610416 25913855 -18759965 21277751 51668778 -37554984 -46272378 100190827 -6402915 52593234 92452124 -85110371 -21548958 35662988 -23458532 -85260897 -72332617 80895740 87027831 5377334 50835103 -25935889 25711273 -64926065 -37537378 73199916 29824186 -51982967 -96207154 28948609 44290024 85792752 50916410 -90606388 20175631 5159695 -86425151 -98313444 -97712328 -8862641 -39866364 7285988 13259026 -11187983 47417490 63054739 -55915554 -24372577 41991313 -6283148 74285117 
-15323517 -4059824 -87218271 -85419997 -47850944 80350531 -29114764 -47809332 32575092 -17507542 16430011 69065793 50516634 -1125211 95326459 47564978 -8777016 -96548251 57967856 94783234 -67240017 -21619346 -68811677 -16283535 -102667838 -44119180 82222549 103793422 -12864194 60219030 86437403 -44691449 12183445 12184475 72081831 85760276 -81743994 -56839813 -22977615 -101750268 32740805 56407443 -268614 24787991 -13314195 -93287970 92340716 34398153 -3997284 19977436 9759024 
-73778724 77837663 -21031934 -37780869 42560688 -53768027 74730443 -98293257 -63423633 18264161 -78958696 -1218311 59475185 -716594 32858867 15441875 -83415318 67849652 21149506 19597826 -62949001 3236776 101306495 54831764 -100535808 -11859700 54137263 -472465 10800539 58840072 7632533 78457491 -35185197 65123711 77488231 -8677510 -51932923 -34204035 23209573 44819790 -18003839 51072965 68209459 -65354337 53850331 -106777229 55689914 -81173658 -94802926 -21914634 -6834310 
-50193011 -67041820 -89108316 67936936 -1219934 81824794 -27084479 -6790067 -103934028 55017193 18083476 96705155 29399954 -21774612 -8563427 -38601857 -104046912 78217658 90893773 -36192793 58534877 55643577 -69884527 -13375860 -19560433 -65735165 71407229 -25039873 -94933475 -86278426 -85732442 34491586 -34697702 69163026 18903831 65787714 25250606 -71436502 -43540864 17602535 41666374 -71639809 69285655 77012599 99157660 104017458 -77840008 -26176207 53762422 -17725675 -99045199 
-27595872 56819145 101452099 8547270 53519876 46077493 -16470042 -1733218 -84842739 -99699741 84681993 -24954652 35882496 -71254621 -21477409 -83580885 -46350057 -71730692 -41360589 -95944180 -56222928 74651157 25725111 46172500 -96754533 41301553 63224862 -25138867 20549451 -92846554 97627546 86303794 72047201 -38547379 -93597082 -39617005 99542659 87639913 -75789777 -56513657 -55210626 73531582 -38167731 14389624 51396048 -14220472 73023598 -76073255 65864838 -32884536 -61452826 
58877113 -27276640 35479522 37037502 30887853 -57361239 78906121 31618705 25987226 -77064935 -62022090 30657956 -102677153 36973987 -53558859 -81361540 -91130991 43073237 -21878451 89824419 71202006 17922360 82793556 -15815558 -84530622 -90705950 28247866 52890005 42152465 83848603 -83135273 -73552369 -79425076 20465311 -17693629 -81509471 87914324 -96970888 -93506410 8665386 -26438507 57225061 52955820 67944969 -94911726 -40184879 -81517563 -26257503 85105862 -90706299 -72528494 
35442311 72275983 80908420 53311682 -88369667 74395898 73476672 -46058853 33558082 -33479072 43918938 3503382 -14548242 56687782 84531011 91401800 -30524831 89803884 12319968 -8221321 -65379778 93513745 -10228052 -3073923 95710743 -69128605 49760877 11825352 85454970 -85041186 -30346555 74592878 -53623919 -98877636 -17298922 -95394623 45196630 3255637 64167146 -33224586 88265830 -106131345 -94272138 -101230912 -89901488 47406246 49029629 72129944 -34404043 -24848902 15949569 
-94585692 54707215 80072427 -71924376 -18492710 -100807144 3529502 56898199 40754220 43121714 61159647 -95055265 -107118502 9889859 -51422911 45152965 38860672 -36330854 77682823 3026608 -18367579 89410679 -5039969 10278667 84124963 -53106925 92330009 -77208838 101006705 15179887 43740251 -41110518 84646805 4854757 -14549501 -36128137 -74705479 -40331617 -5707510 67058250 -101840978 -96717001 -10810595 -82846965 -105128623 -43090470 44290542 -79324069 -77030599 58504434 20791686 
21866086 -42646542 -58257680 106932425 98432387 -37550002 103795216 -55216569 62219539 13883636 -67678998 -72718537 -23016537 38193272 -71352777 -9249061 31743648 -53952896 23792364 -43008427 80082355 -15976376 36396710 -67606864 -77855894 90655714 27574681 5606692 51864051 93313563 -11693668 -41648577 580999 -71605788 37643699 90403024 -22292555 -89987601 85576512 -46653338 50230324 -98098723 -68517164 -46175823 13645145 -77959696 -36911536 75514065 29595921 -105283297 -72813986 
79783624 1847381 46681538 -61870532 94524849 -17142691 40185556 -63430240 -41397700 -9960734 26022993 -11864108 61841884 10797471 8056652 14199288 -100157972 -900032 58890518 93942991 -17631621 -60576170 -37615851 -95064387 -13341393 -33690125 -5776738 27606931 78607531 -39946105 -41408145 -86723229 -51193282 83233167 24004912 -64160904 -14157375 -95838348 -97462284 -43822774 -79359326 24693781 20456781 22070449 -78539523 47078565 -83870657 -18036529 44118324 -50399159 22151249 
-28597690 51557406 -92712494 -77891022 30653082 -54091688 -43711173 -96186391 28222341 54888223 -24419602 20795910 -94996671 95762257 -2793475 -76189329 -106624032 -32833979 85120491 -14201422 33661309 -102149763 -6338257 -64129017 -80398375 27221849 -8286125 81336892 16542046 -54936632 -60707136 -74823961 24257377 72315201 35013133 -16712964 44941840 -67963071 34302567 -97726748 -73700723 -4051836 69415750 32138068 -30426862 -3270998 -82100709 -105359665 -96250088 -48765167 31986280 
56430176 19308521 -61361986 78828446 51049995 29218333 92200465 66826535 23655764 -78011469 -94650775 53129398 93727290 -68234134 25378736 105491777 36706463 100474606 -92297681 -27775273 -102930554 76213142 42896343 63089369 -20638325 -4348506 99897384 27060368 59835969 89025274 89313638 -84936497 77036238 -91678997 88905121 -46983881 -57982139 46936291 -79454788 81766068 25545428 43447995 -47067329 64141813 -39830259 29476314 -68113325 40261364 10712348 333347 40973636 
-87819846 -65404024 26149875 98846891 23989345 -85358744 -47631610 -34838409 33962722 -39835513 -36326852 -25941526 -42261085 -34200311 -70562247 -22181712 -58752963 -64343193 40527965 -55696874 28543481 92900081 -85903327 57282854 12183191 55592418 -100171282 53048190 -58866404 -47574545 -7904839 -55705196 40932190 -54657478 -49144054 -35475823 -30681376 28549035 -66277275 36672323 62009575 71157247 -32592087 3352564 -29975071 -66980058 -25163200 -77011254 21171535 -102910618 66704956 
64910241 7875333 76003176 75907197 -58401136 -44056477 -95826309 -29725909 -76352774 63933549 77420938 39031202 -15513759 86965517 -25848203 34310992 -39397203 14801622 33155313 -7322014 -1161089 -86450902 13478106 38496728 59693034 -46103669 -92014949 85706126 -53059899 -72737175 -49063560 53574342 91394572 -91272291 -92126663 36135379 -24907046 -7404654 -52788581 51181089 31524124 -53006094 -4800153 -91928143 -57445875 104727853 -71542835 -52607602 9139281 79310946 -49541942 
38021571 103974915 -49713201 -8440035 -9853225 -34972016 70194343 -77488730 68831231 49934299 47136324 -65113386 80957559 15533078 -94899802 -47160283 -11408143 -46634625 33565222 -85559865 96308644 -97457133 70875871 84640558 -61363994 -67806000 70343333 45971266 14362913 80929580 92146247 -72587096 528286 -3393773 -77108828 -72016457 30898781 19107349 80639497 -89145857 78184867 -23324523 -16616940 23013783 -95729425 -104372189 46222708 87592029 43670350 76758489 -62337841 
33679591 -86914553 65172092 11650205 47184806 327083 -75420411 -75877273 -74926692 -1349995 13134266 -57833814 87974671 -3784465 -105638052 -24683507 -99723886 -29938621 96733787 22115937 57044299 59327976 -106230073 -87086648 -58649147 -89129223 53804868 -40550754 26989639 -76489059 9375337 -41171055 27471509 -82528361 -65810939 -92687276 -5488661 71024851 48647246 86641811 87379097 -16692036 191671 -70346926 30604827 83117159 9258351 16839960 35239552 11889573 74438819 
-68376714 -23193104 14328945 12569987 96019087 29809247 -101241324 41753397 84190072 2703527 73591072 -8118557 -23987660 -1787648 73159699 -74765198 14483694 -1078812 25583910 -50014744 -102409014 49931439 -70754131 -74623358 -78373695 68364624 94226597 -90816462 -104341242 -4562769 68932791 26449810 -16553031 969342 32090313 20625031 -70599080 -71028434 -38863261 17265134 54951979 -66390114 12655584 26418882 -4419485 10299119 -98944239 -77051098 30841608 76825722 87031270 
-48780830 -6023686 -50580732 -73489493 104442693 95761516 -98591623 42498201 89878398 95749404 52687292 80326258 -94613296 -64062302 69879445 102191003 -51568085 48215831 -81335153 57636612 23808971 6327616 -11647985 -90508777 -91519339 56452917 -29264362 80163614 3922221 -73480441 92821963 -102445503 -61947977 46475284 -59370441 66002649 -51711905 75551967 13367004 -70852535 76954723 7138814 -107066998 -104173279 96281849 -31366506 106198484 -9306504 90393193 -69009633 -17278224 
-82940687 -33494887 -26907169 -44483289 70227725 81315518 -50620174 -52051522 30392319 -17147031 28067566 -32975807 30799482 105146223 -108611 -27540575 -55142454 36047198 -31920364 -63431976 71624485 -18975042 14853050 53895160 91456569 -58727583 -20142397 25211645 64293552 -101427166 40038330 42976970 -102629765 49630211 70463872 30376721 -90608711 93189683 23552417 93643638 -27671287 45807878 99026186 79194229 14971019 15460894 75375022 -34112336 54049693 -4072102 53305972 
-21163141 -30680050 75442435 -2504926 59760628 97046428 86893315 85693218 -53937845 44035966 -17521564 -33563086 25459223 97054093 11700740 48711958 -62398242 -102213437 -103255873 -80689371 -8630271 53947400 62934970 12057058 -78643083 45249063 -104225069 -104607184 65484759 -79246832 -40780505 38857755 -55019776 70888538 -38181277 13704241 63049292 51521750 -89804649 12776832 -65685410 -76105701 11861485 78975596 -76615903 30077256 54067321 -79515552 -86880854 -86077439 34610384 
-16035997 -8743098 23483822 14073010 -37765535 -105916984 -41584200 46610337 -46459660 49467569 -97896441 -35230526 1316111 -50936221 71998463 24993885 35589176 51612519 57906671 29557701 85431355 -50487916 11116534 102227880 61484455 -13764132 -10820923 -90407959 -68163271 -106754660 -57795936 89280126 -43768899 77068434 76341076 -101096427 -23228941 -47085168 31918608 -66117256 20312424 67228837 41128878 36213487 97145298 -76184323 -16778563 -105423877 -9232677 96300722 -34203111 
61531830 26642856 23360973 99880312 -35756304 74025673 -69135209 -58709872 36012167 -33369954 -27354374 -69261806 13941578 32760649 -93732229 -44607053 95422407 89975924 -17707173 -80247139 -65972093 -35809263 67240250 -21817706 81906492 -38855492 76004802 55692287 -23104508 -50510886 -93718616 -8276423 -2223154 -4859907 -15274547 40388645 67239994 -66963305 -88996431 -83829035 -18126584 70567343 -104748476 107266534 -96854460 43748230 -54859025 -94588395 104274630 -93309197 16333833 
-47299252 -41303917 -2912769 -71183603 -60601110 -45028342 101538776 74302579 -57905673 77818698 77610260 -84055511 4372264 65945369 -50723080 -28532009 19882916 40660734 80845662 21426854 37032349 -2787122 -21451971 14165921 -33004537 -22967020 -22068909 -36238658 61902038 -70278441 26906774 -90336267 -107045703 -45886564 85259162 52760214 -98837150 -1271067 -52005220 3725164 -87091437 17792051 83005307 -14504945 -17853940 -79792454 6687073 -13868004 68220025 -65151652 -3303850 
436295 78953415 -85903788 90498151 -10232871 3592078 -24761542 71703419 -56350872 77818712 -105536642 67200271 -54093815 -39104453 83756623 80814981 -38300790 -26386241 79900143 -56704212 66863626 -30330038 20374675 71893245 96817535 63212858 82912470 92696273 -97046492 -104627584 -19242645 -60303411 -8306426 96560329 -101973966 -54165238 -45923127 -54662353 -84480138 20026852 13899169 99989598 -38219278 20002923 -19184827 70093181 21403126 -47158162 57866624 -7713690 -75144320 
84552953 30590020 -3597608 9747058 34165290 -23586988 -31118637 -7775950 -50713833 -46814771 -106169529 100958880 92832961 -31227631 -65730080 9589630 -17894757 75047254 36044170 63824647 -13457537 15894294 4275467 77950392 66065686 -47871493 39969902 -46201930 86925217 -15997429 -86300693 -50476190 -9306569 -57437 -13519402 -85978968 14639012 95903106 20855777 94170244 -48814854 82594769 -14017983 20638344 102660587 -62230523 98479685 77068037 -16067718 86976207 28880700 
11159097 55800253 53180162 74458335 33336298 -89763192 -49142125 -31564741 -90738677 79742903 43126263 40046283 59414175 71375453 26017433 72467773 -8130473 20559219 34846660 -15196171 -83669294 45315374 62268412 -74845990 -67542468 10946973 86484768 -102602480 53105636 82679669 -41256115 2062744 82745413 -106455240 -40398697 48573283 -81845443 -4719834 -62140668 -83570481 24875464 -41840211 -102137632 -14321511 -96270035 -46084921 -26669310 87897637 -33774744 69793574 21380682 
-38441244 46995310 24195537 -67321468 -84450967 -43707687 43771575 55522549 97721707 89541717 102339730 -31121496 95971127 33505197 100460034 36533570 55267864 7833913 -50885099 -84559088 -92608829 -23679001 74705484 -22866779 20198401 -99762666 -43091395 102918837 -19152619 47825430 91585381 66305383 -41938806 -98741340 -18484264 -58512975 47046088 68675216 88464284 61217705 104211132 -100323722 85853890 -75964020 -20491543 46256932 17575870 90473420 90842905 -19840197 68476489 
17073217 43566000 71640650 47026045 65207289 -59043042 101376670 1852918 20298900 -12833653 103250784 25261112 -93307549 37469761 -91497664 -57041916 -68682078 75300093 81145661 95422493 -83197907 -49420275 -23687323 72697222 -13107543 94287443 5546248 105479046 -69912927 -32510608 39041217 -49565882 70595316 94216717 -62660732 -64390494 -32381535 26053181 -93400569 11746095 54286313 13029961 95266981 105300564 40026058 -11485497 -68257528 86856386 12225608 -44601074 41190837 
5816681 102782995 15453479 -72244530 -82397883 -10541951 -61243444 99036425 26286638 -95263251 -100729553 -78859811 -4279903 -83263631 -78140498 -81289330 87194239 47477116 64733032 36466369 -46288977 -104202200 -61666711 29343650 -19405773 -79785272 15702282 76309619 90687283 55813439 -18264296 67286752 88221150 -79732101 39027300 -88656567 -11569174 -69924806 -63588164 -35373225 22062441 32323997 68621485 71547118 32985936 45461155 11900545 -62064494 31675068 47621547 -95390732 
-84251567 -73492124 -96340707 -91576573 47986741 98706321 62389770 -36911200 -28805709 27316215 52469361 63755840 -104821471 -20997198 3065154 -76999106 48927603 66591439 74246394 -45012953 -57790876 -79927452 71416395 97618522 88661175 87259057 15831088 42727449 54400847 -37504579 45817356 -45359116 40802132 -51408507 -102705532 74019064 -36230508 -8356218 59052468 13223347 93634674 80121740 -42130299 -96952338 34944128 79599306 -5131027 38838069 21519330 -21595906 -53393574 
-38018001 95429933 -78860403 -27908947 14063689 -50980457 -22494326 52785779 -852883 49506249 69445460 -66329921 22508396 10636657 84263877 70632252 82739666 62866554 -65234330 -24625428 5685715 -48065395 6539946 22817576 20643436 -58551669 -81227087 -64905773 53555747 21540033 -98263359 -72751316 46585672 -37074867 71218111 86390122 45837629 -39111302 50255703 105862727 -90907321 -17194937 -28371368 39021015 -77414716 -27019448 19718376 75502170 -90920835 -61110536 2904677 
36777546 69568111 -102369253 70790456 -17210729 -37497156 65585296 77693394 77099296 63989170 84894293 -37543977 42801350 104291433 -20094130 -4673190 -88817116 -76848137 75983463 82447957 13251026 75801856 -11254094 81570298 -61613257 90229306 77121949 -56768564 -54239810 74441215 -26871550 53495700 -95539895 -41565774 7195353 -6154335 -75806994 58303294 106789379 36310135 62369934 92336248 -95078474 -91833097 -34949674 79340079 36990776 -49836820 52877119 -50920223 70283537 
-75789741 -46748330 53653121 27010443 91093584 -59238536 10979137 105695745 13252992 -5554014 -48336386 -81789958 28384002 80079544 -86823475 -48615006 -87862404 -74754883 -60652591 44789522 98299567 -89605054 67291092 68753456 98992781 -21269097 31655261 68264395 74194831 37001828 102628903 96734361 46818195 15665913 92348604 73542400 14942654 77078438 1552476 77543185 33061217 -75217510 27849319 -18165403 -50463465 -2579964 87085236 -61711400 90391652 82119165 -89005066 
30691855 51823752 47204522 83580196 49435710 -24511748 -41861999 42116840 1710513 -72379538 -84037240 -81192329 -35713308 -36747140 6963907 77373639 54275072 106614501 53198 -69963296 46097799 52183273 19911444 -82651248 -75530888 -8115555 82977050 -47992881 -24274397 -100132463 -33014666 92755940 86187400 94579848 46013241 104393362 -88321913 94918028 -47657584 -33338654 -42673537 32101689 19923426 53882280 -10864888 -37393270 -56481715 -34597757 -77468670 -60018934 -46805240 
-84421942 -17144388 98265113 -46041327 27586498 63824355 9407990 36742944 62340326 47812312 -34440405 -77910128 -104973094 -61428703 97833048 -83209944 81022835 83109192 -41238838 -52657251 -35280294 -24207442 55549119 17152102 94849556 97868760 5067052 -55953234 97401515 -54995553 -21277744 -97743802 57353740 64676452 23058891 -21763279 78625365 100245840 83231623 -86824503 -98948549 85269707 -55194292 51062826 -29163468 81873532 30874702 84180712 28055692 -106270362 -80941468 
66203698 -28245735 92728830 105673488 -69395511 29241751 -92703804 -76018958 -72687956 89058970 -25671565 10782846 -61420004 -96306874 -318209 79186054 -66888390 -107143054 -65779170 -2710019 78022834 -23269488 -77844278 -25683301 19220147 49678760 75050756 -71313830 101651980 35480793 -56991343 -17959795 47725452 36406341 -27851672 -83817771 2608514 -11724962 -24497426 -82393976 -47793108 -4117316 49062671 73507632 -88986807 -41460130 -8475523 -81889652 15678987 99775606 -81384240 
-94897342 -49017793 67969224 -66817739 -39165727 -14070414 65374274 -60837063 -14009824 -92583073 -95172330 -3970086 -35353482 -30027842 2802690 63094551 9618973 -50375761 94676288 67360809 105505179 -57557454 63404466 -25376800 6042532 100958308 23316771 -77362245 47568478 35359956 -8910664 -35660223 21379549 89562882 -42470978 82377480 88396247 82685071 -80840364 5395453 -68287020 71043608 -102153776 -72205635 -101202402 -18709080 -15286002 37523236 17623055 -104633167 -53809504 
-50293719 14541064 -106766831 -96257837 4830936 21033370 -50863211 -77977753 102228655 851908 -53897455 -47084232 725007 -98572843 -4679122 86613378 -31147597 -101120742 77178339 -80583892 9739658 50848454 -95831895 14619506 -81093563 -101756230 16348352 -12295841 -27120659 -104446460 42576682 43594675 -25176163 24726031 -75968191 -41702279 -28445615 -64950980 12471699 64058691 74012671 -29473895 27611377 -79905932 71845259 75379964 81259239 -73972529 -73442467 -62608405 71289270 
100853507 97172975 -39637815 16464139 -96546006 55733596 83720779 -107256975 61738387 79401041 5696810 28706759 -7599344 -48340206 -91595995 -70771476 -5574066 57443749 -77044085 85047377 26994729 -31527480 -17949175 -59974499 -19655777 -44811834 -42207644 255558 97468335 -52392929 -42268473 87386840 22708685 -76189072 -5923905 60840296 -72923080 58861504 -36038447 -89769483 70881985 103111742 47957854 -33675856 -102268631 66672902 -71989749 -30718148 25392908 -50389948 3224484 
28655697 28465475 -96454571 72731229 -72274104 -37194426 -16853122 -81454772 -7010979 15168796 -39465235 56554307 -104768163 73618641 -9926190 80741991 -107151355 -26780983 39327607 -60116167 -31355649 -16782027 39497454 38662720 -61083374 36330441 82722099 13666782 22707127 -87599836 64575519 -19095236 40836426 24990248 -45055518 -42594379 -107028574 -34285696 -17311652 -809905 60508541 36792270 -94253118 -68721254 61416062 -3633332 -51736880 -75939646 -97399594 -27177655 -34708506 
100786763 4388918 61191613 90948107 -62679361 52609399 -28952409 -32838998 -77153517 -45772728 92345124 39420685 27321853 -29320910 -105349999 -70718979 -45395720 98403357 -55312298 56216399 -80991998 76906065 -6081485 90967509 -90520691 -82017037 99820214 45679626 41370752 -79724888 81205637 27071129 -28016599 -102115149 101157671 -92540728 -40565907 -95431295 52658267 106292785 -105594836 43734064 -27482472 -10986986 105425542 -77575656 -19111033 65464781 -11992412 33825231 82608049 
-102436147 -77163533 -38526695 -92387273 83303106 -94293277 -30557678 31514126 5056740 -3664000 -11846986 72034903 -1376417 57059307 47708287 -74784332 -65708470 -44960602 105830886 53322949 30643069 -73085685 -76056931 -7393449 102676725 9199181 -69651270 -95116683 -101359623 -25896301 -90859837 13180098 -17441985 -75029748 19779534 -68065999 -33389549 22890953 -88243826 -78740673 68374318 -26531546 46983633 -39129519 -51143595 -33642683 53817396 -90461072 13410726 84083230 -49086638 
102742958 10696981 -68215078 -54662070 1940830 62212768 -70222191 100302550 5465351 6182717 -75346183 -54540463 79861441 101058492 -103046098 -30028427 -16656314 102559117 -35375949 94936328 -92489793 100674663 -4365987 102001446 -33079281 91954367 45552518 -106894186 -12090088 103614608 -44502760 87110268 -24978707 63353179 -54270387 90103085 -96942389 46735993 -6246183 -28904416 91476606 -67513851 -37375263 -3665277 -1072135 44658677 -63234606 105579277 -82050379 -75235577 -42983018 
47273934 -34963169 31625351 5854193 45377947 6466312 -106462879 -11975622 89641571 87205303 37871520 -29745206 6499960 71198586 -12171838 58679428 59505208 9721881 -22166316 -8551689 88012349 78317911 56710583 36440159 9352892 20027583 -98716457 -52009697 92356214 -1712090 -8604773 15332885 77999877 55886808 25874907 67326781 -20368022 21341923 14173671 35866295 59673412 -104575963 -78547819 -97052210 -72401375 100184527 60733983 92328897 79834246 -17436803 -915204 
40974224 48412578 -14365818 98174665 24697212 -49449456 38514041 -14069923 -84769870 15007094 -103002568 16063046 -8276267 73545791 -62310297 -3099885 42698911 -104469592 -45690301 11560571 36865315 82887214 72518994 52988225 12625502 -70093744 -27930646 -82542256 13530383 60063490 -58978790 7386321 19804451 -59209300 96416163 58727299 -78212472 106962249 72608579 -79865222 84492835 -25570262 80029222 -59048822 105021230 -48257953 3607912 10718971 22175058 19748502 33492714 
101898697 -72220179 -8410853 107241533 -12257600 15050102 -66632261 32216239 -40999219 -78980168 -32189291 -1383803 -80131876 85393303 38893917 -5422874 92989416 -29451615 -102233446 86175572 36215519 -66638505 16810889 105594231 44497513 37466410 -700131 -39802880 24486590 106519850 83929502 -13701618 -17241559 -85774064 105418897 80241585 -102208389 77530337 78325371 -73620784 -62594506 33085151 43248339 37742322 62533203 -25379771 -40359370 30046243 80372657 -16267980 -61204520 
54518768 13723335 -7424849 39505806 42580941 74812187 52058111 11833746 41234081 58446407 -106154134 26094916 101812564 16964718 -33914215 -29501982 75897353 -72551351 74869908 65396010 24843933 -91329898 28754053 -83059932 96986609 76278526 13210986 -13887304 -33293921 7527006 105552311 36721146 89852092 16546334 -16911648 -47314122 -74778866 684420 62316462 59557916 22460103 -2085660 -64875254 -77491064 24838946 7277298 17012190 103810966 -96344750 105030298 -9453913 
-56250872 106875578 -98921220 -23057274 79289503 -99959066 31578597 -15771088 -91706681 -47341312 54636655 37707808 -42158395 65604683 94881332 -95277909 100940152 103554415 27245837 -68819155 101272621 -106172466 5491628 -106027324 -20505361 63420368 56613023 18958851 42423296 -1257950 -1876750 -72537144 -16090187 -64988082 -106436915 13758952 -31194079 76089743 -6513993 9639081 -40885626 -76477295 -21228638 -103815329 96655707 -84930107 102967390 27274172 -31250007 -24729561 -77308733 
90333538 -76869600 4859950 25376826 23120733 -34892900 65151773 -98392383 32444594 8564111 76380501 -98835873 43572903 39228952 72377944 100920537 -85550922 -41417124 44855379 60260767 -39302742 -103721459 100332090 48752608 -53296851 30980514 -100022955 102602318 103681145 -52301055 86608291 -53465446 22695595 8288107 -82331990 85056801 66300049 107046547 -28549791 49609761 86366967 -12424419 60354047 -26458564 34974897 19075117 -4246323 -578418 -67359484 89953869 24897831 
31398482 81799429 12982097 95253786 -84797343 36090297 37106995 21337052 102437612 -15796121 -45102109 69411223 15152656 -16153467 -98334287 4890803 -7337855 93372641 77544073 -42304341 75100065 47064699 31888042 22443701 84729857 2956824 -13726707 34186466 -63884902 -34380904 33502962 -104988595 66640287 -22804273 28596835 81609848 89231154 2000657 -34529451 58819808 -10300759 -47527539 90684964 61596612 -99761094 -17809350 -64324547 -53324180 82786356 2277707 -28077555 
-57357713 -92218879 -1995962 -21199621 -8002201 -23761161 -106199499 46521482 -13030616 -32841848 93239740 10824445 -63620334 34008574 -99033465 34515544 -49795780 -34825707 -92436282 -84463912 -85614682 -78765933 -51660636 -63790648 -62785813 -45445568 -61151734 -70076071 -22850320 -103787296 66368165 67112135 -65845812 43296625 86099354 -18104333 -59266104 -99045281 29692128 34263460 86654695 -86659825 -79932662 22166986 -39432095 -88127847 33580726 93945024 51593663 16306420 -37852987 
-73275632 11224310 66114998 -67071420 75991390 -35400492 14052129 -95808076 -46555317 92230216 -24976504 -62763871 -23097700 -44146593 53073098 34261509 -99969561 -62141660 -97663339 -98162921 1581900 -36109245 -89265065 25482494 -31385332 -67228113 13946632 -6187082 -62091749 -96414476 16772037 58251067 -100225078 69656015 -102856852 293026 -53610436 46983609 -18267886 13725428 -18239761 26839243 80400029 68343929 43351907 64439525 17420055 -60286051 -101661385 97704642 -74292127 
68495501 -65927847 -78756652 -96926230 -78175544 -15623748 -29011612 26758756 -85482261 -106859265 60248884 -38880782 11834176 85254985 26153127 19544677 107138685 59586453 57875784 80912584 -93919671 -86745432 -101965865 38258877 -69383487 -23673419 41783641 -41925381 78160950 -89891237 2756579 -75686159 7971273 -11020814 9049349 88535306 7079726 -54436094 -74996425 -55992788 24839753 -20244223 -53484561 -80305635 -32528482 30030045 -48675161 -37859099 8526203 -43109663 -7815431 
50494655 -28741114 -89125586 72474679 -3033216 -32404646 60030579 25817312 12978951 -94644854 -11323195 51570883 -51491946 43071187 -25979561 -47814898 50010037 -10781944 -86823226 -16474779 -97372654 33314379 91735048 -46330258 -79592110 79068455 -93786628 47583866 60425744 106972673 -41213667 -30032212 62875446 -98232216 87621590 -56257729 -59538838 93217832 -41889237 -22255837 -77990975 -7828181 -68708561 42037771 71837758 12659933 -3316537 -89181656 -91454427 -98058408 64393336 
84539461 80648394 38143551 103869721 13421477 -23139935 79101155 15510613 52390248 -97321087 72541208 -101095390 15448944 10923724 -60995587 -101125114 86739694 82106882 -24462074 38099608 100421759 -53677748 -38014479 -101763412 87936535 -16635168 -36357518 76072599 -13003875 52904447 834470 -12846966 -69252989 -87056450 35821877 -89650188 13201522 -95685247 -4460201 22745507 13923543 104263226 -41135004 50871660 -5980235 -97516606 -85759036 69893195 89328671 35097212 58488581 
-56491508 -101322015 -104112547 44684340 -63733756 106078711 106237252 -56844081 58848135 92337847 24114497 91160791 -61173220 24074199 85697226 -87844523 74433332 47414910 -55271711 -56415818 -65035103 64463694 -6572414 -84584515 -74287065 -68408183 -100325494 65593015 86438751 -9215277 69743121 46107194 99799441 -104807983 29291805 -68399727 -10573104 67479398 -49115765 32039503 -95508381 2559126 96471465 72470459 502392 15063881 42578291 -56458309 70256462 45438305 84343614 
-93003690 -45578829 74135288 -65317728 -78015282 34073943 -106167488 -60429926 100322284 11170328 -51685626 -32859922 -61259319 -39833287 40321997 508209 -35080031 37002324 95784141 11390747 77927784 -74795172 32189577 24125069 72810728 31406858 75052519 104207863 -106179720 -99877303 -62250784 100045525 73036051 6609102 18765404 47846798 70173404 92584624 103886575 78969662 -97671714 -40106198 -103724619 4695408 -10592145 107335055 -3567574 20271743 -13238878 -77317785 102912388 
9379388 -26234317 -77358009 57218977 20322155 88117890 76666444 95698686 -79294161 46284504 60241526 -49926399 -88703989 83104093 93438676 -80618010 -28917389 -34958254 -95499749 106779416 -5641659 32588783 -58284698 -61108689 -31900165 14982477 -56242873 26500257 -22876267 34126378 1930903 -101570546 -21359336 51045527 48666500 -35722868 -102805251 -33305101 -80105508 93147368 92836950 2483525 -2197825 71373053 -100864988 100669978 21252540 -101137538 -91480312 -38634328 85693598 
65745171 -44114377 -48381044 -83011719 -87079871 -54029301 -83589352 57916016 10476509 -91413739 -59191543 -40937621 -37834977 94609166 -79102112 -35903121 -53456990 -10670000 -76539520 -71479781 -45626338 65491927 25025247 -6450092 70385458 -30275751 -11783302 -74625792 77183475 -83000425 -59855266 62241016 68947516 -25353912 95923321 86823850 6270033 -58957277 44551629 46525218 92376760 38524416 42645028 28978044 35215622 -80068005 14291838 -21851858 62240089 -17755046 85090010 
-923824 21542247 35935915 41691269 -79744176 -60215762 83544057 -756011 941373 37011659 -68630083 -26925063 81397547 -17116618 20482728 27757590 -100707669 75967834 -89119518 -98196405 -88728050 50449184 13580105 43442058 74265494 60952243 -90170835 90376330 -53502159 49400135 99671373 97999134 86540991 50139909 63517249 -64086287 -79971910 -24565451 25987558 -1338142 -93790645 68839114 -7870850 -18613846 10669041 -25973172 44067087 30815989 62974875 19930801 -17786568 
-69991403 -32410928 -1684831 34256983 -16059732 -83885052 91359695 57004983 -49264632 68641086 -63326725 73560152 -75598619 67873505 -55267294 50243146 -63237806 -72376593 -13038961 80787870 -100966740 -11078422 41374597 48997658 -105658014 13513246 91768304 19691277 58298619 104826034 -46404562 -63704703 51983732 -95953252 -73351411 23763743 81155293 -86443033 52049633 42442926 -10830136 -57123375 31478087 49520909 -8889504 -87023106 -69676655 84583257 -9545030 -64494134 96429849 
38240748 45363689 -63276149 31152525 78564977 42267418 -45801789 -57453415 -52208446 72062040 -48053542 -89131676 -85622159 -80932827 -101864176 4229783 -75161975 61590827 58309048 63376795 43156971 81021493 -64623330 -106169802 -46213212 86710762 -15910457 -64589681 79957841 59478697 106688148 -71619107 78968202 -91549614 25271217 9109985 -94330014 95705742 -11189355 -43662836 40472195 -1795896 -87157317 -35665548 -48087412 71780305 -235569 72547483 -63040732 -67184095 -106379336 
2229531 -24565050 11999493 -73077386 8554391 9146801 -18226705 -76996398 22497289 42749851 -25677723 -53696792 -73103531 -59895459 -44255638 10087482 -14078857 -91652693 -85671374 51267504 -31730832 21348603 -96500087 -81282119 93702381 -64946484 -18767389 56503088 96968126 -106975348 -33376780 -6199301 -29098641 -4697458 -7520617 -12288760 91327828 -51638509 -59079864 100641967 -19517421 -23488162 -19916231 33116473 -9937882 -10522094 -26020391 75675546 -53036187 18889123 37462304 
-23071628 92203245 85345363 -92930670 8573863 61089634 33070483 -37912133 -43195936 51532113 -30575006 64260649 -44763629 63535764 -102221850 105028650 -52385592 32921456 -16211764 -48401420 56452434 -9752889 -105137330 -92788116 -25015140 105334520 -81364261 101765380 38977844 -31192503 -50805170 81318197 50510599 -40645573 -19817972 61990809 -63538737 -65854302 -1289064 -21912544 -90576431 55069724 24040519 -52826335 57820956 7908582 48462838 100990289 -62440515 54547112 -55183567 
-18333628 -84260148 99372031 65037914 75340077 12252272 10880481 28199857 -33613955 -71074433 -98816872 -107348199 -36018954 708552 -34152553 -83999907 14103261 52037859 -69542078 -62662399 -105625570 6475771 -11090441 45814416 -48664710 -99416987 92381611 -102795219 40619474 36847016 -42705988 -51149294 -62036323 -76444346 -45702002 80893858 72541929 -95092117 72512757 64457887 65463091 97083378 29802939 56883478 39627249 -23196108 -29067308 -91891849 -10668433 -100940041 36101661 
-47356736 -83375880 -21596387 70552187 -22984954 92133042 56199622 91784023 -26579600 82844773 19968687 -80657540 -26621243 -19997629 66871659 79376098 -4147700 52068191 47872812 -78873519 61690344 33479101 64916301 -19421904 96775809 -75844349 23468755 28031748 -82207884 28709109 36762829 101961204 24153092 95245012 -52692975 35664505 -52570279 19399745 -103368378 -68565212 -70622918 79748953 -70144247 -78413396 87343773 -61577190 -103797636 -89743118 69892042 -27632888 49934915 
92430200 23392159 17485912 -80502623 29164395 -50680886 23254052 47194899 -92554754 8466930 -96473422 -86347440 30871667 23331861 -86053394 32529085 43289136 86897875 102643972 -38122681 95926421 83649324 60259823 102793001 77244987 97159866 58046193 60140875 43299152 65558594 3753200 61889517 95563748 -27352922 106104517 -66245503 -79464989 -76256527 -59951059 76194839 -16433271 98463337 -44797231 -27355938 -3707988 -26951974 -46767346 106762558 -45723083 11596536 -40958143 
51949618 987944 -34716977 -56138394 -52416165 61879374 -18086141 92970586 -15122049 23950139 -33142157 -88394632 -58546611 1733998 -9713357 -91646857 24757711 72913074 37008730 69071618 64376585 -82513781 93815419 -14190137 -106408396 -83567046 86605777 -55036072 61678036 45396765 -42074976 -6299259 15966756 100400229 85393356 2790118 -26720849 -76096582 37260107 11073682 -58715187 -38911601 -83823595 -4484250 -47973169 56976805 -73660309 -60139345 -21938886 -40213917 23131294 
12742223 44024723 76930888 -76354669 -40764719 65149882 -41776602 47757372 44672991 102503530 -99606152 -41225467 76275948 45635468 -89202131 10643177 -68860332 54421851 -105200958 62455614 -2170861 -66382221 -45665617 14562243 -38437286 28392627 -8551013 52450469 18265317 -83926502 -64361311 16572638 76512855 104308463 101590793 20397192 86607062 78712432 102246121 -62686935 -19936395 18022063 91117925 78115803 -18545589 -104421776 -57585598 -83441486 40222407 75009749 -34731544 
-33758468 72802333 -64441561 34868847 39797870 -62214988 -37903478 52472510 -49432361 -95892797 -31407340 -46493213 10116560 -36766571 72716493 86032197 53943383 -31908091 7931131 -84328332 -98871851 -100327833 -27492145 -72334879 8898956 -23816151 -88442617 -32377913 -106150394 -54187804 -8522149 67344248 -1961412 -74500836 -90026618 -77738023 -29355237 81791652 -62236790 -66879588 -47883076 -32283399 82445075 -29364698 14433336 10906467 -22654364 85756483 83189260 -6706088 75256897 
37599746 -74278318 54723596 -60417385 51809592 -32475847 72233122 -62004801 -19086189 64112394 -14996818 -32580965 -17046185 -55128331 83153915 -20763365 87494002 25760958 -49279564 -42034211 -83986285 37112034 -65997012 57887252 -53921044 77676496 62563692 -19135015 68725703 -3016030 47133268 56917752 -24359494 103632727 3592596 -18300349 59865983 -63563968 11842222 -41597278 -86327058 80858640 -49867725 61068562 90061642 -63162591 76406652 -73923295 93421167 -5694127 -50132131 
-106291936 -85756318 -37344088 -69081476 103836023 84635048 49914 -47835427 74203485 7412701 81767465 -38481417 11465329 -32893629 52254979 1089619 24386676 53979822 -40355952 -98200116 87010384 -68484731 54310600 -48458616 -24717549 -56093603 -53842586 18174757 8009873 60144949 -30262645 83721344 -76289688 -23474752 -13212532 1190307 41963693 53756673 61555224 77580467 85269353 5895997 32760949 14314653 -48432001 -101126722 68604316 -59100753 -13652630 -81769983 74398258 
-28208447 50256003 66183196 93376641 -55720366 -12114318 -5079782 23353455 -46337716 103232386 77835288 22955173 13568116 -77330120 -9596858 -32863354 34788881 99258301 -64725774 965723 -101832149 44555784 -80353152 89748672 -25765259 97181234 -55286628 -71649400 7383046 -5864649 61891097 -106910673 -83132010 3928957 -47219437 -57917459 87772995 94029853 95964231 35363680 -12937691 -2246296 -101905660 -7878424 37231141 -79280909 31078481 -100966106 -22575119 -25195307 101855867 
41237704 -6115904 3685293 24843925 -99932160 22147345 32597173 67499995 28513141 -103573330 -11199852 -55510415 70456177 50648757 -62149905 -50546505 78185027 5572157 60462062 -103158565 -76376630 83603195 61955903 -3753876 36775572 -41584500 10884319 98944706 74761757 -78134999 -68328724 -52380391 71263136 -40897978 5124814 -12473461 95479370 89486990 -4543847 23239202 33607348 95526097 -65554298 -7589410 -6088403 -102167458 24246656 -67729583 -40225348 -53539974 41686175 
-46094940 54406064 80217397 -60581161 100513325 -28985804 92542280 31289137 -106038555 32644094 -2366469 -57110983 -28971425 78292533 -15289530 -26967391 -23602529 24295807 54227913 86208940 -53597913 -11495378 11848597 -53094953 45235853 22912868 14998689 -9677047 -23054013 28017409 5061854 2320353 -9073871 53515873 22767125 -54474307 98269141 -16353714 56099279 -16150284 -20489455 -43422395 9171527 102880419 -58162912 -15437316 -89169693 -57047163 31330131 -54693809 -106342050 
39816659 -39064342 -78285541 -12477044 -85460901 -28797377 -66488649 -14465417 -71164838 -68242002 28947798 -74753946 36691039 -85524548 31037127 -5719960 1010919 59909408 -89836940 -40794413 -47966503 -12050210 51810450 -4909332 -1026187 20128393 32982192 84767699 -23015626 -85679545 42556701 -97435248 1021350 -26530653 -104882227 -40998182 -14979534 -11202564 -62423432 -66145746 62948809 44616860 -99666006 81987235 -68031498 80221083 2582367 106946258 -55364633 100625561 -58123020 
-84258525 -94102508 -24137823 83713236 102002841 -36542028 -87634822 -46882576 -77228783 -30695647 -18020444 -80845019 36272049 98989770 98646964 1115820 -44945058 -59390034 49135149 -5389550 98171269 -50029343 -37131296 100563932 18318417 44665328 96553067 -87118305 106734227 -16642010 -49107818 43708492 -12962308 -29265727 2481578 -40752398 -81550491 -69239193 -66041851 -55354532 -89307480 -9109700 -97755241 87631302 93809741 39467650 -19291314 -89799463 -35956642 -87539834 -9170569 
-66128558 71916042 32199825 5868765 -24883406 -106327326 -57206684 -50479679 50226723 -55147733 -85554873 -3136613 -81788960 -52338630 -14847823 -74317074 -7232271 -43529582 7987247 -29239308 28543294 34379674 3523429 -12253814 83344938 77769303 -43811721 -16690030 -21806442 -71972484 96948159 100616125 44172592 -23666311 -97664768 11406985 -49257386 -82937708 52980645 -41608774 21887001 -68547840 87517712 1526042 15161461 92653845 -45098945 -20344019 1816349 15052530 -23403559 
-60687079 -48510436 74748485 -21706125 69623089 -93768771 -58655479 48769789 -93326017 -93346678 4459542 -29787748 -31313391 -22041717 47936467 -89544603 -9928175 -51830450 27217671 66927850 4490616 -97447402 -35363808 -10685671 105026587 -68174297 -80138589 -36345944 47957816 -21361352 23313806 43631151 24885583 -26503759 -63169983 -104240950 -77057999 -447463 -27961633 -52612030 74399063 -24491328 -75403250 -71942504 -73261192 -30806522 82178894 -67478359 -17818753 -66385925 -37201220 
-32180302 5963461 24229659 61873479 2889288 4547140 69960106 -13615728 64584618 -32776362 86035402 -40066079 52435045 -54204697 -79474125 -74283582 -17836112 45635900 -85578913 29615362 46187323 -91973632 -64545197 -47111023 16175374 17645464 -79771039 23512786 37538644 -12557857 46263766 45509204 -12257888 7951446 1985165 -42544257 71867289 -90503962 74560537 -14893561 19562684 51487033 -53487154 24760985 -85566565 -83716643 -27531187 60495514 -15853904 98884834 22313916 
-23306006 46631488 -86094476 82192788 -29352789 -42503571 46177562 -3620235 91560159 -63232269 -24917814 -98769019 -44851211 28003945 -35212898 -43609089 21356199 -87359102 37388328 105077762 -570546 -42391008 40771090 -24333295 50423195 -86267068 27455674 93810848 -78993357 33545474 20490438 -45258462 101365133 -98998482 -105417770 79717918 56467160 -87887927 -74161649 80198384 8225379 -60166273 48598952 40111893 74871349 -94825778 -43156666 -94196118 71046080 -77724368 -22708358 
91720580 39632494 -60182155 59870850 -101681108 23585232 83002959 -57870336 -84592607 72542114 100280287 1881313 -97657462 55611767 93664158 80006272 -105931208 -74897816 -95678720 81880050 -102283474 -92949451 -43366864 76741874 -41909157 20784047 -90206395 39306367 59018543 91874840 -100236877 -7427155 -74737510 91419289 95235719 36236866 -41301486 -71112730 -79326005 -85831059 55528255 29562395 66719689 100357259 -29992798 37836376 -70252565 72469541 -60412213 -93887776 -55678362 
-89302408 -51677164 -8671714 -50425432 58284063 93530735 -9161473 -62150806 -74941517 96885015 -28811257 3417983 -64286509 -5336698 -40478357 -91925322 85841380 -15410477 106011765 -82801706 38758696 -67506239 15810932 -47600170 -76920782 -24233283 89197789 2370407 -44047143 5076163 55278738 24447573 104183253 -15233293 -35438354 -89500163 -78743563 -92144158 -53599999 -29929310 -53836882 -15028505 -43745639 68409009 24168747 32560681 -17388849 31054408 -4022003 98766474 250360 
-69507975 96202152 16250697 -36721375 -92627747 4602743 -22824231 -81366508 -74226018 54528277 -48565335 72564942 -64688001 -88512545 86821930 -9663530 85344373 72786451 -79015571 -45891116 24082051 1792367 -77812658 -8398377 51211877 -50517358 95480591 -2284376 87678632 94241581 30928014 -66347378 -32972364 -13165393 100417065 -101907907 -62403687 48181863 41036288 91784688 -92354383 16515953 -44740538 -40400021 33516821 69349162 -36698509 83072257 -3126632 -71003527 54068353 
38014231 80247032 -49129665 48046994 -74293557 91026466 105561745 2290241 43425043 -79057221 29286870 28715010 101277093 -100504662 -78061824 95807485 -103921400 -19637779 44740798 82430274 50517566 49622319 -60245579 -79028741 -42836625 -45342075 34227644 21883744 64290374 84185794 16274825 55905911 -46517609 -82132003 -25794515 -2915899 5362273 78465781 64959445 -26290396 40773773 29370377 14321130 42257350 80267769 29421558 22369386 -94501693 87019618 64712376 98462859 
-552115 42645804 4916605 40268839 -70173110 -61939324 72792873 -2073001 34083043 12456400 -71416095 104076544 73044557 79639992 26881314 64881727 -102464542 -65045193 -99919156 -25984336 13713978 -27997910 68328461 49243876 -1797309 -14379825 -54897632 -67954471 13397012 64899890 -83133388 29876855 27132589 -54373664 38541937 -85607694 94229793 -55236577 17314413 91132465 -90947921 90137141 -88524122 -62021491 84871274 -54412354 -25809170 -17365072 -73254041 74856624 -6060789 
79090612 88151154 -97116666 -89230728 -77751450 -90848707 -58926172 -53501608 28051515 -82430730 -3395056 102734039 23895133 67700381 -105669250 52421611 -39884871 -98332768 -106890658 43656760 -85561866 33722324 4326726 -78201856 67505026 89800585 83216554 -62398062 79357697 27445198 10875888 -43049421 -94505490 -63566839 -12513479 -102552159 18815192 105121148 28983662 102326302 24305839 66200998 35543993 6855991 50694629 -78410831 106873081 40236305 48930723 42915442 -60061698 
89579814 101625873 55082858 -71707092 -104413992 -67761769 -55152797 -96538300 -10754664 -70157533 5822922 -73358110 -26371512 -93135750 83745126 50370983 -72089040 2013485 -74276829 -8307940 -13819775 -32132940 -94492301 76028645 4226944 21191934 65553505 102967753 -44054658 87994821 34385022 -25514679 -21083811 -46767059 -80320412 -25792203 -93680533 -69591799 105910932 -70580572 65179644 -90422193 -40853126 20125714 77984890 85956237 31577991 -1640809 65843997 -20213984 45210022 
78153927 14913751 74343577 32452110 -83914458 77327199 21682433 30506039 19529205 -54935804 96438358 -89104635 -59136597 -51188005 -65183419 66332064 -1009434 87866521 -53884278 -52424368 35337275 91680836 -6588046 -58831938 16243759 43151063 56662579 2719358 96807022 51822851 79986501 -21265459 -3494039 77480897 56461081 -31222642 -45391660 -67459631 114094 -53588598 -56674289 -2349500 -15868434 2534083 6302110 36156139 -48595995 34503650 -56486125 98594035 -50761645 
11789346 -106985038 61341811 90772367 -55836494 -63364511 3241437 -60037369 35863587 80488009 81150757 66384848 76114463 67030544 92544996 -69719800 -93581410 -49533790 69325265 31819338 -23976089 -58791613 -61579997 23485396 -98335086 -33664042 -19772363 -80547706 -1678732 -29195334 2252865 -58720127 9626314 -49066799 -79201009 67454004 94456725 -61804106 -91162404 -41363120 101138279 -95147263 -90810089 4847408 51857754 8224183 -69304812 -75265026 61781305 -635652 51053619 
-66143062 34462242 48033178 58027385 12538286 -50144629 -96884158 -81914525 105113418 -37933076 71177565 -31418680 71007498 -34419111 -54253020 -50447046 -17477148 -27424650 104273457 46601206 91703438 -101475530 64379420 -48405698 -31533848 35944435 50556876 14123341 -49800572 58117297 -30172747 42873774 27868712 74509362 -84433493 103497457 97848254 51089054 -24678578 100921172 -5421457 -38604516 -84871832 -10566019 2048575 64512932 -92756395 -12787667 -3027654 25610655 82713673 
-11517234 20720804 -95707177 -24738294 89416854 14782898 38462142 67794859 70130409 -42401527 64799914 -96019758 -72537214 -20684992 56692087 -84240721 -10233663 72208603 4557488 93227660 67290025 -86912919 79287436 81753222 -57333097 14303469 -17731137 37163344 31194929 -64382186 -86560297 -49806986 -83143029 -44899141 18559407 3521869 -68047980 10817578 -10481702 -98918644 14485440 -60885017 15031261 -67706292 88915198 58367086 -58774044 78534801 -15645886 -46835928 -42981729 
76643470 -88717254 107201806 -95467404 52419350 103286591 -52496335 -8927322 -68016648 83516188 -77004107 -1610259 -61518635 -103673006 -77205838 46025510 -70199303 -45596956 62308050 -19189832 -48091387 99865028 94692098 81416914 -58658981 -66840083 10893767 779468 -90811799 -47981810 57517906 -46730914 -24787403 13440568 88545510 60328389 -96937372 -45407064 71501219 37353399 -23826165 -40672406 52977220 92611530 50701152 -82988091 -10479473 -75721617 -26720005 -39632824 77020334 
44495468 -93714192 -5280565 5725613 -23676137 20574107 62788645 -9377883 -70129824 36970570 -98609761 46678171 53308025 48843322 52959078 -39536599 93849543 -83850374 -79869699 60789441 -81467067 -18159944 78711194 44496178 -68051368 -86663417 -3213584 -73612880 12359793 -69709602 -24364282 67716808 -79090101 -5364532 55643997 58978175 -91636977 105910235 55155845 42935604 -6173426 -5032475 -36223563 23986798 -40820269 62784665 45535578 2749511 3856633 -31757998 -104366431 
98082198 -34423228 -101560216 51691509 -16307872 98960440 -42019123 -102945853 -11519346 38225914 -21881969 -47356719 35645794 33760502 82321291 71180339 48222983 74136094 -69247940 65500457 105547307 -3964770 -25619679 45822572 54564783 103801459 -6929674 -18409168 -96777424 -91149652 97419464 32375632 56328245 -77678346 48226021 -86507746 -48865113 -90788068 -54359248 47088714 17315920 -3404703 39563453 -61253835 13188762 -98598223 84096301 17074627 -90353977 4230142 44078337 
-55648981 -22868212 39261123 27344789 -71884896 72322445 -18100167 82861718 32091269 91270504 78921739 36373845 61306988 51636421 74494233 -64232451 -5443338 89630985 12608567 55236389 77361335 25843609 -66255235 -40475408 46251016 -7073681 91356717 -90999401 91801379 -33697860 -2167289 3848214 46843311 60467273 -24822282 56529266 104791445 87135095 48048772 -59601996 29857140 -82957876 98785063 -99670320 107190657 57219123 2469898 -87401540 73616194 65271802 -57055590 
95945275 -849574 -84082598 -97300262 -107104648 -96743170 -97452887 3686904 23506752 -8417773 -86294708 -24903750 -58743027 105110486 48604758 -38208223 77325195 -82352548 -106505166 42050025 5149855 336696 35893939 13380511 34098945 -79469708 1107753 31648455 -93476194 8232472 100978305 103448656 59241429 -14432496 2545524 -79385708 73098821 -32888302 -94985844 49240407 65520122 69502985 103183030 71038337 16281679 60341312 -102423104 -71455756 -95504104 39405315 45150753 
-44673639 10600930 -68423598 -36855859 -84086971 39432892 -49527175 27157383 -30644381 75444045 -2046284 -96377597 -91612243 18857857 -38330989 -21935426 43180301 59178237 59228947 -40818860 -1522452 45588920 61491832 -102234540 80178389 49764787 30499522 67194256 16250762 47021719 -21623578 -23257918 -17626174 100344957 34628692 67722729 -71805011 -61851632 25913921 -22626846 15473902 -19317053 29686067 -54270870 -96107839 61034 102181452 53477267 16419450 -6553745 47554756 
103850452 5234364 75081947 -94060392 -80003150 91766160 -79148394 -64185983 -5833751 -12519448 -17656782 -35512831 21467739 -66904644 -23443078 -58321962 15790360 23542714 64178869 68153767 32939186 -45319285 28474847 40555970 14278463 4581516 83320907 74509123 -55557431 8452062 100958233 2135304 5792025 -60693654 -39223111 70863516 46200505 -69661541 69147236 71866178 -59212890 -68509845 -46378153 83903929 -61017372 59500811 -20205453 -103136230 -25428446 45481057 -41611946 
-21219013 -47175236 -4819703 -29554566 12582775 -44497956 53001517 -68601280 -37732687 70927779 15453548 69243262 35760465 23709561 -69172904 1598482 99244678 -24373734 -65768664 48874525 36924150 85147846 83722521 -6499259 33822187 -35283151 70769278 -54319379 -52015417 12058979 103237701 -67349352 -90387904 -94088219 -100367463 63743526 64888288 -44757442 18798136 -8772231 83978222 -42793585 106914104 33213443 -30570442 101850527 76942928 -29410857 -4798725 -47820346 -32230009 
32233965 -88165460 36770175 68475828 63932523 95896104 47517560 68464742 -40327352 15498402 -30238817 32658844 -75948901 36537510 -37186048 -35589036 -63663271 -88244541 -26715556 60312733 -52171774 89564625 86360777 -48065261 34958714 -90174957 22003151 -73623940 36686102 39129499 -102102714 90117006 98004604 51919058 36960111 -60135969 103426166 -21655313 -61196163 -31116040 -78622290 15687873 41048794 24767883 39132745 31589438 -2999111 39356904 -96556852 15511089 -54436376 
17022550 47162302 25255764 -103103105 44843425 31924997 98020782 10170390 57669397 105926652 -71644471 49702381 12576364 -104999799 498317 77384177 103567709 -10687500 -15836530 -42169656 49117523 -1131923 13095374 82197676 -43705620 27142158 76582244 -94215834 13394350 -46917451 -45430316 -96774996 82900154 -90605458 86055617 -46454309 82154523 -91462924 87237456 -85191454 -97119490 81606502 -104810424 -90488950 4560005 -102052910 50156774 97748392 57514687 7850971 -78867326 
-49269485 -32640583 -3485587 61036171 47520781 39883663 78025016 69633331 46883047 -9062556 -5481710 61564075 -4855197 90794703 20893356 -65387071 -3957760 38656487 50066023 -4028 -88060622 45134320 32129210 28860301 26323847 -61084835 101837578 -81119691 -81188653 50322094 -24210547 -90782214 104691859 32925698 16928534 -34195825 24281613 -19373080 56160125 18472040 7269686 99068661 78270543 101029925 -68611159 55594881 -93473543 -104723750 -95114405 24342433 -101003929 
88868567 39605080 -36896672 77466335 74930425 -78992963 -5350038 77293579 -76363903 106522951 -68921823 -4731592 -71713309 3441634 -36851499 -18460329 5434194 99271041 -90469225 61927315 -52662354 -52004977 -88593807 -94953511 -92418786 -58593500 44878133 84669942 -73154645 76573858 -103179171 -4566626 -16987230 63007206 -12861335 1273283 -61210861 -15446239 92147988 -52855495 93673401 16156439 -92972516 -67531479 47505869 -19338419 -60107447 -23511797 30694424 -93688577 15069453 
-76316251 -10908544 -35034897 99907102 9995648 33294280 -102371145 93957216 -53443407 -102808854 -28777876 -61374254 103212743 3590543 -55039538 44499650 38066542 94941100 96989936 25328998 5049350 20315138 63551589 -73850923 47957193 65633176 7857698 -61289890 1815810 50324598 -95904805 -75812161 47640540 93138988 -24668900 -73566387 80522476 -50291324 -32593197 54673255 47247660 71636602 -24824645 20846822 -88805770 3064043 -19741540 55255814 -72153226 29113938 32264627 
-38619283 105742738 -5845661 -93218835 -65610093 85916685 -30632857 -53081516 -58464045 24940232 63201142 51488800 35360363 57615866 -82703881 -27700909 104226769 -68578077 63628080 9628903 -96717513 8981151 -66486281 27238450 62445929 -89152470 58762007 -27921693 -50016645 -12263274 -105079718 -46590875 12091737 -102534985 -101083889 28753357 99325781 10751082 -76198325 -51341354 34911994 13747274 -66732997 100842512 -9931314 -84855823 23199909 91059322 10566721 -7168040 -75096054 
-10282464 6889804 -21970281 -51574515 101797310 19679652 -80795526 -19589386 -29042880 99956389 -20745523 -97529077 65427189 102558541 -1498959 -53020331 -89327466 32459121 -6275204 103814363 -38197206 104510903 -64014320 -12609009 -42843995 2547441 -58700115 -51543298 -21997038 41168598 26042765 -40113931 103466335 -16227095 -50987435 -99056482 -89784445 6125561 -103245317 59820265 75572636 105614204 -10395975 26774918 100386337 -50704921 4266777 -78250567 67283223 -92178339 23531064 
-11694574 44821648 -75609382 69189145 38402154 -74900264 -84487475 66457286 -77142912 73251086 -29109165 -13309478 -52398314 71683429 76026958 81176696 50193289 11194626 -91066618 5936820 -7159674 -31658558 -17089812 -93943066 -103773149 -56311923 -76829080 92214398 -22151076 107040073 -19474673 43449505 -49811167 -19976558 49583629 -30241665 104750212 49215752 -106391933 102779756 47928301 -47744346 31241722 26399744 -97131419 12529830 -93142117 -15094271 -52793635 -21729399 5936566 
67132336 -81610827 73207163 72798752 -106061252 94495846 -29014618 -93973989 59840009 -90251822 105190771 -37117384 -95959656 74606599 -81818406 -46248076 59255932 -101155805 47571857 -47594573 -50805419 -84615109 82222790 41047326 32514750 -4204658 25840972 99656774 -95414120 -94673879 -61566053 51926896 -83840388 -90331800 71043841 -62059126 92980587 -54592597 -2079919 85030571 -21957254 82289931 -42312706 -29674337 36791315 61155355 60644293 90252295 37065268 73839172 -33360135 
-35228284 -52738335 93567104 14776881 -24246405 -98672716 62572598 100467565 -18311962 -4188066 84151163 91169636 102847188 29036909 -96912145 103634935 -87377646 -32322967 -59653241 -74798831 -2331989 -107203416 -54969652 32976565 -67833807 9897117 102167679 -45996286 49914765 -29842116 55571963 -34351087 20719300 -69218177 -20142974 89452675 73993539 -94287166 -101626427 83937339 -84959369 103326033 46926090 28857984 -53425158 92011056 17752709 -98816656 -85674670 -1752155 -49154882 
-101647997 -88509491 -79716750 2204560 53310850 25168335 -104581031 18143301 -78058069 35166027 32017625 -58763655 74864524 52115863 37081425 -105231718 87435458 -4600044 103039536 87990190 -102529988 106445971 -90518763 70674429 72787377 93267364 -101117121 -102772493 -87826404 65503644 75958140 63684641 -16035094 29382321 67623546 83182451 72485760 -479532 -91691334 6179177 -13690727 62514199 14616452 43927767 14261500 -35022150 6705359 41783685 -71615888 -21147773 199365 
424630 -84958454 -18302028 -58052318 101146996 98255109 -26975154 55440131 -18399828 -10578430 71269613 -8731169 -36072742 73695003 -16452417 43737038 40299105 -73235121 74384949 -27625512 54440391 7155634 -21841083 -46031477 -105872090 86588485 -48586804 -51672775 50175177 67401450 60379352 79625477 66031245 -76134984 5906134 -39660238 29288879 24374675 -78797832 -52021903 2466025 -12437090 -46651263 -74468549 -7906155 85480033 4534222 -96416619 64693657 106354690 -102040477 
-28753474 57203473 -73167086 104623307 72014507 -50500685 -103069484 -5647248 -50319353 -56553368 -27550646 -79582104 51768279 43092264 80528073 69918118 51697866 -86152927 -27776594 51941070 -38742258 -51974042 106577778 -92190679 -37997479 -47557757 28963866 -40274036 -49675288 104010705 16917494 41771689 68468769 -69555224 -78206763 55413780 -22266988 -76611296 -61504826 44605428 104163229 -38511545 96209221 83910143 -20166308 33777680 -27361512 5777117 50403279 -5866312 -65145630 
80452335 89517325 -32575670 -3839026 -74680483 18414380 53826803 61747903 428495 -33999458 38363604 85327488 -33439951 33533316 72050536 95423638 -106902653 -54968240 -24585524 106416007 10579631 -92084818 32034114 -25099829 25705129 -3997286 -88792491 -44082528 -87061031 75580297 -67210530 -80903498 -9628137 -40211509 10253011 65756798 -13031861 88818341 -23655224 11088237 -161200 26918166 -13757210 -97493238 41087267 -43231972 60630838 -45348527 -56570911 58170208 52989194 
22306097 -39196363 -94177338 -11333910 66559805 -93801187 77704492 -81435579 -98970777 -97133491 -57316786 -7913799 104328337 45333392 -78165801 106424939 101049618 84573980 -96212296 70689534 -31999867 70800475 -39345919 -83209907 4059545 -85081778 37741847 77174349 -41614581 91355636 39732197 37651668 45256266 65581457 71967058 -31971390 -23189840 102494773 -31646639 44393914 -30288377 70775885 -28714744 17910344 51435383 -104311323 96815592 105997427 43083794 -80049002 66658132 
-86874810 32657155 88461377 46018298 -47725318 18568711 45661468 -98880722 65456202 63000021 57106437 26702027 -6722820 -84852778 104777335 82898727 -104519360 -86754967 83481798 -42495445 -7538327 76565910 -102036229 -29321497 -1927022 74957133 -37168222 -70738925 37546624 4254321 17710270 -54118495 -48709072 42649703 -47618793 -71764677 -29966066 -13154792 70330249 -4340065 -38432751 -95128434 89582196 21144029 -102021690 38671168 86927443 -70751150 55453645 -36891697 -34332495 
94893314 100477315 -84391793 84001709 -47258388 30680582 -7477399 102350993 -49000524 97455148 -35204085 19222652 27633902 -72752728 53182886 50917304 23075351 26791964 38628799 -10101719 -79989217 -2034662 48910532 104309556 252050 -58256728 39120085 773911 89199726 -10502307 52412260 101830798 57353652 59603473 -27259268 28906040 -5781667 42659107 39593789 -26245709 79888312 55079486 -13199755 86422188 4415333 -62634476 -40906974 -77886620 -8374941 76570488 78133480 
38356929 -16596906 73879424 7044829 -38771928 20480898 55829014 -68084271 -103478913 -39185452 -21212276 23791735 -74186640 -35995566 23240647 22937773 -5713555 20060582 -89735408 35117462 -38334630 -62381875 -15052431 33302436 -95197432 60401974 20148704 -89833492 -102181170 -46243783 58917410 -85226901 5364757 -39062223 14946283 -74117493 -23310364 27789163 21176982 -102787764 81148152 -85708785 -28808597 -26654812 42132434 -103990310 80294922 83801238 -41584063 -8548686 6721795 
-57134078 -45611130 40594214 41946551 97962169 -74930254 -2998497 2667173 -86411837 -48595917 40835801 -86822459 22508859 -77298129 -30554002 -66587127 -13185382 -63824260 -103731957 30558142 76174566 -52010408 90885313 -95243254 86839669 78400918 -103887424 36280114 -22159825 -55995397 -23481732 -48837650 26167397 -4631937 62945263 67739002 -4477830 -102299946 100316263 21987729 -18661141 12478167 -16326999 -82109284 -67055526 -42397366 -51212475 -68615443 83552393 -38585111 -12802788 
-35046071 -31663530 58040308 61632150 22828156 -90730501 -82203870 -21486863 19336302 39801249 28470481 6488476 -82486334 74916939 -20975313 19452117 -25285209 -55743311 37956574 79942625 105519657 44938284 -95009452 6335824 -15332976 38263592 -106394577 24717962 -50816242 -70691537 -13818104 -19197396 59795673 -59991237 -11721191 15060606 33282070 -84067194 -33872593 -40227030 -31505421 57823896 -2138833 -7654952 -72743877 -82979982 40498048 87068867 79733314 72512009 98853352 
59726856 -17592192 35150923 -80939150 45147371 -60293637 -15195656 44777879 -44673136 -6215323 6488246 -57814944 -13801362 42196470 39788166 -16290211 -28444318 33008155 85555860 -105315417 17271398 70127487 101154466 76654559 -43345565 41207926 85629685 -56409391 80322964 -90147434 -37694164 46867838 5167092 -23410354 -58331829 -49545981 -82286819 -12484210 22174753 79724934 -97247135 24066807 -45531336 8283968 7071605 29833306 93944198 -21112488 -96438014 -67264199 -44773510 
-66553478 82652905 2264108 56768963 -37786609 -15598530 -85085871 50995006 -103923622 -63769516 -8763541 -106377461 -74377519 82966735 2786339 87781787 -5421857 81950291 38477776 -90752798 -96668683 26058384 -45113895 -32870566 74386569 91746002 96005843 97741941 -92816622 3059568 71433113 4067976 68685720 2710163 -31388467 73706869 -8057336 8857347 -36258589 -5314793 95397455 10787027 16144224 49935590 62729899 12098500 17353117 11185977 21324621 56575503 21550040 
43743826 -90397118 39028462 84745456 -22717991 -38522384 58929564 -31416887 50103338 74101204 -3649828 -102886706 16328626 -70230575 -7531812 50131928 24535512 23185497 -97267759 73288900 -82446039 -37343920 95654329 -29347992 10380223 99327791 12241615 19483663 79820914 -69240941 -103215462 19491191 -3148532 -45167015 -37387211 29755086 -75585047 93117379 12304940 -98992854 66229420 52741531 2589624 -95051657 86842807 52507713 70497431 39460216 -65745974 -63510101 -7308027 
-56013423 -57882983 -62725789 75848090 -9193070 -68453334 -88524842 30606638 75668006 -4283734 42744306 -89353962 -53865099 70009976 15238081 -94200634 49205772 -38631282 30798597 74225049 -53828804 -25709225 -85469486 56021311 60636378 -13907897 11387388 79424392 88691488 105752232 98131675 45677629 -21802251 87985661 -49205296 97678732 -80275638 78032226 52732667 -29442738 -73400655 -62150186 -67699710 -67155068 11677849 -99524247 -70148278 26132419 -51140150 -104828664 -76525881 
-52671721 -104980996 57240056 78868228 50737505 26037134 -105862298 101689419 36237839 80729148 -92042871 -59796478 19088950 -96214090 19925323 -57603751 -50778120 39956733 81842123 39015372 1962156 50424100 -26488001 -47744704 -36612496 -91923624 -28053287 -2125844 56894042 -89346058 -2513489 66346545 -12205509 65560431 94862754 43394257 -84468966 -559775 -44444967 81325015 -41870392 8942010 -11679540 -15812664 39551356 99541638 -2492140 4440898 63284305 -40625999 69308323 
-48927224 95704948 61026467 106172853 105800927 -32524594 98825607 -6007989 -51806841 -7301453 36451048 94513847 55084232 -84210234 11126794 46595460 54081679 -26827341 47628269 17786103 -99893129 -57113369 23069872 25737444 19061427 -62868443 -85466428 -94660880 15559758 79513343 -74002345 37548296 -58915383 68424309 -60477757 -30843529 77881189 68852229 -11892156 52934808 -51574211 -52950814 -19439129 -101368353 16162314 104664130 77555460 89085551 -60908713 48412886 -96573136 
-58232895 -105059462 38015275 17997263 -46725776 -68449774 -75614174 2577798 91560335 -36664000 77322591 -44033652 28936370 61103575 62328003 -43997060 -56868400 -320987 67345499 -82414224 58068607 89556122 47435332 -1670708 98082535 -92715469 -68523347 -61850973 87163570 27403806 95943180 -32761952 74804396 53241925 8420907 -8740731 22884945 -1857950 28011175 -7115827 -8301616 60898789 35116361 71161720 89906350 17419180 96301315 15750242 31860681 -56140884 -22161730 
70901422 -52823604 -104488191 -34475339 -86289596 20004585 42525994 69787297 23686968 -44110448 -272071 79968654 31158794 -94818572 -101975180 -36200162 -69978011 79992485 97800802 37216362 -69137342 79719219 97217203 -9853701 79964718 56769230 82525699 54783524 -74428566 37702625 78553059 -102382503 107104492 71006092 9792529 -41853809 103458344 -13046165 68091462 -75557761 59279052 -106861643 61423955 -92262321 80672525 70687495 -14724444 64135646 -91018502 -83230972 30032577 
-15829371 52939040 100329890 972259 -85281484 5624889 -9896075 -95700676 -50839482 -98489245 -6322387 15893060 -102580835 -50796728 -84660040 92487151 41430696 -104206997 75042765 92499116 39672080 20643800 92142602 -60552726 64439249 -88541818 -21694313 -24060004 3314764 -1396015 80805640 -44980559 18364947 15093177 -103658875 -63116144 56396557 -106503262 105820950 52759384 -18436512 -87679790 87746829 78139011 11379028 -103822181 -13741801 -59442109 35497487 93945025 89771184 
-8174468 -79024814 22841165 -95035884 81857087 -31371543 -75380160 29002940 10088791 -56637879 65291195 76564312 -90436290 105136512 58359548 41524420 -23542308 79349760 58779220 -25132788 -49922565 77520014 -51077386 -183733 -15500899 106498199 -12425756 -75997168 79646413 -26678803 -85161897 -68581833 -76886317 -72785404 -28080364 -99725034 -14512510 107284018 77295112 3894933 78824070 -16092006 -20906910 27433831 86673113 -29514717 4363176 -69457286 -25245904 -30584967 -40748405 
68366114 -47256489 -8666989 -14528924 106084052 92951786 107283104 94349249 -35579530 -12508801 51640101 53737842 102822726 75859450 -46258420 -54274536 -30952339 -39489205 -61945764 12743146 36328075 7871843 -15864294 15557690 25467094 -49232167 -61400192 57407106 -102696333 -87285723 -22608830 96883461 15629523 102858492 65751585 75917772 73477287 -42548075 87709598 26868068 48253415 -20963300 -64126369 -60821904 86943858 -51940902 10985870 11979993 -8122509 -78286790 49111323 
37345928 89307405 -29394819 -31206597 -66677580 -90656231 -7735122 99828573 -99964037 18261420 52180373 90057626 -60127084 -59344207 66856973 -24317450 -105210863 -22407584 79077627 -102827822 -19605323 -80683765 3494625 71799786 -50656323 -106261686 -35550469 22069171 80311347 2495318 42673127 78060155 -50384789 60549953 12093164 1299833 -13520380 22103697 27686236 78114617 -86711011 25208318 3912829 -35769478 88595289 -97369911 105670550 24246866 89264667 102243602 -107152358 
8614749 80849786 -1929794 -70666089 -56803922 32045002 99614306 39696575 751608 -99053041 56239196 12714273 -68022438 -9503539 48947543 -2490471 -51984792 -5468791 -36446629 101800419 19441037 -71122387 -94643600 -87765536 -53272153 -100898790 41639340 47562528 55172501 12016351 -45689704 -10331733 41599650 -88467144 -15983324 -107245617 -78133709 25163371 -12360734 34306829 90005141 10946561 -103251814 28272860 65927337 91975640 70702045 -13113929 92938087 56538870 -52211340 
-81208179 -51409112 -90039455 10666860 -53768168 -57171567 -83379813 30928945 77134839 -38394171 -88386094 11356500 96348587 -54456126 -47908013 -32952877 -34729508 49232244 23529712 106176744 99646338 -87496729 -86913454 94346812 44719549 -52020518 -55257965 102483458 44654393 57134670 49307781 -26839275 -45763515 91655391 83593755 59823086 -85520290 -19071811 -6467268 -69578035 -20128071 -31973003 -18408892 -85462628 104766999 -80643048 67121722 -76611979 -99321206 40488863 72036260 
33287205 76466098 -64007674 -77282369 -100872977 66027940 -89677353 646960 36821761 -80634566 29690040 -99514562 -20753987 -71692942 -30333621 9974578 -20393463 -38368731 42067603 82436642 10199601 -25533319 23660768 21067661 65142724 -25832334 94508806 75906117 77487693 -614217 -10606120 -13422128 74070539 -52838901 -45245444 43544665 76241763 -7959135 71845692 -77067141 -40662594 100983981 68083678 -56272833 -24391080 -71059915 -23227002 -66231621 48645767 -66901940 -82130280 
-33493855 11149 48648623 -47786041 -17673242 55372277 -21543366 -4189697 14840324 -98845376 99736637 -67946720 22743692 -35587445 44251631 4156407 45943743 80172483 56263337 -30065248 39338099 -61040217 -55466371 85140709 -8028864 -87574062 68877338 70724266 -52595856 107211882 3069658 -89310887 -70501336 71810843 -21160400 -53571010 -79106254 5302164 -47386106 73504831 45039531 75143380 43967145 -86026192 7347492 17152740 61306454 -96839063 20564581 -62515886 -62601803 
-32774262 103851275 -60109731 -100875755 44770659 2952062 76504137 -63514814 -42255503 -1276901 -86923838 50860491 31529845 -99781091 42012467 -36381979 -1097748 -152010 37205515 -96593748 -39578803 38373426 87484148 106870692 11759101 69076165 -59607023 -20349172 21244550 9805581 -80462396 -79968221 -65033856 20216248 15555325 56878444 79071950 64583089 24421618 -90456775 105711643 -11076873 80108247 48898579 -100103242 83604847 46293888 -37510950 69301170 56569665 44513398 
-17481652 23683438 72686160 -17664637 49445247 -104496496 67155640 -48480357 25204923 -79888112 -65449070 41836318 -10021197 85590454 -30227960 -77001566 97829025 -41924642 -90520695 20446448 -80386951 -29019003 -50479041 71929230 -29224080 -60960071 -77248395 -9136534 -22383306 74256161 -4930423 -83659148 57212082 -22521213 -32173014 2991182 -94523228 66669006 -92351736 -51426824 -92795644 -5585870 34008107 69184585 99167117 -3644620 -96954659 -61742096 51943149 -396788 39529868 
-99231996 -18825861 55967659 -9961495 -68802178 4748887 14512853 -73340982 7008490 -55350483 104518452 -29064508 70880789 -86208043 -43220669 -88901143 106100345 47335527 58299758 -74047536 -38859471 -88194203 47436615 43085745 -25463210 61669000 -53861977 66331112 -11142473 -82331268 -17619046 15000705 -38275719 -19405861 -25118058 28665239 15425207 -93655135 43399173 44650228 32768470 -41885418 -69935971 6765106 94463720 104810289 64505515 30561344 67496790 -42372881 -39056928 
-91580952 -62695436 89370245 -25590504 -83297278 -11391614 233388 70314489 -14279059 104488041 -90211300 35447221 -34947563 13147067 -87761297 -13390239 -82710643 -81922057 -73508645 -29670965 99643427 69068753 -40453123 48609082 18482742 21298424 -29859078 61343412 35379779 37680696 84685525 -81990493 -18248992 75979674 -71085295 -59703631 85897636 -27656769 -94103746 -74604883 -65049975 -34342873 -30037334 1406148 -20897 -45864898 -6236348 -105482354 32360955 85790434 45969833 
61203109 105622093 -88829679 36922015 -24529155 5744083 72953059 2332603 -33913475 15725615 18593961 73583478 -45458554 44081977 -12510999 -58084292 21401015 -47467475 65190817 45904252 -42393621 87160729 88919416 -106985086 12697034 -81865756 -33587229 -48925068 73186869 38529532 67040122 51274112 106102260 -47443409 3829470 -2499813 -53716486 -75497159 -29236614 39432906 -89298171 -51447041 8485876 -17398511 102602973 97279022 -78576068 -26175445 -85080505 54706776 -104313880 
49543750 -25548839 -21638089 -23698475 63890534 -106856785 -10043287 -20767396 -84842566 18147803 59209501 -98332734 97539123 24212620 101336930 72293495 56295464 52270347 -53870636 90770949 -11097932 53616912 -36721025 -94038258 58472073 -106677798 -63472677 -80448391 -89143098 -43335089 105205866 -23936581 95058671 -33612198 -74826782 -34511711 -25358188 56890877 82580460 -18534381 -14490997 -86834259 88347740 30011176 96205825 55988290 -100954418 65069405 -58852858 71470009 58352794 
2820219 35430382 -67490676 99044104 -20809045 83228719 -49300196 -2159162 83623683 -77226963 11042261 -8427047 85655978 -69303145 -96759704 -101225815 -40870640 -55636709 -70637300 -65060888 -41355764 -43697997 -47375774 -85956215 -12483087 46550440 -8457388 70898310 -18435064 -54843024 -69654287 103090542 14356871 57002594 30356417 -39250942 66652417 -85350417 -3994796 60899466 -47032986 -57830413 49764765 -16840787 -66786440 -77343021 89165944 275263 39970623 -95658804 -81386519 
-58371586 -83400484 78708658 30127466 57999745 -72316963 -4137574 16464988 -31896417 93486224 -51389290 36508039 19992353 89313920 49781283 56818230 94940415 -67537936 76122653 44056678 84090301 74282938 -64893954 -102342561 107165195 97354495 29215632 95237402 38992295 67158133 -7990215 -64209294 -76205429 -61063632 10861360 22103920 -16110701 72574236 43763237 -83570678 -63943758 -23611360 -31129739 6307307 -41680680 28470058 -34212733 9202485 56027409 -63003072 73084583 
7171421 -92011842 -76286229 8907900 -28415455 52477481 20678826 -3838337 -106537021 43045213 -78732866 19144648 -69398752 100693161 -66044626 36195036 8554591 -33171307 64319500 103297593 -22009629 37644753 -76644222 -88191369 -88981241 -44533009 -47963257 21049560 20085118 14170316 10568402 -139865 -55925102 83779819 16260329 -5629363 14747418 38041358 -96595050 -84886019 82908992 -95577192 -60602667 29160884 -77972833 -72461522 -14552327 36903402 412689 16262249 -49395645 
-81967958 28236564 51720181 58475303 25447484 52671142 24649916 51562341 -23725517 -36268970 -41666148 -1407296 46006891 28098604 66955002 -71260682 -26587688 -33908010 71840730 -22754068 -69380928 60559430 60021364 -96823150 -15673075 37429705 -841387 85992953 48463450 -28210522 -31785910 -43148619 -44470683 -48746129 -1137280 8103011 -77737947 -14167149 55583904 -19697323 55534116 8345007 98606693 79956392 -105069223 -106477032 -99702020 -20695984 54265143 97326304 -61548380 
26444126 8815977 -100344691 31477895 7405613 -86779900 -97745615 15461233 89999737 -60890884 -12144880 3403431 -24435405 -12874227 7945878 -47315483 32327341 -45888605 -5078228 -63427075 -73380642 47510741 -56629172 17867875 83246241 50546437 45325099 16312354 -101509909 -25049660 26110939 -39750576 11259239 92036788 44675901 62288988 89730323 70429865 -65454486 16657687 -75917635 -70878014 -81870853 28912126 62766942 36021597 -30201629 -16112569 -81403243 -6753805 78407357 
32637710 73117973 -94438344 60549873 -14598544 -6701776 89376892 -24387835 70385460 103470440 -10008859 -40493958 67705446 5130443 14024402 -45349901 -63680159 -61155699 -39123023 63885425 44578295 86608069 -54041038 82664620 -56929823 29471207 -96728725 28138641 -91389710 80680591 -84835658 46712160 90178968 -2600930 -4850439 26046529 14567548 -61316503 -32268931 -66264650 99042469 72883006 106249573 67582954 -30301009 65898970 32383976 -77187586 99677786 -86561247 25947762 
69333351 106062490 97773520 -22781282 -14979020 101429529 50565531 68964225 -77620849 -55836252 -75675570 32169091 18470332 74960794 58696225 -61547337 -36085741 8846423 6535688 46244478 -47657931 -54113171 -61673039 69813393 16101537 83991768 42657755 -42202385 -68037582 38762846 74341831 44891090 8751991 8719063 -45654272 16717068 -19099251 58300806 15471342 -9427276 -64229974 -16435965 90292666 -63259460 25300664 76156678 -26060999 -85666439 62218612 -1075499 88079531 
80410950 101699616 -25851635 12154879 -66282731 89656879 74550780 -2422030 27066331 -42238784 68037025 14486885 3959801 -1928543 28494514 -100030999 -33108253 -31131370 53468121 48966364 -61327558 -34534095 -28885301 -79279681 77265176 5621849 53551197 30760321 -36358733 -34575021 35333378 48232496 -63412201 -105388230 31321986 723331 -93740646 -95493399 70912046 -48951097 95836177 -98088879 -75784578 58953925 -6750161 -21374053 -39144629 93982643 60170219 -89261344 -26664948 
-24404032 -33073951 12635582 -14955537 15217507 101296802 -18448715 -15049316 102505840 82566457 5704452 -31667409 80137814 -33034162 59290210 -48116284 76512740 -64855370 84690786 1330426 -11548012 41538813 -76942233 -12388636 -11085334 -73325030 -25216403 67374775 -80563862 39445560 79770329 78682453 76794181 -20520861 102418287 90811818 -99839414 51823465 -85432990 -50204566 58507178 -75881277 -84219855 -24322458 4792193 51475702 -48793419 25036824 -41370542 20857138 70243610 
14238128 9179381 -45405772 -89782092 -70012638 -55533763 -61980016 -102957363 40320761 90456565 -91458219 15688589 19541698 -52454413 5187500 43685362 -33082506 42450114 -69347090 58138063 94230988 619087 46427602 31457915 -60844110 -77711583 -101673611 -89112565 -89168186 -59392627 -101223169 -21583729 -12158222 -7875065 -18015752 79570043 -16039919 101757156 -54246597 -66255809 710330 -72285742 46035834 85735135 65555419 -21071566 41036845 -43888779 51354735 40103271 -95404705 
-3121660 27969106 -78445272 -28912 -7895883 -19200427 -25859530 -25325265 53717231 -34901946 4591373 -79394615 -18945944 -57501794 103479417 -86703470 -101226649 -25339298 16333087 -23222151 -88894812 98695002 100920727 90394148 59664139 -57025188 7660606 -96076836 80678931 104851575 38445731 85313332 52924366 53826015 -62940130 17469107 -44193809 -42773747 -97548563 -8361649 94039266 -40683233 -80209486 -76747290 -60216844 52665025 64591902 48469365 90321011 21535900 -71941836 
61944365 -71675391 -35859004 28085196 -6893329 -27150903 -58693874 631756 95938936 -33666627 101338150 85722570 70887192 64949748 -16212287 -84827078 -56460207 -32044427 64916954 -67619111 104654430 -7071773 43913562 6727728 21804397 6665321 -64565796 58248901 104088860 85126111 38074645 -79422072 52290605 -43512067 -62087473 -86294742 -53569631 -31521654 -10262386 91748260 -82578476 -40820139 97907636 53198879 44247733 -83334892 54589231 85202185 -59295070 -14819350 24649129 
-81378165 -79364004 79114709 -107140572 49397770 -75116064 98171528 79424475 -96748532 93629875 -59926374 -97622231 24032269 41121393 -61040 10710245 -72858323 -63110811 54701101 30432913 -3928086 33107509 -34758202 -84754355 -105023698 2432119 -24316809 28438486 -76147089 -12136190 66854751 -53127487 -36885579 74369840 5653932 11391574 -22892478 -102049359 61932878 -83400971 -42866945 -56575247 -19686263 50296624 -1104090 8719776 -33673451 85557100 196013 -26588597 55040580 
59513647 -15916290 -62892838 -80089219 -35711208 64006482 -21790822 92536722 14264056 -49696770 -13587330 84915788 76588321 -29314431 23103796 -63520322 -35702041 13786577 -82579392 -80505720 77866429 53477999 11347209 -8937547 10271557 -32530771 22043731 30875707 38544743 48231256 -50661331 -79503046 -80121641 89306014 -56889238 -9763139 27552043 38889734 105168840 -106554609 -49826528 -23680515 -4915172 -53461123 -77921552 56698038 29560099 -101246195 -49675144 -103700779 -12079739 
-3341607 69788106 -18819065 -45456115 59974054 -72677409 -1819777 -91165839 -70509160 -82160319 -5244173 -105232111 105923123 -46579556 -59233553 -2386293 -22354616 3970199 -11641661 -22726078 -63284500 89667927 -55005654 104300055 72965693 -16085027 89740727 19207946 -44301882 5295285 -67208450 88708235 45137915 -61397001 55347723 67257556 -42109067 -99696283 -42009198 94907875 -24830560 46734979 -61867996 -88468427 -911888 -92030881 100231423 58046986 96632516 61078123 -6826494 
58853999 78553192 -2875164 23170774 -18631644 33929644 97299152 -45306488 -101227561 55585959 2833544 -59413035 39472760 -62341149 98135002 -25151437 39623276 -82976147 13657944 65405091 -96402162 -53096932 -12357430 -90090271 14357041 35547062 -2984310 -26283931 19305785 -70169466 -39706445 -72172820 80869637 95839025 28694922 37827643 84967979 -54398092 -103346662 -49732707 -7715012 -71981958 -37568493 99715959 -77402265 94641605 -11556426 -80578498 -103921019 97707183 953322 
56195806 -102440 -75158308 13038345 85470330 53283715 62398306 45745616 92536835 10537248 -55424147 8295644 98139891 49133048 -63448987 77175225 -56691174 -60588644 37209144 -35752045 10163210 90844764 -14963982 74022076 -82290421 -64477761 9449549 31054895 102771695 20482536 98430573 -1942919 -17753328 -103760697 34372079 -4473444 23808354 17424908 21821224 31801721 50247355 36799454 42615477 -3856318 -72513678 -71373640 -84192483 -32857399 -30656373 72393713 31496805 
99149765 29925635 19595809 -52918141 -35219562 -96867702 -20295732 -9407989 -471158 17038355 70683526 -45628252 -16460850 -72264095 37515862 -94888499 -6830442 92696742 91384992 69679790 -5651641 -86459790 -101320017 91018950 -104803017 104938473 1232338 79428389 -14106719 -16935203 50606665 -19547124 62914430 -71797940 -105941452 -77683800 30579926 -60343573 -90728273 98275376 -96821152 90302780 99942686 22236370 -35206035 33959913 -35782655 38342842 -148514 -36911609 55146827 
-16269628 30659051 50449479 -24608904 -89812222 -10566226 -41916208 -69782558 -80932627 20460692 -2518407 84731364 58963615 41533059 84859760 57133116 -71316997 -86230123 101396002 -8913799 88825291 44180285 -67653233 -96271221 -70269387 30578295 50544420 -13366363 93521129 41775507 -12057054 85985208 -50537050 77167899 -28512037 66913196 85175665 -55615764 24340462 -25624642 11101533 -102753406 61783924 -35955634 -84554284 -56168219 78407995 -29824477 96023325 -55259307 -64872296 
-98645365 49563323 78048496 -71958085 -43085761 4927850 -27643709 -4822009 52951304 1713314 9112060 -70906566 -58119856 33981930 90678969 -8491210 -69730972 -19840233 103881933 93727961 88883656 87039178 -85231185 20624956 26612355 -63998502 25053232 -74537838 4595081 -64708579 -86636096 6406460 -64717485 -85274048 -81801443 -77871398 93481956 56543306 -95623416 -64556393 -34236024 -71628875 104779372 -22940071 11829868 -21659950 85655204 -54694007 29796225 -56247886 74885243 
59621114 23606722 -100553043 -96218823 -32621497 60840523 -94519342 -49648890 72807338 -60490354 -3769580 -68112106 51751694 66051383 -27658414 -24582050 69680696 5842462 95997449 69712398 31289617 -11861857 -107365330 59551888 -27200442 1130840 -51133477 40464405 1258727 99681350 -26495286 107020049 -100681946 -105661934 50746219 -62266942 37523482 -10846150 50235521 37600435 -20199587 104935850 -88612155 -91345954 46007582 -1987987 -88245455 3768285 64830352 -102878145 54774615 
12024045 81108646 8221608 -31082901 46942201 -50316969 88872518 100167487 -102888598 -12192526 -71751259 -6651495 -69577244 -37835261 -94370 59097325 21572041 -5198619 -74663790 -45600706 -38830079 32547395 93860947 21495076 -87711986 -103228303 -84364298 49290128 -7009293 -11994351 98285756 -74199646 -60063281 36873789 -88860488 94370995 -53589281 -22350520 6126852 -40639386 -24271883 2759920 11813867 -53949470 -22999844 -18204705 -70359339 -98624703 -87428509 -17495189 -72143857 
71630490 -71335707 85548769 157839 -48902288 74223372 78048571 -76173880 35069374 37881271 -14506215 -62364283 27311604 -101808809 -6015629 -99341057 -11171772 23364071 -14146680 -76727130 27229688 -65198275 85620642 -10607324 24622441 -63415847 41955690 -40419108 -57813263 84290209 5187092 8868738 50951846 -96331828 78679558 58242667 -99720767 62255347 86844171 -22020834 34602529 28680745 77130053 62852721 -12668132 -67235059 -10971451 81391098 78801506 -97705116 56703942 
-64181354 104799030 -45009499 66364196 -1104619 -85219522 -105146296 -37913716 -40458547 -5339981 50436411 -99306957 -90339144 85093185 97928563 78182321 -92379034 20838917 -82029978 -80231030 51448813 23713693 -39892229 4716469 78735912 9665789 -30125730 -15977316 83701418 -37985294 39391523 56763347 -8739989 -91158605 -73965356 36400826 -92766065 52837099 53293914 -43151720 -46383689 -7841794 -79559274 84369042 75914666 -101442546 -93039881 -87164711 -45513311 -45264 102165934 
-93836775 90365459 -48669274 82780006 89431388 -30434094 100344309 48530652 51068085 -50181263 -14232413 -29656940 13278700 58079525 -7799000 -70810088 -73219150 -81061396 -66134284 80875863 5280660 11636093 -24411587 18812548 60991935 92370571 43455129 -44667 -96320985 51612423 -82274254 -18984284 78207562 -39698855 -4685857 -89563946 58478320 -91926776 -77051645 75204252 100951572 83444188 70712566 -99355112 30242492 14444299 14848085 -84790731 -66889772 14559276 -6225905 
57834249 -9236697 -79690124 28815572 7421140 101325681 55280798 85894443 -42275872 69640946 -68937961 83891337 -69292670 59498125 19918642 -70590530 70612664 71043974 -83627660 -31253137 -17135838 -83453442 -79903606 -1093603 -56591546 22675100 -26673682 8807791 94413531 -7331075 -14296613 -18996337 -16033996 80598202 -34516922 93187398 -37768275 104621947 97873480 -63917480 -56789582 87012458 61617826 -96322563 -11503031 -9099477 -22194959 105264728 -37086560 97208947 104511721 
-61444281 -40252259 -97547565 -77254974 -94929928 7859922 -103148099 12027457 -31851113 73511807 102468837 27568233 -93170081 4474530 64482339 -61550930 17669676 -10870843 37862701 -63716216 -78149089 -3888394 40949829 -50852580 -94551068 99915989 -81085367 50642613 9642073 -93053473 36662191 71973960 13679023 -75646685 -71883150 36115574 41354630 84267085 20428361 39240187 103550579 94461093 46358621 44974820 83531114 -22220342 18602878 -86286931 -45992156 -56442458 -47808308 
27202631 -58136038 93676555 83261596 57381154 97784100 49034634 37954624 -8837126 -53455357 84005623 58270617 -31570240 47907046 -48843141 105964504 31966802 64230435 68324649 65828845 -75094719 -24146240 -93317333 26474063 -65962040 25296242 48036658 105005099 54249220 85613036 -1419159 1847163 36820881 -8342925 -29454858 -35365335 9456893 74447609 5970189 -25758008 57558116 -76462817 -9319378 -67174455 84010475 6711324 1939055 -61614870 73349746 -4372385 84004124 
56534612 79199357 19206595 79917956 35812660 26764648 63141032 -12658802 91324630 104247388 68872813 -25149512 -98116354 50646801 -73306836 13375102 -3068393 -3190796 21173672 90072751 -22023871 38655619 79863061 -62807737 -5942768 -24440414 -102491471 -59872011 24080886 73169540 45668401 79576171 -15961945 68199915 72621714 -21242085 -72468442 91763911 -53911910 -54447233 -95830604 102945406 -50187882 88445734 25501130 84351429 -5708152 -20057855 -65197799 40305644 6059172 
-41708071 31007872 89392944 15417230 -8249864 -70540792 40849823 82743143 -90218870 19813193 -44434675 -72745841 24288981 43768146 45136349 6211689 -92017038 56582878 -74001114 14428890 54460945 34658863 10440088 -85726308 12684413 101391143 7578930 105675863 -3922374 95784422 -45106794 -4895362 12890165 -92793913 16142817 1419897 50257285 -86619809 -57275161 77837126 104152566 -23176956 51034341 67487612 14752577 69257131 27196120 45025837 -42371668 102293404 -56055455 
24904868 8781621 80316477 69230513 37651085 -75458420 -105699830 10631054 60693145 99491182 102274993 -94342632 40277191 -94937291 -83953467 14762316 -20236265 105500894 32149062 -97371902 107139355 58565068 480559 -45428885 -1535823 -6540719 -41377613 -27231453 65978703 -102195699 42154923 21285104 7483239 -63441601 -38749906 -16827939 -43141485 94552908 -40654723 -25062051 60594641 -5695527 27208664 21123838 4506855 -18896582 51776411 6789655 -45978235 -60564825 -103141695 
101275586 323756 103621679 20652682 102793408 30566339 64540007 52096708 -1251189 74398758 105903576 -74495515 -65831412 16782360 -4665435 -62392184 77807185 58183024 -69444377 -4578197 15622332 81767964 61174592 149035 -51343297 -98216327 102832125 -59647543 -13172976 -103401756 -105151849 18558230 -5619004 10700496 -88449350 8141605 89115258 45207911 -38029370 59508946 -9755710 2549181 -1639933 -3849725 75344816 -62285892 -69990485 -61154490 38032032 81859850 -90538830 
102709444 -72306579 94337351 -67913117 58419456 -53101295 17748448 62557837 -75154858 -45208352 -57128775 37655886 13563206 -19546001 -69455962 26253188 -46621166 99851527 -16698890 62063362 74475768 -32351031 -94126307 25886267 104285105 90747462 -80040776 -58135729 61052861 -79561579 -71839536 -64985349 -24139417 13720484 -79445927 65928310 -96029411 -60254263 73415769 46265101 -42777390 79308270 74084086 77532152 -85534108 39237171 41169896 -63392661 -1539352 -64604903 83215355 
-9963443 -97956030 89352429 56320074 -43751039 -27103992 -29360419 43583909 -24418177 22876936 83937405 -56666711 -61798021 94739748 75403470 -24942349 -66816357 -98566618 27237977 97553825 -24442773 90722418 -13621613 -35452044 31560072 82674281 -3738076 -97098197 99362458 65402996 -96167716 -62867289 -68272862 -90344082 -63482165 -65273484 17679917 -65417103 40002666 -16323525 3364641 31688916 9792992 -11641553 80173655 87648641 -420936 -42558928 63883320 -47088137 88891346 
-29342913 79058505 43116428 -86110609 -43286286 12814232 81590817 1195278 30745374 -85323412 -63058886 54688432 15048202 -101919859 1874803 -45407446 -106260440 20705939 -78026986 -39988486 9040198 -49714116 40604105 42375276 48027628 -91594269 -9893171 2713447 9860172 103161314 -38291442 90451381 81765860 15607067 95169869 -24595519 90649620 -89682138 -47848586 -54105222 -106227424 26662965 81207668 -83232536 101152886 107188568 -31963206 101607745 -19808302 35742687 -12931850 
-67760697 -33781687 -87322430 -87508309 40110256 85357876 47191248 13980291 28324290 15295748 -80484715 65313468 -52040096 24894125 53176658 102656287 88263059 97492874 99180537 37147993 48178036 -71489650 4051555 5416005 -74589816 103711400 -33193240 -26797797 -40889874 101290111 -71943199 -524128 -67074666 21538017 -6669923 -17885029 39493895 15124484 -75818185 53760684 -39777633 65233261 -93033893 87092747 91913486 31352270 98893882 -66692997 100851598 -103056610 60655863 
63247 -101812316 -84371207 -90568064 -56401317 21720572 -80002331 58291638 -62933817 -17922204 -4795673 88587486 -80529797 41049338 90628871 56891034 105582422 -41645581 66157739 -22979547 -45255333 32646254 69861748 28668597 -8984243 10680733 -12636117 67550771 70737484 66813936 106362079 -73903146 83881319 12632714 57531987 87970238 3782357 46536979 49541431 -25597666 20892473 -98185077 70107626 34920110 41366392 -67955561 -106304583 7339111 27374490 -15786180 -90429449 
-67691369 70884259 -31594956 -7365609 95971195 -45384314 -55830633 47278606 -13097 90471930 101519096 77954036 18510519 -65703472 2565291 69730977 -56167034 -7320686 100938689 7078115 -53668485 88159373 -6538709 43635035 -6465006 -62023537 52888937 -19123117 -67537339 43053363 40685127 50902510 59955045 105686145 -72270744 -22117866 35692157 -62037320 -13453711 49464772 -65859241 -42719110 31442114 -99836867 29399465 -23540879 13228338 45541272 65980520 95760592 -60496469 
-93110560 -51854746 -55976113 89706844 96147504 65298688 -5085387 -26338727 -31551850 89302393 -64185046 12586744 21415528 -39274158 53929951 76061658 -14055777 15420392 -23771780 46065024 18859152 94610636 -11261837 3503549 -48079635 -13662306 -70467865 89608007 71898750 26300562 45997215 -10713387 -32930925 88736432 -34049629 74273926 -67849058 51169493 -98869083 -51558080 90349930 -13575703 -30122740 16948895 -17362676 73703000 24738665 74515959 28341134 11880242 -2517065 
74914629 -79554412 -23943056 78557974 2649518 -98534688 -12474444 -4993069 -106162515 -62200169 -4785689 -19354348 -1534294 76118741 -98265900 34879742 69866998 -44128328 -96127729 66190584 105266274 18908437 19609928 51839035 96582733 -102048047 -42706876 -56887605 56646270 -45532243 -28518864 -71561228 104864534 26816926 86177575 -9498998 68180603 -65113531 53247556 -86338273 -13701159 9032877 -79952845 64991502 -75477368 101366991 -15741027 1610481 72843083 -83851397 -30632897 
33456111 92213415 52309723 -28160194 30078796 -69410208 -2806521 40538424 68514571 104976595 -56994313 -17697864 18297182 -88987499 20167899 -25907835 100903837 -65313210 107265244 22937020 69487050 -22114260 106510378 13235048 94422858 100653584 99079031 28961466 99127291 -55538549 14458525 -101926789 29090877 -93758546 59585566 96227443 98124832 -93432317 40321204 -78679357 18344005 9617330 -81039516 54406473 25491309 54019356 -86806139 93998971 58538124 -46748049 -107214685 
94791336 694081 -91690948 -93416491 22964984 -51551691 46816462 92789709 -71429738 -44906873 -25923697 18841868 28279680 -27300372 64482218 -25886407 -66946419 92156289 59618984 12841377 -49680986 88859479 -71013809 -18401885 -14893550 -54828758 -70004388 -78205442 83355577 -84296272 90991303 -99388546 48443690 24918026 81976045 -53933303 80319854 9045667 91184629 -68435717 -81102164 -86244951 34648689 -51947006 -38080117 -98393061 -100152252 77358527 9180472 -55939007 -16543294 
63611707 87437637 -98167476 -77328716 40230360 -39766997 -100951868 9495881 -98750796 -70661425 71657713 -80508450 70211734 63683369 -99194486 17977041 12307467 33875240 92652255 5011279 -65151433 -69741522 76689054 -100513952 36644633 88459890 24801057 -56987997 -50943342 73148808 -101957875 78881473 -71616970 69705797 -33694681 -97018988 10554953 -30735629 66479666 -71257949 -104259286 53653659 -80469535 106872197 75669184 -106442719 -95154547 18112834 1211170 -24380779 -85908830 
64409609 29294898 -15359590 8769614 -46670978 -77895017 46337073 27665641 96943533 -3876753 47003244 68636657 49013335 1508213 -2047827 76371135 97339297 -10346052 41571738 -88417115 -96652184 76074751 -25478261 -83403814 28341310 -74291466 -103253909 -90798073 -91327819 64242906 -96273268 50191936 -59135236 -45053638 -87075391 15083553 -86990689 55689639 21025136 -2265597 68457233 -89619975 -54976916 77478809 36799848 -59287984 -49239137 63436562 -14162252 -95674841 66489229 
-20840052 106259672 -74833156 -5900600 40057336 92499728 -10726841 86200512 -8307800 -22026910 88198242 30532784 -28620722 97583015 -88684591 -52838630 1202955 -106117515 -57565853 86181990 -25403237 100575382 -7121736 10469545 92455123 49147708 80445788 -9569181 -68458017 25464797 13687394 73686014 -64439802 54288548 16192346 42795016 67611692 12389115 -45496618 -52043190 1219968 -52097236 77359595 55347736 70226440 88903247 -70874563 79149443 -98540496 -45135312 78170140 
20855574 11367044 -57511694 -20075115 -82144398 -93943503 82191822 -69630372 -106542907 59168139 -4333656 -76242487 -13608352 -50840873 -53872603 93375201 -31708459 -54647774 79199664 -31636151 34786000 67352978 105359318 -42426483 -48261975 -61553426 92500180 -51185458 37409048 -54701431 53879561 3693829 51451321 97986816 -95229104 -61858788 81950428 20391694 -39232058 -63890590 59482548 12027424 -86568825 6466718 49354530 -25414051 61521494 56279833 77666344 78860988 -22411797 
43480944 96623374 48462704 47400908 24093694 43955464 -96581346 -81799277 -98582472 -91925157 -54727817 50281964 -7759411 43964105 31900813 -27354126 -12025726 -57613070 48390542 28724043 6632901 -76222296 25822223 -39639403 2292065 57856330 25117649 10487386 103161765 -90374811 25648222 46579511 83234626 50393036 31577708 11285535 -3705172 74838588 15637871 -35081439 -56852542 91965416 -20949602 51502927 -83760040 16523648 -11193193 25899344 107371524 -105191573 -20112182 
-58298469 -104318530 79977110 61376506 -33180513 -71524287 82585084 47852848 76169886 73334688 106929162 57380665 78685644 43157758 -105552536 97870440 63270363 103316057 56972668 -90396706 106901837 27120426 102242442 -25941474 22237008 34258000 -17247207 11997615 -35834958 -58744800 29490261 76098826 -8017928 48192343 -105434113 30744795 44991347 69273029 30635605 -50131878 17162473 -106250165 66599749 -18296725 49990748 82384115 21072314 -79887115 -60804919 -101036666 -28248233 
-18428442 -9165990 22326780 49727981 20738214 48935053 -357923 -64234715 -35692727 59910485 -45311175 89375648 -9879551 -12947243 -91218595 -39542396 22581988 -97858527 87961433 -91688490 75383437 -33505434 5192205 -25681642 19752574 -10069063 -78985081 -98538249 -9120632 -25549789 55781924 -47355979 49001399 48659497 105400712 78707487 97758156 -10067627 26789094 106591222 50860890 -80310203 35009420 68814298 -96003699 78042103 -78661307 -47911500 438208 40213299 18683865 
44879049 -10295670 20657656 100143442 74505607 35366679 -81595773 11254135 -15618578 600135 -58027284 -30326222 13842082 -52634941 106093814 26604818 -103515525 -78961347 -84780904 19005612 94648723 69978779 70738194 -106021542 -85485326 18536990 29462747 -106747301 22774063 -32494059 -70197243 47737542 14672976 -103832950 -97646574 76969828 -16642302 -30936279 4546188 84063855 -45508193 17666117 -38513592 26258528 74028515 68374937 -75439216 -4035508 -40789565 1568799 59157697 
-76269198 -81842494 96484828 -72723523 -45780530 -89874577 95473957 88344333 -14326145 -27528236 -88065899 107160457 -64479969 56222693 99712118 -37633346 62437661 18407333 -59940413 61726802 -2939162 -63131676 -10360034 -15096901 76911001 44828251 -88016330 -13134624 -74226318 -33344307 -49866895 -81316191 90782470 -68542317 80269815 106599626 -41294239 -106035761 77694646 -16573099 42949959 47088778 34142830 -16263427 24807058 88685562 -75469791 75355983 -72636226 -63293915 63029738 
87320426 16794360 -67434003 -71593737 -57057627 -71222836 65555413 -67852725 54051984 -92344887 43530618 40673963 -44208433 29504722 94597074 5069984 45388085 31491017 55994061 -48997524 -71553080 96808862 -71137029 9890240 73375541 84005435 63472672 -35819357 829234 -43938651 11563327 -23905506 93410158 12830001 91737402 42222684 -57046296 94248561 -9373101 87611710 79752926 60425945 -71042213 76431193 38664247 14297536 -99540041 -68022409 -34426197 10999066 57566167 
95782527 70667011 -38140150 6411533 -26571824 -63256300 -84023569 -17138632 39322513 -67795034 -76473108 -37566599 -32031825 76596436 28094947 -49328346 -36646096 -10497690 -67848797 94797356 -16971464 -53861886 -106660621 7756709 -82626728 105242683 -7480622 -104673346 78304502 -93528296 95589993 -30027178 11577745 75601839 -70132367 -76322314 70602590 40412637 -91998436 25580456 -64352724 32384378 12466383 -16396686 -95652472 -53336026 -38260139 102877442 43788291 -3819201 -79188658 
90497313 -50911309 -12338389 -48923485 -75427264 52174441 68451440 -97952854 64216425 88350517 78321468 -18927065 -12755500 -21691247 -35343582 41584259 5859785 -85603251 -99357913 -72432346 105049737 78234142 -51700943 18595650 -62863171 -103500240 -90050047 -105424221 -6089410 -80755991 -26357670 65686204 -61143830 -76945570 14998963 -53865377 -51800557 77114186 -10485775 69263808 -104661699 2963583 39583708 32911837 -33606302 43139150 47589573 -68470708 22488256 -2498804 -46144230 
13196036 20278600 39695298 -42917076 51270755 30619865 54616909 92704220 -36139201 88658096 29948550 -8165046 90688212 -104925602 -90579569 -101121613 33519505 3306722 -104932795 30623410 -87541761 76574516 -70373153 98914294 -63943133 99324665 -103221663 -42978871 -10146576 -14319781 64827620 -88357303 -18453993 -5738051 67219626 -556766 59563844 -71478166 -75856351 -30966896 -32666596 -43675651 27209460 21696054 -102649777 73479675 -33928115 -86108395 -19163370 -27378041 98956258 
32787952 -26962713 -68849171 18828951 87816328 94029654 7796900 -101344447 -84744462 72722926 -86947757 106363325 56403522 10402433 99313175 -40233566 57957848 -70979592 98213372 -69180714 68311892 -14218218 17975920 -63029523 -103659116 1459553 71965427 -58137183 92955771 104390652 21222859 14563219 -5336921 -49695144 -2556270 -74034871 69769713 16360794 34534442 85899055 95019760 61829947 -59988943 -2515846 87509287 -16869743 -26055251 49718162 -48691707 -63432677 -62467769 
-63416934 8239045 54583352 56128995 -94252827 -10289570 13245093 -8977308 -85307052 61723070 13129383 35118467 5894702 9072809 81667153 13362435 5532249 -42162956 -41784992 -79588620 -7220712 63276250 11745881 -87077591 12060726 -86295103 -96780518 31175978 46943622 -80493483 -76237491 88667326 -89255814 -35332371 34837118 59391716 87153268 -56913017 -91480438 -10258219 -17568267 93578630 81961416 -51219141 29071338 -12300565 97331064 70950720 -70361076 -104595697 62418256 
3567469 34439401 73407632 -67729488 67635079 -27177059 -65767770 21323050 82924448 30370504 11211487 92088017 -85436085 103180420 -47899366 -65857897 55847517 92984969 19059675 91250608 -14356484 -97700832 -28954440 -99315892 -83878106 -86892647 94393058 -53849197 -106421963 93096881 58605876 -66032992 -46232838 -89871343 81154258 -66200956 9484068 21589287 -65361276 22906614 -90269056 86579949 15024678 66026960 58355905 52517233 -41220294 -34703689 32400936 -83510264 -101271 
5622226 -52389671 -33760017 -64929583 69521326 16966788 19948981 -215211 99450445 -58852619 9343165 103018443 3667223 41892882 -100364129 24358811 -73541318 -67116698 -77381402 94638702 -92158708 71434608 -55717517 -28394573 34893303 -24822868 -65976579 35640925 -28969896 24463884 4704627 57352076 -54369726 80268949 20935470 -49014042 53989100 70906801 35758854 -67474956 62216328 -30325838 89272600 18926585 -106448928 94578675 -95828971 96418735 -64079440 -40351339 39956876 
-21643381 -107093844 -31181922 5131676 102176002 -32486630 -20254762 35488763 -23474447 73621861 -12058897 -86574383 -419951 -23135225 -60678193 33776661 -91068388 -105083969 104679288 4292845 -91993035 -89060516 80374685 -32649076 -88900988 94411940 -25964896 6183017 -95298894 90385531 -54963736 93667418 9619619 68781846 81405930 32037902 -42001704 11044243 -53075408 24885935 49224307 -54576045 -90224244 18637702 -32919320 -53108183 78567894 -31131129 62629460 13992362 83068312 
-29232117 -25995541 -2567731 -100528871 -30700014 -99072757 87362672 71299984 -88925937 -54770135 -95439889 -7533596 92316854 -16852957 84998075 68332385 -99435303 22224969 26737286 58906216 57682929 49610863 -28899716 -3107401 91134293 99323605 15509265 4694117 93198128 36292702 50844142 -48411802 -3343698 49300703 26821074 -42403689 24077795 37096500 -84973822 65494961 -16189635 -52284803 1475383 -31791723 42810161 -30276396 21092238 4126567 -105074153 48093546 -74082682 
96515465 70206725 104772604 56884016 43551488 94683009 -51163596 20536487 43194606 69163565 70793366 97899558 26875056 -92607722 94378135 68605701 20410896 25230460 -89829350 -37714391 15447821 18292293 52677892 -5110470 -75044563 42531479 66394059 -81048970 89674454 57845736 9505904 -39941302 51828026 29077836 18570589 -74027375 -45125308 103182077 38392108 101279388 48898916 -29908402 -57719855 6304304 514255 38212216 -743288 8963201 50629390 49547444 -15471764 
-10205920 24305944 -9082958 -41829781 84445174 37895530 -18640994 -65171622 72787955 -68459724 -45083016 1933011 -8255782 -73768916 -63796991 65995812 -18228668 90719418 6343806 20627423 59840622 -89005785 42099739 104240606 81591517 34395649 22616580 103371156 -94359427 76470619 24583218 -59401190 40912535 14752603 -50741879 82288974 -66015887 21371747 79955664 -29499512 23271488 -22425340 8397331 -14796407 46929414 -64310275 -103691105 -49625855 78281979 -74014861 -52538 
22390602 106854145 -76678402 -9350801 26189543 -22848567 -24807949 -71286810 -74772359 -101500326 -84282772 -15601748 11501439 -64279020 65790075 -82450552 -57068892 45120454 -103834609 47696605 -44390736 -61276801 -6728758 84073900 72424647 10352667 -65362709 -45202940 68659952 -57133060 54745221 71455693 101559449 -99241707 -100111565 5983425 -49053397 67983831 -10623687 -10773457 -68350106 48315309 -98018169 -31719503 -91327594 75777656 47760625 -100788692 35140602 63735954 -75045100 
17789779 -1406991 -1228303 -38772762 -66904427 -42029937 15538608 -103754152 -37534919 53415725 -34417740 41006845 -74537767 25956567 -67679188 27702891 -95020103 -5116433 -43657538 9273252 11462179 -102734746 -65696940 -65455418 82029428 -37197 -47363885 -64641509 36018893 -7601071 -77092158 -13415335 31444801 -8232297 99256692 106674139 -35674729 67350209 -63536003 71690497 -98324835 767811 -28788538 -88198522 -93641481 -30730440 -90767804 56034934 -27891533 -90043874 12244730 
41462531 105195437 -80829891 53787391 71174279 -107122450 106272676 8050995 95913011 -15271043 40061482 79495459 41141817 83207867 7583405 -66373909 59433622 70240714 89772595 68399625 -49167983 -44083825 -2869039 -103112454 17205886 9940334 -92179698 -73623193 -44496444 89990546 -38375654 -106717489 -14753917 -60206690 810732 -68860259 -66037601 -26579310 44978153 103980080 -52439953 -23253509 -23488327 37131763 5718345 -45496451 -94579803 43886371 -7168993 -339047 -71333521 
74152125 78649868 -50905521 -92205178 -23901919 -27359115 -31888605 98726004 46477153 13149048 15083753 -99593180 104407277 2397347 -20806365 33224445 76704553 57235191 -17845159 -1378179 -67415427 -36927713 -45097622 -5924760 17453726 12028681 61841677 68947676 -88074138 19164470 -13176379 24733675 41475293 104305964 9725411 45465602 48771998 6220818 35522738 24260528 77022389 -40406700 66034690 -16600840 8767248 75591513 -63071116 -84005322 -59284970 69576681 72494091 
-86194118 -75193465 -1847573 17209366 56990112 -51999190 -102913196 59284189 18239608 -89203127 -31283246 -82010571 50056066 -6813654 77510503 -20759158 27362252 -94280220 73216191 59542824 97869937 -27172321 -31028 -80766935 22311740 57808754 -18493382 25383471 -26890992 -52550933 -27523733 -100886166 95707208 -94079347 -74518151 68288301 76971480 -65145210 25075203 50606817 69097379 97843107 -10828925 48178152 -96571442 -69275961 46573796 103093767 6846768 -5783716 45638307 
99108022 -103363565 -61639938 38355273 -76382716 -80823902 -90938133 -100252616 -22053905 -85159060 -65943079 -35683833 78781877 -80441370 13207863 -16471368 4373447 -8273707 50813985 -104294311 -28615693 81123427 -3779873 -73197201 -101390119 -30751399 -44058136 6841708 28587082 65865067 48207214 -81426492 -54996228 -93856129 73994168 -78883130 -103367771 -33463249 8328846 93271065 -68836280 2349004 -104814550 -54210469 7938409 -16926081 -78848502 -29978971 70293761 88991180 8462491 
-27014721 7740919 27711859 -65743753 15482807 102922874 23202111 -73532797 76755422 60123733 -77790331 63568226 22057507 -103615963 66491807 43410854 46179009 -101596240 78002772 -54371580 28871062 104563040 55908341 78692831 -102380426 73087297 53703075 -57245717 32206370 5796586 -70134431 2588948 -81969840 75482649 21908426 -37294801 18789357 13117849 43546816 -88065675 -50866851 -71868297 72538 75550176 -1494302 -6146314 9374495 53895856 101477174 106682110 47145908 
86056932 98644454 4186299 -51871588 107183338 79403924 -95232666 5664640 4808789 25374026 50931068 -87797285 31314090 -20302762 -5978951 7046942 -81098759 49519198 8439980 47556987 58156639 77458489 65975749 -92253735 -94901880 -32765757 -70186826 58935614 80177214 25847278 -23919462 46756414 -71853781 68145706 43697114 91201689 36590077 97963326 66095029 -44616158 -78160240 -65332253 7646057 7808337 47965081 90858660 -25481444 -52203187 58661358 38526701 97848123 
102204900 102403719 -55184291 101542057 -81798133 -91160707 -76548416 7349298 70125896 -103380253 1670107 -46972332 63355225 77674357 23759916 66375995 105596575 19771809 70228957 -97393013 45710230 -84356465 69334905 3118367 100629227 65516313 -85508871 19606110 67079449 -51452094 54177933 -54300148 -4479684 -2494360 102870127 -36233206 88114170 -92171421 103120123 12461895 28376968 -60490391 85096019 -90748111 -52121686 -63798929 36092798 -97643822 -11127084 -89212747 -85294663 
66014225 58607816 -24575816 -35865730 -66546510 84659639 -30374729 64427300 29559100 -79836834 -32235664 -102331486 -59009550 91484880 -103878264 4744891 95152933 -13771567 63506299 47203566 -51921841 37205860 26982969 2230331 -79217140 50575180 -61903083 60061322 106884306 -51081015 -21508219 42913895 36895375 89289584 -35547189 -24375661 -22686502 95278652 -101530948 -21661872 94612294 28855261 70491277 -12987945 46917728 -24652168 -54099403 -54806241 -100206220 14340387 -38885126 
-83390149 77271330 -60979519 -47615030 -104749459 -10680306 22571961 -83923668 98553560 -78480068 64313143 50570870 -102161268 -5209030 -96360 61740749 -66684554 -84604347 -28002623 -103951084 -82982882 82135608 -92551902 52575445 33915784 -99456973 57001112 72592489 -106713172 26050782 52775423 -89977980 52315459 -18194672 -69970107 27453569 -31923725 16420401 -60083513 42402290 -75279289 1491646 24790335 -44775071 -69587904 75706255 2949725 6771590 -104316356 -10920841 -71909165 
-28497090 -31763583 41349522 5343317 19119928 6173933 -36137752 -85737488 100841013 -99431594 -78988819 58275061 -62998516 82814410 82369010 14118696 -59077496 37035708 -30444767 -54454828 -99204685 -20924977 91239422 -24636441 -30764249 17147835 -43514373 64337820 81222602 50369812 -77177355 -54876394 14800218 82664856 -53581337 -99368894 -14786646 -53348504 -97954146 -66025708 -106822322 12629553 59776423 81472351 -8438298 4618065 -14963298 67328677 80139953 25664796 25701603 
-10441317 -52770352 -65214422 60672622 11355469 20445190 69445404 -24400064 3803668 -7132392 -96874264 9616413 7298609 21267184 89755067 28034821 -93468633 21800380 12871620 -100922962 82622284 -53590253 93540575 104779849 51494718 105260369 -14079364 -72422907 -84641653 59774734 58166442 5802599 -31473524 -29410661 61722572 30191376 -105587105 -36702551 28844799 20275202 53597784 -12923288 -90309367 55093744 15106945 61201294 -15953628 73567365 -69355115 75878700 86410257 
79020516 -11435147 -14010288 95820732 84484365 -83331968 -99403133 -70426013 13861515 -42400449 45911796 61275350 -62555260 -63564228 105366841 42413961 26861385 64639052 -83622999 -75761555 3896900 55898842 -29516413 -44485818 -54771744 -39334840 21046842 -58070275 -37182646 -12545996 -70949248 -55953345 -3638332 -7413336 -45525364 -100559063 52556761 -52658220 19374122 -105010509 72938333 11163326 -85549018 5385701 -60803281 88328567 85058023 -83992273 106756745 -100626172 58305145 
-72045426 -27299673 13469775 35941945 -91884629 105526175 -105707601 -65135893 -24307830 -7524774 -73627798 90350384 63143024 -89819001 -76418985 88960619 -50197762 70612738 -17675992 82737575 48238516 -46510143 -3086020 -11069154 -43179777 31387174 12806973 -9893987 79107160 -6747115 -69270596 -53814875 -20441449 -49487605 28811727 -16510775 -18947540 57617621 -79033909 18183454 -84536985 35536285 43613869 54335084 -80883746 -64494858 37363935 79443575 -93361760 -42355767 -86644263 
65821721 45602878 106572856 -93116711 1541493 25803733 77735045 -83781830 28947507 -88975063 29545572 69754126 -57310217 54684492 -52032214 77065060 -81798629 -79602317 42860975 -91281099 -105040489 -75865053 26099706 43865735 -100235214 64776023 53382067 -87404128 31707692 70421172 4517689 37238338 14572489 91001609 -67749530 -33997850 61692218 129235 65682825 36992483 73536130 101677693 88669936 105754731 25395796 -86504182 -21963163 -21734133 -62838406 -38042977 61610903 
-74975283 37203444 -62939722 16766927 -103269263 82627012 -49574933 -27584573 -24447950 31105944 -93171250 71553670 -25308659 -21488869 -107290890 -68057574 62108332 12730422 78356709 102089542 16911412 -60498284 86072535 -54296501 -98223804 -7619746 -47419471 87507151 -28474188 89184511 33543084 7690156 34782540 -5455850 -31818206 101017466 -86801994 -91464601 -84133226 9521738 99873049 16290497 -91613568 -87260373 -15757129 76407189 -95239689 58244224 98030308 77183848 50893856 
-18634538 72996189 -31969745 70264300 -74090728 -21270975 64843767 52828021 -59512405 -68268943 -88846264 -24128082 -90207497 80362791 -66025136 -902125 5080318 -42219176 -28446939 88826787 11102178 -16808630 -22889857 100662336 -69798777 -12132269 72721626 56492030 -38978531 -39601186 -42331034 77563654 17281675 -60616241 -17283282 -71385331 8531486 -38480150 58534638 -4505022 29917125 81745858 88253255 97257558 -59526823 -102441320 101304047 -105695861 20410065 9616887 46315587 
-16218317 40962013 30497911 66015429 91577819 -58584100 -36645256 65351596 18692580 -93774571 103656268 -42325813 -24178161 -65660235 95153071 34071476 41107117 55782757 48600375 -23607314 72184644 39032855 -100033726 3372102 -31430778 -97528649 -94830878 71747839 -63649048 -30248152 84794301 -3473402 -21421755 -55231590 21865519 27968363 -53362902 -86645392 -104579555 101851651 78903367 12266274 -25316262 3804688 -99045168 -67548320 47635631 75331050 -59785611 56196446 28153428 
52697204 -67319702 -43359286 -87176450 -32943263 83933849 57755855 -49718894 -25421720 81620599 63450564 -56281785 -84754793 -85580544 -98021321 48477468 -1167033 -105377495 106972749 70372239 -93929226 -48082860 -22737025 51101480 11450279 72305045 -21282179 -72053643 2585565 -70296683 71317928 60719696 -25815892 445667 -393292 85338887 -86543351 47901869 -101208686 18704811 -40036225 -78893773 -85870243 -100431885 -38807015 -41516577 -2748036 13909135 55315642 -67530218 -52307609 
-78547380 -71086105 13358102 80985705 54120570 100086069 66455920 106393331 -39126355 -89491759 40847147 38714274 -85796526 -70647176 70939135 11604253 -19815894 -60035792 -14362530 6204206 -89733335 104752282 -49617131 30441770 9170468 28707282 66884870 -94848094 -14413727 -1363652 -104034463 58981803 -102364899 -7788003 74471194 100084167 -51194813 90770972 20547320 -64922802 -65083572 -65389699 -59507275 18478628 77572067 -79585595 78849814 45302109 -39000265 13397016 105021294 
20197401 3172791 -62145626 96159173 69824556 71430846 -35233707 -12239097 -61145783 10690602 -55140823 44641807 50012933 102881219 -81977422 14632507 -40232906 16128361 -107267718 39608091 -12260252 67341350 104278099 85499025 -107309029 58980148 -49428506 54251552 54781565 -44835080 1344520 52723823 -1920820 -106607653 7028736 39559967 -35903712 44289552 -50661372 -76404108 -27603108 -104664812 77414677 67926483 2090689 -37959548 78334032 -104211194 -25661056 -78560225 37966058 
-7939853 -38666317 57169612 -60475057 -72850098 -6211120 -99342141 -60025085 29509020 -104034811 -99782105 33825365 95378898 -21522545 58945744 -45780706 -90315116 -5152447 -13310435 -40433657 56424093 8407626 -38906628 -95211474 -75134855 101266286 -73539833 -82991816 82107110 36104883 63711670 40408547 -85743551 -46413235 -105342467 83969601 -15934741 -13538629 105997440 -104093713 -44820122 74171985 -30971396 4274630 25824228 -56510735 61621911 56063816 -3934680 -87962424 -38195777 
-95302711 7225823 64812611 85525549 -26771917 76014367 -12310913 -71376578 -60624498 34987846 78101065 -72526512 52063651 -51972316 -54167997 -34442790 21622166 76149646 51980055 38989147 62644272 -51950918 76294706 54450036 30777421 -54115360 34543151 -35713397 3374988 26441802 102936277 22430153 -4077037 24630750 91048612 -103373567 -68333316 -44405655 -79397053 -95647438 102345878 -31836192 -70304341 27995745 93951211 -84579590 -35322563 -94656142 75699869 86293395 -14094407 
99692234 -58430540 74817168 -64034873 -51004730 -8675701 -61894924 10076002 10762931 -87825889 14761855 35740315 -21726856 -3978292 44982895 94395410 -36178765 -101220878 -64949306 -82843275 -70148765 -53311100 -59154961 84085100 29524476 -45227772 72302631 -14044535 27633165 -56430173 14673045 106156028 2961315 -13019923 7637828 6828843 16288732 13443718 50206659 20073157 -73254818 -72147892 23538505 26325762 -8493686 -17217023 -66055712 -31910450 -98925614 82061621 64554728 
93876315 -8534642 -49688228 -37393472 30653148 -60439352 -5320539 29353012 10023812 68188363 -45585396 80847669 11637850 88926354 86120235 12210978 91319170 -56918592 -39319300 8160933 -106409990 -60525553 2293548 -83450732 47784085 -83901017 24598778 -75178737 -54085863 -81165185 67957502 20274122 56584168 -103134750 -86721316 85887686 -91535736 57604240 78549870 -68334361 17420689 15436458 77647994 54641773 -54814200 -75180052 83104404 -71569937 29893644 21586832 -72938458 
-5648904 -39210775 -58230523 34596354 -16248348 -73648939 6728968 23440021 63237401 94981904 66518344 47859113 31621035 76285053 -88623267 56177770 -67871233 -54807784 -58659295 77562583 6785410 17584321 -78484305 -51636754 74195318 27401203 101607370 -44428144 23071697 30190429 64787951 85514563 102086080 -26661435 21261748 81582175 82071842 -46874298 -90125953 -5594349 69818052 65379478 -38572751 31589344 -51418873 -55010910 -87944025 -62379505 -68694874 -11150890 45671815 
-21959050 -78922603 41348730 58171377 7384009 77957917 61729248 31146624 -76187608 -9700732 42652630 -81735756 91903487 95769483 -79920218 47788922 -105719859 41099117 -80847113 -30767301 29233528 14681344 37549015 -6925685 -60610493 -91581950 84413867 -50637434 -52814991 -61477656 -40311050 70075221 -31746500 -74582384 -96221096 46801738 -102482166 -64203279 43456677 47349301 82637255 -3646449 -34784288 -22182252 87857670 37903999 13265235 18430280 -46630474 106603983 35578464 
69376217 -25302975 51473354 11750688 87199613 -14754198 8798314 -27180301 -49284894 -46939770 11367955 -44234565 17069817 -59036506 -77675729 -34117683 -92776795 -102074310 88767504 -57586457 -90492670 -72285334 -69544329 76049175 86897400 75066770 39486642 57782380 -18911322 44939653 -6286150 75735441 87879810 606635 -79967299 -87278361 24009586 29667895 41349099 64687408 -98467763 54474566 -71435242 102227170 -4237712 -13731215 -89478111 48116983 97577320 535964 -99917570 
64469670 -55669916 27376259 37419582 -79186383 -27788818 89025118 -105527202 -5152466 -57664985 -20187488 -46324548 -50990045 -48688813 -84035420 26311932 -53292135 -26035946 59951648 -19541960 97457931 -17257576 -43143398 50102999 88154339 -14827822 91458725 -33672973 43307983 10271408 -49156490 89583751 106088827 -47555998 -20558355 -86418047 77626253 -77215772 -93654519 -25235078 97360729 93201419 24405052 -14766122 92796810 -96934961 -66100858 17279967 -90711083 66670334 -11280612 
6919274 29684232 81490141 57082383 86546139 -75632821 82978744 92118763 -105679888 81180757 -105092387 -67269030 101056936 -71464186 -98396671 48267434 -75628660 -17484902 -65669216 18664493 90804171 103115054 -31330221 -86199461 -7267740 50728656 101947969 -40629489 -24682787 10580026 -67578829 2239035 -58757654 67579675 13136143 42303397 40906866 4261764 25103125 -24770502 22654373 -98470420 -17564586 61320674 22950748 -40016405 -71402413 99134726 96840840 -56353392 -22375620 
83778024 100951913 -64483283 -84197231 55396576 15230936 89636856 -8489219 -23468153 -72375717 64652912 83838366 23761534 -14813349 -68002587 41412469 1202249 27263745 -22520430 -19730678 -59654132 -85550283 -2400365 -106261189 -67281298 78235876 93000554 -101654342 19510565 -60506598 -61741097 -71592248 56739885 58603431 -106103668 73272815 49356233 80507157 -84302281 101709616 -54563709 83501540 96087716 -85598053 -98274614 -86559640 -91785879 92012247 -55265762 -51541663 -14783997 
102004784 -105325064 8016909 -75776510 -73068369 8860646 2033769 43680525 76993759 -66491066 96182756 -6782679 -81075105 90564851 -47957985 74373134 47217404 96006193 45553016 -29605561 22965801 -64100675 -65740476 -19089576 -66710457 -91050013 -5187608 84980984 -61700299 71340485 37029889 -90353098 50997864 -11464520 -21197339 41380721 -25946005 -70499094 -71978985 88150988 19724876 -61954173 10290232 -105518094 27490940 87614999 -70150409 -3392753 18563563 -86186717 85534317 
-43843114 40565680 -8119416 -96804798 -86853771 76145941 -45584415 -21592422 -66395014 -106064984 -57850180 10586047 -71998329 102890899 -65290285 -17408006 83416991 30253988 93123911 37106572 -101574114 29318775 107136568 697708 22997063 -29096736 -94724494 50296818 -672179 15749998 -52856009 -92815349 -103936513 72744246 55795887 15030661 54385643 -48995465 21743544 -22070620 -96506376 48143217 -45790095 7565194 2850921 -3812908 -4559426 43425819 34566265 -9814937 -59595334 
-45502459 -2782157 -42198286 77148531 -7873858 29891825 41030296 47792059 64988363 -105511177 83623369 18043120 -68044768 62418535 -34221400 -18823136 -33049670 35149018 30459598 95666920 -101520504 13167325 -89913979 -60690913 73970381 -13305815 33350193 76992916 -30116791 95676838 -26030900 52280720 57829910 89948858 23753193 7859897 2648143 -93802115 -35394125 -34681254 51579394 -86663701 -102409866 288584 99960516 -27027938 46497120 -97900850 30101987 62925161 -16178641 
19057842 3891479 -85265668 -39294578 -84640175 24274353 58571146 99417798 60025537 2656690 24742036 -26777987 -104534177 6560144 -2162993 -38449852 -49090181 93682449 -1828551 23195683 -22367272 80647039 -42619779 -105255544 -99085068 53433197 -6285788 67161488 39549280 19169050 88346011 77050812 -10222363 104176696 -70981604 -49486235 69158058 19711292 -22476127 -29676123 -62212642 17894195 85207354 58343027 22737087 -2111899 -104114267 66262051 -6787937 -36632032 -99565997 
2318955 7816304 -78149203 82957244 48222423 -9730654 -56984636 -15915023 60065098 -47603264 49695214 -15885536 35943408 -3361836 -825064 -20599728 -63161294 -13070461 56052817 55589426 74850140 106119568 94108708 -21485480 -46831049 -32704698 41957937 -90239354 52830186 18826145 98155949 97758887 13625392 -96620087 90532742 55252305 -8361938 64230254 -21230912 100894106 -93287514 17898812 50296188 -71732148 -101026923 -94245927 81524205 -45999261 -99381795 63324510 3608842 
-31444186 -38462763 40097660 81632382 -14464082 18736911 16054800 36546484 55725200 -103431517 47168432 37794238 -52858186 -70977704 -26463731 -37106052 -101067941 96287245 -13626397 28587287 -92333205 -84026883 -104562732 -70650770 -19375479 53160659 -63297741 25073610 -14581203 -103702412 28571568 43436019 -52255177 42228674 74513870 106342862 16540090 48977699 -44372249 23235023 -49052632 -62673989 -17291533 41988156 84390658 91323888 48842310 -72547174 -7783018 58568452 -9657279 
-3774561 -21699743 64843780 101331868 95907044 -44841364 -14929581 -97296046 -4712833 69290691 29332375 -74968484 10794864 92814234 91951861 -47488797 -85770661 -58324755 102713261 -86678593 94935828 -54528238 -97134209 67676971 -47993149 84917271 -4154295 96155237 -45200342 68085262 50704751 55399270 -36848653 -84327081 -54681929 1894508 -666517 85928219 98438770 28649197 -74163552 -25550450 105692439 -483600 791879 82727745 87184489 71786591 86574551 -54069200 -76999442 
46777678 105219647 -86431905 -104951698 -33679284 64748546 6345909 96280328 -44861416 -21859244 10120293 57263731 77498729 -105883050 -62579415 -54212996 -34450593 2176125 48651186 -14094722 75736285 42114891 37940227 -90499046 43806739 -64978974 80219812 -45030553 -9704872 68842167 -35956569 -94348855 -62523970 52544084 23220377 27196831 -80295967 80831687 -89282319 -82208728 -1536459 -12153463 -85201484 72607595 -52289858 96249454 27347166 -67403019 -37454480 21126939 34813221 
16780823 -597899 -75856256 52058739 -50524041 -4813598 -14463261 -76593237 -13481072 87985917 48957007 97845107 106565452 24756461 8176812 56378610 83247798 -14294055 -62835899 22071574 60129700 -60370502 -100628262 -101462312 -87773384 88984789 -102179124 -94999295 -40730358 -62602755 -63512369 69869814 -74575851 35588582 752916 -60863839 -39637232 23736805 -35566979 19852564 -25492352 20073385 35544558 9184914 55186517 -26355809 106428367 88636822 96230162 77696220 39996343 
-56682157 -5331938 56716935 -57413824 -11139122 -28184662 90208698 -105372129 76029654 74993094 -98653094 -50290949 11442530 -66042104 11434306 -58528367 18401875 37498655 -20385522 -2123116 77480866 -49239714 6051765 86938557 100482029 -25772669 5813407 -55487696 75907006 -54888795 -36164056 -87168789 -58886770 -61786957 44375808 83615488 70038262 58996962 -47837344 4745692 75900626 17402862 -77997716 -6223616 -99478138 -38215808 30405298 1830943 -79153849 88111124 -56710996 
-6317435 -40919600 -84542174 97710570 -43770480 67931964 3101128 -31955367 -5209902 -66230126 -25944000 19458589 -81173279 -51367987 20554464 -53960245 55869169 39571226 -14295311 73377457 -95332463 79883113 99109488 -79688234 57371626 28979127 -45789341 -34607371 87731741 23376286 40207565 -18016417 -79759243 -95535473 -66967759 -99999362 15362508 -83998414 9960486 51936615 -99507123 28064185 69452138 43431519 -766068 -32931630 3061586 19304220 85527507 34408783 -82164222 
-9843028 -55130524 -96454387 25282519 97359847 71370785 82028199 -66482282 70779269 107035246 1284526 82938909 -85880257 5782850 -79205680 -23168333 105618551 -97380547 -27933736 77018325 -76147336 -72535169 -79470686 -74426846 4212742 37084794 -81637871 -34636327 77275457 -58698928 20860352 68312579 56964140 -24643048 7896212 96504136 12201039 -17609897 -16086338 5913818 -30011195 102305706 -27908323 37450946 64348484 -25806654 -75067603 -17751220 -53789182 -40492857 23679575 
106895915 -89813963 -22418252 94636534 66219730 -14302941 -30403450 77207049 -95413073 107350720 34590881 86950672 87462131 -12603895 82191965 -83630418 -82954749 96990495 60137766 -42552525 21842166 2127427 65026107 92721587 -42106020 7547410 -58909959 -31793600 -64338230 5095668 4321315 -70212044 33508762 -105669412 55897033 -82843949 -66671856 49759080 51780387 92333205 -30661631 75958852 -2261240 98059176 -66656824 73767041 -76049175 -103856177 -68505723 -68419955 -4485685 
38374735 60307622 -54294647 -104914414 4366243 -28568255 28288065 -98402808 48113050 12519164 -16255263 4820090 30515157 30986372 77606527 -102581426 44668608 82518401 -9618146 66113178 -91790587 -51938824 540469 -3844369 -106747883 12806839 -19077946 98553410 97659760 102207056 31522484 48031235 16903009 -32725924 -74825038 69122392 85770956 -97105545 -52558451 101315115 -99318197 -58130463 -22246593 -47703092 40076238 -35644726 -23580313 63081199 -80428338 61177927 -21398497 
44424353 903132 23186607 -73000079 -93428900 -21168593 -51998681 60672527 -27865183 -58499176 8340781 -74406419 6594793 53104648 11052657 -40103965 -8570529 -54746165 98563844 -100082501 -81650443 90300594 -94449067 93785638 75074356 5596812 61754915 -42282821 36896350 -104615091 90462407 -102934848 33363564 -27156504 69514700 -89127398 -80070222 -9815967 -82012198 93717351 30180150 35447924 -6583062 852893 -50314656 88375771 98207904 -72829964 -31821555 85135837 11405587 
-31544772 -60052276 54149385 -72749570 -8992369 -42023632 -49454566 -87741173 92485912 74857163 87545822 -73647485 -69666365 14600112 -9002473 -11474264 14388487 -12164269 1100732 -98628664 -3863264 -63103787 -22727346 -104923121 65771846 -74489293 -106558213 71340999 30824740 41657229 -95193657 80116925 12402764 29564201 -62782624 -50367766 23702377 -99406599 69799953 54001043 -65556828 102960293 23822367 17988391 -101323802 -55255786 -91361263 13180926 66341653 16728316 62157686 
-71374289 500351 39853226 -22794314 27534603 -59743299 -101617300 62046754 25437604 106936094 -21620518 -70211249 32676467 66569390 -1518367 -78693607 -9620298 79102256 10820769 98159533 11167534 52233992 -33550701 55578601 66843203 -66712405 -88328401 69620514 -87966570 -24181905 59880938 -66961808 60244946 -16242787 -20637336 -70231294 90620176 89215976 61276419 -60913724 1062832 -27386980 33455596 -5658425 74519012 94387933 -2944695 67120274 69363663 50023427 97760017 
84466647 44952675 -72922638 -21908367 -28762068 104658554 64952672 76645316 20054308 -46702459 -13110307 23148191 34645474 80296513 -87884287 -53244741 5168299 58207854 89337280 4351960 55037849 -104525798 102735375 -81254814 61034332 21185439 50045885 -45598250 -61351038 84585767 78636681 -11488507 -53585306 -69204034 74371902 -31567012 89439942 38537556 -29291389 62190525 -83640565 2544019 -35428634 13812695 31113855 36548530 -26386813 26691170 -47719164 -53497333 -38635443 
30720268 -53519674 -75520270 87787741 -55768285 3606829 40718954 -46532791 84660435 50084758 -98089858 -106980789 100985787 38736270 41154323 -12168406 60640448 35256249 101687176 52302746 39523772 -58804546 -7463701 61058202 438631 -97868448 27517335 -7126622 -53690585 -89402644 -80607607 -91807248 1265947 93274526 -44541260 -77917847 -17963487 -82673593 -34036832 -86697139 -64362820 -71606609 46176473 -12810887 -72923412 76046598 97266324 -80075063 -1535160 -16266698 -101614297 
70950541 18888028 -44989165 18700064 26566922 -31473374 -11239672 -54411367 101317615 31793848 -76043299 -12151266 58212590 -2355029 51486110 17099333 -1896356 -21410978 21342292 6034998 32136790 -968010 97605486 -3212755 -27712026 38888774 75448412 -99415519 77304782 81463613 93060794 -57055078 100042826 98406469 8026709 -103334224 -82111238 12790835 -56354849 -71913719 754526 90760186 98484316 -52422894 68786024 -42121130 15905053 11425358 86932270 -95669752 46219405 
-104129670 -42098222 19852482 -41642471 84511533 -32605051 3333054 59900269 -35400185 58055390 -84813992 -69893087 89653987 73890797 -9134035 -92491130 50759802 -42270010 49505826 -9240740 -6836565 -101093329 55233345 9168657 46330898 34905787 -5957384 -106414705 -57953929 -36686290 96329304 38750036 -101245944 -38089211 21343471 -62639286 26239844 35393213 81207873 -59243007 97021899 -54312774 104074921 88241304 -46817587 -87291615 29436968 9778972 -31286974 -50598533 -93031761 
-56435158 52481642 -24679388 -32191442 -57241937 25799681 -4632405 21226627 52707654 -93394476 15207769 -12031794 79765658 -18068440 -40032609 -67863108 -104285902 106287908 89277632 8758287 67352724 -25477722 -22736369 -98445434 -86997518 -34460545 -94486438 9735468 -51689187 89046909 -34187012 -3223408 85709645 68701853 -41458584 -33422193 34807091 70567155 31704130 -48699609 -45882842 -89674590 -54141389 -42619280 7117823 23161453 18721704 71961247 16169615 -60825242 -84434943 
64610007 48809833 90194137 9371330 -569245 57191102 18934696 46476740 -57123315 -68864450 58055718 53887196 59573286 72390780 -67124261 -8833445 22973081 -12474967 82328183 78443548 89971426 23568686 97228496 -68847203 39289452 89551129 82365713 25894436 40413439 58604378 -27391389 27240048 -104832057 103195795 21353169 -60209867 68048527 34581380 55264261 32869244 -25095571 11550705 -67361466 -15274724 35949601 37168217 41100742 -48862915 -30762091 -36488689 -75125372 
19530286 -90042003 2240004 -72961114 -65406546 99125130 -9762362 -94936488 11461765 25734179 73455709 44115587 87823985 -58099027 63791755 -63274026 -90464176 -99456131 23373732 93444320 -88184885 5207298 87015299 92929943 74450670 -14233497 -78542697 -47248632 18580413 -72086098 -88396836 49770522 97219267 -3276944 -90187940 -14644653 -22566008 -42708358 -13072818 36880805 -72434081 62301119 -55116804 27318448 48076527 -49265628 -70738262 -20468670 -35874930 99123395 -4827141 
45769315 -33274619 -70916374 103843677 62275708 88325569 82644934 -44490183 -89592568 -17302181 84704604 26172171 -29621773 23606270 -22751309 30051572 2181273 -54370108 1837528 -80765366 76832798 -53621706 -63696640 -3361246 -30241179 -40379176 9786874 -57323645 -31087356 65138742 -50012744 44913706 -31818621 -72077132 25023946 45283721 -103157361 33554210 86626311 6299126 78545225 -22786062 64640091 71462981 -55962724 50260117 104128136 15399596 -97788611 1928683 -7029269 
50264511 -74075546 -8897298 19134757 66543119 16691838 -51972268 -72859646 -36172961 13777016 100943462 -35991367 36444428 -88725413 82285904 -5946489 88445689 -98954357 6771961 43896336 92500840 100273839 -98839546 75679016 37590338 11080444 -104311253 65212800 98381136 14048667 -94430249 65936487 -2308113 -19197406 -57724476 -59659556 46727581 -87741263 -67821038 -103903118 16749525 -69328607 -83709738 -58242823 -17016154 -60372728 12281416 31656272 49507539 60551086 82202903 
29135488 71191176 -101166698 14451125 -36249896 -88637373 105981208 363085 -60417089 82817388 -9761734 -34069660 -18137937 60339731 -70815462 -30133486 39121885 -104047157 99825482 -48968169 -50858980 -38942292 -58216656 93431559 26541412 99081932 57008688 -88753520 -25272846 33538263 -98435091 67490541 -18445339 83302614 -88016671 70705633 98790740 88309746 -105713732 -105810550 85240719 56268980 -55771405 -70662682 -78802858 74479283 -105045764 54902558 96824707 -89808621 -34297551 
84747515 60623719 -71563069 -56924952 -32662158 35438587 -54351862 97048334 48448721 31387314 67939714 100484926 24639799 55257054 70728754 79395720 -101858104 -27987564 59651588 -5068684 -106147575 -99006406 73992282 76112134 14450847 45333367 -50486437 -25100198 -10964351 37124994 -44261237 -104726734 -94775093 55358426 -3693092 -107276119 81134446 23535452 19213535 34862603 -7073457 15760051 17734060 -58287725 -29711595 37650612 52257140 15875517 6465192 -53769706 -103782447 
35486953 100609798 -2140167 -29691283 93139564 -107337852 6257817 -9416127 94310159 -98535980 -73479781 -90633740 -6364873 49563451 75601185 -97394061 -27814382 73734021 68362802 54915288 9767564 -72315747 82947958 -41322590 93112610 -100163623 95325999 32611347 17841624 92187515 -10633869 94480908 53606495 97851791 -18907324 -9864682 23598836 -10826036 -23801954 41219951 -1656045 -103699566 4989056 -74310024 56740349 23347644 14188288 -68945481 -92578799 -81176569 20773372 
95788555 92414927 -66607481 18198880 -102519378 106492823 40049734 -56589095 -76139167 -63798985 63345877 26483914 86274401 -95989863 69687468 7172850 83536212 -23246631 -91811856 -63297893 53835285 -57564947 -59814621 -59981278 41511711 76054390 -98956664 -41206280 -99830179 -61710030 72177323 76518262 -7342571 -102697529 -50821285 49577050 -76446899 -64796064 58197985 -44215165 -31312485 24001209 106249753 -76518699 33912732 41310255 83004175 -88008467 60533662 58595486 25655967 
64239105 71135599 -83190536 -4333628 20667398 96337574 5870887 -52561132 -105167148 40435024 -14447780 67274077 86691706 56835903 49513855 100414306 1593040 2989241 -54391027 -9748064 -78151823 -86591975 -55324277 29274620 -69162668 -69199845 -47628012 41596079 -106013470 7101102 19948840 4539553 -46216341 -33682194 71166155 52528161 -60833607 28941656 15325229 51780250 -27666807 18851991 -85422459 75739687 -59874209 -30890223 4968598 99049745 -77288678 303921 -24444908 
7942233 91337571 44859270 83838685 -87563771 -88457953 48238657 60467810 -40484022 -83527059 -70635956 -25271846 -97525761 88143675 -74836887 36830868 1170796 62299399 -5483563 25124340 39057810 -28591627 42654889 -6972823 -55029440 86416965 -70218624 -97083645 -59890018 72011467 -88059937 97514291 -72552311 -55971901 -80361104 -52848430 21462040 84380174 4941088 -44017371 85987799 -54383133 92692056 -4241540 52861948 -2611912 9140743 -21885706 -47772188 -7858876 26021509 
-43744267 89187801 60576071 106657313 -43578176 -75289455 -42489404 74261414 -36583932 42175498 -41688328 -14559502 -79956660 27098480 -58966956 -15293271 -12611862 36044435 7602418 -42310631 -101937530 -41620264 -31213384 -92815864 -11309950 81272436 -31477528 92598354 -100559047 75242174 -18640487 -55902097 -92108500 -87690030 -103306701 64066292 -49150348 -64422233 50287793 -31975637 21289827 -60951731 69804364 -43368153 54856014 89142841 -50651410 -99418367 23837730 -104730809 29658025 
14676016 -64519449 -105181867 96869133 105405941 88963201 39259962 -13089096 61183206 69647088 -56649883 96103746 -88583335 -19456463 105449881 101494533 81114267 -49249269 103372284 -84630451 -14473642 50975054 46397445 34825117 -60596072 -12968363 -29998743 -93231302 -76356510 68907038 44681890 107113760 18602443 13002729 55243666 -50024884 -44616721 -73511568 -42037018 -27679441 -4635489 -43107553 -94651518 -60045107 19270088 46445798 81838981 15029321 -64772782 -96349694 -66920082 
-43711171 64096629 23017179 -78381253 -59354792 9720472 -46964465 12556179 -7804685 25822766 9067134 -63777693 103036080 34349739 -54864066 -32334171 91123716 56322326 39997433 9938332 23888955 39041119 74913312 106605038 -94362517 18769391 -38362750 54910024 -48901963 -7911243 25223446 -79217732 77976291 -45822021 -19331536 -9714995 -69064415 -37337922 -19199337 -4781914 -12524356 -45880773 -29940701 35809580 62658535 30667549 -67335925 66919889 -47194483 78916185 17460394 
-57941308 -4387811 -53343151 43368286 84374727 -20557215 -103519410 -20570676 -67178588 -14628006 44470615 82394175 56032335 -19051014 85071802 106045887 82436637 -50978871 45061934 63115391 45004049 -93046215 -106777779 36134093 -16552891 -102450143 -9265877 -59072097 23058548 26245227 -70298161 74955922 105110377 62162349 -11864465 58647760 -43916820 -41993463 -50898528 50243733 56466184 -22580634 -73336394 -16889451 50030756 105093854 10345477 -100497939 -19228341 -53634130 -42541286 
-96468891 -98237966 43814561 -101692200 -63818581 61200354 64094317 16176239 43858437 -106860699 64055666 -164295 42640262 10911381 -96056650 23779964 37428880 -8080452 105391525 -45272255 91311146 107326161 80708514 23083617 -2330156 74471837 -57056399 11547251 -72350959 59054699 -6922210 49717273 -102374254 87683369 -16418440 12840292 60581557 -42742766 54170455 48122354 90192196 18749868 -49274061 265089 -52281323 43101843 -10235293 44101871 -51637652 1279430 93050167 
-105304490 -47187913 -72006107 3747830 -70030050 -12554153 -40159925 -55233771 -89386904 45643921 76223226 -67052847 -11665572 -93742046 -17808241 97843931 -95944271 -56941199 -66359686 -69915431 -57729277 66526766 -72869839 -86094894 36482216 -61651337 102580922 -91103357 -85544799 -100008878 -60323441 -35663750 60313583 -18911514 73169663 -70590219 16658474 -57677490 85151073 46059291 -6440981 -101648845 -86062550 37880354 3996117 88699222 89016997 -18865498 -4346341 80194855 67505971 
-31985637 -97106897 76586633 -95088231 51838899 -29451773 -67700033 -14375244 71257465 34140359 -12647262 -86045960 -85077935 -14317857 42106591 -10310263 17337339 32603325 -93458664 57309254 23024074 29674339 -82366737 5708995 -65410968 -29144677 70783471 -49376003 28788539 -30956079 17719192 -57278760 70400709 78792407 34662921 -69200050 48476201 -106177174 53606971 42871480 -13837703 42292496 59948857 -46208675 51790173 -79565155 -48242736 -48084416 71945407 -74303540 -18619505 
-85299229 37578421 -84834115 94210950 -2813911 106885788 -62391622 -102746628 40022982 60511626 -51248712 15954755 -54742456 91232141 76217863 77729390 70737047 -30487497 -8084935 28655334 58833565 -42603013 31948527 -55933960 33625073 96981253 51196406 -45206473 102697320 -61560951 65398758 11946535 68265731 40024303 -41426098 -51917405 -6757414 -5091053 -19689332 -102501340 -44173746 -24177790 66687969 -16299550 -70876730 2888530 -87731794 -28305004 -91515524 -76551200 -41514236 
-23395264 16717029 64863458 -52908544 -27652 -12914638 103960124 -70723820 -7945367 -41508834 -66402626 76924460 105615095 -67460716 -104500733 79594500 64783905 -105560899 -1737800 -32630607 36097812 98168834 72218361 70996233 31908277 72331803 40207210 100383898 41574438 89807320 -84428348 39005589 -15671607 12621 62775190 50873928 -79123165 76144559 43211933 -20762189 -51401811 102730374 -13365393 -85353765 -4700232 -58620013 -87480360 -96548574 84853663 101442694 94829001 
-31038728 -11442714 84386479 19498393 -50578305 -30072882 95016057 -1370643 91865525 48754389 -98571971 71968771 40943413 38890577 32789023 -95211580 -27618 -106254213 5461224 -51586432 -105796445 62374925 -43209235 -60041118 -104383354 -76512779 34371531 92599698 12854181 66644574 63122719 -72383629 80816884 59715108 -3104846 43357682 66941819 -69212334 -73098086 7040123 35928201 11769644 -53248415 106889966 -4412597 -95127701 -67175603 28660427 -46854198 84238105 -34245796 
-93473055 106718485 72022302 10091400 24844771 -27940180 -9893398 -9519874 35031575 99823628 -49073129 -43136509 -23853803 -36698933 89324450 19247773 -4679000 100047344 -68714350 -92372613 -3188218 -61718970 -96826469 13329891 -65059268 -68143451 35068559 -61828713 101699603 1139273 -70019503 -33574834 78511754 25783057 48010603 -43096555 4212739 80996909 -66862695 -40914496 -53465533 95273197 -86220774 -46778565 -53850884 58077443 -15666451 -37483016 -104275134 8218560 64442281 
61534880 -88215824 -55567248 3367034 -7927693 102842881 -45337930 -135787 -35173954 7784829 -37180834 70877621 28834562 13826827 71919726 37277557 -32373793 9023050 46079949 105484158 54082891 -42729391 53638788 -59941238 25236988 -51603843 -8640775 82858245 -91683609 28372245 51137352 -26029044 -78407042 -101022902 -93066004 104915730 41682464 -78758773 43004117 20565589 -41010387 -26549758 -47733846 -98881248 -30531628 -11557093 28876829 21425885 -75797701 28707988 90533906 
98739217 57446578 -51892874 30275778 43993252 30936959 -94664861 -82059937 22415288 21132136 65004880 -69113425 42342936 86247638 -40463179 -65584929 95405930 13778629 -67713932 -89569541 -93627443 -26456314 -102375211 9111220 13354215 -97384962 47181689 57279501 -62623193 -31013933 -89485402 103839218 -104226123 3731080 4882670 15601670 6102613 -63861412 -11484264 97528172 79902245 -83023309 20908962 18675428 52534341 -20909975 27057631 6938498 8434027 34767220 95370973 
72078453 88762248 -86966438 67639815 17375093 -45149995 100450366 -89539495 40502669 -73948723 36098998 57477620 20696480 15383620 100516419 68031501 -28265252 50576038 -106856913 -7427965 71471672 -54263001 60660330 -23469270 44202042 72082088 -50419001 56949393 -47560911 8331857 67958782 16156320 51137724 1789509 -96512173 33753101 -90196962 73832943 39423523 56753573 56268453 59248880 56162888 22661425 37271520 -32324545 60164747 80061113 72279297 81525986 37470591 
-54113076 97347432 -95659846 -47748493 -32362310 -30576627 98544977 -13741910 103127137 12632738 103327718 -101299011 -68883443 71927985 55749374 -36000494 -92174795 -71920672 -79535224 19602194 -23050345 104893193 -82517660 99253524 95446141 12572232 52334108 -103912904 -11705088 -53430964 -71271605 -8295946 66723830 78220721 11394134 46079207 20425714 -67388043 38684506 -59560269 -106204314 60982558 35642325 93880542 -21092394 30230910 70954345 2271286 86469339 -106165198 -30085347 
79915715 89780236 103205699 -5806156 36774687 -66630550 -30669665 -5468481 44289390 -33778973 -83021633 -19526183 66253287 -35575867 -105229832 -12251461 -96732904 -39496761 -16867353 83264830 -89954355 -6451637 74068183 -45568311 -66898711 -16957386 88128499 93414249 -40161166 -50714970 93215918 -22043462 -72494135 -56603655 -47605133 3540623 12060803 -67563168 -62610747 29108712 73076610 94012855 -88659995 89213675 -17597119 -89695218 -4323368 -47179971 -81640616 -98306697 26295510 
96257651 -61124198 -79468369 -40977764 56690971 793240 13310303 79094895 -90458590 5861909 -7998928 -77172310 54353497 21358370 -73627946 -76427231 1420104 -30323788 15074131 -61384500 23646299 68377673 40937074 40151537 -1801883 440124 17925088 24872386 -46992678 -76736273 -55181830 -88110593 -45908996 18901795 -48936033 -10023201 -69805814 878561 30124892 -29187321 59042697 66407421 -3916442 -33225864 87378745 73540549 -82612997 73886457 -23195338 20324630 -4559200 
-53910185 -65745961 -91928756 30503087 -80439304 -56223120 -62000253 -65892962 -57052305 -35631029 -33262211 -49429499 13916950 -93502933 98650394 -107151310 92643605 97601914 52407018 25444596 -9145957 -50779584 -104153314 -63116378 -67743665 -72253402 77775104 73205522 -17509692 -19709587 70062980 102414615 551438 -71225952 -27760064 -38265743 -63561476 97195996 -3412946 105620986 36937471 -24748024 42311212 54934239 -67530031 -58187491 -58201330 -31211152 -63374136 -75996929 46523691 
106462542 -22439121 -73790137 -56608595 45547680 58117821 83065940 -7748202 -100512763 51033069 27665243 15393512 -81453163 40691732 -63341790 86722410 64703724 -55248391 12051797 67259385 -5483866 -55349123 98226567 43585460 -40287805 90064884 21914247 7218682 52566805 -17196014 2644814 35571107 -100415440 93207060 55596858 4948105 15446323 52060114 -61709436 7459018 71337161 -56012463 -37492766 14234690 -74236685 -21811136 -75600755 67305796 -4463162 -61647875 45032987 
15191049 42038284 -87586767 -24966810 81568643 105792345 91170081 54496237 32397257 19016355 99612241 -31292534 78930413 -92943788 65142141 -2390893 -16060325 -97306234 53249621 71981798 33898738 -27026338 39099696 94420537 -91177210 -63642628 -27028972 -34894593 63785542 103751564 78564497 -50362389 26359871 -103843028 -2200137 29281395 -80021209 2970816 -51186345 -45982596 25885145 -25838175 -80445152 -62692916 -2510492 -53262659 -15683140 18285758 38939843 66276715 -80442391 
48233 59273237 -5488705 39902236 -57948351 17613092 66277089 91139041 -22511482 -27936902 -101722838 106854176 -97236571 88421294 -10263342 -38681984 69169741 -88797122 -73190977 6730301 57883209 -11880346 63051463 62185812 102890340 -24596158 -25589914 -57671037 18037254 103057544 24814112 61210841 -79249643 56909855 -60060502 86941057 9098522 10281255 -87821316 -17026706 68544305 46261361 -103847121 -96206419 13951286 -67176605 -29452186 53235262 91699489 80295786 -7823467 
-93690615 23179252 -104748802 36018631 -1704347 62394735 -103856942 72440927 -16681020 29016491 487 15645141 -88638904 -30661801 44967281 -61909819 106621426 33008226 -46192502 94902532 -57853943 -474716 -19749746 -56475975 -88795640 -97070369 -55167299 94110461 16089780 106065916 -43063659 -103585905 71186845 21244811 -51883307 -55493295 13538996 -63949003 100327255 83814738 -40844382 -84472305 40014251 -71169613 -30603103 81311391 -101437487 -70928496 -67921571 47977945 54866516 
-19821566 29798605 69130429 8642705 -42987306 -15188995 13795055 77254872 6433433 81967472 18305832 30770619 966837 -72033553 -69056007 72175838 36744503 20047194 59048782 102189254 -50190728 7141635 13940902 -61221843 -58169183 -80421029 -17711924 54732003 25266292 -27636266 6409933 -42013390 20207448 29330946 -1731174 25856284 78410637 70149220 31908563 -73802063 -1107244 54219539 -37776265 -88028993 -64611309 -62970711 94560250 72727580 33022529 -62685222 -1014356 
21311266 87930317 -58170178 48290126 17409418 15827465 -17596433 97169173 58278977 -74050812 -15434465 31644575 -83076230 -63237052 -32387217 46776128 -63502097 27369705 81042968 26309912 -68594015 -8115983 4576053 42530126 -31204388 29446399 -73637549 -43961665 87986962 -89502225 -41821001 -21140422 95253529 97666655 -72461895 -101372624 2028163 4450300 -102237459 29934675 22249967 -90424887 5669625 37175614 -37476196 549110 -37051448 38408169 -66907091 -24733029 -87791066 
13982673 -45325445 -91769094 -82101826 -72831991 -84667159 -41113505 46747843 -83850580 52832892 14540762 89871921 71908302 -77253737 63223827 -6397053 -66196264 -70178270 42375700 63557008 -25535431 79406070 -97552542 -81428764 2887276 -12048695 -104410816 60096175 -68560288 -24448015 97341580 5639780 -3757117 -39973169 -48654079 -99459869 58957357 47118419 -56070098 -42546758 -61953234 -23444161 90702292 55220805 98053873 -62246809 81633171 77702311 228006 28685261 -81092449 
-32934815 -24767251 56268386 45241177 -48585717 -81968431 -37247105 -46887664 45539278 -70188818 3196050 -3460223 78265276 55017540 -53920365 -26708338 93119038 -17365127 -11965643 71279841 -63916199 -86667486 -58508391 -61510887 24933464 -29562284 55399406 -77326524 104726993 89457749 -13591043 -73771823 69851657 71244496 60505054 -89867713 -97010010 62273774 25072591 -10584308 -90311508 -62038403 -565945 -11358909 -55367014 54367901 -33223651 -97625683 -69463177 9109053 31520815 
40394632 97668916 -23477587 -93273899 665470 -61244099 76411609 -6193217 13643947 91088733 27858319 118744 12035199 -25223760 16754575 54347950 -6079654 -91944551 -3292261 55618610 36908436 57415451 24617653 -34043792 79413935 101982576 -50068155 19593474 -24361872 -18127290 65405413 -97704625 49023342 30867277 -2552979 31659436 39814293 -5773730 14454141 -6413954 37890699 -56557483 -11914082 12612439 66690149 79163397 -68379701 79448431 45329626 -2951062 89245486 
-105063184 9452787 49634647 -74119379 47974682 27677724 -86777366 102025459 83075466 70599319 25254385 -69863256 -19170347 -1148445 -53095685 -78836767 84119773 30223825 -61621954 26226372 -102183948 13386720 50300172 81261854 -20507902 -47556572 -51635240 -72518009 24505560 -84338447 90563692 74751456 51173839 91493801 53068829 -99687889 95143404 -48628639 -62726152 -17020266 43752432 39526385 8186950 -22085725 -64052627 -92040970 -104568341 -6335050 10776679 28392701 -25947028 
42691482 -101050057 -23173637 5243982 -78282923 88302007 -53637457 82728528 98316093 -85665677 -69177647 -18167110 43463554 -817108 51237955 -4671762 17887757 82111071 40698202 -62521154 -75160572 -50688518 45665176 -104997471 -91251918 103327657 -24584046 -59539299 80162712 -83916 -81387714 88800267 -56151205 54158725 -78333454 89139042 107272346 19770847 -10006667 25267876 -59527774 98476330 83737887 34325349 4786400 105738352 -93392446 -98612029 -43717606 -92256173 -21369569 
-15357534 -26396814 22203713 -105998139 -49440487 40082139 34762661 -6087704 -14470366 26663335 59158688 21376996 83447717 -10212949 17562350 -12178138 18870271 -70266430 -61003617 90462651 70907519 -56952424 70723756 102506648 -75416172 93250205 -54590087 -102581115 58609877 -67909315 -67253021 52976697 58104804 -36082666 99997919 63309928 74953526 103093551 -45990700 76103171 -70464490 83036946 38213001 31755533 -36531878 106490797 67352278 68675906 30228541 -40589555 -70972584 
64471162 -90460036 16267040 40259272 -37476743 -78450318 -14254453 -43515315 -49285894 30008210 89871634 -13015625 21481947 105118290 -12338585 -10409410 -18932931 -56397619 45584690 48135570 -7494466 63074703 -16965028 -18653576 33770427 45051787 -95448906 -89585708 -87164140 -31565852 -101692577 -30879041 -84106813 42490819 56490615 -65195841 57095473 -92580178 -38966862 97085523 47890624 -38768257 81703203 64002364 48702975 -96190709 -78983909 22361184 12355452 -22311799 -14495520 
78449029 24425927 -56043214 76585512 54564751 23689928 28061348 -57390265 57900111 67626564 103719374 -18557773 13704753 -75730055 75698726 -43812595 88259721 -84888433 61411680 -14615786 -63819106 -9930919 36046561 75313034 -34790900 -105864896 59759998 59750784 76714892 67829721 -64307271 -3401092 -40624046 -98133448 717872 86965264 43313503 -77184619 -17799453 72701607 -27699740 106418002 -20360155 61585983 -70132617 13002514 14285501 -10352742 103398419 -64885902 -53327685 
-70996407 -104260191 21926882 65191025 49239874 77291184 -42356867 -75775731 101281185 -69952244 74792016 -19188516 47847764 -47088091 90405036 80201499 -4745071 65609110 58065416 53856720 101640601 -70111225 44233061 -38744436 81677983 -73516483 -35235959 25550359 3143536 -20394200 -97976859 -81596625 5004527 105166094 -55769546 -77859439 64660148 17098576 27288138 10991799 -63826609 13630565 -41902179 -6477842 26191402 -101331410 81299197 99559066 98430472 49309213 -55504159 
74940740 -103034643 -83685161 101866881 -52537655 -81215910 -70190417 -75617611 -1292253 -13551793 -31751699 58495392 6556395 -22477091 6572257 18505882 -55686863 62253018 -81941818 -85370985 69836581 93457138 14964585 29693080 -41123477 -24622044 76368582 58915473 95828112 81785009 6947398 69491432 -99385696 -48952600 -36993404 -79522984 -71409905 -10847208 346310 6720242 -75759512 2778649 47038781 48830918 -77116606 -91202877 -21646807 100654985 87650103 87148223 105193614 
-68070974 -16111103 63466739 28313467 -55868814 -87613200 36045890 -71592429 -49772303 -33834741 -9927701 87367033 16615004 -33039370 -105399110 67002178 -87878397 21769542 94939115 84632300 360153 -100067645 22081190 -68607425 92402105 -771077 -44898166 63795096 47744462 28898902 -67460110 39198970 98969198 -27719052 76924379 -85732970 -105189208 -87242164 -45435972 -73414138 25966651 7664663 72398497 62605766 65689557 -20999517 -23934864 10770700 28092072 46175205 30775601 
-703015 41819187 94362789 -100202162 -89337775 47947985 -43004148 67980192 -49472928 97289568 98864333 44513732 58192144 63800967 103658444 94902520 12282423 57404202 -102105101 -93135443 10314819 -16316816 -11063085 53998973 -28967624 67047845 -10752720 64120621 24842312 17513693 41271117 86778716 16267413 44652265 6560337 41433408 -82976551 45216141 60614174 80134317 7082604 68121981 -23926023 30372043 106182639 -94740677 -103624060 33678356 35684824 64964495 92246826 
-72680896 -37712189 -73084120 -86889713 -20171959 59157888 -102400524 -42419382 32220639 -12994420 39346455 -26491012 4346084 19483639 -107101890 -5545014 -76405345 30024164 8065162 24513689 8652919 -62603824 55053359 103435928 -55777998 -29460214 -16599675 55992586 95984795 -44043087 -62204893 -75251934 -12336002 -52635150 97996583 54984588 -14676372 50130963 38917034 23831242 -96881999 44838460 -66501728 -92316908 23258074 -93585100 57987470 -64556356 58440557 87560321 34666061 
15285797 -38642582 76332910 77628773 -55667682 -61888437 -26675731 68614122 35308955 94317649 -96141481 -48092187 76216568 -29047379 -45810662 -83817244 -81923253 -67133127 48561538 14358691 -53765872 74878825 83041620 104671227 98765411 99470176 26342836 -42114569 101862431 -12493983 -6436679 -37025369 -61411936 -52459226 84505561 12584577 59682831 -51794400 -51431164 45312331 16919895 -40206176 23499205 41027187 -59797878 -67998272 35427282 -32283002 -100267943 -45481371 -98838204 
-85534681 -43917678 49435502 -60115877 2490088 -23678145 83352598 19798256 -88097120 76919484 13591135 87413828 56879186 -93869250 -60544518 -92910060 12954656 35139901 46890532 42969270 -38147628 22666962 -38517927 87965611 -15998464 65746478 4140902 -30694538 -57711976 107142536 594652 -40262785 -26195622 -64986912 45655389 -43343706 39704658 67583675 82441216 -48133236 69420113 85040196 -11340606 68639525 -50707774 13732451 -49650893 13168901 39210801 6554611 -5907303 
75938745 23855057 -78611663 -71077400 -33145765 83838127 -53502943 -43059326 49385974 -8161818 32254899 -95406569 47856328 34272249 5623704 -71108048 106459352 -90770418 -104561882 5014964 60833812 -58450888 61484057 -97655295 -76336580 95499673 62610728 79456662 81627013 -16307273 78580911 -4596895 103142506 -79442686 44931864 83329792 86301098 16006380 -50560044 84039298 26250756 -30766357 -28848354 36656875 -47727255 -60689541 54288456 93419089 46171969 39008232 -71798058 
34699895 -94587214 -66432768 -37297063 -54476548 64685252 9119554 -11288397 73264527 -32156022 -49898863 96327848 1861234 -74942851 -28193591 63124284 4006165 -51393352 37453423 -45781544 89499727 41530990 -5145531 47331761 38857952 -66550674 -65689029 63913526 101748402 27224851 42953582 4316220 3217938 -55847401 100014490 106790408 11196673 -23110702 30039628 53932745 -79953879 80680991 32262790 16416254 -74058432 -36358173 96146660 18672456 73807756 -10477877 58747459 
-68754317 -66894325 -105584117 37274165 -28622800 31253340 76285234 83548470 -84276348 -94670417 -67504032 -15577336 8495847 17976634 -54636251 -68281324 -1967450 -98279953 -61277018 -9477703 92370059 78986107 -71499553 -82682904 101732900 -68489616 -40014772 -38451988 -37047501 72172925 30641243 68245762 -60718535 82411665 -38727541 -95491030 -54425957 -45878333 105847589 -98311718 81698521 -24360953 -100959042 60869540 41757467 -13893742 5373839 -4605656 -2068176 8888207 -4398580 
-106758164 74245320 81106850 -106633462 32740571 81093553 -20500960 77264191 -74211445 -18297093 -63324945 96095353 -70196611 -49877397 104543649 -10139238 -92388697 -14041765 -105031839 -90126942 -105914887 37432298 -29762463 -40735753 -70639165 -38051656 10145458 -86773012 -95578057 60676347 -1169626 88886976 -36333158 91961970 37254100 28825177 83682494 -15354567 -90870255 -18225402 -89652210 69450742 -54603550 -88982157 83788495 -35308721 85729079 72776342 -56319850 14041791 34891050 
59657402 98273059 -7091480 80713582 -105975562 4341972 -69171232 78049601 102603986 -53353887 67404890 -70100159 -102432018 -30415116 -30097755 39426351 -25488510 -15478386 -35825845 -76392704 12357149 61546183 -60213034 -5479605 35874159 21714977 -90879682 38162691 -39785112 -84099814 -58413098 78380726 94708112 -36618968 -69619685 -98994948 46897782 -23370031 -82162319 -28690636 -779486 6466562 -82569996 45114452 -76999521 -88436976 -29458692 39021305 87133660 100845157 -71755866 
-86372014 79061810 72711005 28647936 -67761761 -1692478 -29547748 -106060578 -92875195 -4692170 38487349 -98927072 30413512 80733916 22628095 -35608090 -68735542 106592156 80192927 14663489 -34987553 -42475656 46642480 -99435053 -6458773 37396364 -53011921 -90419903 37788181 96218632 -64532824 -39135797 41665884 13782383 -78392531 3270536 -95029166 26646559 9068749 70827805 65891051 -80455775 -44796306 66715915 5100643 91130317 -6077632 -36745943 -47238513 -16663992 99144629 
-86354608 -56164113 -95426622 85959343 -35887172 -81197968 -87815662 -40242412 -16624999 -31924248 -19969965 -78309245 319559 55095726 12040711 -24452795 80065792 -21156700 -52534823 -81319982 -73984687 -43444358 8086258 -49064229 -20103488 -79021148 68727065 106993037 -79391991 22406769 71077077 2448492 8292007 83149081 9820179 50645245 105433505 -73323660 -50300911 -76084974 -23256611 48457038 -107192003 -45494384 -106237027 -40877879 101989427 99544789 -91536189 22701027 -8855298 
-17006072 106698899 90893027 70888924 7648209 -52411969 20687250 -63127348 20298801 -24476381 54414941 -32857332 49493332 69480458 5393097 40066427 -100148974 58600289 -55739979 44662161 94275604 -16501800 3940480 75613617 -89840137 8110658 -51269065 -26339221 92783871 -1593585 -22340891 72014998 24566527 -105148725 4010242 34891212 76703341 -31484625 77143290 -88163659 -12403517 -12632421 -103052022 23791133 102269177 -103698367 -98636292 89536529 -83633071 39189344 -9884664 
97624790 -75131808 83328926 -106713823 -10136017 -85373584 97101299 -92779701 43170052 77343896 70911671 -47907828 83961659 102628264 -43107359 -31485317 -32389 57950886 -13879695 -94407302 -52845923 -75240560 51239863 32469584 70160043 49578501 -45374320 -71391022 -82327590 -1490182 -76579662 36329015 77701661 -76280317 95212394 -25122781 -79622367 -1939943 35334226 9259076 -72867181 -5995898 -36885253 -32912297 -34007258 -27508035 -105104861 11751059 77679423 13439229 -8223546 
-69636919 56008195 23994098 -57626976 -91373652 66755077 93669750 -33495020 64344118 -61084307 -10297753 -56690618 -18148332 -59050367 78116662 67814892 -2599810 -86058667 52948331 9088966 -88108142 -12925876 53293729 -75201826 101569155 28313057 15768673 -44685636 -73868907 -38131411 101711554 19174690 -99781436 79852585 29663267 -8864730 -96168333 22069147 -2876850 -54900892 24947035 5784806 -27856173 106901456 -20315623 -100714228 -11729554 -35577489 -55335973 -58074493 37338281 
-26418248 43888097 13639780 -24048884 91784639 21246346 -71151669 -72897895 -1263666 -57208790 45101940 88182084 -65878025 -104331383 -83712261 -19388880 492987 -45123566 -60139271 88652402 -57857622 58385229 48035717 33704243 -55141751 29491421 100182252 -100949475 -4748273 60076471 31335795 80644561 59058340 49735651 37730373 2754099 83786142 -100828617 -12781170 29646262 33671832 -4078643 49198474 -103842209 -86425359 -8284225 -55985228 35458696 63730324 63387492 73151664 
13416566 -55896071 104452942 -53906141 68649749 -35885208 102298624 65467780 -17084030 -15649626 106316666 98420726 21790393 -107013926 34597441 -43734560 69151834 -22456110 12672289 -21328648 49292972 75858379 -86133570 -93222562 -73377757 -104244435 -77624634 -82137319 -90478906 -92725875 -104852543 -35470361 84963465 -34408939 -86380740 96193684 48722901 -26664890 -42539060 102242315 -14590200 -84200149 42837459 -7788719 25792767 -11740848 41094809 -107083611 26617440 -93177009 24754938 
23692485 -2586196 74839869 79371053 90950507 -39792006 -63204098 49236764 28510777 75523347 -45935811 85607548 97597943 -64650014 -55177198 -95250098 3015204 -46886335 80396024 3617629 -55117519 -67656283 76007464 97735922 -78412036 -67204725 4465499 -106824820 -22987694 37869356 44881726 18753916 93611589 -37122697 40493770 -72655674 -86952849 16088294 78586938 -19150032 63325041 -1458417 50948987 -15156324 -32468865 -85458446 -82293214 23072203 -52453868 92878681 -13315618 
-71920667 -13997099 75471056 105020469 55618552 3474408 47605819 -46547263 -22447087 -70196923 58343752 90287653 27989468 32442820 -64566533 -40155910 -41588262 -29340764 -83455244 91733636 -27291142 -51265638 89026265 34613810 -65138626 62763606 -36032952 8243539 92986522 70975379 -83356493 102563682 -75234805 -55677723 -63368775 -47360435 49543975 -70065425 104657697 2895673 100980681 -79058435 20306217 -30809391 88275853 -11079032 93443115 -56995849 75717323 -14328362 5499217 
-82440013 32839849 -52449040 17453994 5924794 87320549 71663831 -89647448 -101963580 5969026 -13924295 -47117123 -32720254 -76613319 1647525 3997291 51987294 -66301863 -47268042 62888581 -14587242 36446621 27169077 26729735 -36031938 -70711868 66925223 57561575 -2370738 -31650197 -71688723 -101632350 105150498 93371989 77609705 -50536672 -90638318 -106703649 -94036555 76581921 -74651023 2454867 67312945 -52340927 58566907 -44947599 -72056136 85662461 -55733661 -11276077 -28718812 
-43815389 90332397 65212930 -67794246 -100131958 -90674547 58779939 -1226385 21684800 -8857102 -90160422 68140370 -71062537 70853989 -95249476 26320153 -5348055 92782670 -96516346 -80486695 104293396 57353827 -102405127 -86723951 15498919 29507645 67503593 -38028484 -12800922 -33467843 -44809420 -41340920 68449690 92750706 -24967164 84652484 70983222 68312253 -85431738 -103268656 -16935587 75004803 106856394 61318606 -71866750 -93460417 -28995237 -99648627 -55733723 40127022 -65405594 
45649701 2618331 -26849999 43893976 -11433612 -5960536 85062968 -999962 -87920469 59542697 44562226 -6201838 104565759 -21819355 -80867400 44543717 -54264262 81141443 21476679 1265707 105117999 -70971710 -86983504 87155540 -12050318 68075550 -73472815 -83398788 -58598551 -103429671 -40994578 -72978080 781357 -16320219 -88169644 67827424 61750100 25544096 56225755 -11841464 -105932331 103441223 36676313 -28043083 -99038321 8080530 -81883166 35934612 6381379 -97971523 -58113440 
74440994 88910647 -22733343 59882253 -14059427 -69274982 -93511765 78666543 91737192 -98586996 -50746478 -66065521 63319694 53755160 1433605 -4940667 3451048 -52737654 -94973211 53913484 34702310 -59063248 -73026949 -80788812 62261813 21024820 106183781 52636855 -98509794 92129885 13732870 45636043 -104779739 -4440975 -14538438 78111391 -85075042 -26556947 51521463 -102791035 92566008 50656327 50200458 -71650802 60955918 -29965185 92003452 -10140930 61762695 10071760 101673075 
-24734125 -52881916 58447074 8146191 82072845 46317411 52728705 -29149649 29070497 104286960 5975754 -12105516 39656319 -63164500 43303868 51578167 -18467998 78108359 8261768 43895044 -105358964 9122998 22247715 -88741499 5340747 47177197 16287367 52318467 -42645269 101097069 -49796470 -24281047 31418187 -8197106 -23442161 -53410278 87420547 -82072773 94364524 100034387 -35658262 -34883400 -98123681 29247574 70444570 -100507797 -40031378 16776525 104753629 97948970 86678266 
9024567 94437756 -87934252 -16213926 76815866 28255856 -38739977 -18301590 -80075550 67653143 -21344721 66907670 60275654 27086836 82526947 85317360 76712675 23451416 -103566731 14146124 -62807118 -31087634 -81448605 43129102 85564307 -95582095 40030451 52068059 -30599147 -51583898 41071876 98997624 15763350 -11266114 -55742812 -62836121 71807502 10081183 73068738 101584999 -86786982 -32734707 -67815159 46882939 -36432807 93864267 10061118 98626090 -61191800 -27989694 5642441 
26801191 -31754111 -101370585 9390272 -40250369 2848267 59221967 28139875 -83687829 85380378 3681566 34261951 59547694 8764028 105048943 -97159574 -5166474 -57350341 59890240 7775687 25992681 -68065506 94263817 100468510 -49962162 -74649546 -21872679 -8694038 -100670748 13314028 -86499569 -101519595 46574732 -21355891 99475220 45820318 65032641 36637099 80793167 68637053 48134578 50513576 70030896 42066236 12202795 43729344 9568326 60566209 11428319 23205612 -82465557 
37906557 -69561668 72600011 6339416 27644615 82917407 93772590 -75472185 -94558450 79228239 78200369 59284381 -33938419 80805924 61639710 6559710 88709548 16766128 62217055 -6634347 -52002064 -18173687 -31636537 18777686 -92353502 25199404 88722528 79055872 -82585408 48549945 36859685 101285255 1207144 20192228 -87862972 -57631904 44339310 -50939886 5882663 85957290 -72650015 38850624 99856448 96913786 -21448675 -21266742 -83904143 -47137815 -103895961 27247536 -92122991 
-104631099 -76273326 -15168440 -1561861 -22611450 -37077703 19180360 55951696 -32946606 -106423799 -29968070 -19266068 -4917327 -30164051 -23299654 -106975277 -29891725 -1527473 -82860463 29728332 -78555563 54630822 -100118689 75925867 29378882 13626518 -20651595 33136273 -13044924 -95040663 36069724 -40633555 -41775542 -43022780 -78896523 -57997994 104600090 -50693051 17021215 24617355 -20221937 -43284220 -37617913 11938852 -93860084 36332711 -45937705 16392468 -69077513 48202089 -86704255 
-53799245 64602200 61227672 -75300046 -10163237 -62895402 51960934 538630 -76089859 50585376 -7203088 -64145248 53862299 16384566 -87323410 -79568060 33172124 10324059 38305336 50344155 86722010 63774145 17365039 28600337 -3815227 -67391918 -95529092 -37147552 -96169155 29486691 4727171 -6117124 -4688105 9593082 -18810293 -97529898 -51225081 39045711 18469906 -86328693 -64275455 -65959578 -11691819 86617946 -72115455 -52036829 6420517 95339054 69225302 73912929 -73849807 
46379040 97828653 -40087899 18159854 -31826891 82176423 -60715126 -84657690 41165845 -7676400 -14086171 105700430 43803909 -91169060 26952234 -18409244 -88882222 -94829298 -14429365 -40733201 -46557707 -81995360 -41811366 -46977655 -19560050 96821025 -88922822 -28208296 -25649331 -60640966 94574139 78927209 -62417119 63566310 66429428 -24632518 -84437896 -52507286 2184362 -50715526 -84411764 65240302 -97945122 -61650474 29190361 -88169326 95136591 -23117718 -83826093 -103740269 38508670 
19365972 -49854021 70197393 12677221 -77548634 24171026 -79508725 90003086 30800149 28526872 -90705391 61305319 -60700647 83697216 -4251820 -45778245 32242556 -25627760 30556163 28676810 -63776590 107103550 -81693098 20585225 -97394784 38825470 96087772 78091908 -40297305 101176391 46026876 40495517 84145313 79600817 -49689363 -45957734 -14246462 -83675025 -51259591 -85857808 72661558 -40378662 -65020358 38342618 86362736 -90873646 -34186070 41508615 -69610394 58316564 13927691 
74817404 56238052 105699606 -35582486 46302622 -45612071 34908975 44642166 -9575931 88569233 27920783 -102045600 -89136422 73771122 -104288864 -31922024 -41545071 -30943289 7586972 -54666798 -22657503 -33852915 98381575 47557952 -54256813 51210387 -30433242 38958755 -15302931 72201856 56697613 31825974 -83856852 42438082 73178873 -44297590 -9261774 30769586 -84610162 -42643495 -56624750 91366716 -34885135 5449512 80085387 3004118 52364323 66057434 -95799493 76447493 102951135 
2626749 -93868195 -611200 -71865685 40577525 -53713300 93577574 -12197557 11128201 -43606756 70588765 -91431323 -7391965 98498304 68586024 -92305092 -76592483 49859538 -47556103 23226466 -105994144 -9377183 -104609237 -104425061 96281542 -93906694 34781147 77638789 60501140 -74534104 99344305 -8252049 92357578 -63520563 -57785214 27640596 43878797 -1920256 41183273 59111801 -96077927 112688 -55495047 -83372805 53682353 -3372115 -85794489 3346733 28053986 -83005448 -45843007 
-98698706 -37167110 92614881 66310661 55176868 45611074 -20237319 -101021550 -26686090 47962790 52589341 -40245657 -68891499 -49985503 -61376881 49827945 -93278528 25715842 39844470 76423901 101749757 56150596 -25976099 21795687 48897085 -23679037 -82528652 53786233 92889773 55340253 -44399769 -64629244 15239613 21967538 8347218 44949975 68889246 27834020 50803808 28139167 56946970 33269201 20286522 66432631 -77535739 -100863997 33916273 -93755931 47376484 43833542 88601730 
-22219047 -39089035 49434805 75030533 37241060 -88581441 -15851829 11363445 -45117329 -9129216 22909815 -56698403 24544942 -65839530 48327259 54042528 21882570 -45011658 1100131 -77490517 -63740079 63072854 20846629 -53128868 -69057993 84901021 54054617 -58936553 -54656878 -91657553 -43192019 -67458426 -72036601 43324152 64601673 45606456 -25033158 57626679 -101340492 -93229726 74597444 8834137 -78620403 -64408294 53261817 72748618 -45712919 -83233185 -12830552 -44133332 88631003 
77602896 42430031 26331428 -46384357 -6875690 38124716 32852038 -65580613 -36733143 -24164829 106523458 -98021269 -5563321 96407367 67584280 21771012 -24099927 -99424064 -6104763 79669811 -77312068 57896005 63750846 43343744 -92327421 9933554 -53314358 -53407624 -4760523 89020056 47478079 -52709984 -105868494 -86414258 10993082 -86982779 23146947 -79715407 57900944 15218228 -34724478 -65456086 39250415 32068492 28545142 574462 -76017614 -56427976 46608325 -55286794 28122006 
-63540980 -81562759 101248312 6144774 17444068 97096540 -6156832 65794938 77907739 -96457557 28915528 -69661391 -77319787 -35960571 97017778 28337765 -14576995 -27233306 53304988 -55670714 -1143650 45600698 37268252 -96003852 32849522 5679919 19486033 70445062 -22147796 -33603540 86726752 -3812206 -72137051 85977876 16513642 -84099638 -37635516 -25682996 106447520 63882886 -31986010 -47970221 73294778 -28908625 73915594 -1998435 -76970991 45211830 82768788 -47453518 61022323 
45388710 -10297530 107003034 -87479126 77455992 104582429 -1645601 87341869 -90449070 -82363994 -84841272 46786073 -20857881 -104913072 76479307 4394451 93010833 82424404 45783151 96979309 2827246 68686510 -61082189 -61836089 -15334903 53230740 -23585979 56494121 -21055110 -79632404 12873219 -2441374 26578662 36021606 -57465374 -56411315 95009794 77766484 -105041446 68364453 46272261 72777212 21628899 92900478 88737009 -92557898 -3744481 -18686196 98090744 44377500 21473023 
-46268231 -35807278 55571271 -104270124 67018323 -6037754 87652840 86573795 -86538136 2683819 -77481046 -4517425 73712411 6831727 -80930294 -80026581 -36371396 44544550 25043542 15822295 -84169861 9224406 69743660 -74712951 -106941839 -79627984 -29073041 -23580277 70046942 101380460 -94077775 -78741538 -62411164 86552193 -42768938 -15752794 -90226148 -53286766 -41687536 -95476121 -89558382 -102577147 -39679067 2197779 -64479177 -59084952 46971563 52446931 -26559788 32191555 9671749 
-95866008 -16960532 107101456 65465046 -42607914 -98322725 -14453838 56824152 48082797 -1831142 33198223 97741326 30978841 50138233 34151582 105531635 86693657 28742953 -91428057 -30299246 -36553834 -7263315 45665077 13898471 91161271 45669213 79505755 -11078294 -51514296 -89924087 74989891 9563141 49511034 -28300408 72994670 70588865 57366689 -37516876 -61123799 -99158792 -70778660 -31702776 29279414 84206004 45221792 -97166722 -20387032 76258055 -43127375 -40326048 -63177997 
-53557882 -12319100 69120213 5016300 -100667568 -54787279 100300655 -59740621 -56352823 25561002 -44169702 -86374917 63986740 104168100 48591201 76642474 64214955 90851871 13674820 -76148304 -7020173 48929421 -39024879 -13805969 24248664 -75867488 -81048950 -26363167 -62980371 -29576499 -45166835 -98128792 26000251 -23516191 86826773 -84375033 -90577148 -39898457 89700602 11535387 -76503282 -16024064 82245713 -31996938 -50603806 -104631981 46028023 42476580 77404371 88960589 -153365 
66114779 -66035423 40920068 64563817 -61471881 -7041642 59389096 -43828615 25151090 82191925 22214285 -20273241 -82975821 -54397065 -54766296 98224288 107169931 -93528778 -67011617 -103651268 -77546212 -41992457 -36119627 144083 -35504188 4818011 -81945064 -87485639 7389829 -69492002 -33477735 -101184766 -4714439 10563670 75049774 100251728 30679374 -72372636 -48465597 74007179 -101923368 88286218 89388454 36510010 -70822941 -54459143 -93547275 -33289025 101724699 37462301 -94394715 
25183206 48197935 48315130 -92140203 3921034 -12077102 -86742318 -75449656 -97755894 46381324 -24965358 90708407 64032500 -68876496 3103458 -20975121 46707557 -5247244 -43144039 -77403800 -55364528 11601911 12218581 74653305 105217389 81973293 -70569995 91995345 58358756 54362484 -59089950 57262646 -71700310 -66267684 -25751375 -71256735 -61257631 -78394703 -20536949 78608405 52047991 99449915 -75908328 -21222116 -30697463 -93622917 87204196 -50670829 6387731 75070794 -79411329 
-69966126 -54277777 70246273 -91174848 -17731067 29109526 -46579924 99087034 94824842 52448262 77948151 -64294563 18773478 -70223654 -6761137 -59556197 74325349 -91425251 70628483 -31455920 -25621636 104305748 -24391167 -34334162 37841502 -65278774 66680593 -35852581 52280087 -86970469 66060312 -100017420 96220637 60756586 -12326886 -43130911 -96472351 -55296635 -3746058 90538721 72426019 -85609271 -63550286 9827752 -83706547 28506993 26171170 -20825293 3549799 -45462572 -14804897 
-82215643 51763589 -101649630 21298974 -80430553 97216127 26409024 -34502973 -77102997 20090401 -39176344 20244066 -73881823 -40438413 -74180695 -97963965 105515780 -5443532 36493283 -64114648 16509891 -100639944 6751338 -84953113 41882777 77610663 18329985 -46353131 84709604 -13859074 68990539 104594838 84540734 -35659605 -72012326 -51941452 -73745204 -17688519 -103995783 -74033852 -78159433 91691303 79000256 12709347 70608774 -88641764 14329581 -63259915 -103959274 -47436300 80707586 
-97585338 42785165 -48194066 -30669738 31760409 16039125 32102026 -380182 -106938539 2902383 -42253876 -81409687 2260879 -50624049 -85294033 -27855597 -88671236 88539160 6552162 106318890 67657388 33726553 -90448319 2946407 25149642 -41554138 -34142846 78285223 102560697 13471294 -29959191 25108871 -98949386 35687012 -28245884 -14323656 42722945 -50382548 62781101 52312722 -30917684 49254948 -22927592 45820795 82499224 75128113 69604268 -3126605 -88779645 62672347 76100932 
65142172 -14345464 -15426338 88446707 94277809 90485942 -59351467 -55972958 -65155408 -2786989 30273247 31943525 79735240 85274572 81125352 25962179 -1542865 -89650463 -14887937 -90566645 9801810 77678268 103588436 106361504 -70511313 -33334904 92716482 -55870028 -89885615 -5601985 -8449908 107027293 70566198 97919770 84673599 58957838 -16184918 47486311 88573305 -21013073 -65261191 -18208286 -63055861 106863359 -104301977 -32061914 -45740659 33453016 28341229 56428722 -17848819 
-25889648 -32194324 -28108088 -35128196 -91973069 -14392516 55596384 -26217214 78891823 70537195 81900870 -26552732 -57504494 12948569 29694928 -31937549 -42990831 -16393254 29028677 -50073625 19685571 60785005 74443853 28786270 103348580 41493009 -8493084 -30527341 18357358 -16448468 -82424860 -59603360 -23595852 6821794 -99024989 34128711 -81409535 105440673 -8679072 37453625 -31467455 38954666 -24395797 -13667384 96445272 52843518 75123699 80196022 -44899618 4872119 -90955734 
-91840241 78527289 -4224999 74297315 26077569 37084827 91721318 -105167273 -103350667 -5618666 95620477 -29184284 8783677 54787507 -20674309 -41702715 12284181 -77988268 -68252362 -59595747 58237971 -46987813 -69070807 15234486 -49989527 12318042 107079996 12655485 31305190 18265207 -25383744 30232485 83227762 -29145377 -61770727 55668500 61979471 -18541003 -73292693 69074561 105657941 83809949 45103767 -64142983 -99005999 -106993925 73408582 -25362496 -4028379 -52913401 -27373032 
48321359 -98237863 22167828 -63532242 -5018829 -39162712 94031708 35935427 97274100 70798342 -27276859 53228011 90173040 40892568 -62475316 76561196 -55184316 40213917 -9556750 39393665 47073533 -31078208 -73074156 -10807976 90054867 76124006 -67602323 -23970929 83524515 57462860 66499546 16195977 67122233 -31920660 84785067 26081355 65116395 -52968489 87050888 -68971967 39743940 -99094230 -68137221 34841063 95673735 -56830493 107165969 52353121 -16828085 -4062417 -57610507 
100888773 -35628703 -44976736 -86425552 22631853 -68056866 44431449 103213552 -45402129 -40661 -87903915 -103889770 -69010595 82284779 77267273 -31801927 -32771842 64204432 -67170790 -8649193 -27886312 -94146395 -6668558 -31665249 21310095 1347521 -40165861 13272615 47582590 -67276166 1965450 -5484268 -20086805 30172383 84010748 -78944049 93409199 -54975917 -100714798 -24676834 95340739 -20247554 84777043 78160763 -82766934 103308547 -30264110 -89572794 -41759153 46530044 -61739510 
-34086222 -36576393 -32544144 75187405 -76814464 -48765505 -22067467 -81552649 105792423 62544009 -42824888 99830099 22680329 -19737466 -37869036 96937746 91761802 -89281651 -52730774 -70123667 100491674 -98726280 44357187 63088371 -32066092 3410455 64093732 79112091 -86960808 -61406712 -87968128 97600984 -25446117 26190212 88293051 -5661670 30772495 24616413 20335301 41553402 91868073 -73948794 29791848 21079962 -64589766 -82261331 -105883035 -4488396 -58016824 -76670389 693551 
64432793 104184004 30122049 -17271407 -64999996 -83248147 -15035802 -41982654 94318616 -4639550 22622151 -42396057 -38800120 106582329 -31151965 65134280 -53285578 57102272 -35158096 23612940 -59636314 -31946482 24875049 40798282 -80649599 56388860 -2088655 -93223534 100776874 18314530 -58280535 32264231 102206952 63264422 -12450360 75998287 -43514496 -82522175 -93442010 -79339878 93641776 93446706 106807731 -87913035 43586909 24283830 43537162 -93144075 -15549845 -58780401 -30776142 
-21840455 16810648 -97282830 58319390 48142359 -11136747 -106598350 -31126088 55653125 -27679437 13454172 -100582830 -104198038 65698720 -57500998 5716500 -39734144 -48391899 106225137 89400829 45823382 -46992342 -84150517 -37677052 -81790633 -70222060 100956597 16458682 45467800 51888973 105488095 -27195303 16980188 53885180 -8271512 -56942625 -29868230 -56419553 99792335 24080002 -105266276 35937122 60777387 -56761947 -91373635 67811316 3749379 -19896336 -9431856 67097181 -72936842 
-39686537 53220556 -47418520 62036393 87761610 32129240 94014824 -63741138 -76622544 107063093 75199234 42790451 -79735588 26929200 11240244 84336837 -81106665 97461725 -24457628 -34013133 84574120 42188043 -61922330 -96549913 -4259314 -73509294 74337856 92384253 41568561 19737389 -53440757 34919500 37032774 -23524236 7436254 9106023 106873455 43893865 -94497816 106799730 -57671348 84464316 -63904519 38604515 -37877694 -71884921 -24963359 -62173155 -61882579 -54277790 -94385822 
42265635 -67986278 96660663 9159336 -48479882 48749468 -82319568 35290079 -80269024 -41888596 68115372 62800635 51256304 -70584939 35066296 -105143900 -25191981 -13748781 19862472 -26208562 -56762354 -15196296 -45221868 93456957 104637093 38131861 62371106 86924209 96525179 -65555863 -58088155 32065697 46456140 -14978420 41555216 -92397684 -95810792 30032101 -2348986 45996606 -70882349 62816146 58670792 5292177 53738094 -100052133 -25722727 -45901385 -20074220 6626745 -74770908 
88160888 32768582 -26362263 48105772 106378660 -105242926 -50019665 -74908905 7237541 -41225516 52024128 -11142867 29438084 51496455 -27447006 9563876 92014775 88116555 21588436 -65265210 -1196809 -51621464 -38373376 35295248 -104550247 9203584 15792536 -72187550 48714817 55414020 -28262566 99224043 -88368705 95268252 70927771 99263755 62228681 77925939 51882193 -8310647 -39448331 -31317792 23201241 -11515809 105987855 -34208294 48436754 -26386780 -50355443 -12678580 59802953 
59812798 91457755 -82111649 -23679828 -37460162 102631863 38876528 -9290882 32753727 -44578843 -57316070 -986829 69981268 -70242977 -103717593 70359564 103919734 31097510 -41527698 -69506775 38873519 19261564 70691596 84340968 -71852759 -25758549 -58530682 -89896669 60751135 -62532342 -89349745 43537488 94242770 -71888751 -34111451 79303819 -85763841 -32436748 72415708 -91738792 -36810558 -96501066 -98040246 21981743 10511707 -1536491 96875480 56585424 46918943 -42293527 -23048015 
71771743 -15434066 15154558 67005790 -27633974 102114584 -46044164 -99561433 -1492250 104976592 -11783383 90792774 -70810294 93502953 81457307 -44525306 66680728 26228876 -2518040 -3303712 25110768 69248818 -105289216 -19399101 80064180 8030938 92853284 70654947 10329494 22528927 48221868 -35140113 97408684 21231701 -59410301 104782175 -56783921 31883153 -22805171 -105114101 28485491 93078516 54204897 -91943218 -99344819 -99165693 27890764 63735222 -55766681 -102601937 -84161452 
-1038267 -66758256 -68431382 -15616443 12915881 1261023 -26409123 72127037 19143852 91358415 99611041 -53538216 -36432923 -52630768 -25665942 103650062 81160112 -13331303 83148390 -104857568 13862255 -64305725 -5875296 41876564 81467022 -51526588 -48215858 -38131446 70677638 25164058 -43273506 -92111075 -12660390 -58314155 13082369 47717378 -104713972 16458215 -5304080 43257802 73340784 47967708 -61143813 -102209828 48391855 -95019717 98878544 -11087066 83734789 20312492 -38470395 
21401684 -50001781 -106276077 -2802169 79677818 74119083 50512693 -65978961 -46310744 -30843144 -47732384 94964101 66218966 73771850 665415 21240045 61098382 -94282454 -6029335 -15505878 74228250 93759735 64281434 99648803 -80499024 104276523 80360896 94884265 24748171 -83044665 -85962661 3376987 -8428836 -90821628 -3607236 37151386 47904426 24302385 93382945 101473437 -79912996 6757620 -48519493 -93757489 22628647 79842616 77605801 -39451944 -42153124 39902592 75291750 
31327070 39696304 -53274783 -17681322 -98510187 -3875933 10408880 63992374 -37519533 -44119352 -38571731 -79212670 -34284883 22041518 -50396665 -60147381 -97309898 -85192403 48172656 56085456 107340132 -98289029 -15040619 17529144 28276975 -35554531 69563010 -57930441 -98216620 -68895877 -30640554 104450279 -75566341 46634652 -11763752 71403990 77934732 18489873 -12882770 91336370 -30692542 102638204 -36883053 2066722 -46006595 -48766932 -8226872 69188572 66322230 -45786718 5577189 
-63234596 91919333 -25283451 -43589343 102191879 -49103850 -90797715 42944418 -14170471 106398320 27511415 -34017818 -44930836 -72958452 32860899 33370461 -90864689 49166035 -8956268 40963557 -54916244 -94898510 20523222 83371709 -39974929 45641411 -36632059 33097594 -97808653 41616439 74350949 44366596 -65442458 91838226 -8728778 -101713421 -19593754 4412402 89289670 81723767 -84648569 -100193926 -46399796 -22617219 -28959674 -10013859 51185677 -6549091 -47528868 76589290 -101803943 
66810451 -60958313 104981501 -85781491 -10743881 -71399684 -75051072 -31755629 77748242 -86714012 -47428618 98843302 47304401 -17568135 94654277 -10924939 -30500944 -89510628 86277013 -20302458 25564565 -11637557 -34587644 -41207895 40017100 94458035 -30113422 -2255944 -28459184 104369514 69901850 71688298 -61823881 -26895240 -3545587 38938561 11394057 98303085 -96284900 -35504239 -79385630 62912578 61911812 41778032 -22701135 -69899406 -83064555 -45116779 -30902833 93186631 34948201 
19877089 -25222823 -750175 -85821729 73535088 -98444146 -88206101 -79750529 -70329353 -36395321 102539767 -5843017 83175768 -93090239 -61699981 18394068 48729635 -68766161 -73416731 -91286509 -77869891 -56065941 51339878 68085687 -69984771 -99483045 -45081259 91565431 86078640 -10864754 -12278288 2932925 76707283 72322637 34778780 -74819215 87474481 18594009 78205518 -79016468 31638624 35199868 63239686 24475490 -31452209 51989226 80051605 64899231 -54800257 20909562 42444179 
97778102 78496035 79392249 91910953 17072348 10250880 -78510213 25412161 84516652 -93707247 75062918 -34169596 68219702 -9015268 70581845 -17400975 63588045 -942202 -85863013 36341188 39726895 -66986754 10723751 -63375546 177835 -97635599 -58229261 43809015 -3623087 104485376 -7553783 -23341200 77801957 -16501833 -74206853 8235299 514975 -10344435 73183386 -2443343 58970392 56901990 102449193 2167560 26210515 12004160 -678393 -57091725 -42666498 67504761 99363570 
-3725668 76496230 103710803 -96353171 42797730 75233383 -4226243 21734503 71092424 -91471992 59569895 -75368354 -15208976 25472949 87430318 -13635413 70786634 -45929767 7575564 70839563 93319440 -55478611 -28404157 38404214 55128316 -4816394 -24720579 -77873906 64038389 25876481 -52078987 32050496 2112942 -34826873 509791 -31028991 -97544944 -106468356 7981653 -67934381 35270655 -48648209 65544633 24796714 -21814910 36513852 -67870677 -2280417 -12134474 105562521 55060224 
-12490452 -64841748 -10879976 -43771026 -9775335 -47120438 -45874345 64646804 85231343 -66158705 -55297150 43169676 21212619 -102959190 58037927 -36160459 44948100 28282204 86214710 -40983229 59923746 -34562105 34081573 -32383295 34481052 -99461642 93185285 47188844 -4869064 77691924 30414928 660074 63344318 -76290012 17342301 37593924 68367253 -49646701 -48944873 -84937300 99213423 -72384947 -4570681 -31708905 -14201428 -44534413 -104293645 73619133 50682389 70366833 87296634 
-71159190 96611133 -70511790 28690234 63918541 -90076619 51891719 51544299 76872347 -30593213 75011077 6684536 51796163 -86794665 41275014 -84947728 -18456854 7854792 -25240002 95647784 -69963456 47546377 55867954 5811574 68277763 31540846 -1586670 93517065 2045198 -2895871 59318555 -9918244 45200098 -48015784 3232823 -9748907 56773886 -105826666 -28271948 50886805 -46269686 64290416 70218209 74081736 73858350 50719304 -35993129 -4703525 105923166 104422241 -101369774 
-31365675 -89985580 -28437700 8835265 77632254 71796264 13524077 -76958284 37618450 97286312 82293129 -72191767 -36147617 72179649 106660038 -99705809 8239988 23143235 -33525180 -93800990 69898436 -92572939 -58384758 16991634 -14126165 50096690 -43690220 -52640842 -66071380 -32029414 19707399 82308436 62926003 -62276236 -33444683 12961709 -4935389 -25064613 -12501046 100097018 -71597013 56699243 -96351058 72967761 -437899 106895482 -90700500 -63704687 103313196 -62445945 25456166 
40761146 15611266 92217408 101273395 -18383151 -85441215 -68778631 77948864 33239470 -89989081 53734304 3312782 16051333 99787283 -438842 -106706111 -106808932 56596919 -6207473 3840115 -102213313 -9563986 -55705246 106054531 99146603 -94896565 34925480 11052720 27143963 -89447887 -45876264 -39068103 12775163 -15772589 -21739929 -38194216 -28079615 79505331 -75285535 -77483705 -74909886 93028496 32579579 34108259 103590629 18116850 37901328 55665915 -63986886 -98833768 -77276395 
-20224333 -7583939 -93219314 -42608381 -11369606 -76373647 -17385386 66513614 -54687374 -42799493 27436723 39668905 -62266053 31131846 -82801399 -79195471 3773056 80491002 76835356 -58568142 -12109217 101717862 -25632833 106446159 -92296192 21470383 -88627605 40017899 -48497554 106847864 -102986538 -57300883 35199773 11802545 -69469298 -61840619 -92922777 73674369 96711398 19589812 49204766 -52029123 -84811257 -86690245 26782769 73803665 33016323 12911036 69134199 -73534638 30909729 
-55411449 49943170 -99076150 -55444369 -47033565 29037708 56663871 71396877 -60011175 49268946 -32651907 96931928 58842570 39808042 18605654 11879457 -49934014 72637415 57941843 48485531 -100764744 96429665 42726806 60437075 58466695 39541507 90516815 56329798 14371291 -10061917 -30627797 -18879113 -47089820 -92885565 187806 61337469 -3324418 -40682884 -29179786 102245063 93158705 -18240333 -96986046 94598707 68623311 -55348335 -18001282 -91899928 53326236 21625328 22457064 
-49296357 20550663 -79866245 765600 -65738874 82599934 69950607 93792212 -81750952 71111858 106098282 -78275215 59112951 66600333 -8838357 73307472 19343763 -84584724 7692148 68664221 -101129771 98578890 102857253 -74838867 43231711 76276793 -103870965 -62394648 -93204739 -75777709 -1456395 79574250 76482172 16201463 -49088384 22972013 100129893 23194133 29643773 56932543 30565394 -48076826 38282405 73295593 7079162 36259366 34844920 -49586367 -18883587 -84311753 60859900 
-72938284 101917738 35168432 66432262 -17276291 -17145094 14669358 -104837077 -17877605 -24480204 88446534 90827927 -9380087 80102011 -75412930 6834964 -84772864 -2431370 -30401609 91395662 -71175432 -29416371 -33089951 -68337258 -69589295 49825430 -18386770 2079348 104981864 84413634 -37345668 -66006807 -59057542 -73278638 -57908108 84416526 20871736 28426097 -55263551 12667862 -45471930 76657981 59536153 4838228 -63078703 -15048168 16550627 64979285 8699570 100486477 56486750 
-46430801 -6409470 -36466462 14225808 14823636 95466970 3325677 -5507836 -34882601 -19706670 80345219 -86869885 -95046070 -6992606 -32729135 -50257037 -21370121 -69909129 -26962980 14249146 96768178 81088499 -96858724 102865823 29159029 31587124 103121017 -12032364 -6674232 -39109152 77706977 3838170 -5204322 -49997027 29222672 -97318955 -2358982 18932664 21507317 95997275 67407926 -10152579 -18870195 103736631 -50502746 -50457771 -70836526 -41999762 17559673 -36454764 90607905 
-41806032 49550347 -77953759 38415225 -8930719 -79197614 48137030 -66203851 -68779223 79884505 21547537 56494931 -89921694 -81924595 -8890762 77735975 -9064748 -98222368 -20329617 -82759660 -63113549 -38059529 -94805380 -97882606 22113448 -34861417 6880607 10092549 -42416289 64123010 -39085275 -66927474 59162260 -36301974 -10168684 -71274715 104738835 15793838 105521955 -32358022 -3207609 80178372 29274436 -102819090 -6443268 56047234 -59207746 63731017 -2887275 -22386458 12342629 
10747864 -47371997 -28060370 47667145 27929658 -51720258 -96973276 -27520763 -94692804 102108450 -56022936 106826116 -34890138 86005522 -42684855 -52677997 -27206750 81124760 -65549230 55334284 -104591634 89991050 107050906 -88682478 -89156240 -81066786 52939259 -22502971 44404724 -86601295 -77958580 -88486132 42210067 46045869 9147184 5157974 -34935386 -48816536 -6251528 53074709 -2831828 -25898550 58459715 84906011 -86267623 -62718509 105889289 20337197 48481949 64535194 39313983 
26144006 -91192594 -47747431 -98254342 71063521 65457899 -36251829 8686567 78544675 2532736 102462871 -76952897 82392852 -8024669 83441730 34596282 59470498 52007110 103071409 41834837 44700676 56475118 78415385 -60058962 36592863 -47923689 12893392 -52396354 -81755862 23557540 -71745468 91790083 -1979779 -58576308 95936290 11970434 -89173757 -80909575 -16332107 37454833 -81974719 47050241 71358364 -9842336 -92157878 -101768993 -11496461 -87213618 -84338485 94882350 -50240067 
57352565 80875206 -65844425 56081884 33227939 -60607753 30897492 101580168 34566771 34072550 27111572 -60400660 -60432531 -101902323 41013958 52886908 -10589462 -93725752 70905277 104713044 78915694 32175541 -43278055 84884538 24992546 69572314 6271645 43120872 74842597 84134488 98178817 6905787 -89468973 69845287 63437169 -16725935 17485004 -99137701 40591630 73370017 23844666 -65931130 -2774502 -80336164 -23213620 -86067622 -53157134 80362555 101751764 -32975846 -101747203 
-12695516 -101962283 -67728802 74421664 -22431778 -92920473 -78412038 -97651424 -7050465 -40867398 31979877 22428041 -36736587 42389620 14107905 -21624248 -90914261 67491298 97555324 -69518238 -106268604 -40177196 -16057601 18960683 -36868054 -81357925 -24088300 7070561 94733687 -30218475 -14946924 59527192 -10868681 -97550664 -49385535 98130756 -106938167 58756945 -36634140 10725018 -22736243 -39974103 6597216 61655570 -33281209 32390593 9982583 -63420298 4496179 -72306740 20383645 
101510182 600589 -98788043 -75962215 -59697413 -36075258 -19711499 -86878929 61987077 105453225 -18735991 -21034388 16722729 -25668452 -38489830 72495224 102545275 -106745805 91440194 -57643150 -10407051 12878042 49648372 102199081 88476343 59992851 -56469399 89006567 -81362125 85875281 -103716722 -10586214 44503905 48666636 -43085335 -37227647 -33799448 61953061 28011304 -16144257 -4507086 -93745002 67839149 -60655232 -61892351 -94910622 -58727704 -23422611 102450385 96564006 41041155 
-61689236 54837107 -74849644 7977067 -16898678 35941647 37558946 33949709 -81366070 37579280 29438019 58992739 37629299 -33775671 -52239642 41199327 70350146 -56744065 -6066497 19206901 80058801 105615593 -91429945 -7229925 -37889993 79534147 -74314638 74877993 10187171 -54988934 44926629 75880696 -64707596 -12269502 67963264 -59202822 31073416 78403031 50160077 -82010809 -65555302 -63173766 66899811 39611880 -65730397 -18622577 -68173202 -64451178 -79893314 -40386019 -52543683 
-104008638 104135366 -7761129 -102142534 -76418236 86639595 85633902 19606352 10398494 85725768 104956505 61599112 -19662788 -101365527 -69122222 -106143519 20371116 -88502743 -50696568 -94330421 64077859 -100310546 -21233335 13202131 -30958749 -62707243 -57502406 37856798 -55766759 1335575 -71356038 4700123 -87693355 72684856 -103102431 -39833002 -84204043 93783895 -27438459 80321639 -37286827 95919377 -69414380 46676426 -77304221 -74059793 -51884922 29410906 28868624 54746354 13713411 
95173081 -93417722 79441386 76237723 98648654 -100910115 23693305 -57279992 -56776613 94543850 -96803464 100330065 -2361403 -77272636 107012008 58530810 65646129 34099857 14285296 24651384 -42925019 -99603291 5010169 -82273841 102090552 -30826426 89718719 13069957 -11263996 49323241 76255441 52249715 28690218 48147501 -84975215 -69493583 -70433584 54151166 72585754 -96383404 31623604 -100169507 -16130240 83258235 -66784924 70421620 -84681135 4611484 -7743351 77749729 71856974 
102452037 -2284034 70419270 -37509258 7423185 -14782392 12836229 -5333861 35660176 -46018358 64932517 96340133 -37098666 80244679 65111591 66729736 -75025057 -89980728 -101947279 -36751318 31624540 -102066521 -62349496 19552975 -59661907 55195184 -77410324 98195305 -87892033 94375933 -95973331 17827235 66575505 1302482 45591070 -87619156 -15178510 100647504 98456925 1225751 28226376 -64770746 -67764480 -55794559 -23162900 -23090837 92973192 31869535 -103924095 -77034853 49941667 
-4507806 30673574 4549922 66787097 -32390978 50053338 95650582 -46667618 58470300 -37515974 88479697 24178265 -48086264 -77871321 49198503 96374980 -40757121 107323079 57670964 41345495 12584680 53661642 102052343 73865229 87847680 -107173503 -100801650 33062659 39358418 -35174844 -22896742 88011364 -67217027 -63679660 -13528607 -24807148 -63016883 -25478336 41243715 -18090049 -49348662 -67685897 -34827239 -83605569 -4529712 -17911663 -64328554 47373749 -40377002 -72460297 -59321097 
-10912214 70562103 54744518 96007032 16527456 -36230185 94417120 -49191191 80173904 -55324661 -67190196 -96937217 -60071427 80042410 -66191023 -4107004 46406660 -56647290 61318833 32549744 12511533 51154909 59925438 47511670 -20640109 4180583 39970699 65811997 101082515 -62277312 88037044 9078527 -37653439 11785613 71259419 35551679 4780081 -11237025 27291181 100835683 -47970475 66034283 49814073 86623493 86198197 31109358 49517332 99139636 -82312279 -36903948 -29341577 
-91835961 10785105 83750510 -86342783 57727562 22025617 86093664 -23989461 3907462 28303637 -47067173 22129860 92268933 -27554115 -15550212 63507890 -29268702 -61198272 -81319800 -68400815 -78887394 -62140145 83313862 -21052276 -4418571 -98471826 -2872654 76057615 68224641 -75497779 17338784 -1015822 3017501 -73424320 61640540 -56698504 -77006922 26720391 41895025 51494610 46648568 468935 58499593 -68079468 15986409 92785143 13281387 -1056968 -104625864 -63091672 75163955 
55045605 56877975 100300348 -28703640 -99876423 -61515911 80981318 -44246002 65681676 75121148 -91640066 37792683 63143083 6547085 1260339 102411053 -15461460 17491962 -26317528 20340120 2176957 97143470 90319845 -687585 43164124 102826330 -27826179 -40437107 -105737841 -95936098 13700528 53047797 -3394417 -95645557 -95719989 -42977713 -91421054 103731502 -105636443 31340944 -107119464 1820493 78156425 67681720 -5871056 76774383 3739537 -54045742 11933083 106204906 60677112 
-82803298 -31036974 -55500492 55500889 -15062878 680194 48519110 -97313266 19395494 51623480 98437683 -10086333 2208163 -79079132 -104096389 -9039160 97909469 101525471 -74822286 71855788 -10688404 -66327210 -27331046 -50409221 63806393 68994300 105714847 -82461678 39401437 -48438699 90481088 22851682 80472908 44109076 43207464 96298524 -48850918 103504411 -53557213 16118340 -96436730 80082114 104200308 44443384 -11475034 -23334756 35195398 -27205533 33179848 89348084 6156939 
8564279 -17089996 43559818 97411130 30907372 -87548034 3228210 -9029633 -90926396 106785545 -94853860 14603437 -18286946 96223956 -40443376 51903003 -41659746 40661543 31834935 -5255194 -23081659 56424637 51411860 61949587 80805757 -21979355 -42845210 147553 -77030616 -101164819 -356888 67450982 -103163511 -45517754 43169579 2408295 10202410 -50079734 48723430 46854536 43503823 51901846 -55193342 16753517 -74584300 90065619 17444117 -57918190 -23180187 -64752515 -106160131 
71428762 999712 88488135 -17494000 105972082 91207317 14047604 -36050313 31749888 -64912372 56399295 -92703874 -13215388 -17349054 -63249008 26586508 50941809 73663614 -83989905 -44915542 -6000759 -44453959 58451470 -71524155 94904504 87766819 47561428 67935532 -71077902 11560200 19094317 14097315 -1061183 61873784 -86793455 77245819 21169697 88850644 34770360 -47480951 5373037 51046111 46530997 91432173 -27331413 86457338 -44692129 36596370 65789967 -81397799 -63435041 
16161145 75092402 -26615242 54945294 17325848 -76772200 -64799405 54090668 71451990 -91112064 103207169 -74921171 -76575719 -30274486 19509125 18718843 62979449 19821238 18146938 -13922567 -82222274 6542632 88806231 -1260354 2269713 102443835 -62418721 -48920220 95676637 -76560146 -50296334 15009807 104359744 -63832319 81431360 -104723786 -71511486 -2869951 -11269215 -40586039 -42555168 50005289 -10748252 64708139 -8469065 67376860 102337704 -102672703 -50543283 15189050 74567213 
64049324 82721844 90010011 -58461527 -51671867 -23226706 28628098 15026987 -73720344 -58526145 -105389421 54742848 -45871707 56161072 -76245148 52301900 21594860 19567434 101436477 -77205672 -80324903 -105313543 962338 75658847 71640825 -92644915 61256647 70240363 -84712530 -24213914 106450336 89032829 104235340 71797709 -93006763 104047747 106348599 -24714131 34729993 -67796643 77843574 41568977 -54715184 -26448482 -14898403 -31946356 11600187 14547356 -3715798 44231607 -57148874 
-4448231 36806265 92844725 -64389784 -52079535 -83300307 -99544837 -100757823 66185250 69970570 103916850 88016359 69650443 63881141 -32128036 100211323 23904898 26321247 54849867 97807623 87155672 20843749 82747893 22083350 -92432770 -60698524 106785657 32483038 40050500 -31999283 -78756124 11683587 36315192 -43387499 -68236599 -41473485 -10924547 63995676 -17800109 78397658 -7298262 36605535 -43200297 54753164 -33052590 -107129754 18011471 -86860191 88682553 24778222 49378788 
-19890273 -62425885 -79228570 -78355994 -67109767 -104129988 13181229 105080902 69721493 -75389773 -12275400 11137848 -78607942 -59953091 -39343075 -105361286 17990420 54059329 62013095 67009154 -62008791 25813680 1870495 -48575284 93276063 -68458588 24639306 -69693906 -71720552 -42726912 52423710 57670643 50145774 92223018 12320814 -39054487 -31751192 23415942 -77283129 -53897480 -32404289 -57320513 -39879993 -107053996 -40305989 93063645 90985564 -65577647 -3443589 -86133138 -44451815 
-78208426 66957395 -33474772 -44443591 -23668126 -99128670 57804263 -68328898 77260534 10738091 -100108754 73137275 54933877 5077738 71126081 105854486 17940964 72112074 -72974011 31622421 57995959 -103531874 -70776856 -51869750 -34183727 -6503838 -102438482 -81038465 -15028892 -17953198 76311610 -85506517 37957123 -94584440 90026608 62264943 90239108 -103382842 28703592 -78506167 -42008982 -12836458 -80565164 -97099714 36651012 78357663 62702141 97854731 21633668 -60806597 -63999862 
-61658977 98683810 104304578 93938049 -48221940 85002708 88563781 -63161955 -17132855 14921074 -102772691 85967083 -95388664 -83134320 -31039988 83741981 102997158 77516488 -23004378 57381462 -60985979 -46281732 -794354 -9874721 85424191 45703254 3762534 36552298 -104910581 46699963 -16249579 -17500732 98424946 -13880561 31217868 105670878 78747110 18554227 48204916 103212866 -96941265 34767677 -17051420 -106002163 52310297 -29347517 -22466276 78688510 -22100638 57023568 99136122 
66167050 -60736619 57685746 -96127966 -66507295 24364112 -71256537 83370555 92941939 104531100 -18661604 -56129989 -49395613 75021939 5750184 -64881429 84813409 44598255 -61878121 89343166 -95723706 96989503 84870195 23809647 -66066408 24475203 -62764339 50484105 18535808 -33177664 -11491745 -25827573 82966043 -50894936 -6804471 -68757983 81359223 22460685 106465419 23038072 68877038 -88040930 44398085 94971715 -51799656 65494262 81735090 63548690 12698646 -20615421 -4375447 
-40791109 -11226565 -12553295 92380280 55259217 -56992470 20419221 86577026 41690183 97535644 62506346 -92373530 103070221 -14751757 -94926237 -72088141 -45191436 -59067106 -27685595 20087639 93377418 -21504727 -64931195 51869974 -62454653 64477335 24514344 -102146877 -96595586 37048720 -105580496 41914401 37896815 -70154384 60394532 66120386 -27408286 -82991575 -19454134 50883531 -1121161 81732467 50967737 -106649278 -80975255 -56886 94263876 -60319852 -98797714 19025476 -27017981 
85380113 956419 -90397636 -55216549 -47544114 92157555 14240059 -42012804 -69221422 11884182 96350456 31849685 -40351925 -100584848 -33364610 -95686675 -14184874 -43743067 85216208 -11207538 -15801179 2055516 -79270649 2894459 43779346 -67892871 -53313662 -79614367 -92585223 -4742982 -43766670 99874177 -100128008 63528950 98315351 48429788 -8580781 -50091815 -17612808 32480816 -1606117 -100349693 54852155 15590070 -34184005 14156483 -68060234 92436816 -26695738 -55031177 9681414 
43084436 -11089906 -60865534 23704809 1681903 -19969588 -67425034 -1760086 37218413 103373759 54019524 40255252 -59869359 35892076 -36028023 -95735431 -56979036 41295903 10125399 -1535026 -37997704 58006351 66780753 11783645 21083198 -88383600 93965344 -10992305 99987173 11170791 -66856380 -17215205 97055826 -77490330 36963632 -6322212 92181853 -22262432 -57150071 39815337 30454608 92656761 4467907 84822694 -84252664 -99978067 -54942809 -25066293 78339579 -40111040 73416429 
6673471 -11359710 47891671 55347823 -69684323 101096526 -75139507 27278378 -45795846 -102492247 -13765114 90365321 57983438 -3906275 -75539813 -51824942 -85986232 12417976 27427909 4522728 4127791 -93219475 31883051 -47276557 -100724663 -67130913 -97982436 27800359 99418356 29308802 80018500 74114466 -78584096 -79883910 11831370 -13853562 -10383358 -6648806 -79890139 105564807 -42432270 31690897 -4040571 88442424 -15148129 -93311734 -30146434 -4495481 12548224 -23122483 27303099 
-7459723 -17950 -58515980 -59548083 -16547226 -364102 35514808 -75819952 -17680473 -76458414 2380077 -56285835 64757100 -93222699 106649946 40655541 95503922 84785446 44273988 68671646 9821442 49135265 41833592 -87062531 55631511 -92009901 64212343 -27163098 -62459924 28554618 8225321 -53913423 -4829701 -96946134 93408562 12574973 86513455 -20796117 21379504 55712886 -41809991 87466557 33049722 -3266960 17682239 -35454937 46383248 19095875 -3771664 78930061 -29155894 
-20811120 -54996701 -16270783 11463850 -11279581 83129913 58747870 3893412 8501965 97937909 5852944 80149660 -17923761 13020564 -93144697 27700123 -47924328 106297335 -6972636 11830076 63799133 -29755712 47210089 69811987 -79351825 55878572 101755560 33504016 -19708959 -34294023 18758671 -37717594 -31053114 78854979 -20166570 43704577 -84930996 -8922199 51094956 -73595024 63759749 48147578 -107357520 -74516027 100708986 38612087 -66582435 92209242 18496908 -77055974 -90315525 
-7333657 -32864401 -65263193 -40072834 -14047110 -39257111 1835911 30536868 14661926 46327167 1519751 77092710 -16898014 101531879 24663737 61245029 -6706803 -38365274 90779219 10634242 9575457 19769176 -19264356 -95955372 -39504035 99762633 55881686 40765233 5357573 -100806265 42427761 696454 36277298 78971043 19040853 -93726948 65323638 100022096 15183949 -31494134 34221216 -61272052 59066673 38942919 50697924 57220246 96979479 -97506543 72363325 52932977 -86204773 
100753861 -11387458 -35523142 67598190 -82000137 -8324615 47447099 -57231147 -6914491 -13107701 -85998823 26400913 38760283 -105523400 69380998 68385180 49446376 -106332642 97646540 96093443 -14422988 89582773 60862671 -44333273 38396442 84447474 -50779463 100175924 -12141239 52396962 -12350068 -42179280 68052281 -13259293 92979181 94564624 -44557247 21191976 -76141438 9682084 -73718920 57411946 48547957 56215570 -25465947 -93224589 52263985 -101109144 36242197 -61737050 -34368963 
-42135483 40699589 -67476553 81858661 -32969497 -79703741 16420954 -104235833 -53880252 -47872229 -1583998 16127631 32738251 -31483365 68336899 4092586 -107287966 28207984 -13406570 -85363556 9126129 51794452 22002089 -70579893 89047982 -80320864 -83206299 100732993 19059596 -52355148 58059880 -59283928 -68632861 17794168 -62512593 45984214 67413937 73193951 14410743 -104160194 6146391 76810029 -68260891 67575511 24292876 2229291 -32604900 37766842 97326445 6877772 -53833917 
-40301074 70808460 -41354687 -2309831 -56299225 30982764 -69905838 86721145 -105499141 58788324 -101408660 29262923 -99689928 -54335104 -102293018 697311 27331571 -67970060 17853461 102719792 54624651 -79470116 -38954780 51529358 -48461902 -39843533 8002966 46089839 -89279335 -23310777 31215671 -36375594 -91917393 2823554 -86196872 -86694549 22791619 93415158 14601774 101523202 51798745 -98487161 -67739079 21138773 76766784 -63770156 -77622764 -93653161 37239529 -103673584 -94075732 
75200057 -105736098 3284891 -59258450 84813869 5248077 -1456124 -794998 52090061 -75942011 613937 90826882 18731531 91412790 82156150 68109794 28909534 -34896786 67686451 52734828 61871313 -31812118 5236198 -92063007 -15328861 -57314097 -10490908 -46746572 -76660712 47488386 104096930 89218746 51738165 83655411 83960465 -59720242 79380090 106790801 -35717775 -99840050 80070974 -35343205 97491021 20515287 -25112237 45186843 16497009 -73254560 88738013 20135521 -5875141 
7559768 -9019929 95131315 -15866884 -94302584 -5975676 12782054 12221333 25004170 98714074 27705673 -77625312 21624299 -25348765 -47648790 -15913944 60348034 -8728723 31951678 -91479024 -33581917 58427678 464537 -84632401 61640221 -77850362 -98515642 51005409 -97041265 52017883 39456988 -15517423 89233075 -93842955 83217328 -9554268 -103246818 -53508649 -36558989 -99013535 91693409 35269755 87170764 -64966872 -98129948 -14957142 -48545686 40805537 67408591 -92592447 -36780941 
-20226259 -3033908 87299946 106801772 26217512 7399490 -17709937 70211115 -31915520 -39726155 44051910 3870592 -50595888 13367017 62134927 -15062952 18817855 34901909 16610853 -83592748 92461275 -7660170 -24957774 -53127909 102180021 -101339819 -81837442 11485551 46477529 -72781236 -541992 72661353 1642526 39199552 16835537 71744758 78601781 -52678266 42548788 -97349156 -40679620 -61800634 40116937 -37137665 42897208 33599901 -100927751 7552188 10603373 -44447905 76786702 
92126830 52336701 95190025 20984764 87430927 10510329 -81666316 -103312917 -71195672 -74924468 35766371 -26063037 74737465 -69010547 96200643 -61160185 -74944281 102480568 -69440567 69964175 37180924 -81988115 91224346 16413691 78275446 785355 -58649225 31662854 90551735 -82060994 12840892 -75478735 46160339 -95827446 -45532964 29767437 88006474 28246347 61822270 -6861904 -93010717 44766531 -45601567 93857065 -38061446 -41653190 -54947358 89860666 81192016 38302178 82790390 
88896458 83742347 85210583 53840287 444194 101326515 -79766338 76881701 -27605600 73672539 20565158 -48811054 44239619 101603918 9866896 -92667907 11127527 711599 50132986 56595883 -75545138 1752473 -20250896 65364802 77693981 45465598 59225603 -44089074 -7874725 52300377 75939460 -31238248 83141944 49949184 -6617538 -30708010 43022652 21841938 37159157 -66733013 -97326032 51162742 95954304 -20583430 -89540344 57802307 78687905 82102954 -12306908 97667770 -27340624 
-65171920 -13322688 -74236295 -63525397 66568951 44832183 -69286652 28277193 13945528 43805773 -60260036 -76785027 -25750019 -69828332 -26713984 72385389 51517612 -1930460 -8398607 -51848287 -71938267 58896892 5065387 -105878241 -52070115 20259872 20115044 -88791461 25221758 81208407 -45062259 -97800024 63658642 68281290 34979274 -24900999 106621808 -105972017 80640939 37015888 -95570694 45702647 -60970859 -44985507 105265819 106206581 -76797950 -89660376 98382968 83578274 45867521 
-39393914 -82178226 -101918007 28660068 -8555565 -28493356 52893999 -107035776 -28234232 16784044 65900988 -16370325 32889284 -58868394 -456303 14829187 -25421067 -61987787 -25671775 -61693925 -65070262 96348119 60339962 69767702 83131657 -68785182 -8598967 -72460196 91211535 -96494462 72070398 34545552 106363847 -59423289 11728812 -29771564 67793935 -61387884 -39582799 91171284 -14700341 45935015 26727301 39677671 24731018 -60086546 -92289794 -65842554 35669509 -54384404 -82088099 
60779240 -76651650 74592440 94838737 41827311 3348563 63703177 36273990 -35168837 -54774339 524530 -90352521 95979291 -100820976 87160927 88974201 34781723 -70907652 28702962 -27811794 33797456 -97804466 -5895674 67992755 -34622272 -76484198 -22273704 -81292075 90525751 65279962 -26999474 -43909746 -27783678 -87909448 70430680 72820218 53707942 28400300 -90787874 606862 81090994 -15908615 6672766 -104308520 -83219855 -100600448 46472610 73607744 87916507 67999040 -41494752 
-103658390 10032504 57471043 -53924962 -95663810 39165171 102125707 -24346566 -88699420 5680736 43805859 45596039 55659127 -35987775 -73154287 -50475382 91547183 -19567708 20563320 86322718 60764262 23492304 15252664 82779189 -95181260 -29568328 11814487 -9980685 90086869 -54856678 -25088699 -101180027 -93608929 -16760835 -21979183 -8705193 -15295647 -69269737 68245380 48093790 38240248 53204908 -73291111 31222591 -49543427 -6126297 -66017069 -72544951 78709640 -10002826 18060425 
-85811687 29832435 -28645419 -70380302 48069766 -30277488 92343954 -23315310 -40401127 1758726 59198835 35590966 -26960607 -48540233 -44334592 62395830 -74545543 72527898 81956624 -41085587 11238530 7821600 4221951 -39260663 -61235300 -95563357 83036493 -73022521 -44358792 -3159466 37315594 7381048 49163596 12029694 90110223 -53442724 -68106318 -29583902 54502511 96237623 -8223783 -25741740 -91014867 45667313 88299231 -36398197 -38705955 54413682 96447173 60601529 -104833137 
-15663573 76486796 234677 -84243348 92032361 24333859 -27164643 71208403 -84366261 45343287 75749318 83986817 98650445 58301362 -105602222 102063619 -91021868 -5898109 -82214201 60026513 42933803 67239328 -77390213 -40405008 -61631579 -34679639 -55489558 82734671 57297574 -56955645 17375822 23731069 -77542978 -76824464 66930540 -33872365 -26606280 19437357 67001686 -5424739 -33594640 27242338 -2752861 13401676 46345584 -50649596 -29327939 -3625948 -8009414 -100415784 46085378 
-7151728 -39183305 18656763 -104034831 83933333 44262805 -563558 33760445 66840618 -85178244 -105619104 96045219 74383313 -105906767 28279424 91900886 10467524 69317505 -87180048 -49806162 -23870090 -65496289 4663248 -1956151 -69639694 63229158 2148504 25590709 38044482 51646669 -49959673 -15202558 -104332038 7326432 66318454 -61196792 15781361 -94888069 53245045 62133754 -29488476 97004507 -69662128 -65748081 -100510821 -79033266 8851860 -9583194 29514922 -20059788 104149561 
-20233302 64733819 678003 24178003 5839337 103841607 -34356999 87057070 9872321 -91304905 73941860 52925254 30241805 90242432 -52165936 -59184013 -10291660 11542687 -6318952 -80589820 60667074 21624233 67120816 -59884351 -64426809 78731722 33017521 66556763 64002352 7897304 -31337452 27270704 78649761 73241467 -14764020 -6277369 79901302 2814072 43404408 -32372154 91217342 50250084 -55597771 -63102862 76892016 24099282 732912 101945804 53163037 -15568774 41016442 
-7751264 55293829 -21409625 54331537 30142842 17440411 67253391 -84307707 -1720847 -77577763 59779946 84973130 -90056385 58917562 7828363 26266934 -33141163 54153640 -40970101 -89882737 -70093204 -2104086 58540303 435535 15411418 93875999 -49132004 95407902 -96956509 54131085 -100598366 19336037 85476112 -41244395 -9888677 21924120 49886296 58862452 70437513 1528855 57566549 -57711304 -44650684 -103817631 -37727958 76075760 30032118 -10289757 -80963899 43701382 -68597570 
-58128292 -91991292 59327643 58805780 14282311 -4908811 -83265555 20411525 -106535933 62255420 4749494 99389652 -80373097 100522480 -6928011 347931 10613831 -83756104 -2175379 -82066192 11226790 -52717811 -45277595 18497577 -79857916 -71010166 49518806 -16602799 -52472322 47367012 31275127 50148294 -69906484 39667119 96269491 81541999 12542345 87947295 -30817469 -49541707 -13280110 38533899 96414049 40292547 72771534 7765565 103717247 96887315 -63222316 20952880 -46010112 
106629353 65587127 94505521 -30640787 69888557 -35918788 -8239209 -71933064 -74434421 79023592 -64677753 -2426309 64131990 -30856091 53709863 99428451 62153138 -74708696 17244398 69861455 -3535671 -89601016 -32365154 -13875881 -13330738 97204127 3224620 11122492 78979803 -102602773 -28522249 49800547 88014566 48357916 -65963813 -8047001 27249134 16469204 82769894 -48596951 86801591 54771518 -105197391 -19843680 4664826 -105368444 88651131 71724848 68012154 -94499626 -95416244 
-48767152 14736283 35632119 -33284551 -74795594 39111741 -37169893 99911938 -43486182 82526881 -39950644 93630237 2028270 -52431368 8268829 -2043445 103822903 6165831 -5891461 -43892819 -50097072 -32453551 -46577690 22133975 88345058 105705784 -99480980 -57918183 -21010083 -64631912 29514428 -11778589 101607395 104009895 -71005249 71705835 51050985 53764871 -28495561 99333103 100137457 -58392009 -104033711 60695299 -20586909 81516870 -96686038 66423692 -100153774 105053705 8557651 
56848587 35627022 -26953561 92076374 24898433 -92235606 24719850 77748539 92482189 13560552 -103163 -67328283 -43044350 -102501045 16542741 -17908342 80494078 26612070 -82095662 95454337 -75896052 94812780 93980379 -72557694 -26323371 95661100 53110310 98650824 -66463833 -36611124 -78974585 -87878 -46480603 -98664431 104879089 -7040610 47167275 -44423352 102510232 61089458 -10006254 -26397433 105749262 -3274340 -74214878 -14205068 1953990 37568538 42249650 -47927729 63699412 
-47964751 1467949 52678593 -75111094 -91478278 2884328 48291068 95485342 67175208 -19381996 -57390884 12850041 4405079 -18310005 89536778 86426817 58787834 48739095 -88224972 80866707 -19278106 21958453 68740872 -88665922 80052120 -13388629 -40047244 -3512267 -3444425 84077559 -29535211 -42395343 -26310824 -34312457 -21793292 -34930454 -48566121 -8022964 -7704892 939597 -26367543 54048228 -39405776 83957558 50669388 -32520111 45801853 -57879344 95671626 81127572 33544562 
-5300612 -73853743 85682126 19434800 71224132 88138250 31560106 -13328361 65107367 -24394068 -55175670 -5094884 -2085834 88449382 29376662 20666410 104569015 -25577519 -44708384 -5711368 -20836900 -19991931 -82083602 -26108623 -11569771 37721182 69707135 -53132492 90327683 -62189060 50695417 -10971714 -15953064 30054368 -35298698 70565805 -58187661 -29074026 -102663749 -39362855 -35763152 -104088462 -1554586 -33098691 -29153824 8866395 -8791838 32772092 19095794 80305290 -40498332 
-73032631 55821003 -29054472 52693052 -34122253 -65597984 -16820770 -55405611 68970094 -63636101 -4671264 -8055584 106803018 63505577 -48532441 52719096 76684823 26732659 12725395 -71245243 -82573058 -19165863 102810015 -38147495 -66866965 31579286 -6501419 -31347796 21843210 9535071 -100545320 -732990 64154796 39583574 -47242450 -42567484 -32228407 -36923451 7915909 69878992 -87481840 -83912447 56601379 106054510 56137492 39181822 50124127 -57665609 46054454 29930841 93451382 
-61626941 60379104 -91804358 39023479 94034123 -16689887 90745679 96589946 84037150 -11758024 -74203859 -2534123 12636573 64630868 11724408 67219374 -54430414 -98775947 6497922 55439810 25821445 -65311470 73154751 46963892 -78284022 -26031831 -3106406 29403676 98884855 9941364 93431579 -4688709 48215381 -105820252 28246538 -28800984 -88672605 -91624199 40044241 27099758 -81047044 15107027 4873761 30626726 70413125 -91615425 -53714608 -4868793 81242222 35931985 -88846637 
-37596930 -26663328 64384180 48298806 26391368 62897677 67012486 49646190 -67020257 65701998 70989081 -98503495 25611375 67695456 -3785400 -48391632 -55239831 -71506006 70124812 51147255 -99320487 14398651 -4527871 568727 42219788 -24917104 -77245814 11260438 54060048 31064303 41798278 -96798878 12918382 -50867896 -80999296 -40618054 -80404936 76640590 -67888729 -51873111 70114005 20714240 1193415 72376792 93148692 -36548310 -26665566 -94230641 74581576 -37664745 -44343958 
-21961935 -106675191 -70159962 -78166943 -2297108 95866002 82617938 -1975801 67820158 87314674 26878287 86120445 -4007570 100766073 43423188 51337674 -63912174 -96182582 -89733402 -22108480 -84875699 -62475003 -88821437 -12313024 106206042 62319598 82564438 -64692597 -19597158 1531929 73905076 54004398 -2507936 -10835580 94771357 82076912 -56566627 -6980787 79277558 106306151 63768438 -41580853 -18603150 -34466108 -104069032 -43024494 89447602 89526617 -88526256 -72792053 -10567051 
46632413 35010863 105917165 1589734 70350290 -37732113 -98293797 -91466340 -70723336 -106338549 -80519252 -51125589 34948502 -15026132 -19844750 50538475 85403354 1447311 -92024936 54143793 48850914 8998493 12325526 -50539168 14654858 -54611428 -73732379 -93941565 -15770381 -93053870 -16006057 85565114 93573441 -32060469 65362933 -18749523 -10695469 -14530504 82795017 6059524 -23278404 90551959 12899895 8679040 92865395 -11736250 24551058 -50394064 -76885268 67268819 -71716247 
-52876440 -28991597 -51294462 94419153 32889131 54412389 -89406863 98442951 50807022 35929151 92801445 92153424 4460950 14028081 -84416354 -14273157 -64118716 -99498356 64704861 29639841 99046209 6536105 85926482 -11376805 102547582 -73926990 46119329 42799720 -32650094 99644198 59093705 30034641 26342920 -81216216 103664085 -61875777 36179373 70728277 -64020849 3621158 -63658597 21671477 -89163467 -77191860 -56745545 -51246603 -72174114 61663785 -68349033 -106238914 -106962780 
40314831 -46207266 75471910 9073465 66090647 106787653 -61845660 43432989 13693283 86470096 106944080 -37334077 -48567025 105458199 37221156 31069009 17581205 -91102748 45744886 70520425 43277348 -74565058 -43594922 34486722 -37225179 12291558 -96940870 6154763 -93955840 70868974 -93691099 44176016 12686928 73788200 -53635552 -46070810 5975506 106629367 -10441524 97148605 -52724624 97202973 45512543 65283955 19640919 100485236 -11363734 -76457895 15347549 -61461436 94015037 
-98331392 -42500019 48592113 -87386928 30214356 -22171947 -75688984 -47098389 95146936 10462112 -34024156 -101401932 -59662877 -91272902 12589372 36357203 6183702 14824649 -37239814 62594357 54639907 92396864 -70248625 88100597 -95701886 -5168798 17056907 -55216591 7402008 -34801304 63036159 -67718033 -18613407 -20965287 -106380428 -59856527 -68317116 96861904 81267411 -81275856 -76515226 -50449960 -62881546 -98844985 -50645278 -6234563 4092588 85380306 79964149 78437373 -98729740 
23858065 -38823132 82158366 36010245 -82234906 -74646195 -13040480 -79853858 30135982 -40819397 14082901 -18320498 12800652 -45803748 -33707452 52450032 84203888 -18701896 24783748 61382917 -39581773 86016103 20501363 -16046621 -92077170 -433527 102761008 -26862750 74910095 -104051482 -85604349 -11219855 67815374 89277484 -52248709 73936201 -50303772 69853087 -105619487 79756768 29723611 11376954 -37002926 -31285098 75681602 43070755 74109335 -44774949 -19311077 7928901 -9310095 
-81385832 -74891636 -91775168 -2752553 16541057 38804303 34425557 -41460533 -103942611 -69410732 -56027724 -81403689 -20531921 16644059 -100284804 85208826 -86736325 -3675752 -55393440 5992284 -81314013 -35262240 13752423 49378410 106551036 62042109 1207024 92436422 -53320768 -16977254 -85401971 -79636946 17721969 -79587181 92842964 103810064 86131730 66046021 -70457727 46693904 -13096887 88596987 -43438030 -96060668 63680556 62693031 -21843730 -47384984 -58424629 -89814828 -70517607 
37083683 39195444 -94233549 29481459 -13648573 -61848959 -76884421 4856387 -85680186 58894752 80285850 21523093 42157054 94092660 -28701760 95726922 26200209 7832307 -69885388 47464806 -22213260 73365629 -63579592 14904371 39773140 75975276 44669273 -35278446 -61278865 95857323 45494109 65183792 -32061225 -9081803 10749504 -3488948 65456835 -72007105 103807805 -75910874 -62949206 -26135373 45135213 -49526316 -83725474 -63771416 -7250526 -91738376 -51139280 10077039 41305284 
88587041 16716053 94286334 -32354332 -88282674 9232577 75500232 86342404 61447126 16913304 -55893215 -106372087 15505045 59804154 -104314112 102860319 29514704 86326787 26554627 3669432 23117603 84395036 67379910 102728110 -59386120 -99626764 -51649755 12941573 -39224601 -44984342 44495586 90804025 26960540 72881256 89415754 -2621027 -15129358 -4365752 -9925256 72695409 91845593 -61646499 33646691 33923492 -40451491 -106879360 -13132257 -64867380 94010146 28445319 -84233644 
41802578 -66872200 80041419 -67553283 -52530071 37907573 -96779775 65342454 17786979 -89262730 -26849174 40251678 -89450072 1339814 66929117 -67068505 -16248213 102043194 97298273 66570494 -58463401 95721496 -70549633 79721558 -28455773 106387569 -77112536 74513433 34807755 29941751 15077074 4679131 76913420 -68748253 40296798 -36041561 -73676873 8250897 -23173151 -26734205 -92968533 -6123349 -1698542 81519519 96530447 52325802 -47806519 21843463 -10445855 -105424065 65350794 
23307541 65823056 -90357471 67460497 72647226 55192757 -18341950 1466625 66178129 102528956 87083621 -77854969 -33165008 -87106853 14877339 -80494800 -47671357 -34936445 64393206 105787733 -2920016 47126925 -11354587 -21091068 75446881 6202854 -2297184 -33644335 102766713 102465901 98941064 -85640144 -75011506 28093118 -47530218 99748488 -97449106 -63543538 -95436957 -13010079 20500283 -73995048 -76036194 -91926065 -97489038 -62447137 53725894 -97088374 85804220 -67123548 -36654395 
-84789258 36357337 94342264 71179063 53376790 -9006034 70564584 -74952951 46288212 58564249 79688321 -72948785 19592715 -779730 87046163 -93642694 15238053 93657985 -47209068 95869421 -18980481 -5938479 73380010 -12015533 82841099 -92319100 60249872 106743915 -92615000 -30336596 -39729681 38617530 84855464 91004032 52607713 -44153319 53680960 101384694 -82695960 51321646 31971373 70977814 14370900 79373122 -59868273 32963569 -45504181 -66338935 78325492 68217168 -70029221 
89060103 91509204 52600986 -7771583 16216358 81588275 -48914414 -87979416 76846817 -101443388 -20451525 -57416158 96442737 -70724161 31758670 20660955 -75890339 -103587681 -84188817 -100204642 -99609564 -64317847 -62987930 -83920061 93250739 62400186 24126333 -29010809 -39497708 -43138001 55119196 -25295921 -20697234 -68403684 432527 60637137 60682628 81743325 102195265 11221744 -43215059 80578821 96391460 -88233319 61168249 -27790218 65026256 -89782322 -45067043 -34132419 14092600 
95731290 64467324 -50523655 -49556988 -66149200 -2522822 -35492841 61735621 89078324 -79275607 -6689946 49017068 43921418 -82639216 71857007 26353406 -63801408 90276075 -62650069 5349524 -93176482 101515235 69112055 -66412399 -10586528 74988392 -67934359 98328771 -98570075 57338208 -59062198 -50200398 103678574 12928280 35705428 15981203 76439063 31878895 22037404 4515190 55791195 -80831663 37193000 -85873302 -63378842 -94014568 -40009316 -47081663 -99739462 -75775127 24820856 
15417806 37743356 79270385 -3170044 -24696301 22066619 -83153431 79168141 -106349212 85047394 34713802 96388415 -82995375 -84275644 -70683514 -7552293 -103244860 -31980239 30283728 -102405328 87942509 25495162 35674420 -86224655 -81057387 -24603947 60561881 65484018 51817378 -12541300 25251258 -63275722 54483137 68051564 -35585693 -87339946 40403956 54510096 -71128912 44466224 83386578 -18154437 48122521 91229808 -49474027 -69294521 -37762201 -40620979 107300344 -81885094 102650371 
-56727954 55751561 68704208 70768449 -86295230 71498408 86965311 -39436363 64326172 26840205 44310196 -15705830 -67185280 77305541 77328316 35459494 -61595498 37606782 73155198 -50565208 -96278367 -99988551 -54966549 61561999 41488504 -22256469 -31244536 -28622430 100631189 42096607 -103975817 77876846 -40731120 22978031 67494520 60445811 61334881 33972821 78222825 -34829176 41262051 51986051 -88534689 -16062408 -12699562 -27650928 -92758915 -11804809 34810901 -2249171 -1201895 
-7508124 -71634850 -97934152 81938375 74520742 -26413554 -97167546 74142275 -36646107 -75005398 -9355773 -18689456 29927527 -19941866 -83244616 -949071 16119888 -91331490 54411351 -70378982 67694576 -33475418 -4902040 -36895544 73581000 89767582 -82067442 39909241 -57876464 30059965 -34106050 -46655797 12700118 96024624 -40199414 -43786311 11162812 -105702233 81505150 32398463 -31280003 -95857889 50742104 49788594 106675778 -66317329 27841105 11798828 17199885 -42688345 33346902 
-104455290 94976106 79099546 -57788089 -43888800 28271766 -106191618 -10766269 -81851675 -27112221 -27423663 -70937240 57254526 47799827 -28635863 -88311693 -64445943 9984143 -55413467 -101083262 -95526302 52931230 33044885 52027350 -65512048 -70808161 -78143436 -11736338 39492494 85186042 -89719019 -67789641 -19284783 -2130248 56765642 -97886522 11398751 -95704238 79712550 -58436432 -12490585 -70490249 96996081 -42511100 -92675342 25108093 -63111608 -67128299 31914922 18807203 -92007107 
78506464 29783819 -16161371 -96549349 -100086207 -53271571 8901122 -85194493 21844585 -76953675 78958701 22495507 -11235090 50648251 91109108 -49863484 -21290747 -56617629 -99759874 -59982175 -19084903 -19316289 -88877208 -19939933 -102183046 -99394689 8476848 -62630051 107322306 106240003 22716627 81585357 -19554878 -65341454 -57902934 -1865955 -47367858 -10903286 95911085 -70482445 -69979812 57736262 65266217 62471046 -8405462 -67206284 -58658796 76278867 -60209818 -71512153 -45882659 
-88902425 61749386 -19248505 -30818627 14626269 -52910660 -105775644 -56379996 -13413063 74799203 96451689 95404079 45702959 307420 15020179 -32970876 83941118 -32517354 9864934 33947385 34336704 -18146969 41235441 -24524010 -37636918 -29205357 -104593846 -62678020 -15551974 99634957 -101393612 -52858329 95713457 51712815 91442932 28295407 -10837122 -25023174 86614151 33956585 -81327596 84935914 -55950890 -38687319 -34933512 -36851454 -69321966 84670611 29223077 31503008 -827392 
-97543455 75690514 69436794 -1471559 53123602 59441995 47881058 41963429 -96398957 -71802389 87785293 -75617639 -60278937 -6731105 -26051691 -77710843 36555257 -26021904 -45591038 61704597 73943681 62953678 -42273495 103612375 -80510460 13241525 64070248 -19448648 68050238 -86309586 -87409707 -82716973 -92333058 38108582 78101344 6574647 -88055078 66985097 -35727072 97938663 -42092735 -52769096 -30540203 2724331 15725121 5627641 26605780 61128439 90084932 23092140 44736593 
94202628 62854032 -87428704 -60661243 45042429 93364626 29854836 12055308 78043992 9064544 -52621099 -56788393 -89629984 -17712599 76481166 15607225 55564539 96988186 -43581797 31482557 -1795213 -54033460 21337330 34632815 49265958 -79196665 -44769798 77815434 19834206 33155621 91441002 98167529 28999962 97156390 -14336914 -33002647 -66038666 3497968 103098913 8149801 -62559313 -19896965 -44890016 32501340 57394283 37070145 80008380 -21067950 -80656795 -62032160 78062777 
-91456479 -52604295 -41261303 -72610360 -14151361 -84898908 -84652220 104855380 28063684 43031212 98751698 -40002330 57356905 -107086206 -49919787 -29673549 -24968945 -71337449 -57111630 45820273 -89046657 76933855 -79140449 -12349643 -68940009 72515805 26565747 -43801576 66980200 57628328 92486128 49500268 87598405 -21847296 5528911 -85209812 -10839108 101596597 87041136 -77331342 -86008550 -17716748 -41266452 -59445554 11795434 -20030111 1157325 96827170 27677630 -93736204 90895871 
29806599 102263788 94158836 -73688851 31506642 90361384 -105115845 85420978 -85695142 78513368 59065958 -15095265 8797605 -31585161 51419095 -85163816 -71877197 -28076177 -101421785 -99733823 100378899 46243612 25656189 -100339459 56015980 39701528 89621139 -23710860 -87672712 6091942 -22706280 -45296646 2737235 -86567844 7674685 91224828 12170579 35207658 -74268324 -20639163 6057881 -29153323 35147735 103361787 8445682 -60677994 53708114 104280644 83574763 44180151 92667445 
-106767565 -23036993 12166505 4391284 37500778 11111782 -23011785 4016013 -59577047 -104629774 62196760 -46364890 39579085 -35773793 1756302 30331082 -63430757 12264544 -19981997 -8466441 92914624 18702351 -46159093 35386203 20901282 -90488002 40954287 -63779665 -75525655 64971477 -48961392 -64053722 102433580 23286517 -57560659 -60809539 32902162 -43872493 -43497877 23599218 10986231 44389438 -7706430 67307210 -26596098 50723771 -41663554 97256997 17241353 21442883 -80497703 
1714272 -60957156 -75924377 -39613740 -93105380 -42884842 55657981 -60104286 -65789091 -19201573 58760430 33335009 32661371 100461256 104110232 105859127 99888218 -100690127 88472444 -10985668 38983612 -6684136 90488959 -39036775 -57471806 -29554967 -53521499 -16124667 7988706 -50621747 68236323 85606330 22022127 -24387644 55245469 -104726371 -65755543 101878811 49670173 26744312 46035045 72804284 67085778 18392949 -80581643 -88112950 -89260758 -18461747 9354001 -51329789 85918066 
-17771678 -76516232 -2979942 -88832841 34127844 -57781041 37827022 -50078231 -64775761 57673192 -84504777 -31713331 75124999 99400574 49357224 71184818 73964644 94963069 18407978 -79916734 -31030172 3043112 -64663573 -407528 -10538229 21139195 7298008 -39692476 1893847 -28028487 98669250 33571987 13270007 -75990600 -46477228 -25405195 60374402 -84218612 77059974 104707572 78654480 49044370 -62270265 80285203 63171214 -6056324 39668209 42273959 57430490 38102840 -33813356 
4219612 -22988598 -101412470 21145109 105069523 99524755 -103698369 -51412439 13982324 -10466820 -6626912 89439624 -99066681 82906592 39479859 -80491180 -65839051 -64205475 11200729 75030901 59567920 46751418 -43122364 -78577769 46219919 96864821 85709806 -67482964 -87499549 -104580993 -30468279 99404143 57096798 104712101 -16763156 -40743750 -94364392 -70306830 53451780 -105051346 30448552 7324507 -52510657 -3422227 -100372344 69584131 -86235875 -8973655 -27854387 -7658303 -98348037 
-48135566 -102131519 -76822896 16536579 61080660 -22595996 -32492590 -59403974 67983741 -75316407 38832423 -93706478 -31015672 49852352 -52072786 -104456231 73661682 94953798 -31227736 18489351 12166178 -2513500 13448021 46099339 63649121 -41782592 -93817024 -63574238 6708291 -23156095 55266439 -89413588 -79099680 68245826 28544622 -99366787 106824627 87565831 63079863 56450666 -28942724 79307405 77213116 -4364127 50395527 -89270109 55538551 67588266 103903057 -48049540 37846620 
-83616030 -82725579 -2230312 84615777 -77197569 -81999950 4128216 5148220 92498895 36310244 92675015 -82421245 -49852007 -80110622 14236666 70009077 22485310 45433760 62933239 -78983352 21128834 -18037711 -88245131 -35780321 -80285984 103360885 25719455 -66222970 17805299 2042401 -52359078 44299980 92983446 23498312 -69313531 98769975 -1019333 90026127 77731722 -9495209 -64583292 46859386 -92907488 24242196 77441034 103229195 57769050 -17976138 -83342815 -69864770 20846701 
100033292 24153439 -43694184 63690611 -77354466 -49453667 10772162 -51396245 44038170 10246928 -29073307 -35423595 -38880363 -25616663 -51310219 -30197152 15213688 67375776 -31370923 -35289040 -88505945 -51306824 -52117804 53487582 -36144258 -79429045 81025979 -39236710 53044473 -78322533 31718612 -55387460 -93086744 13847635 86206849 -5030471 -49384670 -2604410 54341765 -103351907 75678831 98088739 -59690595 -52387686 2316792 -28983778 61303597 -25002051 37183019 95905243 -56364020 
12016478 -72926892 55363562 66885989 -79999269 -85942894 99698184 9644416 -49235845 -59846424 56414301 83338245 87299041 -63508248 87439003 63862592 -83345599 52470955 30240925 19157924 -53910127 -33016940 51948711 -75247192 69455486 -10121192 74145833 21930103 53196640 -92769174 -25295326 64365967 53117999 104877520 67184600 -98948838 -88528960 -15720789 42514951 -77895152 78229683 -20796134 -3845021 94155051 -75794982 103973060 -97604296 -60282778 -10202197 81936610 -41609425 
-64742853 -73230276 69301761 68518716 96950092 76434049 -40980106 -54226264 77785376 -80699717 -81894046 -93663628 17607122 40644111 -19526248 99131677 -18884662 29822447 -83010970 68178687 -50291661 -88832136 107227543 -34854199 62401133 -40709081 -91374046 -35674713 -38630506 -9357543 27169187 -60169754 17041659 17848088 91417437 -100104643 70307425 -91258913 83948966 58508254 40121614 -36459722 -1642068 -63730858 33595153 -7218166 -58773560 95386588 78820691 60690445 -72265231 
63000001 67924198 63246750 14959967 57934028 61162454 54564457 -84198080 -9732478 84436525 17033654 -47788292 -65370625 2212464 -47779936 42039069 21522089 33211823 90898559 13541231 -49962304 -74945982 -12031029 98372809 -25186988 52218784 -24620416 -96199509 72221645 8664100 -16806818 4390258 27759821 50091694 88868295 -103887543 -67555738 101387647 -18109669 4482543 -27038041 75779750 -50897501 -30128950 -63352619 -97465919 63021404 -52250806 52870304 56060267 35682507 
77346226 -94177133 -86135666 29167793 105545439 46158913 23808864 32800077 17340465 63631434 88106446 -74582396 69411736 75948633 34311731 92759690 -50554686 -28864991 -91032278 -41108957 69181889 16677128 -12048658 -20844032 -79835446 -47929697 -99860483 31984447 57048867 -40542240 -16183982 -105316889 2610999 1216080 29793601 45527343 -27666641 75420844 -82062767 71265713 -68886215 19776900 -15390122 20392287 -16903213 7326360 60308410 -14572324 -3717785 -28034926 -20217519 
98870709 48463325 47595845 50730382 90748682 -10132622 -39779786 -68899228 -80943894 -77506215 48162651 -94431978 -68464370 85753665 97037064 6146988 94801182 2991523 101509126 16123674 93359948 45430492 -67344108 -106793560 -44682606 -58433135 37038878 -45534359 82077189 22581062 -46100559 18247464 -85565717 12381904 68766065 6013057 -47806941 38207103 -67551581 -89996315 -92945461 104004242 37298615 82427557 44295738 -22970501 16385917 -86603712 103772162 53448867 62395618 
-30116232 60231838 19861963 33134539 27466090 33569666 -64700810 28565225 -22386556 73784434 56575805 -105724483 39294033 16712156 102104179 73070898 -83019242 36415042 80594130 61074934 -54743741 -49835301 -15900842 102835005 29721775 38296100 34726179 44743549 -61862898 32492444 -93401223 -12465504 -98065964 -63618791 -85273250 72161442 -89402903 3085771 -12387521 86088085 -34822059 -82872000 9438481 16852961 64631114 -104174787 6580353 -11870827 -15590199 -20039372 -22575647 
-22586994 73978828 -39326509 -62771238 -101528732 -56896732 77067457 -21867269 -65125230 -45369749 18186829 85353161 -23677915 74796919 81164966 93180882 40195119 5485521 -39001266 97123731 -68640462 -44259475 75851467 -72780054 -71779927 87647427 -84848158 93018375 -34440030 70816310 -43410943 88186419 87899825 61917692 -36545824 79948619 -84965605 -15312925 -10238720 -48086313 91455467 50371167 -57196159 23546068 70737619 -5707479 83438433 15964898 66835660 83494439 -770536 
-45353051 -35414151 -59050116 -88786546 29587194 -98177511 63118468 -24453098 99881473 -80225256 -71165808 106028650 29954169 -16400701 51287936 13658595 -9659920 -53655397 -102547917 -47400961 -73619786 -1303071 -40104316 -68830858 3077175 -84901840 60950467 101080858 13261267 -77498016 60309203 -50344901 -68747197 -40993984 45102829 220834 64835381 -33664507 75195740 93882579 -46100474 -56355110 -30884509 -26705624 40429916 -99697220 66852380 64460899 26024683 -96455005 -35382087 
-46884416 -14831998 66355106 -62915010 -10889923 726470 25987361 -30397244 45442223 -35110273 -82034565 -57326268 50083130 -106433037 -74118403 -104085073 -38899240 -14251149 1928664 -80803508 47304947 -9145375 1734138 -24107764 42490371 -30257788 94516531 28044282 105346726 102566007 -12504077 66475575 74557748 95700356 -17545013 103985256 27635594 102585993 100360455 -18952175 -58051208 -74275330 -83588761 -90574991 46602289 -81870117 89100532 -67106626 -29455114 -76411356 66660351 
49736287 46580633 13414585 -57565872 -93351199 94484671 -83117894 -79017431 40178371 2871334 38267721 71448368 55768462 -68799394 -11588759 17282584 -13669477 53797588 -102541593 72602986 -77510810 -66523193 -35335879 -54813745 -83219781 41049363 -40663202 -33960050 -70575257 -102412093 24241948 47316370 96629223 -99265418 6103731 26296007 3235491 61007980 54406687 -100822722 -23769098 46944427 -35990204 86163931 551056 -2617241 -64839999 8063678 52737109 100938534 7122496 
-70455573 31639663 -68814385 97012600 -11990239 -3979961 7711999 -18907137 -39872783 -1488519 15954166 78742420 48056211 -42526739 106401825 94320715 -24416879 89897968 -97183103 33399398 -99246090 -80747417 102937733 63956458 -103239140 38051301 -40015332 36685112 -13805142 -79225706 66542433 -25865576 -57418141 -98495853 -8044729 -47651925 68091962 -101939119 -11519542 -72634799 51280074 40904636 76489538 25338736 17383092 -42863272 -58415972 34142750 -49706757 -62558293 -105949000 
-20523807 3393098 -48553433 85358294 -36147771 -77090252 12009417 73196892 57907772 -59295439 -8950299 99641583 -75520650 -87815476 68898893 -84683819 -107133499 -51519195 48317412 62944692 39013396 92297608 33098903 43602398 60163595 47546469 9219735 -47951281 -78504868 69364911 -31193870 21607670 -84808937 25679313 -15833791 40167550 70268083 105108101 21868024 -96887116 101228008 -88196410 66141135 -39765795 60621954 -15514589 53393438 76076245 26871721 -12523029 8639975 
92759410 20564470 4878357 -105444272 -4529834 93657686 56850555 -93896810 35583580 46253167 50477435 -56130883 38273829 32026087 -16619372 -53601509 1620943 105280942 454447 -34566906 10944263 74384209 5812641 -61564797 87131553 -77699981 -90744282 33304767 93616135 32747169 38698228 100477071 91279619 -14896375 4361370 27005807 -60351807 -93770401 -25080455 59468734 2802014 -87331382 -47262570 -93035597 -72631286 34305570 37365871 -75009149 -52401674 55722559 -71671748 
9241114 -38867396 78273700 -51927422 -61183205 84947602 16323776 21777278 -24558909 30793959 78862094 -60252506 -74015797 -55159874 -67633539 -62548548 -83029034 -61700001 95769680 59702680 -13108457 32535135 -52359312 50645964 -79000969 73978125 -78876703 34067322 -61626542 -104906895 57806790 71350501 103501162 -95430742 13055814 -43532986 -57912050 -95807467 -81163057 -9856496 -47449241 -101400348 -9771578 -51866944 -90606853 48082093 -6854095 94775043 52280803 65046167 -44470555 
-75103976 61918993 70424271 -4545083 -103770504 -45013878 59882358 -72462634 17777523 -22984346 -76940501 -52783952 -93572706 48945730 -35932527 34369390 -51478295 -67636743 30921124 50122457 68058661 89184868 3328087 70148196 34169295 -89392407 98019844 -88078287 75376031 41244260 32872812 43465545 -28503898 -66532660 -17193561 61972760 -79105687 60584609 32768814 45734335 95418463 -7970069 21369820 79165845 -33213681 -107231252 -76243659 -47863256 43268051 -42277540 17440285 
-85634086 -45166443 -3410041 101375267 -101812749 2923104 95049800 32405601 83346881 -42022798 -53964460 44757390 -86204982 40090081 66803730 -76536253 69411462 100357513 81580615 -36132923 57534691 88326224 -71212936 -101114150 -90438210 -36907408 -96773148 34214147 90169358 -35020810 -6217921 -78634516 -85603521 44956791 31219940 40911726 25750553 -59593155 94985024 -84980942 -92348161 -73208713 -9611308 -27467099 57073109 -2694230 -62536638 51671805 -106758611 16992413 -95004368 
59823233 28600961 -95080814 -8334673 70367177 106410790 -45990586 -72274754 87960134 -99195095 -26750069 -47771245 -70325752 -97111797 -38891031 -70802060 -63424258 37908813 -16672352 -43439241 -6717444 -27897858 -8202265 -89644393 -27138519 -50192930 38544566 -74572386 81761400 45845107 37320285 44872634 36552132 86074291 -61391109 1697507 -98168345 57519538 -6275595 -83128209 -11694481 8970957 5568465 -87556647 -75066155 71251691 -39370727 54204087 96218615 -1673447 58883561 
31769767 -34817815 -37044265 -94373868 21029619 34409709 -59183412 77679434 32913408 48173017 -69592473 41022751 31858422 43909533 -53034689 -82899565 -23082616 -6228020 24730556 -41076625 -44459905 -34526735 94626126 -14228970 62182029 43888835 -65534447 61060599 260683 -37877017 -73798741 -41567829 -60173195 -100778905 70230760 -29897459 -48081192 102538060 97696334 8536114 43107701 -8264730 94291223 -60574799 -52026295 61076436 58849556 -95097744 -51107004 -86043036 91200261 
-25380179 7840074 -100399136 12059535 -84944413 31953103 86928953 -20817282 -43265416 -105868325 62587968 74499265 -97252638 39836798 -28918586 -62607531 -38517147 13697412 -36228883 49173367 -97855675 49778436 -12468557 32163070 62110415 104779614 71937904 44376841 -67142649 -19524625 31186681 96652208 -94520415 91548520 22087027 -13636082 -58301867 -92041433 -10125859 4543116 17322357 -45024647 85470701 -45151856 57001056 -102226183 -49848567 97527138 -29767306 58051904 -88029890 
66336535 -85242068 63781517 86349677 30942852 -29983330 -52769698 -97272830 -105854232 90404840 21135182 97814185 -21507920 -54573079 46778813 -33911312 -86062459 -5864660 -87944858 31225988 -43562839 -45146151 25510831 84865337 6693306 -53011551 46180091 20219701 32080466 -68668100 71236533 -32441602 -74513065 102476469 67797128 30048675 67000236 -63156101 68055969 38222666 90212150 102454039 70990772 106501482 -63036618 -69282475 95335896 -37552500 36572145 82294180 -51217101 
-17636905 -103021535 54538416 -48903372 -18998650 -101249590 3482978 29391346 3861732 97114343 69225326 -50219453 -3081001 83748049 34944753 99706855 81488427 66397190 84573982 -65620847 36285939 -36836167 -7625988 31469947 -35508367 56619012 72882880 67266391 72124367 -27107210 -16908235 47623708 69765166 10125687 -1710995 52124702 -20894164 98972392 17491522 48567500 -5959742 40110039 -64393008 -493560 18978362 105389455 19069748 55523295 -14219453 -64657665 -43198681 
-100918294 -58481120 -37409441 37258952 -15395429 -29277961 -83946180 99599189 -95170744 19028770 94414691 34252382 -54971221 -3791102 -58364201 -37339183 91201440 72787025 -84173423 6836125 36526211 -87829471 82097965 67879251 79317931 -36215264 31674126 41127799 74447925 -6285852 26323582 18902280 -2444803 88996562 -13239622 42756668 -75971707 24341181 -92477663 -58166647 40186950 107239969 -79161989 -29453315 83186172 19803609 49347273 -8811229 -37351204 -65922287 102666839 
33023659 -16662660 -11342084 57030175 9683281 36454611 -81841356 -71828828 28113758 -46139320 -24777887 -86770116 -20615001 -52399087 38821069 -59110614 90188964 -37219301 -41593150 52882319 30672288 -16279712 25692636 64489818 -79751356 -89298389 -52897349 -16086411 85411864 -4630513 -6555894 91876111 -91197540 77526627 47535282 -40712675 -94163701 -21080952 104070955 -18984695 28967827 96435510 33136846 -5823114 -47008374 -42065717 -103019603 6061380 -38731375 -13041729 49951375 
-7392625 84727691 12007797 -72958279 61608607 -27831772 81553521 91604607 8602539 927198 -3632522 -95564034 21596192 -90669158 57547046 -87107480 -35472495 39819814 58751793 -13946200 3889839 99529490 -84735877 -24415820 30569398 -102177805 37728155 67785689 -46811286 -100323035 -56124428 -72216464 -97503934 46139029 62432600 51091252 -28034511 96393299 -29462230 -53331229 104000402 -101436223 -85088202 -51729600 43099093 -35618288 -39302114 44966494 30649354 -69552218 -73288352 
-67165505 -28589917 -44412244 43060225 -69174379 53887072 10448348 -44046516 -39180381 85289510 11388781 80719235 103386979 66417538 75346549 -25001900 105842768 76888767 -88981501 -26143537 -64823893 -106597840 87996026 -44757088 39039899 -64255363 36353675 -73010981 -6565380 91180242 -88484998 25697582 -13125459 -84028186 83410823 106475404 27145806 21355709 55080418 64117319 -33605081 -23888398 -7073870 -38857914 -36759668 16287532 -5285483 94165082 -17244826 101988542 -49177496 
11157305 70119818 106618833 27346365 -82859027 -53473431 -26116163 30847699 -5594570 -36412062 -104554400 -30472539 72395730 40131944 43489575 -56003375 57304057 -48657592 98484677 -103506630 -104875850 29833743 84945955 -73178621 13066216 52151689 -72211136 -100425623 17340942 -105678677 85298486 -8319794 37142503 30476552 -100374849 -12033445 70749060 -6367889 85424840 -38139513 29800146 -104731564 99180570 61956951 -93287775 73348657 101355699 -46248021 45892326 56548087 -64686450 
23295361 44058491 -83644158 -80958098 -65551557 812123 22004461 -6979179 -55903015 -36024368 -80784778 23063457 10371326 -41511468 75151858 106693834 -41663195 -103107224 -27997945 81703848 -91441242 17003342 -43090722 -54045025 -63975444 53481302 -67768050 -70419256 -107143246 16172779 80101111 -2962262 -105767261 -30215580 54132976 16998628 -19492222 44693247 -23785305 -46957246 -106426730 84448201 85895057 -88086239 -106629874 -65524295 9267935 -22933684 18816400 -28627853 -3136374 
-19045459 -19636952 -45705756 91237643 36125462 -96535469 -32490957 -12297728 44345776 24254256 -85789601 -101522498 -68309830 -93223321 -20861071 -47212732 99252408 51876407 -48060586 -90398575 30096827 68580819 9381771 77074892 81522887 -5866611 24551470 57231542 -37346114 -1155524 -1555655 -13248384 17789203 37014767 -87560033 97204098 44043665 -4710568 71171452 -52351057 -91507529 82542709 34021223 -12181094 53631896 -63935136 -49015795 -83837529 84047433 83194122 -64838361 
-97389384 -31543351 -17084903 -93093319 -26790954 52878649 81920998 32402784 80028442 34297603 -70596018 4322048 -19781129 -4455622 -81952007 -27234477 -61363826 100210413 67417 -8394269 -1983545 -54086615 53334567 -66581015 -83919650 39514877 -25284363 56688891 -34329416 59082678 10521880 1043586 49725790 -97307294 21974831 19136697 -120675 -94087328 -65990033 -9562241 39568969 54601886 -65827139 -62967422 7458447 51026227 101249274 95508942 85762393 95484090 -84942149 
101096225 35405546 -38103772 -33442029 23770519 -44161061 -84428763 66767702 85421767 99563899 -88314284 55840274 18911488 -86350711 -102965702 85788042 -50847750 49808649 -63989723 -819307 -19213938 48748172 21208393 8807586 50435335 39503143 97276767 -2670202 -49189982 -202824 99784 63354409 -15006355 -93306840 -45732102 77799100 -83750142 -75178296 83343893 6460784 7073996 -64493693 98193112 -24858698 53039283 41089745 10231901 -25811523 72223898 91050809 35396824 
17814525 63419911 -95665585 -82340191 40377073 -90455660 -68797649 87969298 -33528570 -91419231 46345684 99422325 106690973 -38930701 -11148990 41391511 -29575161 -69152326 63223973 -18119786 25145517 -61543277 -58722397 -47475753 15711201 -52702654 12534335 -22408447 -13771540 -35152448 101641771 -13797041 64763359 84524025 98152157 -73153602 -69557983 -34816640 -89587153 -71152728 -27876760 -74116977 60083672 25872884 72552039 42903210 -14782172 -48195969 75333708 59331427 27540675 
-23270372 29827982 -54620602 -104074714 98046550 -2573211 -39113619 -17336252 97501313 70358692 69669473 -104533459 -18753483 85793572 -79584259 90734215 37654830 69940484 -71474156 -37544908 21642605 105018275 -86241495 76913211 70139854 -14608056 -28738965 -69730027 86564323 -96523566 19515668 -91061513 -49746524 -51916801 -5658673 58283186 97470688 56490734 -97185683 82372397 28689733 36878943 -34598500 -28158546 -83861243 76861565 77787067 83175590 -65347130 -84010413 -100859903 
-75582081 -67709386 -104036671 31744672 94600131 60432562 79232341 -3124141 -4942985 51133883 -25191574 25286968 28165249 -68062625 -72453793 99588486 -83472896 -74722186 -24982381 15589226 -47950448 4850685 -65788315 -46447720 -39886899 88855979 -79945112 27520458 -76897218 37055100 86100831 104819289 -798112 20708746 -75186327 -37607333 77886641 -60150308 50250316 -55835985 -20610584 -83175435 39714054 23976509 65578595 -48220519 -3339957 21068036 -39461147 43869189 -2580183 
57754035 11980579 -37140485 15254323 -8465120 99527221 13253328 -101106009 -65228765 82480244 -61418790 -84725856 66209031 -6205168 -7705469 3347666 -15469176 46982746 75043971 -70868439 56317390 98837697 -83570766 -70863447 -92793896 -69696902 -42150536 63580689 40811756 3576889 93828808 99459693 -14214377 -97423079 -39226247 98540582 -72948526 -105384605 -6027874 91024605 -31005129 -54025140 101680275 99301396 81370873 -79549429 43883763 74640858 -39353148 59215702 82255227 
15626322 69337939 -75345614 -90464950 95051150 -35907559 869829 -12985030 88202763 4095800 53761291 -83800280 -76377330 -3483370 -54201177 56355717 76008043 72392496 -28518020 71987994 59539066 -77961064 -44728593 51032700 26391638 -93519534 -69278914 -101967258 30039535 -13966237 -28824858 35002005 70102126 -105727460 33837597 -88604703 -94949347 88301208 -41699725 102957975 -87860841 -107029877 -73011328 -43484814 -37534110 -69215982 -95495932 71660690 -47868924 52088188 -47399021 
62206756 -10673129 -95208578 -95346554 69037615 69390854 -88884363 33566373 -84488407 41666840 -69508881 75922670 -74859823 -55084265 78109545 -52813023 -77943692 -93803627 48595749 86707696 -9366976 -97773134 -13511865 -37214902 -86981980 -24273760 -1253511 59708512 47791016 52625930 21825698 41780895 69534450 -28709175 -10729284 88827168 -68874770 68611073 36000268 14083181 74604419 -94654877 -51634883 -77139827 441637 -8917251 -67216722 83911365 58044885 37527666 30000368 
48919074 59679206 76080035 -57848888 -91343059 -57417274 -17250304 -92756242 -13532478 44487685 9531074 5590588 63208493 28618895 75196795 36046090 -32872410 52722068 -62902253 -85224864 105252833 -63913578 -29521347 7053366 3658060 -103826359 74937972 -31988980 -40925227 60000754 -49354085 -105961087 -55175396 19445701 -55170558 24272558 72877928 -77718360 -64932283 97303653 -82085868 -63303483 84251638 -86078109 -27008295 -100774000 95127097 -50138888 -105433996 -31672780 -96967222 
83158843 38232639 -63198481 -64630448 -12081866 -72244396 26990368 -96644104 -3150392 -78533454 -41651519 -17390929 69514815 59240505 105250977 -34055105 34614967 -23518747 52174930 63950549 -2837210 -70244903 15286701 -30009890 -101453591 -46558063 -14739241 30449268 1057715 -107345987 -81728159 -97392762 -49403039 1353305 -96860602 -56568495 76334435 -59643717 -45058647 -98256373 84202778 -41871619 -39393240 30637304 -83655542 3604719 463559 -86680490 50174079 -23346477 -73807551 
-83827352 100717745 -67806551 -83919144 -57052620 -63756761 30494258 -72279207 -66355246 -75597616 35139756 -31055632 -33241031 -9428796 -67678567 -73830108 -1360548 -9395619 956536 -45195184 103574299 -27290198 2565947 -55426462 -74162808 -6443519 -31299859 98919821 -88094157 -9018396 17571099 -91087439 -89485717 5633824 -55518644 -79485500 -13784629 91233058 -8898845 35331563 -17705903 52427582 -90669412 -8382885 -33708372 -9029882 -88798998 104723959 105113860 -89664168 12724585 
-90979349 52591030 88201799 107325389 90278999 20877068 7818456 -29633554 55879376 -57127752 -23816584 8538007 96962370 -22499365 8020182 -77640215 -69088574 85115515 3879812 103984012 -56604888 38363944 -89847790 -35867166 -31493735 -72192786 -52613719 -81758143 15348453 73310704 20438249 63716072 -90427727 -20681891 53793798 26135760 -6569960 -39010487 62348549 85606879 -28611454 96145889 -13843433 -27804949 76631153 -11787804 62250798 -33867542 40932010 7153050 -48657059 
47115403 -4103682 50957776 29255328 81577116 -95356472 -1490283 -31554167 46008257 80311743 -2898844 62222662 -28705074 103570370 64230944 83021425 -36783566 -60769398 7489370 -57533480 -104946965 66519084 26961074 54110085 66630998 -3144080 -17599074 75275493 -32391593 -40338373 -73899417 -98682788 -78866696 -99659980 55492635 -36795961 -68207521 -94997769 85641362 -91555525 -96395015 77756774 -105454337 -13690418 -19634434 -104580370 23633038 -86692359 69368552 -50375695 -12418857 
80931077 10290878 -11099452 -6408917 14919835 31631920 68801025 14094378 19097228 70516485 -53369319 -95897891 -39257660 102427882 97015540 107341650 61664504 80827671 71399853 68171563 286831 -105371174 102255302 -31887288 -40361025 95064077 93408098 -89627335 -35616771 63377963 -47158107 76160123 25473578 -526824 -28770562 -4455724 90148941 -13076285 -7171319 -49112043 90435182 -57750573 -52278479 43231560 48191313 -68324792 -58187568 -78732898 28393162 98347867 81924125 
-674578 -55244014 4623254 -84408751 47368854 96675386 -93801948 42753379 88914890 36035798 47451019 40511508 70257129 -69930160 66949924 90571321 100769256 12757819 -12544163 103888967 10511126 58130568 -17262110 -59482506 98113006 -81678828 42493536 -14265623 25115048 -25551580 -103113365 22372981 -37794585 104962478 -66586358 -88612084 57384590 79620323 -40673090 98827884 -22281372 54984030 -77418674 -10814394 76202248 -104176979 -52621110 -34090344 -3494007 341493 83037034 
48478017 -46079645 11087647 105980812 26825002 98057658 88205648 -102289706 -19305085 -1324881 93639246 -42380498 -77672613 -39383007 -56102996 28027504 17841178 6980136 -57672254 79588109 -11949311 -64410787 46453021 56855820 57546330 13193239 -47645403 -93169372 6938050 66003414 -97346346 36522419 -52151464 -56065682 78511752 -55092838 -34487651 49072528 -66332516 -11447349 -45562267 86574729 -29813685 50582165 11235866 56939897 97242433 11246788 40543254 101339907 87273632 
-52554409 87725955 67868736 2228310 -34154851 -5918807 -48704387 62528548 37666176 39809164 -64550782 -40113498 -17847715 44190311 20969751 -102819419 36549859 2092690 41728155 -56623077 -41830896 85701144 56118860 19149082 17470589 -95859848 38331090 19502929 3292094 -83008873 80367063 93385005 -87328062 57583343 10157441 -79431718 -31476206 -85449622 -22047640 76607455 -74699240 96751191 -107328440 52098874 17722056 88338515 83483151 88781768 48273973 94964719 -12176337 
-15434904 75754250 -15837776 -69224903 77389141 -80921509 -5063059 103346348 2980025 37207442 -10095862 37896167 -28077738 -78855557 40313187 -25478727 -93108192 -103388891 8582096 -12976455 -91433066 26387232 46804753 -36677193 24605334 -74418582 46390977 -1183771 26577574 -69179078 -48943069 -78767004 5865065 10174429 89946972 -20665013 3623352 -8828368 64398133 928942 -53934802 51472637 -65191765 90071510 -52549296 93883737 -9431665 101115095 -95486985 75399659 17877909 
-3483840 -44589989 99971025 56757486 -12043317 -78589021 -94319040 -40851976 47097449 -67296351 43815726 -23944832 -82426222 -48767159 94083863 79814215 76525112 9354551 57497651 -68132323 12484499 -88049104 45956926 -24679221 -894158 -5255763 50832709 -64786931 -77648177 84529175 63700778 73124739 -1362747 22794472 24320417 101027149 -59384987 104853990 -8627508 97567179 95949703 26491137 -92360106 2648418 58343986 23820784 -26818328 -106819861 -57967558 48783614 71394964 
18128882 63964508 106129811 -46383570 -56294622 -5375201 1555111 -95826943 12010608 4925515 -92662032 -38820206 -40957773 -52862898 102347217 -53423112 -33704824 81559035 25412036 61146432 -3469224 -3696892 38781310 -47998692 14927411 -88715005 61527685 4401875 -61260258 68047510 31058429 40155885 -77178135 58677806 -94201762 60760069 96394396 44023707 51823569 -103329879 -21174387 -29863237 72348768 96189747 744741 79664738 14761036 -50360302 20024641 -94974275 57775795 
-15001313 -68843313 -17258988 100167297 -104317482 43357722 17993679 74962940 39898882 -28596669 97247781 10627919 -97572908 -57955644 -45873235 -106140422 -78825133 43363847 105521646 -66693139 105282515 -51655652 -16595758 27334795 -47036554 -25664529 -64617376 -40236376 42984267 -52593080 -12981156 96600430 41187175 -4094532 61363223 88678986 50667697 82993962 59442231 -85234309 8448867 72729716 -20473449 -55596238 -52180460 -63641556 -90928343 22612000 -90905311 -21009499 -34859038 
48444714 -40288317 63564891 64210505 92908375 95404200 -85832628 51656498 24129765 25684359 -14005686 -104265779 -13977578 -36875291 -56889044 101135204 23651593 30636231 56633031 91477174 -39151231 -34153590 74361423 65544892 72288562 -85362701 18598388 81393311 20427569 -81974934 -62573862 -8238647 -14021778 32343600 -65940714 -61917930 -54359312 -6723997 -56244750 -40204111 -16246414 83904079 -29526459 -45446838 26043805 -19051305 -24710447 72444590 99665748 -44418162 -62996354 
58617517 51998669 102015457 340758 -87846667 -67709675 67661761 93614761 -56657426 68261179 714626 65743550 77977395 94355158 -6752052 -30762757 -66189377 89886214 4880921 -19159821 -22663468 31628962 -45120138 8537696 89173854 18192816 -73914645 1108582 74094703 -27346193 -49271057 -16688185 -7548885 -66462789 -16970535 57835076 -99968159 102721000 -76416336 -39754676 104199565 96935625 61188795 -20618804 13550766 -77789672 -95606892 49442114 65164680 2781108 -60096611 
87632900 -85992133 28973335 51466194 -32227157 -75961913 2336163 60797552 -67973058 -73629588 -25657309 -44716040 -35513140 57601856 -106263025 -5179165 20125315 51570898 -47110930 88280466 96801909 56055188 -11077587 85358275 -95159430 96952227 10478431 66417025 78883627 -70310566 -4967851 92794506 -70650979 46109535 82981099 -1081826 -10894402 83702071 83339620 -86230435 24861101 -49708300 85063672 -102781419 -59868635 58873304 -5978987 -41251167 -100936491 39169992 -98756350 
-99461662 -96286622 -97902580 -100375921 -22288639 -6890580 31754071 -53715507 -9412376 105521732 -3451007 -52844938 93654437 -35861668 73965342 -43618814 8643098 17243160 35726866 -50601674 37212716 21326656 -37313797 -78232552 64815274 47724313 101128125 -4177933 -99672007 -15184518 -66707558 -37663121 -23391460 -35046709 -73180579 -33215325 65649261 -1815498 56156971 -67497090 -44446377 -100026849 106691200 -79590900 -16045899 -102140915 25999463 14725710 -56579524 96566295 -54841121 
71741018 -98515903 44472985 -106684863 106302964 8959194 -52688937 75277986 13398799 -28384838 -79757707 -82407036 25042566 -32284098 84248144 40609768 28706148 -87890175 40358287 -60067619 102559924 14386395 793372 -3299183 54531512 16548712 14300436 -28479727 -33609280 -9282114 -83300513 -78390445 -55713386 -100707288 -11919611 -81038652 -19339593 96841496 -95415013 -1730471 -14638641 -37673600 -102691124 32108793 -79708835 53398029 -77063361 -9656689 -104143332 101685289 -9597530 
-64010106 7993586 -71614697 72076507 10248101 -30777873 -83235270 -23703279 41661926 51109578 -57216121 47138344 73943506 -11690066 100529169 -51626979 4222578 -48707720 9450811 -38927231 -79038096 68988083 4104864 -16943863 5609893 87321785 -30198040 2234967 -75541795 39041808 10524316 -66320689 14762028 -38510362 29402823 93703802 6837838 -47989597 22450760 -44237290 -30187099 50398928 56234833 25745010 -68771195 9259521 -33460866 5127623 67019467 -55789400 -61247844 
-48586941 -55921416 -89577369 -78717638 -68648668 54263910 -33348703 -99549775 86867632 -20686975 -55263554 -105577296 -56653990 35016155 -2704377 -81976636 44240401 -28423976 -48646762 6932035 84045316 12546013 -25240651 -4993043 -91182522 -2282982 20552386 17084964 22819037 85905039 -93421102 68601665 -86182122 85115867 -93736950 82550672 90613100 104486682 -75400469 -816451 92471044 43311426 53797583 20397340 -71828575 -23792003 29164549 -21585411 79647141 -32798688 17699967 
-95537094 -50235581 7468415 960655 103520131 34856632 4550159 -59313862 105228443 -49682180 -57119781 -57620690 -39786057 102954446 35285001 -62956071 -28514540 -45173531 -97618397 -61969219 75827378 4195877 49610347 80738224 -90900492 -44205811 34005144 -72188897 58524583 64146305 1262390 31177093 62406974 84938792 105162455 -50200640 36952067 7045746 73709916 -37559878 5297657 -16387408 -52391248 31184272 46205044 34248385 -107198160 91785586 95977232 3038203 91400177 
79028168 -21719773 -36693836 -52275795 -82701143 -102315989 -65046068 70772646 36920737 101836277 -85697739 27674303 -81010679 92005840 77217912 -90331202 66846271 80510553 -62290010 -59987058 42815130 -54520750 2081788 55776324 6403797 -104069533 -38098363 -97155183 -67127650 -92144330 17739263 101921181 -6943388 64405110 81018137 30348885 -34203940 -53897031 -35748934 -70622762 -20448570 -11354741 -61694458 70172528 -67931281 -28831689 -102477901 -80085775 -53199884 -31828730 -28297160 
-99690005 54763813 -103986574 -63046655 -71421877 74130316 42164772 42485030 63833620 -5600284 58943871 7576310 59295231 92207409 -38593688 99381750 -89893216 -66371234 -27003368 18410140 97212371 -68214472 80977025 -74094864 -32536685 9881252 -105834151 -93303736 73833127 75210169 36208174 -58767245 6269322 39391032 -5666636 -72222569 -779243 -2975697 -104301410 -59369504 91002498 34546193 -2032038 -69209354 11220076 36503505 21181843 21754708 -80382159 12165434 68165058 
14293197 100565577 -88051438 -56980328 89125120 -46248999 -100230453 83416424 40556720 73166111 67931536 11447023 -59213903 -6013587 -57289542 8082070 77530534 7565884 102212908 73215348 -86103138 52259142 12416913 -29889658 -83376186 67591370 86389623 -4773861 98998324 -49410509 40735488 -40368391 787065 90068016 7480235 -50115913 22106917 45789751 760068 -47301917 -27075655 23563980 100628073 -7828204 -672056 -3764359 20068904 27093568 27105185 15506885 34737807 
103189058 14128432 36520806 70184449 -65682997 84571914 -79410927 -4946770 8239357 12041233 33721430 -93814710 -81667734 -42446723 -51839235 -9291408 5470296 -74916393 -101845800 53491779 -22746089 71427448 -59898273 -37074449 -74231225 56553485 35333251 -49293741 -18735983 -100017880 -104226941 72322704 89479285 102432757 -24287149 40084715 65568992 -95417976 -83198881 70869518 91218329 53704511 16880664 -107059404 48474150 98961440 -14268820 -53410552 105548547 -59097412 -105613443 
47463818 68859495 41619746 54775511 37053404 -82588101 1125301 40789715 17695646 9405482 60016918 103546976 -91040833 89290807 -81381714 9852737 -53960155 57226766 99041120 -47879327 43555184 91193735 28644448 -82657274 -28112799 67029514 -34683627 72013211 -53733058 -84698859 -35845702 -7592034 -25406550 -885681 42024817 -104137321 -65319220 -25292012 -89419231 -20480254 -91806601 7026123 -44820809 24980989 -100500833 24858613 14885062 15429052 -38323718 11364357 -78337032 
-105493747 100909224 74796351 -67708967 -52844481 -80977476 96336716 -97283179 -93808870 107318129 -33335220 -6645340 21239710 27658808 -32835489 7159368 -384211 99043318 -92080041 100536685 -39768817 -95441258 27054059 18189630 -25036362 6264918 -85939186 55049504 38681919 -18723054 78417077 107120997 95479871 -74385825 42887049 82670554 24872157 16186526 -37729395 -70528485 -25330010 -27591667 -34120141 61876818 -79822251 8552732 -104831477 -13687476 24161197 -78732720 48437194 
10977888 7960012 80396717 98318439 12717033 84661341 55245970 -90422718 55656816 13663810 -19920942 23422186 24863752 -81690684 73616353 26010579 42344274 -34928980 -44130418 21744686 -84686955 -78799133 56448210 -38063198 -87828430 -83639798 -64256754 56698602 77999766 50827306 78075338 83583147 -47602362 39465838 -45044209 11268486 -93207066 -10653649 -90653171 76571079 41795289 -40824017 -32943226 -54518109 -89855805 -80205188 -45907751 38533219 2195067 -65343094 65359220 
-79292994 71924146 57982399 -36674301 76153854 46317222 105773223 59934768 47226651 54535347 -95059411 93557567 -51920274 77552263 -54543720 -34959812 -22782789 -49291416 -49549079 67232291 32939676 32415272 7722849 32436355 10340442 95312313 -56920319 -12180941 100997813 -97567042 -22378965 59814333 -90517367 94841982 -92719008 -54252815 -23921279 -28365761 -21690540 -58503135 55809104 90033196 -88858677 -63898295 84056877 -78651304 -72878634 32302505 -100506525 97748219 10832542 
-21673162 104956742 41220572 -58965116 -4976187 -7810232 81534529 8292709 -27160479 3625560 -8011515 97387036 -26530675 -19309367 73477573 24599840 84419788 51830619 16067009 11525780 2682703 -66670431 26218394 -2670076 -6664787 -41903719 52930175 35484953 -71647310 -95772954 -106894348 97824061 -78589773 21109989 50078547 103993964 -86912444 2132805 -63467958 82784487 66034127 86158306 -12295015 -50194475 -50336292 -69521529 -64230069 -13611854 -53365276 85360067 -39941257 
-92068746 -77267613 -72722779 -23746656 91112174 -29917545 -72139231 -86438567 -12893718 54126839 74276644 -52808181 93925988 -17711227 87340294 -11624109 -73065770 -106902404 -57790153 -64174549 35458409 5186036 -35862651 38958446 68546710 94753008 -17447485 -51208595 -65569421 -72057185 -25342734 45837179 -91115988 2034096 -26981000 -96657077 -98420498 91959950 -65747046 -103618855 25672266 -50212528 -94705837 38307136 -86884708 9977471 52793541 40165329 -100849565 -46964071 -13176453 
32877538 -99284266 71184555 -34590895 -24025621 -91608294 47765405 97887147 -51008834 46933848 -36181982 -8572742 -70236033 -80547924 -32475062 -67846250 -26566154 987755 -65677097 -31475605 -13569961 -19898051 -52143320 73226929 -29195188 -31474829 -40636311 105097150 -100938761 95407024 60010966 -7091561 -77369114 -10926898 66084554 16833040 44428497 -33255532 10345338 33879805 35481984 -77466313 -104991326 -63665352 30590842 49306552 87090664 57210309 -40714541 26845412 -70977244 
-26033338 -17451961 -88534801 -43141897 -13984488 34585443 -35186407 -9875824 3542071 20525905 91800182 -82291780 44085641 25923576 -54467952 -103504794 86633725 -70941504 -68552795 23137755 53836027 35436440 -104011988 -68920011 -93113504 6872902 5551380 70529120 -97828156 46278784 93494933 65039008 -17555617 56283909 68063417 -97847782 -41109325 36608712 65881039 13197036 -87583401 -16244091 12264002 36660740 -51907890 85683179 -34335660 86090158 -17629089 -104775525 -63877939 
2507953 92725899 -93537270 88557657 94406016 38815560 -66623097 79131555 -90745 54468373 -21959795 40942176 -8447656 88160489 4760434 93524564 27508537 65643967 5166122 27527441 -3379610 -1705122 -56962849 -21534973 23793410 60546372 23426701 -11071551 -95437817 71958032 -86865258 24303245 55118578 67275202 67192443 50188497 -63389247 58162310 49965858 -74202009 40373205 -92945466 -18124215 -95388130 -92304472 76507937 47382496 -11800109 -2221136 93045486 -7367331 
39170988 97471762 -89328488 100975125 302942 82192710 60069534 29193897 72450912 34057024 23594346 96235009 -36281567 -60130150 5635681 3480702 -55436413 98552726 -40883130 -46718705 -88280254 -61099203 63761704 -89802341 9964053 8396256 -43788711 -82905190 -39446164 83763650 53156981 97261759 -884837 -42829114 47746154 58758466 92814524 -50957188 -101851156 55518305 49122425 16149737 26599373 77729861 -72475456 -21487445 12952136 64050054 759488 65413194 -73609599 
75394596 -49713508 -80176559 -51529522 -8898312 -34573924 88534460 -98650901 -39775262 20397436 -35985858 -89258414 49475733 97249851 -41790956 95018925 -7974184 -49226011 36813989 17479779 -103651710 58025703 92963560 15568631 -12130351 99872940 -41230408 79239121 -8115027 102513732 -60065726 -101943776 -50681474 -76493083 31269050 97884672 43407055 -24918014 -31628274 68412659 -15470965 -105321640 14266398 -100108637 47644216 -92912516 -41334561 98303792 73261907 13635322 87506260 
50001514 70922143 -40153843 33043566 -2867522 -68221776 -20967237 59122642 24654629 -90521588 32744055 73900967 -46791667 -100155171 -75139137 52572914 -46981059 -104259822 83225890 65369309 -34273786 67994299 61393382 -41737813 107066200 -39048485 -27990574 16485762 -45621431 83822790 39026180 55729876 -1875381 -25977269 54305405 61253607 -8147112 19676899 97193352 85783302 81870089 -84423190 79046706 86671599 -38400179 -20645997 -70891925 22143296 -104867107 101664839 -8730548 
-64017773 11690157 -47934591 29780480 57223176 -103602163 -69838844 -99750111 26571455 -55899683 -38167 101852301 -98983766 85410555 1467146 46243208 53693149 -8410612 -22102636 -36870752 107302047 -34426998 -64569722 -84020320 94828563 -79591090 24777776 -68608501 105979543 70780216 9470881 -26089772 7734406 73540086 11477587 -58053799 105257588 20718978 -80833435 -8121962 -99628682 -49512898 79978611 81642604 -32978861 106421991 67344021 -92593516 -39707662 -48021370 81074056 
67651498 -22551475 -80283101 -69728593 -25934913 -74577130 -4893874 -107355384 -21166501 -34877699 -57927002 49806986 92332513 -27894926 -21408775 -52187128 14735288 13453660 -64027185 -98356553 -71265827 48593335 5729682 3478001 30074594 -34038178 -66602135 -59247329 -65793399 49175835 -21879412 5889685 37671766 104998166 26885146 86847406 32053506 14360835 -43230815 68367413 -75376983 39639211 3114856 -58914264 99268388 78854921 85032514 70058706 33706063 -40102975 42174218 
-24148350 -36224942 14730697 -8089342 31867640 -32504719 19748271 -52829186 -97117151 -31300996 -1029276 -91527162 63087816 3041577 -10582594 -19550112 77478368 72719704 -101151269 -25540360 -87989356 -52472531 71831309 46284782 -21359567 -88100165 34789963 99563726 33127040 53835448 86723410 64150021 -60759190 42094427 72091375 -19025920 61514783 -100378775 37777552 104223221 60782374 59918522 -3313301 52256372 -9949397 -6802699 45749133 18795597 -20403345 69848247 14538833 
-49918432 72355904 -86412790 -64423272 53270827 -52024105 -36193369 -17182248 -76057635 56202181 -45168435 65752317 -1007313 -43505593 45586914 -46034678 4503281 -25822124 98055347 -15851573 12849730 -102839706 -104342825 75420097 -47168642 65784644 4558698 -98019099 -10812515 -82715458 -106429516 -71486685 22693747 27725754 38514831 -75140406 20656522 17836200 8408911 18596320 -66319464 -83459850 -97106756 87245582 -48743774 15045363 -43873847 22146762 -83538166 60141860 37326064 
105571402 -88774146 -84066033 104869846 -6307130 -104156695 -37125644 26105573 33336241 -42486601 102002327 39681548 -80621374 28047354 -69128649 52492996 84463113 96863450 -94105930 -68712030 77423554 -65067995 -60745339 -26901396 -105524213 -77097321 67929583 82849248 -66104183 17342434 79849446 57117768 -46888284 71050185 -13823913 18524760 64845256 -89694952 12867935 65030469 -99242984 -77571126 85889778 12794297 59764274 49570730 -68114950 19924527 6735724 -2745614 -6387623 
27630864 18811803 -72806638 -12780908 -7015381 -50783112 -77995442 79987316 -33683487 2535408 -45474419 -98611736 -84228058 -43842620 84809787 -2556631 -62656918 -44362189 -79646587 46688170 -43895782 -70839334 93354816 -77202081 -14436050 -50247942 67195276 106694619 -69700786 -5685967 -2035393 71849029 -103998383 -63830101 -625545 26163870 24692776 32873090 -88911272 -23981079 80406746 97685771 -69486920 65933007 -53917410 62169780 -8396736 -101004685 -104938107 2506803 1036714 
97081072 -30011175 69561836 -36276467 -3373401 79142669 -58884275 34024289 10124083 -51916661 71226057 107087347 -12334427 -92394580 104328336 -84586274 -80112495 -35606236 699672 45654943 92973810 10744908 -83265452 77683884 -33788979 -77759409 44478436 -74286713 55564573 -9922347 -46172962 62908159 -9319399 42896348 75135742 -97784070 7258873 90727253 -83825042 -23318842 -96334078 99049955 -34736330 5836384 -16716036 -2168573 1729337 -78548015 95273715 36279846 73367004 
-15315178 24240437 94552858 -63848086 -62799649 51359678 6821939 36702738 -75216588 -62459766 106518893 -21511815 -87484339 62156368 18885299 26174300 70157348 -69796342 24045888 -19085417 66121910 55107957 21690521 -104229194 42727434 -74716428 -103908531 -47025107 20078011 -25022351 -96405134 79477212 63519592 74726165 -15392423 -32953169 -22209623 12903721 36691437 20858487 86308104 70862517 -1178268 -65878916 -29653430 3658721 -20510260 15774757 -15299639 12176587 -44309781 
-56159123 55128774 28157809 98992968 100064259 82193091 40855012 -20145491 -81673353 -86456323 9172645 -34448600 28442948 14846915 -74217520 -71301362 94850559 -60087628 -19143782 -70356316 -40956125 23623268 -78311957 72743112 105068543 -27510681 75589668 6582462 46395291 28767202 20115970 10935409 65231642 86574603 -21072717 -46973326 -13137109 11531821 -29350312 36560699 -6400860 -7957569 -17290308 -105452277 28770296 -76137799 15801496 -86090997 -4808624 -34285172 42880280 
-77800690 -72746426 -83636368 49685685 -2705355 -35267882 -86508575 50835136 9055486 85856710 36536575 -24589135 -102999210 25941587 58734115 37672348 87166781 -22427978 88713375 17738076 77048594 -81239759 -12800883 90865742 -10468174 -107259439 -11628357 -93036540 -49309251 30280167 47878259 -44686369 92213252 28346706 -49766724 -61222217 62587232 -54638292 -61852698 49849141 -22081777 86310876 -33422094 -13111948 -58239186 41412894 39216632 24328021 -13702163 22936734 -104337659 
55378987 37718495 68987688 20352430 13699118 -79749821 -58786632 8303355 70155905 90458793 -66797044 -65971549 -30506756 -44742090 -98083717 48617890 -10544227 -28380443 4475387 25008205 17200851 12475607 102601942 66134843 -48350703 -50405397 -90844322 95135046 -50952495 -93815670 -7315739 22303504 63771901 -39490541 -26127513 15797691 -60788497 95263885 66342234 -57998792 -42212457 -44283479 -91095680 30066370 -37194788 -105948772 -49375358 -82394368 -65602848 -36988977 -82798974 
-83857121 23408019 -64938046 20988849 78869943 69776612 27384465 87195949 98224216 -90255821 -46765912 -9634620 36915091 -81072850 92577351 -30024213 -79807654 27738127 3347526 89763020 97988365 21445119 -53408531 101514818 -104809359 -96524443 47561878 -42895783 -89049364 75025529 14169259 19954568 100561578 -48703251 -56310028 -286011 46866760 24653099 30132418 -5842853 11630097 61581551 34474217 -86941067 -11460983 94344188 -11153280 4348144 -61298322 4448420 18237262 
-31335260 7562877 -33202953 103886937 -99257870 92677452 4856449 103527344 -42605054 -7653407 6402174 103945050 92107112 -79970751 -96686339 -106883563 -22717987 -105888663 68255308 18147219 -88224569 96329637 -54856408 51263811 78267554 -106710376 -94907774 44273453 -13687381 22546845 49110761 -71365340 100251001 -67196588 84066408 -14536134 -27381421 62710230 -96946377 62627995 51795713 -62053703 -44727837 80541188 66656276 32000787 107324540 57625363 232236 -8079123 -29213209 
-100669889 -13514139 39844876 19406075 -65954575 -32420928 28802887 56733641 6529384 55049210 -66061140 -47695483 -52504222 16947713 -2060922 9742029 48675993 83837938 -13163231 6638051 30053514 2536568 -96097525 -56945564 -99012389 40734670 -61188165 25124733 -29347640 -87992622 34218546 13438513 13156249 -23893606 22246449 72426460 -33274251 95109977 -100125988 23044461 -52398262 16508948 -29164015 -54053754 96977982 41324266 71474468 -105108701 -91373347 -31806337 -16757196 
-99654221 68281461 -87023810 -48807001 98197003 -6965093 -17802026 -1289110 -22486868 -54347086 42263073 -37370417 -51837583 -32269038 -91717951 -106696285 -31384992 -68644644 53475155 103104736 -8142741 99344040 9344589 50648087 93060764 57684930 59543629 48368967 37420226 93525122 83819282 -57056388 -11289261 59367041 104515804 22019705 10244124 11044399 -98746900 -102758655 67344650 54081877 -50327881 58653876 -76817377 -93828778 -85680083 -53991721 84828309 -46031610 4564372 
-38297348 -64272242 43119416 -91960566 79811554 93285175 86275969 13202495 -13378067 24726096 -92338059 -84799913 77697026 -69834078 -50480953 55207309 17980780 -98758833 38655134 -31651528 -54583111 -105260712 77329066 -101353771 40595525 -4201926 90778852 -87509132 64876286 -69628458 -22439644 60957480 104695169 -10892123 22624796 -63658870 -13447081 80674528 -77278201 -106500528 -41744484 -51336056 36519790 -31023392 66633606 -53398670 -17397909 33777421 65429294 -41869484 13838573 
-64178010 -103787107 -87185836 -103241990 -39246836 42452097 13966346 -50900831 -58245786 77992088 -5872782 -49982565 -84483766 26824727 61779908 -71306324 -47814760 16034312 -83829003 4418389 29006350 80587033 -17187949 -71261322 103252672 -81754898 71470396 -18273888 96965072 -98970520 40156605 68331217 -5269414 -98834811 -41142468 -102991658 -33261742 32410072 79262846 -101208436 73557366 -5918517 6389856 40447538 77469239 -9846281 -34376811 -76495350 -7403967 -30121122 63762356 
-9439185 -102982426 -95317738 -47169260 94969588 28867036 -79254148 70885616 -74382646 65486229 64912669 -16246660 83889096 -57612659 -31549347 65631656 -9983848 70406001 -27051921 -96134871 38078605 -25654880 59421839 95094523 -28774577 95137934 46253031 -103973280 -25328688 -48350656 79262034 19622598 -33512722 -39961297 15861443 66576689 92265559 -76750920 21387159 94457732 107284205 -91801412 -10424071 70320392 90021259 79345372 -100874099 -87340398 100842402 -44388230 -105525572 
70738290 97329320 -36337844 -46932869 -42745457 105631796 -94784543 -75331539 3365682 28968816 -26053302 -54517957 -40686013 104839443 -30097535 32207621 -39121572 40085886 -50018846 -29168079 66139052 -63355631 -38723947 70151910 33884403 13668579 44503079 77653332 57601057 2298895 29812839 -60863674 92367124 -67436932 -38485169 104222640 -59382816 -97171740 27922433 -36159130 91045873 101476902 -69828941 29544689 -88425081 -25046584 -28425306 5252972 60590205 99104038 -18926445 
6085416 -60815027 -106192461 -65271957 -51968396 21055369 -79250778 15707508 -67893503 19727724 20979372 -75542029 -1191372 -77966034 24578819 -14012258 93790888 -55170085 -36157054 -24822957 -5262057 68335477 -25655671 36064980 23576498 41160225 101789523 -77379515 70441607 93891002 -66559743 56987327 28565391 -49060475 -50178497 -39390488 55632207 86154923 -103001086 -107348016 20131 -77324770 -88192051 5655949 -20904187 66984694 -63015717 -10522740 67056303 79997011 62380031 
19620550 55419778 -45310007 14794594 -75558433 88164062 -61465289 -30136997 21266498 -7109097 3231654 -81974498 86453792 3340791 84176307 54948317 -7155416 -21844954 106729044 -36752137 36394899 99051221 43337073 63195752 96710085 -22452483 -46019749 73470842 -3352819 32711212 -96771583 103510001 -33964223 -4516580 -4166839 43456005 -89813454 -40634673 -88586626 -93036001 8445842 45829974 -106273312 81441841 33807915 14954333 -50733964 -90918334 1402753 -77648836 -18348451 
28460009 53269912 5731763 -5912127 96099133 59408144 -2654312 -71048941 -3464569 -52617680 -19566882 -78983556 -98388528 -83498796 -480107 84815026 -99591057 -97391506 -52330152 -64534099 59701770 -71105316 -15111599 104488252 15374364 -101669881 34258353 -15591647 69673889 89073510 -33311474 -41432854 -22609435 5381943 33085122 32844334 -38067451 2496952 -73295361 -48116856 -75927894 42806825 -34673397 1665745 -104336459 35749369 32657912 -8809200 6568566 13911119 78489781 
88155228 -31904754 41824678 -32064629 -50899031 25450642 44589183 5226134 -45008716 67570687 -65809687 6068318 -48574516 105252546 -78422759 33007598 60872350 -93823009 62358093 -27682639 -77883208 81414082 64452661 -35149424 50733300 95034605 -45184886 91496411 -92145373 103719940 75566938 -81589626 37603695 29549448 41151080 83913839 89979334 16906641 -49653255 8993053 -55110174 75471528 77625235 -18702188 -69407389 49871459 -32230752 -22711028 -85953769 -1650266 67924079 
40392850 72319518 94060214 -74831493 -29050873 -59908748 -24722736 -21491852 -19922613 26100737 -62522816 -76656161 -92918142 -53710667 101484976 -39425419 41801047 -33214350 73707010 48386423 -74816288 -18008516 10910868 -39141401 79224028 102072402 42371737 104258356 -40875325 12226937 -12897387 -23121909 -45908206 40591920 -20079883 -3911835 -64015790 52742350 -69388675 -15133785 -21638583 84540494 65228495 12110384 -99659574 -17331925 100206107 -87590645 -90103184 76616947 -97892319 
-81460708 19436004 -72068855 -25456668 -15918770 19133411 -94287609 -737612 918878 -14699163 91965434 107308059 31176262 -45605226 -88562184 100645867 98053470 87825315 -41437913 41034351 -83572860 -11507563 -3985769 28485759 97864224 53943769 89977477 25575819 49126681 -64443268 98213210 46711203 -23663366 -98335273 -96773158 -99273780 65167446 -30503513 -51352922 -107153919 -76246382 -58318990 -73775809 18046470 19454006 47158090 -24743114 93889194 -38067155 19105192 75484173 
-77435782 7452070 -88563203 72773874 -70863285 -65911371 -101029762 -85985546 -6773679 72451155 4070092 36110189 40038743 -80650146 5757154 -1207833 20468805 102021596 -76281700 12776780 -83455753 -90305594 -2696711 9184316 70213723 -57271815 -1239626 97845514 82071146 42470154 -86039862 -14327583 -81530519 -41477333 105328857 -46366323 -22406180 -86103238 46058101 -37864933 -78201840 -56742769 18689909 -31192679 99751963 1227472 6560288 -106406401 47956418 94696959 12023467 
48082611 -73680306 71319204 11039530 13197955 76459326 4289857 74855396 -107108548 66277839 32761666 -48185720 100155930 -67563356 -75353204 -91249539 86393572 94308531 12417381 32263967 -79100284 88163163 -100693267 35834634 -100337546 -95834682 45959884 43250675 25353760 18899433 -71580383 39288037 62590290 -37823291 -95859356 48925936 -87280901 -107156647 -74247707 61012169 22361778 -7204941 -76385908 -33927265 -71773542 17844417 43943742 -93185043 -24685687 -69405260 -21709849 
49650155 56782256 -24666466 -98345964 -8628681 56485864 -93232068 -12201285 49207923 44545750 -66937357 -75192124 5916147 -65450737 -52035174 -95164808 99072042 -2139752 59838912 -30221013 -27925275 4194205 -81521745 68522122 333270 -90817235 1202654 11659726 90397163 67150989 87831111 -59172568 3329251 30449065 52971075 -71143481 62134676 26775635 83253131 -43528665 83430512 82383463 51385137 88494042 12871730 -94069902 98099797 9350562 -75301828 -33490706 55715624 
-29222338 66838475 76714264 -50067430 40228494 28774450 28885144 -9014651 -39911241 36271106 1556168 -65228349 1041938 29696247 95530127 -45077744 -79627396 77378304 64587296 -5268243 -5578247 -44202788 96602305 62223064 -10468709 39907524 -82830758 -76811124 -100817061 45166925 -93782853 -79375026 -40826460 -71522464 31878753 -33213874 64798306 14898003 74436804 -22984192 -2877398 -47823852 -26434785 76202444 53237432 -41209488 -99952303 63601482 -7720475 81594537 51828939 
60416318 41893668 -25244844 8703012 -65203722 55709540 61475394 83670728 59074844 -38928278 16922035 -72799110 -36081946 -74275550 -79058624 97487814 102361959 49760848 9201395 -69703926 15978198 -53666097 -84213038 103863659 -21803767 -16787365 -42210944 64251319 -32913602 -38548095 -76266269 15592583 96279955 91120348 -74907977 100907797 39370365 59035477 -88417524 -70606851 38583688 -81370917 -28329671 -51182318 54683791 -86396545 -88435968 19293302 -37901864 -35145400 -33885703 
-56836402 74095243 18453350 27378282 -51104358 -103394581 -39553324 594811 -100347781 75336287 4856970 1570833 -4704923 20447684 -87862897 -38498347 62263807 12258592 -20551735 47944553 -48702996 78649369 3185935 -67453366 -20915408 -59259348 -80173663 8257528 -21717481 -94364170 19030354 61614076 -97713111 -34851838 93187842 -65493537 -41955315 -36970623 62857996 -59774839 -39015514 -36884562 32311342 -20098918 31238342 -104436668 -5237170 71592736 -78794639 89928213 37314957 
102945770 91704380 -104985462 63614163 -86569188 -63750350 -47759059 17562213 90269072 -3238019 29523974 -29898988 -54615214 39131460 -35030728 -86221056 -58096227 12678102 -61160511 -41381811 -63068679 97628572 -57904960 -14416068 -11519673 50936128 -19189351 100668730 81152052 73532355 42787673 36736336 -104384521 79263587 -35169694 101143676 -55410258 5942002 39499199 23678506 101420777 67077711 -26280699 -104138642 -1498560 25578352 -82114755 950904 -43790352 77892220 97653919 
208264 99280071 68765670 -12929895 37939739 32047921 84882008 68448650 105858171 16122957 9553771 -41314859 -16834523 -70315917 -4182483 99900439 -67204943 -107073584 46243681 66373133 34310425 -53646867 50490581 35908850 17973897 -44503681 56290728 -66735899 -103682614 8069234 31493033 -22204786 -12593534 -46422256 -96537001 52158785 46753144 80818785 -21370467 33599643 -64682959 93973053 -13734716 -71959373 42388210 48372681 -102319489 -62286608 -96332745 21575952 -13352305 
46139463 70551616 22571236 -76171799 24166582 88822646 1653885 67082141 57367254 35426097 -44935600 89335694 38140834 -84976149 -57547143 36018161 -105519459 -101060656 -84934449 8194678 93451883 -59201463 38578997 -71640444 -68374036 -82478689 80783365 79146420 -23540609 97755319 26189776 92537361 86530319 -76555252 37426365 -43937697 45864639 -24558228 61426658 61010659 33762741 27782476 52785350 84889418 -19486263 11420730 2781100 -71605092 -17330776 66920240 55694403 
-47604105 66318607 6206411 -62342458 -95620997 72992550 -56212903 -67359978 23640792 2629335 95889657 65070862 -11345020 17493829 43945321 7532506 -51698018 -32515101 66070559 72086640 -20736509 43785480 19694206 90350506 -42593187 -88525104 -24253923 -95439094 -83462018 -3547165 -66526861 -160532 49573998 -61783305 -68965216 -105082069 77539236 5974161 -55114435 70301021 47316220 -64215782 40454434 19952781 94354970 -48858786 96928101 49066923 -83857612 99586935 -93217271 
-57399253 56245200 -44736919 -43071003 -8955451 -87127361 17825454 42720880 93251572 -30800954 44975232 -72813788 106105134 28045660 46082511 -64626442 -51549543 79227083 17807299 18377507 77859026 -96415171 59590189 -34655190 -59560517 -10494720 4181726 -92712313 -9362697 36546874 88702493 97267535 95554737 9960304 -90661655 85799879 -75430806 -60403624 64528170 80903796 -86298910 76754864 -12714662 -7460775 -105316349 90158878 51824688 -80061429 77987482 32322602 24435151 
-45586521 -96927141 -97809124 -56087426 72624304 -17953097 -57870170 -78376559 35863925 2216237 40334765 -80535525 26072722 -69922377 80696767 -17262343 101929454 -77127106 -68276152 33479533 -63286706 -70893080 -4511361 96994342 38257272 85423390 -57127550 -40608311 -25779538 -102633412 40714468 79393898 -38607472 62988550 -97728804 -78847015 48284584 -96750375 -13911485 68564864 12756867 52252583 87917468 -102098992 -31183745 -62549144 -16763534 40112460 -52276709 -15362221 28274434 
-27847689 10590317 7416385 86464962 -53290061 -72064196 -18455752 -3850359 -61048000 -4840629 -84282310 28086153 -50211117 -54578210 39016485 -83533302 9368183 -104769880 72828733 49459047 61519215 100390658 8681892 -19214863 -91954596 -35923707 -85218062 38557564 -107216109 13587871 -106527550 -89549481 -96083540 -85931490 101098520 48733153 -43145006 70931088 15782482 -27449767 -42043315 -23831264 103051709 -77817550 -50251839 -25914633 27964257 -47144048 81198335 82997969 -85627866 
99776467 26164152 -75395330 72682549 6271413 -56539390 -104514137 -49973721 34060078 -51430469 -45890241 -6090700 75818046 -105306515 -23649677 -17232033 42214212 -23217446 -104304258 35564482 32127451 -24054137 -29215657 40480737 4663838 43091557 -38542723 -34884085 -29215463 -81243700 61242301 -77944990 -70008872 85171674 11729531 -3583106 23664134 -56160277 -59392113 -78415347 -38368366 87275868 101209528 41474400 90623390 81250354 -16960175 25708191 97154176 53900826 29771446 
92652826 -11777788 59440701 -9101929 43729009 -31023158 75936194 -20784355 343635 -103705644 -11819822 37829336 39857769 -2185667 -99613633 23215338 -76248231 -98595589 37637975 -48949219 -7238820 -9546105 7855265 -87766591 2905321 32599324 -64124447 82825695 -55190866 1907754 -46412070 -104385673 -103164498 -6594063 -60292226 -39551199 55296479 -102061595 -73457322 21110668 18939672 -52234417 89274895 -39011269 -98658567 -43012936 -105970259 85051946 42605083 69023913 -82431675 
-881666 -81524226 -73000387 -37294572 79274330 -79091686 -78196407 50870001 -1111490 -89352746 -41032640 -69682493 -66383504 -62371868 100104944 13822525 -105721401 35508775 -1500863 85984876 78573358 -17575979 -86796448 40175833 -85493934 81502054 -89746525 61875832 -5223592 -13325548 103037181 -21231547 -100829379 -18900265 38864715 47874927 64724 -76959802 -66532844 -36680673 -54831757 -96625684 80350098 -16586310 -98285297 -106218326 52759277 -42060834 -4466913 97717327 -24620708 
90197688 -42523611 -100683525 7141502 29945376 -34718147 -2107351 -64454650 -65063463 49397487 99247970 73958244 -54612430 98696057 -28815748 -72592123 101023663 46634753 -31445263 64759851 64249906 -1256558 77985220 29168988 98413346 45878175 27059163 100797487 -104111806 -100635126 94678288 -42357491 -27464287 36077118 -103067659 30745113 12131607 93158601 -87909031 -34087378 46877876 9916916 62817727 -85979258 -75508730 -34883166 -34844839 -13190658 -5105653 74417439 1896112 
10633985 35018783 -18202520 90678429 -15548927 25429001 88230597 -84741880 -60989497 19673650 33571010 -53003150 -29848232 89781694 72441540 -17832848 35350766 -42344905 -103039656 95176623 94963702 -43199168 -79643567 71019848 -29464944 60980675 -75922511 -57769449 5143350 -72989400 40523626 -39058775 -22401259 89239106 -18672653 99436508 20236750 -103845992 -55061379 34869569 95979320 91800144 -1798564 73767738 18070554 -20350725 35370756 12556875 -65751817 104864246 -79795465 
-89687605 -98900436 48724854 -51600472 42943945 98534135 1060980 83908266 57202280 -52110078 68743133 104159724 -99517232 31254586 -100369341 6112031 -7159460 -85772368 79237581 -74409360 -73609707 -7709975 13748503 -98337704 107188029 56561353 -69763888 -101001664 -89838415 -6251134 -3168686 87483531 25476072 -91341794 -45647166 -9161088 -15108305 -58352162 49623085 -49527620 15462053 -481196 -13562254 -48789114 -40712829 -58456961 -23614084 99566405 -16913754 -24844769 23312712 
-48098699 4860197 61125057 -13381407 95017347 76864682 -36763063 -79089941 -17838618 96614755 -82281797 -79254474 -23152349 -26043154 -68931958 6464 30611339 78871632 33527344 53894330 -38736350 -104328865 -84826963 76639164 24707467 79721406 59422025 79246738 -80602094 50650084 59301110 18563929 -13261555 46681599 -31583521 62757297 -12946868 86927996 -37320259 24790624 28491343 -105207209 -36751914 106575725 767935 10339630 23623519 3271808 31072610 -100266498 -39488751 
34797496 85957788 -70515512 -7814970 -67439597 98566679 -45137806 56344481 -100277143 33648064 60858076 1894887 -13043780 45242445 -54470859 -99259643 -85987550 31665287 -84446339 -13145518 -1236198 -65890658 -74307792 -60604633 59802101 -19318664 -33211866 -85603226 67398215 104702993 90548839 -60498377 -33332447 105465112 -12479611 -18561402 60568068 -58427393 20707444 -102419294 7300461 -24709845 68783102 93479597 105724242 42230034 -8599062 81754203 82030910 50664644 -21343011 
33165046 -20095384 -73167378 58931976 32952220 44486662 92616304 -67319695 2031257 38215342 -95291992 89297999 62665499 -12582602 -8894021 -3870842 94665910 22353107 -85911176 -82854871 93536602 -52329653 -97109572 45530319 -42266747 -49696494 26936459 6560798 -38068432 -209854 105440712 101965227 -12766994 -104529268 -83168698 39028326 -88005511 -8101207 62013241 -98816320 51943143 -428040 53573867 85551417 33376435 39524153 90595222 -9965990 105736531 -14480393 60167102 
-2379741 23654784 -26736814 7597803 -77613479 -21184387 -33136529 51360680 -12381268 -73918855 -84544696 -69674617 26095284 16702442 -97312991 67499624 10392512 36758029 -103761306 -70539729 59491299 -93748746 -87922921 82177540 -5000890 79963028 -96630103 12265884 38161430 -102816945 47410628 1907281 -91773536 21579562 58905747 -37194443 73149371 -73043126 16530153 -27385019 -37471910 101536551 104516669 60158941 56398636 97902884 52532673 -19232049 80455085 4162093 29936294 
-77613127 -47810169 57417280 32687997 53491267 -61051293 -80158010 4956276 46387167 -28488598 106476347 -19295218 57806416 -75820803 82854731 88014166 77399016 95109437 8842407 26283131 -71737083 -103851674 -87182815 -66105374 94849898 -105753500 -107220113 -105869458 -85717238 43093802 -19868083 104707692 -84236857 -55074871 70434130 -86939565 56113047 -29438936 92063806 -98311608 85026838 79958976 -52131814 -23085211 56636771 -66729850 65297749 1457317 9003920 21270534 3489457 
20687196 -75746308 38412662 27333099 -22819796 -51135238 -25208510 -9875050 81292180 42774142 -5816925 -46767443 42092286 -34297516 12855097 -87090218 107325794 -10882393 24445244 -70866822 23868599 -66868290 55929947 -93935382 -102601842 -5308355 17679155 -20955506 40388088 -30993050 -95546275 95820644 49672045 -70122951 41702707 24888374 5419399 70260629 -29258537 -7678783 18720561 -38770337 -5558042 78581605 57564386 36535139 70919108 21091912 -73698144 104653765 -11045678 
20445520 -30579286 -18780908 15557428 -82660601 1617262 26405099 -72875050 -73924907 -97551717 107185733 -29248712 9802709 95962416 61462014 -63773364 -19490260 -95412119 -37194364 -43380333 14547059 -24576826 -95319629 43747948 95513163 -16895912 -51386477 105046948 -65776225 76395818 -49346795 92365419 4402918 -78382050 5684214 -50131478 102731658 -28781878 85027126 91200632 33910466 105025609 21433896 -47283074 -30755837 -85207610 -13544410 -91265716 -22554565 29409005 -26502821 
100433546 89534334 -71439311 75397958 7958542 92569809 70108121 -58636525 10662468 -98560957 63728957 36387823 -83848096 -36659369 15877541 -35645228 98078114 34887669 89615526 106589529 10886753 61125020 73811378 -29932584 97533843 28184230 -90541405 -57320191 24188657 100241516 -55152696 27335767 95518771 56154372 -55661903 -40268394 -88872718 89240582 71731397 71910924 -62161917 -11548286 64059241 90351349 48580115 -59745405 65272286 -84494862 -73895494 76922025 -79319943 
94149512 -74537348 -71183867 16460878 -83831662 70942189 73842508 -3137888 69948525 94898654 20492114 -42207916 58582931 -15613032 54582882 -5272900 -26100701 65839293 -86019080 -86907576 -53324903 -78533958 -3020845 -55317039 26920286 65029067 76199390 -51552103 -8247566 37558966 -26353466 -77823647 72272264 -49154286 18881991 72119314 -1818976 78659888 -7585684 -5098856 -23930711 61010657 -80081795 -52203678 -34435631 16245448 -29644307 85819406 -102618020 -14511458 36959135 
-102771549 37571303 -71697954 96761055 -22032103 -101290853 16026820 71797615 106781070 -97517582 16162552 102302915 -98064418 -30256331 -75949328 63655834 -25410549 -24843314 40953623 -91493987 20391913 -97424121 -42281985 -20132703 -72513054 -29657323 -6099777 97239710 47530247 -12529575 54099601 -79533949 68272984 -43996970 -60712139 14630307 76452341 37508476 48496947 -8759268 49189512 102003441 -39580770 -70713750 56197907 410845 -44228747 -96565048 -89570876 -97728695 52553994 
-10404324 -25109031 -100382127 -40476367 96239354 92177869 5729060 99669433 -36995999 9169822 -23522613 79037933 -40378637 -13218057 5486368 3326212 -51198091 60130619 -12996706 100499562 13245353 15711525 84432172 -66078772 75001256 60068107 71317865 -82478218 22859692 -80466451 61117004 16851710 -39588267 -63409477 91012724 24312037 9018906 -89031828 -32000705 86313981 97775789 -30256597 70541511 47136616 -33472834 -48413332 -49163461 30542816 -12513570 34022120 43774119 
-61814268 -72624950 80261485 85994591 43304988 40327593 -49770898 39826215 103090700 96472716 25969704 -24874122 -36405988 63742952 35401651 85935275 48758475 103044894 -40964383 -49878595 105642412 72094825 59266342 -87303130 80593155 -13766645 -28104699 -66153803 51377535 31717883 64332740 -72799309 28099241 -47858815 -26124608 -102235692 3089621 -47819249 61617665 50138220 57770123 -43641377 -76919482 78819272 -79891019 83261049 65768790 -45674001 81491775 -37946922 19529400 
-18118040 -8586138 85026271 42812425 96263487 98994176 -28358977 1266933 -45502033 -42248360 62892623 5787081 58109140 -66243994 26609134 85183018 47799418 -88383252 -35320990 43272532 -57352265 16412790 23883743 -5828861 66665865 -43836766 -33455870 -95093505 -52146158 81771874 -60365291 29688876 -7691736 -101940503 -63412686 -52029684 -81149895 -40302215 -94009407 92235073 78028971 -24975220 37777817 -68581536 -43122863 -1799345 -14391511 -46816453 5890869 56380319 21465043 
-81402711 86233312 -97022606 87519906 44385190 69126771 -85381857 -14817557 -18384920 63860682 22759008 -34250054 -70532315 81188473 43017948 -81636808 19670993 -294036 -33539191 -74699102 18081523 -34781350 94238146 -62939630 45200711 99406470 -66339049 56725906 55026306 56361701 100619748 104249648 2432783 53584835 69850142 11045760 -87740488 -51485525 75225358 96871272 -91255976 -69019276 6048562 87320882 -54206144 103875314 -53289396 25385199 2636050 -23648921 -100427934 
45059369 -20176396 90370747 40434821 7489147 61649694 40318381 -96532322 -68419539 55498562 85269578 -45526982 71352266 -13876695 45285145 -11809508 -63852871 -61466552 -98657439 2350026 75353164 -59461436 -5832953 2945474 -100943648 14567441 -30888064 80773731 63379675 -40050634 -20100609 -74539270 -101707997 105479232 -10780034 -106253038 20879310 -105666090 27624662 -77915703 -28216249 -42824488 69275880 -2934657 56656862 105073511 -100079368 -28360995 -15705131 -99813245 -3911554 
-104245384 -80440898 93717813 -39613776 -38490921 69635096 85186580 -88225042 11809190 -63111849 49760779 6296459 36932733 -32807226 -23041484 -11914061 31576911 -39149417 -30410463 97587432 63300737 71684946 -2137347 -31756862 44262218 51292798 -23147362 -104252086 -48983966 -90680371 56676699 63119285 5423712 64083553 -9215325 66834600 -12995212 -51448715 6086834 -26959053 -17377675 3144018 34421162 46060317 -105629836 103874700 -24282370 -104730317 -71928526 49580347 -60115921 
-26194815 -20874028 983117 -96223173 -73929304 21211372 61217521 87114495 1732851 -16968184 -93578642 -75928022 -22099952 36678564 -67559856 42752712 19796343 24514003 5258513 43662687 27602260 -54814025 -24086733 46445573 -54086770 7486194 -67057857 -29810143 12514746 4484693 -57528940 -47648019 -22588274 93016083 23461387 -24395498 61924733 -105262583 -102647611 -25561722 86844124 94464171 -63771603 37911657 21054651 -90885293 -56948506 -89541033 45972871 -52916906 71589839 
-40048619 -5730379 10721471 106625739 83276256 92594544 -34825452 -33939304 -89661011 -106364446 -66525717 31045544 74515959 -82736838 -71487821 -26010397 -91656640 -107178506 -32800643 -94486720 -9545358 -87159653 69878659 -68146815 -66942945 26137328 -39477835 -12394008 -27901578 87860414 28158798 77251112 68001132 66858470 -41512182 77077989 -24010899 -47286004 74873433 -34129820 -64019823 12663930 87384204 -1800548 -9438485 5406960 63862945 -84741555 -79718900 49778366 -55732023 
72120407 9757534 -62982254 -90469660 14416872 17674362 59100339 67611244 -69929333 31682103 -45645381 95732739 -77901705 52458149 94647864 -53444467 -66293773 72712227 -10140205 -26472139 86090713 19267877 -95483229 -22753893 104483880 4626536 -36979536 56693049 -87405760 -104855798 13987622 39925411 -71439021 -61411901 -27430949 26694565 -76257654 -39019939 -40247138 -11000218 -9397044 15062054 -87663460 70765074 30436529 -99068868 70225137 -58159212 8666891 -42132721 -68768714 
96939127 100248576 -67987404 -57898218 59198025 -10798082 92517214 59184497 46327786 29268370 1683042 -13134170 29063607 -24975013 -23724305 38024697 82771396 85744542 -89860041 44871055 -65343331 70149967 95665197 -106095940 -75232717 -63391259 14727284 -4172844 17137846 26895335 20077310 65375029 13051301 88697671 94715026 -73891770 55464728 103951574 102854816 -46943832 -90985619 61277056 -64317931 49523523 25725545 17885338 -90822889 -90273217 83467929 25574400 90616796 
71803774 62632595 8156528 -98363048 22418844 44946610 41753972 32096149 16420745 -21868424 77522909 60182118 -58644355 77094892 77597439 -56935800 36876402 -105637145 52655353 -104409260 -72598670 46653326 68740334 47936974 -88322693 -80794297 69958423 -38967591 -66794869 57680742 73882076 -76022401 -39475794 -77633114 473596 -13864825 77341633 44184714 -38393973 -48667119 27033249 100275421 2124134 -51037535 -2343157 -54264642 160760 -51984436 76474374 30277034 -6934624 
80868788 52060805 -28326473 -32220208 -49143133 38969496 55740248 -17873832 24921017 97434629 -1569015 -12765665 -20672116 -2761801 -46636138 78302412 -100736956 39169967 -47145758 86048356 -28232626 70516866 28154330 98340239 85074360 23386831 44331173 -101681088 71877645 83040049 -6639714 -98247679 69599422 -88742141 96183151 63749626 -37749793 89189500 -106299599 84891788 51815483 -106791852 89449286 -27888916 -81968994 23623858 -54674419 50312435 -58805451 -34066030 -719698 
83656871 -106847055 15920340 33843246 11630980 67511220 101784859 -22131202 -10245316 -53964875 -89155734 4603216 10597395 88243915 -80063431 39417999 -33126820 81881419 66993906 -85980569 -63602132 93563336 59740490 -23400354 -36384625 13268029 -10899543 50166532 -49459485 -20297935 41693962 89732663 54057818 -36100721 -38984304 -7517503 -33357171 -74442699 -84149552 65250493 -44069657 -30717432 103307633 -22710897 4223595 12290433 22395723 57059438 -7662987 93426381 -75120197 
94126893 91524038 103454529 -103297931 -8927436 75113878 25715659 105388326 64753804 85832016 65809807 8451789 -39388476 -48712732 -54922605 -71671913 41851121 -39155868 -12422562 32454365 50909783 -68369338 5256437 56208283 -8535138 82453021 -56146143 24556028 -106406584 93547979 42051516 60367553 -62920544 -81143523 91687113 -45678579 86381207 74027011 529037 -20148277 -70483100 63006683 -9790017 30050299 34557960 18264444 82916566 -21334276 25858506 -92014966 -84877084 
62725719 70069287 106999972 -8442220 36637335 -81053992 51074090 -13887762 -98670367 -79714804 76919167 74838563 80758039 104278917 22176005 34308396 -105610019 47124747 44170033 -1145782 -56238218 89935804 -21209604 -76957447 1652655 -83055172 -80899239 -9911716 -88836701 -80762052 -89483254 43471845 -24508869 -911355 27440878 31462276 28458444 80087336 -75106301 -53105387 -92622502 -84486828 7496280 8745558 -60368283 -10171406 -55366516 -38186465 91151114 -13293709 -22570131 
14928521 -42195097 29281177 -73422877 60441819 -5437002 -90657350 29027788 74094021 -74390884 15930971 -87864685 102856533 11750005 66992314 -38349064 -36811130 -28929588 -75699837 5192670 45348996 -69399119 78777734 -30185190 101682156 29624522 -107113215 33873589 83090131 73379987 -61960271 -11578051 -11020633 -66149634 -51015917 27753508 72876838 30870286 -87114638 103843145 97722281 -44806686 788616 37198248 58759167 -38358983 -63712643 -95575095 -9772025 47245424 64080501 
34216158 104134035 19178168 10369997 -71000766 84048534 -78967178 -59191674 -62684413 89286315 -52508554 1946798 -82446911 93088333 16178645 41847412 79463134 24683886 81516716 1169745 19275320 -64252873 27795668 82402011 104410054 -50193362 -66720326 -43276763 106067642 -6731343 -49352621 29728435 -65954259 -78589254 -103402532 70179371 -92659506 39162845 65287633 -48784543 10211747 12296827 -37250078 -4948095 -52856901 -59552687 85675661 -74006663 -18686410 -19362745 -4654718 
56594328 -75482834 -99213742 -44823796 -66825553 -53488529 62121310 -42767343 42845382 -70979312 15529245 53087414 74028091 103143965 -28249813 -73010159 90128567 -84871085 51882082 18372968 -51043988 39890651 -27073013 32861560 81192335 73103541 -73161864 67034171 20952593 100371019 -9914068 -76480130 -64779200 73887918 77366005 2685091 15104728 -34379051 107265523 -67606479 -5766974 -81572478 65632034 100475272 80453843 -21114132 71678976 46708344 -81639244 76447430 -68580455 
79739150 -101003743 -89110441 50927674 -81621763 62494824 51564216 -77005816 47466554 80601068 -92505629 -103670882 -12996072 25232121 -95944261 6617664 62203957 422693 16581850 103407421 -101036823 -17460753 102526911 17035732 -30138806 67729961 59377466 -57255385 -96170777 11614934 -60378904 79309999 -9243884 21179958 -90150713 93488828 -100054155 -34001765 -11244540 62353053 -60949289 20592728 31829139 103642365 -67862798 -98329391 -101765504 97399762 58673780 71129248 -45304558 
79360894 105002224 43153960 66889835 -31047863 6070841 -104093784 10399870 106351655 12410829 36723758 97926720 -90267807 95998866 -28898184 83745689 -55556447 -30760774 -64034628 91739970 -89344899 50920911 34597259 24350545 -78036056 -2641743 45815839 -97494831 -8911017 -700461 65160765 -78384873 6972129 -23417246 -56806762 66740265 104817717 30837831 106237024 98185979 80977177 -37556763 -60979475 43623298 -10827753 22398183 90208222 77106295 33224066 18991433 63205984 
19976670 30334403 -1289967 80897383 -19735031 28734671 6519149 70342184 -51804232 31491736 -32902779 31325138 61383994 -87321708 -96456840 -86066630 -32975448 -88598400 -84024248 79652136 9482667 -25133995 73567498 -82750812 -33397541 70407464 -42967903 55826295 -45722828 -65425988 51150802 -16928809 23584238 70377480 -37078801 -79043167 72199328 -21172160 69729863 -4621741 54956036 -28914919 81243162 -10268665 41399325 70609795 -15374349 -5926185 61421592 18406645 -9146824 
-17442511 -31710129 -32200936 102059087 75905888 -99255214 -97928046 16760012 -36301208 94162672 -85333417 -52229911 -72197735 -103799700 81938583 -41689831 -18314622 -24442705 -88232904 101379156 -77594091 -44011117 -84017251 -73764144 73593418 -67970781 72101368 93340837 39835960 -97293399 16024838 60711115 76711537 31680769 -42216818 57000058 13679102 53955004 68612135 24034993 42059178 -33064052 83081460 8038070 -105130070 -90172965 103625116 100214240 78556172 103614101 -10803056 
-40885669 -58511584 -97813577 -60624709 -27573103 89160641 -105437116 -22742367 20362822 -104225135 61156115 -59699971 -8403327 98669193 -7125439 43205250 54464780 -20774153 -37001068 11470401 91436615 -65080815 59134929 78598392 -37925488 -50125212 -44849109 44934906 58731128 7732068 -98818747 -97310489 76853298 62429023 -6090769 5752367 72370041 -69541090 63357284 65403167 -13341749 -17543554 -32457478 -22752392 33673137 43756054 -59810819 99030703 -22371578 53235615 -50460449 
69254504 25490824 -98101083 -101266061 96077415 26694185 -72001660 15038025 -64535102 -66637351 -36329190 -65457323 -46536288 32970198 4492746 -61173523 -49140385 -20699256 -57445113 25429420 -83035299 -67150396 19998056 16305671 91293235 14002960 -40468900 43208931 54875963 27020911 -65096700 -103237532 -3684120 -12718927 57277799 -60238723 -98367127 -63543512 -32291298 77928077 30811970 -95484582 5406657 82824509 104197652 41585135 52758508 -9380026 76647946 81713104 51824310 
-49531134 85676392 -24259394 70705854 4213528 -21829949 58027779 -9399116 100993897 -86736088 -82911909 -90896071 -50632866 21487837 -16633306 -92350447 52171483 -85744885 45217965 -70905897 53852718 -44732056 12722596 -36153785 -55672935 -43130933 23863248 -58332893 -70079111 104710244 69566969 -6282725 -103617726 -17107182 -73625286 75790304 56891976 66453925 56612591 -13282250 31671618 -53356340 64656436 -40459632 -101842191 -8059552 -86496000 -91900574 -37760598 -57095293 -85798476 
96207206 6568308 95123484 -72996202 -34257466 -100721053 43532082 59143279 -37041972 77002640 92314477 86655570 51017489 70672358 14227353 -52534747 -38274037 -47697242 8948355 21784146 21464330 54000504 50022408 -65860813 55302312 -61917812 -91039925 732975 -88982597 46087323 -80560626 -91029871 -96010328 -58763059 81753536 -95212357 80012901 -3004659 -104348796 74345631 11016909 93673275 88305322 -18466118 95129548 -57385223 55294375 103581522 -48430737 2704557 72659324 
43285176 -16807926 -92805145 -54108846 -87154496 -35385433 -60469748 23886039 43802239 -46716311 -390515 -52539241 -47748 -105947433 -90883583 53109567 -24715089 -34957989 -96972703 -5816253 -45821671 18218754 -51362240 15982281 -65129105 -37184086 7855503 -100458998 67578203 55660490 59435127 27008125 -9915746 -81117564 -26686044 3249789 -60115553 47655210 60640463 79160028 47597087 -18874379 94363935 -31371316 -16162028 90003191 -4101011 -52094335 19193191 -86796275 12940618 
83841511 93506672 100785488 -1184030 62892371 87149621 53296041 38153787 -86710253 35329975 67098327 -93229676 -10517577 -11227568 81249819 3728738 30048969 -43398889 32520554 5552081 -33209291 17229329 65200310 10044015 93440252 -100473096 2679398 81793341 41279230 -11132707 -32486385 -105006497 107099783 -35010760 78126831 10850708 26651069 23922728 -86716997 80313812 -95586153 77134446 38748944 49250827 5263204 45824418 -11426643 -104761815 -9405119 -97165890 33909786 
79937132 12291838 20540553 -73297527 -67069600 -68156261 -5631676 -18930968 74862542 -91184415 60498654 -99644080 72780176 -82981870 93680751 1528760 22290310 -18755611 -71784899 85204789 -50556849 -87801121 -39112825 -80198028 14231200 -78278177 46740859 -2712573 53333571 -84864253 12486567 45174790 104294309 28119998 -27093221 37458515 -60586136 -91904364 -85445134 -45984881 -12546028 81867152 96341994 23874945 86812237 55801080 99700083 87764977 -86946116 -51620452 28719094 
23245840 2843523 -35381277 3151683 -53952251 -63131833 -1882243 -84713340 -11026050 36661604 -51251460 17869038 -58629400 -76187072 -98660501 85210888 -23720980 -107151569 -43778838 8067888 -39761109 76230037 -70674183 -54897127 -35940907 -78570835 96578885 -95355777 217000 -11730338 -1200 -85504197 62185190 -5738941 -100511555 82929277 19828203 -52110973 139839 -24420620 47384377 -33417680 18764478 75531782 15398767 5192562 100181464 37872588 56553080 -73958499 73138164 
61988006 101979179 -2544232 96002478 24171723 58001096 29054063 -7647448 -62613037 86184423 73887577 47728182 60142184 5364137 21577471 23566723 74158521 44315946 15989194 -57762652 26965008 -50417649 -48983098 99600410 -19943459 -54930608 14160270 39347335 76797953 72624776 58576396 97578184 72571803 -21470405 -93990091 -66438668 105667980 -1396631 89719203 39566901 -37218224 -20333157 104974386 -13070975 21498356 42351632 -51445052 59075515 90233011 31812711 86744277 
-50399571 58639846 -40218513 -4368529 -25548193 20345709 -21886123 -103479013 97003747 -106080953 -39605046 1148298 -71524765 18308572 6396808 -43638637 -76586957 -36474972 -49411986 -11939215 76382528 -84330961 -37389421 49518364 -100908866 30817557 91792247 -31524224 -91627806 35456440 -22793287 39395068 49615172 52536647 -83116175 43236572 -24935313 -42695211 -81977631 45115663 -99424839 41808193 105872752 -32136318 98119627 17303547 80943830 -77935482 34792493 -17816191 -31439186 
-83363223 -47376309 -4324839 -103238998 82006118 -4453425 -96267564 -36584801 -58131049 -5260717 11253967 -61750259 23225586 -85871948 -18059549 52349138 -12804047 101152418 -10658975 -26437833 -22697636 82031778 83984413 25597040 58899161 37557682 -69288688 -77327127 83200860 58147003 52181426 -2419223 92332197 26696750 49587728 -52242828 -20835353 100205999 -73646755 84252348 -29253112 92857146 61998949 76179909 79504491 -87451341 7228083 -62452078 -37908231 -53484927 1521088 
-96529450 -98989915 -54823638 51214604 -18986700 3938914 35808984 72502064 -20257037 91752418 -88493422 -19632108 81803074 2216740 -16133679 40358097 -24716449 58033197 60523989 102816265 -66511144 77590483 -87563677 82320716 71987410 -17360676 -4260255 -5445702 52607936 104460109 -13674029 94543810 -96117090 -6664882 -18657174 53179671 -48437735 58012241 -40711141 98870210 -103714695 57639053 7913669 64039362 31005503 -73378791 22912216 -31989421 -94383127 71853116 -94578599 
27250363 -23670936 107336592 -8843960 -104516139 96580896 519041 -18774401 55262470 -71924029 -95154987 -73771479 2828966 59012195 -70492959 22402674 42090042 19974882 85566426 -67200510 -76045628 -68728842 89612545 73356529 -82791238 70575442 -26044836 -37127131 -72427969 -35351895 29377815 39005359 -3807689 21693141 -53188753 -60989683 31752044 16393407 93018133 -16110884 42717856 53877370 -41821893 -45672144 -107263104 -77413959 24514068 -14358198 -19135210 -12905096 -71346497 
20130829 -1448871 -68448837 93696777 30996581 20876870 -84310481 -48974663 90423342 55837305 -33594159 -75769553 59627441 -16225397 -105150824 -65430296 -42627621 -64517557 14197370 63853243 -77126650 21954310 -6049176 -27849546 -82908742 -20967533 15183609 -87814866 -66442981 15144565 14113380 -8002067 72135825 -13798356 -24829491 51039087 -62834633 104222950 -67465402 39652615 88396099 -101550938 -73035655 -84597453 -44417320 90928273 -16517599 17558475 -69284471 75109540 33848884 
-43171376 -88903366 39495706 69400272 -88265620 -15620935 34931728 89085820 -93367707 24940521 40816077 -102421966 -20737142 63834784 -100192369 -92195798 1142866 17174029 15201226 -86421777 53321186 83323870 54292668 -73102083 93394338 -53268083 12203931 29891560 30224825 90657602 18006242 -106287259 -57715308 -9845759 -49259420 14458421 -15705965 -98189313 90245204 45351168 -82455185 -32586165 36350693 -78778752 88858971 60716478 96739470 -67013733 29598411 56306193 61950 
-95631011 49516827 73852867 78825988 -30989136 -105448350 5885699 -65604661 -19372529 -61016090 11678216 -104028551 -45890786 -23217289 60783353 21595123 28446093 -37134 76183497 38355412 59059915 29807198 40535440 23725 84980739 -61017028 -85730761 59843468 80592254 94981807 67881085 41787207 60333025 -63464193 99651949 -81928644 -35381499 12314687 28642987 24253350 8780626 -45009117 46504953 -49300212 -96650142 -34364070 40314351 -70809903 -83742525 83804383 -70859133 
-87134834 -11549704 -989339 -100985911 -44876297 -43233403 78438600 -83282285 97788295 17341903 -54593176 101512714 -90152689 -69250706 99559632 -28247531 -6060733 -80074951 16660454 -3947361 -97801041 26986373 -80112252 -8290293 -27119403 -63772109 103639720 104957976 -77492752 -62370493 -1433199 5280217 -64789149 -98267706 -34055174 61319440 -43211740 56053779 -50250798 -105288043 -37731629 80124867 -62917075 34090689 -91504875 38708203 75926936 -87230700 42915420 -61988436 41475821 
25078866 84639406 57963799 -25580428 7165328 12366227 24628055 -38632821 -79455200 39305183 -95529122 50273970 -70189649 -80348133 -37971174 -102220117 -81379262 24718272 -47463724 39562769 -94548565 -7172433 -90771445 92980614 -12642804 94668282 88682739 -22713101 -34069731 -65234911 12558795 101719424 -91495752 -31109031 82707410 -86996643 -55395544 45286420 105319498 -99102229 -58101737 2200812 -102653401 69132945 -27313511 26335439 7533639 -12135145 -21499586 -102781567 60198397 
-15546286 1500657 -77377136 17621848 -14190934 5639344 33104866 -71337522 75525424 20794571 -23502761 43025009 -85882056 87023757 -52037817 23851924 82868740 -58912929 28514870 -79115666 45671827 -22392941 -63791480 15146448 102645532 37604648 48133943 51261699 29150532 -7756705 -20995633 -33027183 -72037774 -41264456 81978531 -81092611 27896732 -85689317 19550601 9147608 -42559579 86549711 69025920 25978794 -24210580 64928999 94731148 -101028074 48839544 -15030568 -62229690 
-92829742 -56172662 -11689191 6567416 34666502 -55428445 -75194322 -51131185 -14104986 -43168504 6435205 -26837732 -49169812 48961277 84202545 90159800 -84082235 87244032 91042578 57834733 15285641 -25045823 22984001 -58150505 -40745576 -17219966 49410123 -403469 -19582247 -68059056 -9744354 -75308490 87096761 -19251584 60264442 -13941628 71269519 23410131 23274187 44924169 -59568759 10971179 31495439 -98868516 -93168841 37819193 -58511767 -88279898 36242562 44413318 67442430 
-76577074 -70109434 78182425 72201438 -55695507 -101875680 -102361458 103299171 10638695 -37850180 94489979 -86028208 46472589 76017820 -105519099 56355341 83248013 9314032 32490424 32935840 32289268 23974724 61819322 6166238 -1364620 -68483430 38927669 11363786 64511209 -98020728 -43763962 -58215631 100910901 -8075747 2559780 18304895 91401849 16291006 102484200 23710607 -56639600 72384121 -41595843 -55249631 31200138 -71545974 24127920 -84439584 45106036 -30933844 -66205229 
11295393 -47468119 -65103600 -87307971 94684435 74644620 37259375 42378648 73524015 30227786 -37242834 -23708024 27821804 103784362 -8495827 9726005 -90141990 -33504280 -16506591 -20033337 46739445 -81482073 -94241757 -91314111 50899784 30234725 -60423413 29233914 -61420566 -45684670 -28730588 52276636 -21790389 -93239583 21947329 -68229348 36762255 25375835 83255089 -16293976 -50511386 3974765 -81268467 75849223 -49043921 -22289798 981380 23582528 50430696 -74863347 -5066923 
99615013 38641599 -93616230 -56786804 20084065 -28906228 -42075247 34642253 49177985 -93597651 23985424 -4971324 -77434538 65143220 94106836 54197110 -37420956 13972915 97334122 -75999602 40458489 27847248 -53447279 -48126042 -3405698 99466112 94150475 -25404558 32832660 94197763 42827049 -14649302 -21880507 33423419 103485199 9414446 -20998368 27553870 -54630866 -85486427 68655738 -37029356 -80136179 -13934501 -92226002 44440147 27883473 58314318 -83783592 -88774627 35758630 
31916672 83973992 -79045040 77532964 -96786975 -78514422 -14146633 -75489405 80410252 1374950 -30580479 49424920 -30954161 41655657 -40913110 -45891837 62337194 28448086 47758745 2133311 -33699398 -37409467 -28715311 -35996341 16792517 11324703 -20031153 -67936399 34929665 59596016 8164073 -30245762 -67549595 -74407204 -59444795 -99440313 102462453 -83288564 94789327 -42756330 -33861256 -37267135 -8593760 -103204506 33769887 -46810615 66698857 -85216980 105606306 -50612715 -88636074 
-29003048 -14081558 76769056 -104255563 91696277 89573552 4055282 25591095 -1681906 47373449 55379155 -61149731 -38339264 12330946 -38395753 26333548 -92716821 24087076 9490191 22097553 -64640165 27161393 -84496932 -28866408 -53900713 -66040367 53946840 -101849711 67539706 54019953 -85256758 -22010047 48428262 28960399 -10368569 -104897377 73255276 13484670 -42975712 92673442 56836764 -70047172 -65405753 -84114585 -26011817 11131187 -24844882 -88555811 83367034 32529208 38135568 
48395382 101304189 55753341 34472249 -91615259 8291741 26268655 -10303974 10088562 -72707454 -2867984 -42469827 5354513 -14107701 39772817 45432568 92996945 89910146 -57350770 -3282304 -96412867 -63899896 33827849 -92960037 -73429277 52931800 2891874 88464625 -11859437 -57645615 -80185927 45944481 -78140948 76862528 -104295731 101656489 -60697792 -66655619 93279884 84164499 -89659614 -51153686 -75713585 -42486708 62300760 102632024 -96530015 -45124928 -91397545 -90474538 -64411547 
52799812 49925769 63305222 81895347 26900171 1056341 17093977 25466779 -67839477 50143464 -98772710 -46903045 11320433 -104315692 35884256 38845782 -99024326 63037251 -24144241 4300555 -60509689 -63733658 -102187945 -46810849 68943556 800213 -91180250 -45981154 24482761 77578059 -99548419 99946843 92277879 -89096551 26978571 103293048 -20203586 -48470768 -91041188 42264615 -88659157 80066180 -39991181 67344827 18149948 -53950489 35544284 53675188 -7514038 -57912840 96915852 
53394784 105794383 92120125 -14773441 -99970040 69338158 -75750740 66356329 37992103 -47915176 52185444 -64558405 -29224284 -97233295 -83298164 -26427852 89271835 19930547 32795989 93273517 35673139 41663660 43702590 -17404795 42307479 56863441 -15923996 -36478111 -45875890 19602391 -15180585 -12811752 -29312688 -88196309 66153348 -44145712 -28032553 -54968483 56954927 -16635895 21314804 -75211466 -52182816 103866802 56066918 84510254 -86825240 -101864645 -26966897 44917776 95532516 
55002568 -95381403 -106441959 54684979 -15034421 80754264 9642394 -70677713 -33342349 251997 18079607 -23842258 38553348 82501892 66532809 7626874 25081125 -6654236 -26040600 -71983474 -77763676 -36768004 53898977 424994 -88163979 1506374 -61001278 -73447309 99327885 21871200 -100680907 -73740125 -39148356 -18400148 -100740376 -66053960 -54039242 -70850443 47325092 80484387 7325988 -17955889 -85506591 -59639069 26965852 81779039 63553189 -52175188 -66576944 22426436 -87249655 
7087850 11008930 -50004633 -34603818 -55954329 -25948614 -100633846 53149126 84062935 -103286044 -16695403 13675957 -22892060 4046656 -85500213 50415638 23174178 37902860 -15948133 37047350 -79799852 -104796995 38364268 78375790 47657940 12872712 99319333 -75156316 -74856756 -37441372 66995094 -68992206 -88129688 59666373 65330944 -21322841 -66042364 95303971 -34840027 18490080 66083209 -35578045 -47408100 36499252 -8265410 -82322412 -70692599 62104458 -96831304 47021139 -94736979 
-19763598 -51685902 -50730147 54117152 -7738987 -53242779 -67944045 -67122557 -107011639 -33083365 65318217 50504610 -11424951 -78549638 -29306096 -14749947 -76872061 -14933166 -937302 -81797449 -41688355 18212647 -83714174 64837342 62633715 14136573 24515863 -6508877 95240706 27935887 -19740344 86297888 70392540 82544524 106375785 80336030 51147698 -56969848 -16392972 -47933184 -74436915 79666818 -31543239 15963193 -84762521 99439923 4351386 99117048 -34672597 -51151695 96064045 
-13645322 -103371568 -33376456 -1266723 77600876 100540639 -97832623 54655532 96450706 -105222756 51985518 94404476 -77711807 -82515386 87106357 -42558030 42211500 -8320390 -29288877 57930958 24182650 -13238523 -101093953 -31828 59691508 -54684907 98419857 100347076 13244061 44863843 84822784 -42491410 -36716295 99398882 27642629 72436497 16595009 40682415 -69003277 1814172 53408269 -7438730 69039655 -1550086 81464342 8370262 9358696 6844122 68707991 -60896199 -81435543 
53988481 -73969391 -45805055 -65445795 -69066684 -26123519 87738126 74312123 -4187222 77104415 -47254947 22956271 -104436023 -50589935 -93875897 -14451939 57381092 47228670 -4024941 20072479 -40184802 15580503 48930293 97788980 24116350 22628193 18865705 -107355825 -47737245 8294824 55307019 100236454 2866088 102331758 14504457 -82806174 77897675 -27106458 58157642 91505766 36866244 -32664945 50146318 46143591 -25083454 14255503 82371651 67710904 -29957639 -978161 57873753 
-35796255 70536087 99161665 16669657 -76783078 -80274343 35197548 -5692897 38243390 -53312192 61955218 104316353 -23536846 -50205393 -81796735 85622328 -31347258 84540254 -106114206 -93603983 88122608 -19684671 9569526 20257344 -81437357 59882220 57476345 12285568 22901464 -58342254 9060475 57340621 4495517 -74138982 -65436264 -33125921 -87885911 69580775 -99221823 -11864519 11954803 96261994 63891657 -3791831 -29888588 92359656 31763416 5635735 76896156 52583182 -46640946 
-45098209 66908085 -66381469 15630757 -47078593 -33169206 75625422 4062370 5070831 58309113 -34583436 -81580274 46217130 8632902 -44332174 46565447 43471033 68538813 -59332301 -53762940 -30262959 -87105991 -91013096 -73925854 77513964 -89276950 95362653 35628663 -43762198 -96655290 29617032 48283647 69926908 -57427193 51758218 24646425 -10122649 -38848483 -86514338 -81359376 -90271276 -48238676 -37861012 -81893248 9552243 89484592 -50850344 63362080 76256518 16659919 81788386 
-6084929 17407491 58902954 1783517 -58765599 -74019730 106136927 13436649 55631969 90956358 -6643127 -84044180 92604164 -81232781 32153766 -15409349 -104086714 30838192 -43203561 45187876 -45837055 68256396 -82422255 -80455606 34258622 -42496069 -31291496 -76734472 15694885 43180767 87050923 14957586 44215750 85664549 22511539 43321376 5476522 78268565 -84328156 48943718 -52384664 -87947830 71082513 -40205498 -23210156 -30272281 76178942 37627146 1173040 -89652642 -84667766 
68269545 -55819940 29849252 -106505387 102272865 70165404 -6277833 -5203065 -105858438 -95850408 -23579338 -100061663 -100414473 -12332527 91386913 -74876247 -15696915 -58636063 64369944 32034329 -16819583 -3213032 35720137 -51209640 -11094672 31253692 -58085996 47991075 80119497 38208744 -74068865 -24022777 57251365 79969483 74073091 106363874 -56003636 -18945370 -38083472 -34631121 -7848930 3808913 -51417693 -40875213 -39760586 30916350 -105514854 73969980 -78349245 66413406 -98870621 
95815440 95649658 39545531 -75512453 -94829466 39905777 -74702172 -103045243 -87989778 -79863715 94195129 -94326138 -96004438 76729936 81167807 24336595 80859748 -360468 95434845 -73989329 85729602 56138482 22559378 -5340049 -80839037 46833376 -88239680 -19061569 -1505521 62984693 54221365 3150131 65815229 49366589 -66410597 66149964 37801046 2539228 35209394 35532726 -94509480 -21078323 -97604003 90318030 10098385 13146063 -37112079 -18299864 -97291336 94152039 -71417483 
42953095 8964564 -37651945 30678269 54034521 -66443338 -76638350 -56324527 -70473291 -7401642 40512291 -105647831 42797302 83828053 -100573379 18083186 -17993887 -105033938 -1372109 -54006030 12290712 -74767076 14133729 90799633 75522574 -105772156 76478430 35803631 48825846 -35824793 54651129 86356623 -93274229 -17745747 -42669713 -66730989 45930956 60020500 -65929311 79641995 -23264268 -52631622 -18678599 66414236 -74011007 -99588078 77682237 -62636085 -67307465 -84128782 -100371952 
-84981360 39172910 7469905 42049228 80992852 -77175805 -105115624 -53261055 -11509179 18530124 -47132378 -76062091 79241327 -74076577 94552023 -12144090 102579611 88398987 -16067000 -62238182 71451899 28217210 1232680 18173886 -83929698 -72148149 77156955 -57008374 4271723 -57877176 44744519 -79944330 -66017979 -9832504 20148949 -33856849 -59365683 81238301 96418747 -102700957 39685071 -80572709 -57323066 -77216630 -8505644 54438016 62366723 -62574263 -19065082 48431505 572329 
-98106098 -51414108 -37074666 49606109 82106967 26370369 98643848 -94436107 -82525857 12359382 -88847341 51462386 -75601073 -19536697 -775525 95776851 23955512 58355007 40795586 62275903 95196982 -61789825 106050408 20289221 40655469 -69626037 -104961809 -65567379 -71930304 70854623 57438823 57082521 41095639 52516261 -8760116 -93496961 -90529800 2948405 -72520367 -18519741 -628459 -91509147 -36855556 73632331 -91216497 39142003 -79256397 72599434 -28192505 -49725438 -67898281 
-23936990 -2096777 101542653 105213249 -29104783 -83146803 -71594148 60579504 -81307525 -45526418 106585324 -94134136 -71107168 -92658581 32973498 -49447284 40200096 -81289924 87832579 35361606 8565910 -33321839 100260552 42131204 24355225 -102115257 84052545 -306509 18902950 -80819180 -15335000 -90418267 -54222531 32149845 63485073 102656791 8902181 3857118 49742882 43144461 97559701 34631630 90624272 -44859086 73084013 -27175646 69102377 43106002 29538075 -52770098 -46281324 
-85548507 37089587 7319546 -8651775 -43592203 56296826 72443066 50575600 95840949 -24679913 -104252249 -65149023 -39041850 -39653891 -11791072 4274932 35579670 24248056 -1234560 -44597233 31463616 16017915 -61529886 67616011 -33461897 -72938345 96880796 74436237 76325262 100076581 77841422 56695459 33916292 40884092 13567898 97887539 -69014878 88761775 -51408762 -21413245 102812282 -98407285 -50998546 -16297190 -96484271 99128381 -81544794 29582779 -38060208 -90797117 82324151 
85278907 -97490742 -78856109 45353923 98903548 10300888 -2117733 59042932 -102098628 -28163646 58184704 76148592 7071466 40963811 -14691095 -21073281 94711637 18040224 104971965 -18073259 15663382 -97183678 -39461897 5724601 -56166071 12715071 -82993661 -46306706 -40601163 -106038232 98354943 -18302048 -105777537 -41985805 88734903 -68890762 -20672513 62867556 69098957 52179134 15048584 -6679518 -36829380 31599782 68016541 -18420213 -75144431 70854036 -94518777 85981592 -102676045 
-82349879 -68600483 38058391 -55176776 17275462 86843183 -61275691 -96761087 -12596056 8504623 39943464 -23340054 84023498 15751753 70303404 -104817832 87363703 -36584135 7968037 86445523 15257728 -30668274 -94768168 -17618773 -67790497 14068184 -3937851 -11710028 -39972051 -52541165 -36440729 -37315891 30678350 -82153065 -54668748 52255018 -68029901 82048513 22463866 65796743 -82661261 105795705 94654786 -47947903 78332471 -3506144 44169967 -50190344 93434236 55751778 49589564 
-47575896 37129727 36501285 -104887724 104279860 96565367 -34146739 66620257 86838947 -74150526 -74396229 50550736 16767462 -32180984 -73058871 79832598 -31182969 -68053649 20312122 41268357 -23390134 -28416108 2405757 102483201 -88318015 92244735 6411052 -53503068 57774261 4644735 -26696473 -48878726 74589560 10087541 88728723 -2625489 104360462 -99933359 12932234 -83685708 33631176 -26104753 -68407132 -93509406 105193024 70755231 -104060570 -101702978 80705384 87201496 84998868 
103498705 -67545747 100349950 -68591563 -49756110 -74472090 -48831735 86892592 89451410 -22645753 -19575654 -103848338 36342814 90713776 16714988 75147751 -17260978 -24251113 51385212 -88257280 -82444895 73885632 83580103 21882106 97394099 -45578467 -45722149 -81359167 -69334614 -82722271 -3096176 80881384 31580831 92644415 -84223417 -17032268 69871472 9382620 105352359 103770978 64136097 89779921 42944424 57566520 -93643882 -37841454 38476450 -54075635 87754865 -8026160 57854458 
62434068 -106989950 47473121 -9509258 10637608 -58498401 41412197 -105160109 -19800317 -90426618 -22603223 -16072378 91953702 80424014 86007354 24323707 -77441060 13441238 -38034735 -30929534 88961759 -60032451 -101246179 -28756800 -14356464 -58184044 25060735 7827982 -100399974 -54629840 -48210609 32717841 -95696223 -2584035 -9247033 -4270135 68119323 55593957 -22688701 37131775 79402802 -37415668 -54410311 79715004 6712598 -19392440 -9359017 88414740 -47837441 28865604 39001799 
63006217 -82480985 -31374278 -53657187 37390809 85652131 -9211401 -95938879 49501452 23473650 46780588 -79114587 -47624904 88286757 48343319 -36568085 13790523 15700029 11666391 -77939981 29971253 -83330435 -103041931 12399386 90975483 32105676 -27808204 79367888 -5158489 47196295 -78310102 -15176708 -81756204 -49669953 -103476272 -1779618 -82139587 -58643993 49003984 -100401620 56207342 1678599 4203502 67727612 89782856 -1012521 -92950879 77353570 92901453 38818936 -99921898 
-94371096 42344327 -25642941 -9134027 89291260 -97448848 -96806884 -84029913 10707920 -58901538 44574145 15212124 -62113564 82484164 -48296486 73230175 46073915 -4049054 -59753746 -42645320 46432147 45345161 77029999 16333472 64727713 15487286 50513925 13562616 17066494 49226316 -54449116 44219147 100740703 31106996 -60672695 13564269 -50614150 60633661 38569582 25803201 -77076085 -103694102 15765393 -16175715 -35622738 34956133 -39435271 66077397 -16431717 94370903 -75943448 
87764532 -38848492 92902142 55211270 2316595 73987210 -29041884 -45861015 -91955297 69300 106648799 29515870 -75581796 105236954 -43601349 95426173 36192674 -75656647 -9383593 -84807253 -74338460 -84705747 67728516 1190985 -75575828 70022472 -25049222 77006199 -51566631 -97501896 -22745478 -94804509 -14928134 46982837 -94779524 -86367288 52668566 -56722039 52068639 105285679 74188386 16970980 47244607 -9069053 7840117 44398931 81341495 -68196469 -7703467 84083895 -60011779 
20011911 -18878467 6022979 73381088 12150364 -87275797 8453705 -80854364 -30807151 11838115 23925774 95890390 -79633853 65994268 293524 59058922 -28639255 52929278 101249947 17076147 -62179255 9294743 94641108 -32116860 -71676748 -73936999 -81769176 -61881756 -21882014 46986870 -40648136 -23107715 -106237106 -97024261 52220701 -45269088 69168314 -65647740 101049822 -45288244 -66327772 -105616185 -37389737 49379347 79627006 -23767191 59290677 65824988 51086944 -36134103 63016576 
-60550226 -62354042 22517070 -104235736 46370493 -41133209 -72263508 -17599150 -45066321 -32701836 77859381 -56101055 89986716 -42853745 71624339 86281790 -32602529 69319079 -106543014 -12057430 -52352981 32758214 79792878 31258868 71035931 -99526438 -5970132 13594093 5835818 -29353864 -11370563 -99022199 -23159208 54960770 -2081626 -81539569 -87641661 -60867028 78446460 13978101 -70422658 -102471461 95153068 81654448 24360818 61235465 -56358319 67434680 105592783 101551624 8619963 
-52762284 38940262 -101673895 -98715495 32106940 101824130 78740953 -65980127 100670652 88410961 -83416699 -65179876 81556773 -51645367 -53288452 1122985 -86561134 -6181448 1830257 103652710 47379567 -69925227 -76547414 27480975 -68542331 100768787 -63973085 28924752 101863508 11997225 -20357352 -13830256 77201413 63874835 -69417914 -21053784 -62736572 -32014645 -81600391 38829061 92911604 -69063243 -47703080 -52021603 -61086629 17434699 48396483 59836793 -83358016 -43734990 -65156550 
-70443456 -106352294 85881229 -79474175 19270526 12547138 -69828525 60456127 -50808380 27747046 -28962305 -91390384 27301843 -72621994 -29504076 -1296734 97903575 57902730 -80114548 -88764763 -70856940 60794906 89750536 24060990 82249902 -52249111 -22569366 -32950661 45264967 82276114 106878000 -44664797 46452516 71454052 -1547586 57147537 -105845229 64996042 -46078987 -5348713 -84109328 66066678 -89228155 31090440 46522872 81966736 -54605248 -81178733 28075592 84867988 49309970 
-91904680 -84112193 -32414969 -34331538 -64913518 79745773 57073981 41222692 -96531424 12586173 75257040 -20678043 3860500 -16574830 770659 -35862068 -20275297 -87793403 28892403 45656505 -95213861 87983067 -94198832 -30287332 -20485097 77453590 103726028 -74130601 97552095 -14972082 -97800297 41439670 52725980 27704935 284662 -96054771 -59080084 79945578 -22007355 -50453220 49073686 -94326557 -87775236 101289673 54261401 -5996748 24864195 8108264 -83302919 22612914 16535482 
51041795 59812973 41516961 59177309 18962479 61628455 16585071 -35478809 -48172893 -55623462 28631062 -85418247 -89213252 79987627 -53041545 81082444 -18471276 -65312736 42693352 13692123 -40932947 -46476035 -31484280 36021265 -81623054 -24630297 -24571385 76223403 -13916545 63007717 94141429 -32948077 79098669 54546442 66185692 -78997398 45668654 26214319 73370347 -97976578 -105362357 2695202 81895015 18074434 33499490 -95779270 26735108 49462613 89958727 -25391953 101139064 
-92709734 -19439114 105680658 -31708149 -7649720 -103566902 23278783 -51883266 -99941035 -73658247 -25593926 -66708392 10629441 -53887907 -79680005 50294744 -103804777 -78268685 -40490440 -46754665 38616276 -87289585 -43868734 57910424 88297746 -100667597 9430974 -29273231 64355876 -86087626 -47761288 -75395845 4392138 -44242924 53079760 39682134 74865072 63557854 -107265105 41843137 -46228947 -28752615 -39705854 -98847605 -44024102 -29935744 81015506 40062595 -31857448 88575048 41186197 
92087602 -99261130 59240455 84166410 -70300663 18288398 84104425 -74304263 92901597 79697403 -106473666 34097949 41733169 59502452 52248429 86143309 -11119613 74591310 14665379 64059078 74824630 65116958 -103042902 -93959540 42929915 83869491 75925866 76283031 -23480204 -127229 50136829 56652601 43865489 -72519012 87152624 100220680 100123687 -61998119 -13696163 -42789413 -79805396 71836633 -44509840 -65630739 56870586 99587886 -70656521 -26707842 -90816174 72725819 47492524 
-70740285 -88697740 38762433 5466740 -95906029 7820310 -25060814 -47126096 -54483187 -31127105 -102575604 -4548383 -34203788 67657722 -17129958 13383233 -71115162 80512226 -41708863 43331595 -49665299 8124417 -100080104 19435454 -98765299 -103956296 4214007 -56814992 76968742 -103514316 -87269632 -64151842 68854003 -46529139 -72963370 45649825 23975319 89080568 -36889987 87584124 -85022080 33795887 12857355 -71575379 105379219 -62252121 50840531 77524364 62179749 14677410 -74056160 
-69537607 -10136340 -88541025 29011888 61687600 -24784487 86567347 80585326 -31179042 101179139 88494919 -89466850 21796522 -96524253 -56340626 33704053 2323666 -88380804 -71616148 99622170 -73644808 -16598008 -53198330 -59597176 -62433760 13528 -70698516 36696109 74688964 -19453982 -22830591 -52928499 982651 -9623291 -103209625 22440188 -63435112 -51801709 26233972 -101564076 36637938 -88676251 19461127 56744038 -44616470 -22540563 -98791687 47715697 103046597 37392702 23845901 
44113531 94770191 -94188483 -74500662 -85726654 50138844 38405566 3888700 56685347 -7713209 -43224960 -10151468 -48357710 95292755 65981810 -56199940 14513979 -27144253 -106595010 50090021 102495920 59576569 13888004 -11868929 -59159648 66393265 65035321 -92977453 -60065728 11544871 79156610 -1792931 84518673 -31901809 -54103922 -7261453 44554540 2232594 25785778 42779931 42211237 -76380984 82209757 -101867864 -34522755 -66059770 90007974 5169009 93373399 -86367249 -50860257 
46559996 -60444586 4829701 57138466 26867746 13476595 8621688 72477751 -51404641 77346893 20142525 -107341362 -46304785 -22887704 7307280 -46261488 -61485658 -24778250 -96301656 -7491903 94066643 -56413152 18161342 -89838446 -94717023 -61467789 84395927 -41134058 -18417470 -68998852 -91497751 70299252 -35618616 -76466871 77352766 22679431 -62279930 -23130923 -48916973 -58362046 89197448 -26937677 -58142596 -41837459 95264521 73996865 46976832 -89471601 -4164582 -65504630 -88684670 
-57076986 -95226082 -17407084 88512462 -90508161 63267215 16640190 7441762 -14504463 -60834509 -99359538 4851476 44349248 93467742 -96281610 38369806 -91073307 -12930254 30083823 91246289 11971909 -48555728 81080195 102657620 58622628 -25985764 34357900 -16816009 -73900524 94815518 98226467 -46169348 95539371 -24219128 -81098226 -78701968 -66852803 -68810886 -54431112 -42739728 77669257 -62492910 -72613724 9288609 100363426 102660198 -31547497 6780275 -66030222 -52484619 -17387920 
31814283 -92564573 22331591 -51238363 -62452817 -68306390 88033325 23143612 -512258 96027483 -51654293 -6040399 -94233339 -54081693 73742521 47316677 3220316 63409839 83874064 -28503020 16926620 28781704 -76474074 -67294175 61485844 37013886 103920933 -99768922 19857848 -15996026 25694312 35789487 65663515 57108436 -30747877 -99174624 9101358 -53048367 -32320518 33994114 36172869 10852044 -25922120 45833882 -65064341 -13663560 -85384761 -78560410 10390243 -101423165 -7769433 
-55466772 92596207 -104813464 14049358 -104216706 13800102 25195398 -82530047 78489925 -21827598 -64324303 29611879 -3051721 54888795 -25712756 11426573 100825325 104812784 55977229 40001987 -83589095 39055596 -67660136 -96529360 26421044 -65410290 96114363 90508484 -79947083 -48903969 43026735 66414152 -27903131 21885986 23453620 -49952504 -49525159 -104445358 -4677206 4335827 78226538 23832432 -105491384 10195101 17017253 -38548519 -63671373 74442655 103606951 20540570 73771459 
89018376 -25582805 -20396668 1342202 72836075 59630087 -70378141 57866122 8540781 -12766887 -30708577 -68111085 -33460170 29020221 -60592683 77442632 78619855 101317548 -90523874 60017198 62813404 75596399 83804580 -51596685 -10787724 -15573587 103224321 3718101 98194118 32117973 28382365 5352977 -95379277 -101619773 -4772568 16265372 -10606241 -23082520 -56386860 3567873 89753789 23553984 102837071 12254074 -49355083 96584470 10181170 -62049487 -104228446 46836603 17116479 
39368893 -90352369 104522648 38284622 72323753 -32635772 -79595173 -80760383 16310617 -57206337 26305412 46915282 -26981581 -58832041 2227551 92812056 -2887577 -24839468 56379484 23465024 6737863 -82883307 68278842 1652340 -19451551 -104935746 73841 44372028 -70696890 -48805260 -34151561 90900578 -36280344 -47635557 -50041249 68404336 54062252 -103624637 -74379826 12184948 29192254 84897721 79796925 91309358 104426755 -59460680 53629125 106738377 25591164 -26401874 13005244 
-66453588 95067256 -21450508 -59204512 -39641711 88505386 6533248 102338601 -39430751 33913238 -97347976 20479832 -83394513 98714180 2472566 18716787 61296330 3406627 -64417855 27258739 -64772212 -84121338 -103018508 -21652135 14646466 22451825 42567096 57173763 74899332 -106848913 -37764206 84131955 -3586039 -3182521 -50594537 43448027 -33413272 106600292 40723278 106960715 1641393 2259348 55911861 74955350 75320824 -52105518 -28622706 24342594 -97302538 -76439326 15856868 
58724409 9421122 -22230470 -50173108 47625078 -247341 47543401 -26112887 12503347 75127290 54319518 70942332 21845132 -90626509 -91846976 2423942 -99057536 2577084 -102745924 -82384458 84149937 83217198 -78217328 -40000374 96314805 13067465 -36662371 37839522 53747712 -2556077 97037259 -85906758 -59532953 22433559 -43815826 6548851 -27698821 -25269646 64576634 -35828588 -79566783 29898838 -80662609 56747258 -79624899 -102655337 -54465741 -85010764 91329788 -16843039 -50510782 
3251256 -4006580 -9370258 -3941261 -7425885 -96390088 -40351080 104610786 6621334 -43880555 -105841515 105691585 625694 -88897747 -435073 -103760816 72490286 -80117841 -31546601 57238984 -83947078 -70267131 -35627882 22065491 -19056753 33993080 -40158484 96879178 -8590312 -6849728 20795494 14925918 -23813517 -88139026 83968919 -34059902 62891748 -25094043 -84264627 41661113 -101217597 41029585 59162876 -19669377 99756007 -26775885 94655939 96400830 5799587 -106313299 104665277 
106295832 -52076223 -50857345 -28715328 -29076503 34304478 -80550387 -102209224 -73934777 -71003557 94316754 -17500178 25664272 -2185827 -21313239 -106853205 1957881 -11066256 72840690 46050537 87564138 29693087 30453397 -29905221 61364654 -87474189 -78784788 -8624954 24247965 -76124519 -32075436 67136076 62957824 -70157869 -66723961 80546894 -58411682 -53134756 83286231 -19410668 52155090 -93409172 -43404016 -12963312 -47369024 -98616988 29641951 29146263 -72461294 -52212074 42403 
-2904982 2177084 -75311614 12504128 98498201 28831072 -101205354 -6341888 19617877 -7071722 73050127 -81638886 85775314 14267809 -61924844 104502390 8589175 64057454 60558586 -86317912 -10061954 41709627 -63040807 -30690728 53274413 41202352 45604671 50049626 -101043479 -44260604 71176514 -58003962 65723749 78948788 -75297592 -58055509 73943227 -106029163 -101120604 -58460151 -9452129 1583589 66484707 56134940 -92837578 -52873250 -27318151 38635102 -68570624 28357543 78596759 
63180640 -103311624 89768960 28293705 -59039644 -96028667 -48740987 37346222 88743957 -11978076 -80054187 67155872 38768729 -81372311 -43796110 -7629276 -40235933 -75349233 -56511500 65963011 102862333 63932468 50520273 -40501037 -47483784 -28565275 -16764628 -92862718 81630110 -66772466 -37795004 -104464176 -94323225 -69347038 104135223 90594392 47158388 -79040646 86626213 -49817702 4167665 60809527 83250367 5863002 10715690 -101248183 87314961 -56622699 5920907 -35329033 63303106 
27968510 -62446897 47626332 -40101461 16762882 3671270 96267865 -83422322 62063803 -43055339 61092767 -98258830 34938551 9505827 -75165096 80668666 89950394 75739553 58873982 -93331607 11921809 -39972906 96436071 -40458539 -18218690 -56164000 -3788999 -86088533 -48197339 3035247 -90545929 23697334 -92527556 -87666461 96232970 -66723180 67728274 -7609051 91574005 -65841402 71556143 20759587 66051141 -41752149 -86553576 -55515010 -87784586 94531628 29113289 69967235 29472832 
45370528 -44283246 -70321412 51172391 -97398 -18708417 105628138 17482271 69934672 -17706720 -76814130 -96569063 -67426223 -30028396 94953262 52312468 -97611864 -3760847 -20006341 92369069 14518037 -73982515 -5116763 -38671590 49226356 -46600221 -98429411 -25457351 -28021209 -37770788 -4739011 39205361 -69057592 99986577 -64559663 102009549 70942279 5444594 8259456 -47722798 -44276591 29071173 66038451 -58985267 -5048193 67771924 75340207 -47728453 39682861 62159576 -36874766 
60510126 -12205822 -90360599 94441873 57632650 87823128 12618791 85807172 -52439979 -76835755 12468768 -62787673 2344860 92652175 -32299592 2967831 -4700300 -99426040 -13867535 -25226000 19767969 -34142939 87985025 -87866882 -37214006 6877457 -12690841 14218426 74455618 47020606 48412018 16739556 -64694509 45331583 4656261 -7663920 97000014 -60426072 23076323 90794619 6062958 2092915 -107198309 -40434351 -40825510 8404963 -21653373 -35056875 3149482 69141663 -12052212 
-6745643 -15641428 -99760693 93027389 -97120507 -35513449 -38209252 -40628936 93719597 -12374808 23865961 85863609 66464240 33417003 -83008470 37098990 43466230 103984414 42202463 41937871 51952303 31953689 14599682 -71827541 97685408 -71775464 -55549939 -28460340 78495521 -48700330 -27020527 90630944 98576812 -72945493 100467454 -76497462 -69251167 100618743 -105483632 94523881 37959517 -79787884 -39408638 6288983 34612519 12789488 75864043 5547252 50266549 14508958 17117668 
-54211813 16774413 -16733948 105927232 39608196 28962207 66279638 -2343413 22673790 -86870880 -39003313 8500540 -55211876 -85854243 -93218011 57253497 -51583509 -100179663 -43733822 88914129 27057073 24599612 84855414 64399644 8148051 18285661 2757876 43154101 11764909 40470097 6728751 -41151782 90464008 -81560366 82538209 21413159 24230193 79162051 -62698070 -95777835 66490319 -68847325 18648176 46897510 94323445 52692406 -10148176 -67312638 97042177 -32407128 -50919931 
75493869 -43242682 -106129553 -26442302 95871446 -86486255 69015548 -73214466 -42789080 -89100407 96572389 -42391719 90208841 71523469 38796385 103098195 -17045448 -90248882 63566240 -92873459 56515066 -90727629 41133012 54945073 16563441 30167059 91225856 67990239 54061096 -81459408 72868609 37828938 -32739108 58927030 59753041 -90951654 -102314975 -39844658 105499044 58694688 -98879434 96375893 -4586167 -63719689 -41370154 84027096 -12178741 -59647340 -27965517 30631873 45165949 
98431291 60787900 -62382596 -9302642 28142741 54618135 103299055 63879919 55870453 -24140087 98455293 -92606891 87334233 52177603 -20488856 49199331 -105004013 50576005 55980467 -6112498 74481960 57322657 -103965586 64275027 14899133 36310702 -51821324 4112286 30748274 -52910668 6420686 82082133 85721554 44886317 -87800793 -4108362 2203700 -10572722 85194756 -86326669 28954392 27862521 -107191884 -30275421 -44464449 5528716 -15501280 -12311692 89820595 -2857758 -26218111 
-100962719 -83921104 -61219816 -60030872 -52231438 85375353 -97451347 22726892 -45790579 -32438681 89736565 -51390530 38296164 -44069812 34701528 -68056579 34819074 -261897 73529161 1538013 90695401 -54404392 86345145 -82472531 -84112078 101289074 18818361 -71673924 -19361420 51310539 13714681 -91291528 -43371888 -47502845 -40348748 21067781 100040572 -102332649 106974611 133415 -6197093 -38040665 -39118832 -97494112 75304090 -33272967 91122704 24497832 -33561025 -53208419 48688576 
-95859948 17447213 -59463103 -49113244 -86591211 84222935 -98398906 -60221315 -19941439 -86868563 50731337 -37283399 35598856 -58350991 -34570565 21967595 -87382098 -76582059 -36879407 -49882900 42303177 106755244 -88274771 55282537 27404807 -90292793 -103920268 6683446 -26975447 -73656168 -3317593 -101661782 -17246079 -102606651 84665976 68391144 90838766 106001752 67108222 96998604 -66836503 16611768 -78618234 -5614263 -95331116 28292396 1237745 -77963981 11143660 -93873755 -35889302 
-8533651 50325818 -58560979 50143444 36187844 -16417972 93972 57825804 42645269 -82839687 74882058 81713705 -99262944 34095273 -62652224 80802353 8008620 50594970 -76538052 21380287 -80767667 -72121185 75118893 29596101 33915862 95164824 84057569 -107143601 69217354 -5819370 -72207431 4525702 -99983867 -5351328 -29837051 -79460849 -59606276 97449138 -30222024 105493596 55939664 43050610 -83696929 -11233260 45639724 -32324848 -29648449 95746967 75846421 26746878 19400273 
17863301 -16766285 95982269 -13578533 33663970 -19312937 -51034590 51049479 -43857725 87394754 42048554 57135952 -42238240 803075 -31612679 89071220 -97752405 64558596 12387274 -65223563 -15132111 -28554212 -99728095 -44952259 88762400 -57751111 87154457 -23775530 -63048065 -61758274 84214755 43260777 48664161 80759639 13201834 -66904355 -60034074 -53233380 -81307616 20595066 -101337460 -81455093 -68942470 -14185384 76883181 45925842 85498377 -27443889 -66656146 92883310 25134762 
-21651433 72665048 -47073609 69471552 -96005073 -20184658 -14440958 64642987 -86665623 -103752945 -186900 -39695446 -28581660 -4821201 -13346074 68038026 63326088 -91543976 58971301 -9289855 57359130 65265749 19081190 35275442 38760697 -62645105 -27239378 -37243445 16750269 50393155 -87981204 -47936056 -91550663 73780579 29531017 -62099221 -89922972 92455171 66045897 76126656 74084803 71714531 -98860411 29516196 -82335004 91010839 4105305 -74939244 26354650 -84080959 78562935 
-12507537 20069662 -92296815 64599140 64224053 35695789 -83971764 21234807 53342659 -12064775 -36462783 -39418445 -13855956 62001058 -77883878 -5228613 24834004 -80462189 -55850382 -16393919 4814980 -97043369 846504 49770181 65080568 -49200275 -47948641 -12452304 -11509239 28311127 69973257 17119994 -65403769 -6190536 69692212 25095601 -6265942 61281470 -66508212 -95403926 -97084541 107274930 16825177 92927605 -85178957 48326901 74590937 12699082 25540647 77156946 52754187 
-50880264 -29956204 -39360417 -27549394 366498 -73086085 -101420743 69342869 9933287 -911352 99511438 56055969 58288545 69482248 -12237356 -37074595 30382159 -88126291 27013671 45390332 29479045 40945490 13359645 -89284863 -40368290 24079124 99051149 16868485 -43216626 -91890443 7894421 15188860 -63936366 -3274486 80616138 -46418247 74513857 -32541884 -106702963 -61920106 31106255 -22001302 8603667 30691713 53587031 -17448198 -103804015 -77111870 33759738 -89166938 -104078813 
50730913 -10223097 -44002364 -19587033 55299478 -71683818 -19771584 41052758 47292648 -69601285 -30558912 -66526018 35349923 -26100510 11729612 45741845 -33116402 25384932 -25222559 -40649414 -58026446 10417014 95157823 4771842 66476532 -32262440 -59221875 72185542 50512867 -80527454 18362117 -83327338 -6738360 1833025 -96238950 -107277436 87391253 13724548 -62143854 87817740 -26373428 12369381 103419564 57598565 -72701999 33128281 88092226 -79536271 -21293216 -26204753 35668571 
-34505221 49753729 97286410 -53207782 69785603 69574951 -99198175 -104842894 -12542416 78144903 -43290312 -47743007 55493756 -43305732 98356113 -61503912 -24128846 44593901 -105847663 -8480250 78681458 54198580 76588136 15952797 83052868 -45103403 27916613 76751847 -91819267 -52643074 50227604 -60806898 72538575 47230367 -13399823 68236899 63459298 -106288951 -19455301 -16190543 43218509 24337 2847497 -16922093 12311065 63840621 -95886739 -15261753 8165656 -93590135 -37883949 
-21287352 -55714479 -82872383 93075677 -26112635 82346485 -75283038 -70536032 30337472 -8664311 58080507 -82231910 -102222463 50949569 -30813616 -95070270 30101763 73828814 -5885294 -320898 -28129041 54361878 -59862403 53116819 -50877629 13607199 -64132373 -25697644 -99169816 25241448 -32841485 -38463273 55823373 72433080 79559026 16504701 31920793 -96640477 -11077096 105736862 -79671650 21100724 -13990551 -17235932 35893528 86090742 -102624125 54262424 81150947 79218037 -69471426 
-37710700 99962982 -61145433 -37249265 -94820074 22846170 14365252 -10270817 93762057 99779694 22197694 -3863097 48408250 -50238102 -73294360 43907435 98559941 -95793235 -429825 -26622448 101203497 -76991645 86495461 11277281 -46520484 104391951 54126857 -38695322 -48076179 -13358191 -83328702 10556303 -44818121 27502453 -61661599 -89483028 28925916 37075142 -89205643 30165015 1774577 37689973 48139394 68609900 -67922792 -101853868 29101390 23543212 45550847 -24831530 -65867026 
-66995450 31752601 -1379149 -36676168 17831377 63955304 -105725625 77657412 -82249242 39188119 -24959906 -72714727 4319197 -50417057 -105372927 -17922162 -91840865 -64935052 -75435290 -96078378 -93393123 43585166 -40126736 51333643 -105500412 74692700 -58899610 -58383223 -68923021 96387686 11723875 -59201895 -6160399 -6874529 -2060997 37523161 37931374 -61684498 -92835935 -2903858 92662428 76105804 -4887372 89255939 -7332042 -78328350 -43733914 89285908 2233524 87059457 -12516460 
-50336965 10633315 -103101363 -272714 -88986761 -42416751 -74429452 11167966 -59902931 -85983559 97981648 -94904482 53081146 -991928 -42145478 50157681 46061409 68919710 -87945050 79601475 53832695 29179044 7031376 -91459561 65572105 48859343 -91995273 -97288008 7568937 51462981 8749804 -14668075 88242690 -32167020 65195199 80973160 28558515 -23115153 -48986928 72945224 56913034 63994038 35373784 69990794 -50266886 -31984057 2966606 -81490452 -57048205 -2849993 -48233711 
-43122272 106559128 -17162340 70627594 10216136 3292997 31556381 32214356 -33565878 2955435 -25444759 -95625865 21409204 -72929944 76913878 48172945 -94699351 101772062 54991942 74786598 74718351 78948947 36327225 -98683808 -54377519 -43384636 -69130680 19566386 3388734 759544 -51526377 41175333 -82348783 82419037 -5571793 21845426 -53115437 8000171 89177430 -81230330 -77558322 99273602 53394974 -21944663 61403720 -83628790 -4946099 -40150844 92433800 -73422955 -85817737 
79343853 24780058 19664989 -57150230 -77953887 67120178 -75000287 46553932 -87341456 964831 -75739272 -63050342 -31475794 28024325 6912347 -64941426 89427867 57279617 -87979130 -97784941 -88567332 -19375195 -5636157 52822368 79694229 -77979345 21076978 -54245215 92402868 -45125344 35121557 59693157 -100839790 -18912332 -12812436 43399257 7194107 -3792004 80939616 -44726186 -42809512 -56082816 6718382 -27886814 37206329 106026681 -95475346 35150091 79642170 -80742494 -58719139 
99448935 61244885 11462484 21298845 -2283614 -66597301 45916806 -33652792 90472455 -6694919 45701111 78605322 55309826 6362919 -13214401 45563477 69807886 -35439417 -51383837 -7756540 13631445 -17952401 -93416552 6534158 57531016 95820782 105582056 -89749045 -79464820 4802590 11562543 -87577134 1087092 -50165325 88609373 -56662644 -70092363 -2339561 -103425864 -7797233 19609115 79920913 -75851211 100642307 -36774783 31005370 95316648 55590197 -66489902 49486984 -82441687 
-11535182 -38537580 -30850775 36773577 -86407186 -88930649 11458349 -44354672 -4667703 35758623 49445456 -71035926 -7667478 6789012 -35176302 3411974 -20550641 58161613 -37706187 65343145 80717519 -69473865 28305615 55112375 61407666 43041446 -14254258 72864437 -9706015 84604064 64625053 -39286405 -83522229 40765255 -28943015 88220484 89552581 67118178 -59261711 24501453 30426962 34479220 29516287 49372994 -104538593 -21031095 -59820942 47492059 -50582234 -86595045 -70014360 
-33321092 38464278 -37654603 5605062 -30204046 49114208 43777918 -68393853 34853515 -69232553 -58801578 57187662 -19108815 -90612204 -73442182 37993605 -47002081 102347938 -74781849 30370458 70652451 -42009576 -58804532 88854940 -82033420 66202589 -62418025 107037328 -89109371 -53158604 91924941 35359374 41448583 -46096344 -55329679 -38880273 -7782043 4797023 70089022 -49595190 -63015031 67969164 -61190711 43742981 65016511 -64492809 -24700916 51987321 -45272174 -93794623 -73373716 
102913052 -90332734 -59618430 38403556 87435696 -87679155 36839716 1127928 26033981 -47518122 99004158 35652188 -1202043 -73837218 -29434896 -14524366 81977128 69743 -38299148 -100224954 -2754274 103245123 -84195400 90738476 48385154 -87769760 101898818 -98398498 -12969698 85034115 104329353 -101998345 -103854152 -40371882 96906522 25410753 5600123 -61846366 19080576 -75083648 106068808 -48685022 18712767 56745173 -85286573 -36289473 -62202105 18548890 101295309 -5508981 -54706109 
-71679640 64237290 -92193574 42758553 -5875827 -36537558 -26251586 14192107 98798648 -34994940 87514406 57682136 -61321050 -51131189 -9141374 -89644001 88840600 -78438408 87619608 91354454 15647540 63557869 82520550 -51574217 -57121699 11049327 -90290337 -29903643 14800724 95993595 89559045 -89457048 -60420997 60511521 82823146 -75459153 94253449 100925785 20585359 48876261 -7774467 93306442 106201667 -59373244 -81268863 -10828793 22875539 -70539215 87458215 65725578 48623427 
92970393 -30601352 75439985 -82044461 -33363013 11126537 47473966 -59746069 -47435582 -39942932 47352993 61051277 24639919 -106378493 -21116038 90794958 102885996 -36577010 -54204185 -41968205 7867647 -44159441 73690522 -1322758 33231444 8786587 -99747359 -33760118 24171246 23755231 67807610 59499007 -93908714 99980455 -26470981 -17052081 -100537390 -100930561 -36455961 9599278 -30097710 -102178054 -9109828 25981626 -84233555 -41894225 68632685 84051987 100669547 -61713610 443609 
-96944835 -74603706 35240347 82524171 -51375819 -28526138 -16416571 -59330033 95383481 8162983 51298047 -92592279 -53364437 -99572944 -98870996 89611100 26920600 82137383 -91913552 -47560876 45637309 14081552 48550694 -100347698 -91651165 31274142 -58834252 -68359736 6141564 101389739 -102341784 60274139 8634167 -51529454 12026914 -45481944 -50000016 59082776 -4136828 100288840 -98792771 -70895562 80987319 68038651 69568611 39012815 -100507234 -46234361 -8854608 17040543 42968454 
69744084 -7281602 5090978 56033549 -66569489 103518356 -78097356 -45411719 -27421335 -73211239 68022901 57095112 95828073 43138243 9576414 88060065 -2082350 -75136164 19698211 27882544 -3913614 -70955395 -55101044 64951818 2901825 -66489588 30406455 -20983516 19826895 47522493 102438502 -52003546 -28883624 11802734 35066933 -47905532 93455797 89177132 17145204 30611651 69042100 63749477 -68912959 106098014 76646130 45409856 -60800103 -81060182 52363175 -37441863 31962149 
47237078 85553952 60954849 -87094605 46182981 51604153 -102612034 -72664621 -96182079 18250005 53843732 -78162617 -16989584 58365456 -49753193 24905893 -54675153 12561218 93781562 36976460 97538539 -56342417 -81772791 -106515538 -95273559 76387019 -90782849 -17548205 32264833 -60153608 54566233 -99355090 29630144 -48472303 -64627573 -53326450 88993946 84364500 -68990717 -34289501 91324476 58117255 100285051 73229762 61310930 78385173 4155379 21916182 -70229320 -96011457 84132451 
-26345464 -52319839 90415930 -12270271 7924187 -11076006 59529530 66265498 -80757370 98709504 -77944 46610318 -34360290 76131459 -50240203 74965354 53378553 56193725 -41048315 56357413 21655375 98734995 -5859613 -61672369 100404479 -57451085 -24200019 -77946431 -27435267 -57307391 61154463 59538874 21360704 58875087 32610091 -16523791 73895420 -40074479 92395785 49403354 -46223750 16121016 53662960 38014327 -90077050 -42790177 55415616 20766952 -6920634 -45482841 -104413301 
59159330 -83480058 6558328 77133814 706048 -26713772 -19692746 57887719 -87970586 -37340584 -95691697 34764032 17632584 95159040 -105669898 37104614 104251889 102211528 27421594 -55537779 -1018102 -11170278 -1066325 99571156 39215556 21475845 -99919792 106022634 4891984 -41670362 -10915689 -58238331 -71612004 53463340 17663845 20917531 -60706893 -8289410 84960529 50826347 70548326 -51680487 46516685 29805932 63163735 -47284558 31413870 56309209 92150458 23333091 38121719 
40333893 68998946 93903883 44698160 20923829 62893539 51580476 81772606 -80210064 -16354360 -31680186 -103278090 -33272836 -75556601 13240404 -30205129 -11037534 -35508582 -94373766 -21682105 87394726 -59748293 54101005 78117438 -87159292 51592244 -22132122 -67283780 -25142206 89531102 -34075625 -50138644 64445020 17971227 47061045 46712997 30127390 57137926 -47014222 -3848945 -21592611 -3228777 97698861 -93578609 7469620 -19908471 21959413 99205350 60309372 -98476593 89151405 
75370466 -71567494 86213336 -4068003 24872451 -37103604 -42689072 -72345294 5444993 61351429 -27513379 -50530991 101890615 -32502618 -88456541 -97207360 68037792 72667609 -43349884 76557665 87703248 90991921 -54835046 -52032625 -68796987 -56780932 60725262 -23865302 -12641475 -3681408 -50333883 -87977965 -92345007 78418315 -32240106 -7792249 32545230 18146455 70191281 -33811558 28523718 12392283 94833752 -84475917 49341750 91011468 50611502 29148365 38020524 -89092540 -8986341 
82671131 -53418391 -31308821 -30480841 -87772490 13826813 -50009755 50529509 -33984525 -2513097 2961858 76776248 30786503 7588380 -104937508 60741060 -9791409 62539688 -57074402 96603584 99874560 33385031 4628581 -91175772 5420576 -78304748 38986631 107070961 77079668 25173345 -7550800 78228050 -57891473 -27525960 -37874309 -27733633 65681309 -61580606 -65964066 -83792215 -74235661 31232899 81571200 -57353011 -79420254 60515489 -11189161 -21958585 -61754552 87843496 45846830 
-81601389 106689262 94383145 -51823362 -54674210 -46282472 2834942 27261378 23489437 -71846709 12054540 -52595601 -31535652 24618106 -13780287 -6323283 -17744776 -37282994 43717042 98680879 103634005 51910465 -35479301 -42999802 -60970167 -49556477 14515676 -53116067 1892251 3845899 -19144407 -22711181 68768240 83881679 -38391201 -48296516 -42938621 -48997913 -23617575 16053841 -11713105 -103072635 -4397332 -75612013 31918556 28786721 -74116141 51393364 94576112 11699897 91259252 
-63991719 21839420 -26892640 -66408864 39465850 -2147969 -30739844 -54737143 77752111 35623176 -104562071 -24760927 -69310585 86036664 -16772698 -24315936 24898971 -42475191 72716739 18806907 -76964440 -63266248 99968822 8824746 -35972637 -72205438 41438554 -30563316 -79214380 70874933 65981017 -98892277 50453872 59713196 -7526091 12403637 -60778077 -47313220 -64298354 -60115162 44823679 42532489 -6961980 -43089546 -1568123 -61626193 -2442847 40280046 26068117 78871399 7129237 
67254109 33259458 -83225158 24344510 5864108 23504048 103062489 84164784 -11752561 -51144972 99553841 -69797018 -63469330 63223449 64555769 -18570853 85136434 106218709 95764702 -9825614 -31518767 68826911 -13683209 -79640353 7829410 -41114783 -53278520 -101873960 -44662647 76463196 -14932605 17392715 -67725956 -16447364 -60037351 -93612632 -17858399 75327673 -7255674 52089910 -12850689 52942283 -100215035 -16857678 88639485 106625507 81492212 85874045 -49271045 8923960 -83138988 
-61676000 24203280 84272013 52980252 41503444 14648645 -100512139 86484484 -8514431 -58426436 -58243254 -78032367 32200465 45528202 -20757736 61454029 -9069998 -16758226 78303426 -97435464 464860 -64040749 -42106143 87485166 63598171 9978320 -25904147 -46069957 -77361153 -66517103 16488235 8598818 17980228 40637347 -3739291 53789613 85479816 -101410411 -32786810 34423105 -91374018 81916757 92302189 12445088 -20233481 21523107 -26644442 -33270196 -4599787 68750277 -2532675 
106945239 87339841 -90954571 105687063 35800489 34614339 79255505 -101985989 44689259 99224605 40600202 -6939986 -80985609 15285627 -85596830 -62386910 85169374 -45531759 17066689 31377293 -102680604 56337141 96015740 -86453641 773592 -70575095 -13597668 -67261953 104152683 -28660378 93262618 2445747 -57109423 -105294562 -46583458 69193317 80796741 -26738423 -55246357 104670547 33266120 -66464455 -73899927 80030072 -67968812 -103664024 71324866 76359607 31025012 -64367055 40304840 
-59445031 -90203128 -22439733 51441 48917364 -100321916 2992067 -30062455 -49435295 -1599747 55363448 -87275574 56212230 -78364685 -6870441 19199243 -86795165 45444417 9170172 55378979 -94467678 -106677420 96268756 52863780 91841374 -3696453 -55619271 -16157227 41238030 -38095838 -36077540 100051874 39297511 37667898 32912470 -106021713 40767146 -99506621 90956141 -40468750 -94683247 68677971 103915102 -53816912 59329037 -51631071 31707686 77657220 64668533 98380974 25994542 
-71924920 28574012 -16586008 -31795877 9337513 56698249 46166573 85650673 -31958801 -90168107 -68541631 -107087113 63252897 -6466819 3412693 -31314316 -17903796 19322855 -25623913 95742759 61717150 58101350 83274260 -90314876 -89575272 59753543 -30300806 -63437591 -12682177 90299584 49641830 20029517 -97052315 -92699113 -65262852 93176107 71704644 71533767 -97657850 -100528130 -40309864 -103696990 -85518819 -6983732 -96016745 107123290 64173087 22229403 -60528266 -77552023 37442244 
-105214385 38213384 50066552 101252749 19702148 -54501359 -70962230 12007802 -37140841 -6856780 -69341858 37929965 77093537 -93167328 33823426 59849953 70125819 -3574190 9636433 -50446304 -2183365 -102404524 -69740550 103308337 72823869 -68168585 -78058707 -68097514 94383171 -88936313 79291257 11143965 23599586 -94893059 -103451605 22524120 78160497 56081090 -94240351 -51937599 17778995 44258674 52409366 18863227 -56774786 -64910323 85695225 57598881 -7233486 -107151624 86494047 
-73172947 33289776 22557651 -24156839 60459004 -104081020 -102049335 70957154 -80414083 -90490197 -32213338 -8700973 -13402175 104772346 35766783 72643863 1318237 16099421 91975741 82041097 24197272 56404609 -47622086 -19661242 90773250 77208792 -58621053 68867819 44091941 -73922576 17711627 -41066159 -63628991 -61838403 31983800 -36022716 -53991781 -995914 87419591 -23724461 66329716 -48709038 -85337906 -21772206 -12929151 27055733 -7396487 49932717 103371165 -32864081 -1989567 
93283992 -60636006 30623776 -60572020 38648922 -93329361 32122144 -39855951 -74504195 -38564297 51460555 -22151313 -61360789 -76179594 -58597858 17336170 -47019547 38451056 9226916 83987734 -93088768 106584493 17456881 -28316755 21031704 -45021477 36314425 66289344 -18631525 -81901705 39160303 -76386808 -50200247 -16735137 1897 63671664 10195899 -22286832 -69503158 2727191 76948584 -13094462 -31155350 70575198 -15442904 -99230606 -1767443 90918406 21566777 41557576 83578936 
-59037744 -29881036 -72008064 64842824 84226125 27110221 -86488916 -18755968 13054329 36734546 -82515757 -42076806 10528810 75192952 -63330822 38561889 -19202758 -88853272 -78348640 12840567 -24944022 -68345239 -37434207 -11585715 -24188807 34844436 75044226 101361795 -78450693 -77355815 29417445 93263331 -36144422 -79668027 -78294758 77192083 100232846 -83633454 -82611305 -59994346 -46530592 -25281138 -10076510 -88212334 87299913 100810588 14300838 49669109 10082414 -45077995 31554834 
-4465399 49691084 -99488605 -60296335 86663381 -72536315 100475720 -28630757 66137971 -26541706 -28316638 81536537 -101069615 -89398174 -100837456 -38165313 101628874 18434455 -41612615 -21997682 9609382 -14100860 -23123135 36531864 80214771 -54599111 -40708699 -100844745 24273290 -80273163 18690307 -53316427 -18604133 -56189889 73924054 -40805055 -21770286 -33616582 -1139501 752056 45894222 -44362309 37875908 -92577868 -37232488 -6435607 91058686 -47397300 72279391 -91578711 23625077 
67205955 -87647328 29004458 -3750989 -35581546 -70239908 14358551 17868178 40368619 65263615 80314144 -23955758 1067233 -4649417 43655225 42996097 -55816186 -104208132 82118434 -20796703 15940933 -95191675 25346320 -97928208 23141012 86246588 43373790 26232995 -25856079 -59174511 -17787076 -20255950 100737350 61183399 -40586835 -16438872 23373656 -102797988 86270904 -11796270 52429036 -69688135 84297703 63185502 -106993040 -90444297 104073055 61252995 -84780661 38596713 96388374 
-36791988 31775984 -76621086 -105656284 70807743 -55208795 -54624008 -61270197 -57388812 17930819 -45893517 -9069870 22872739 -74070042 68811021 71849647 14158566 -78677544 -17086496 905641 -97010739 1804188 -36805020 -47563007 41254079 26664091 -105394641 -8240671 47924019 -62482300 76776869 -42581762 -1394571 -15816408 -95270497 71874326 30849800 -34416127 -69339412 57869258 24660060 -104064117 -38774862 20896055 -41789154 90529435 18146636 94657897 35977288 -80736115 -71028648 
-69383545 94476168 -84286624 -25242428 104213817 96520196 -53017899 40155282 -81552469 -12446926 19741385 88429822 -102953658 -25980281 -1235737 19063970 75489115 62996899 98516178 -7172480 55798379 69402558 58563527 17701417 -1611509 46107121 -36339137 -103652459 -65477590 -18128253 46229056 -38518396 -54397803 -62381107 18280864 -81231897 32575424 -35943397 -95047618 37637548 63518850 11192758 -106518069 87781862 -15034260 -99870845 50910202 99743439 -103258002 71072977 -104997335 
50637700 -22799144 3616713 -18012132 64047962 -33873278 84674885 52586062 -43214621 -66592856 -46060036 -7589528 -69436110 2289097 -37559348 -102120789 106738527 11619276 21386779 23055702 -89479209 -107313091 -86815988 46390677 95145332 -2841085 -52836672 96374564 7676670 -87178259 48894118 -19484664 2750982 -45596723 -107007117 56506236 64434001 92125451 -18541434 28311642 10574853 21555437 103696211 -95444736 99795178 -100119721 -99643375 83029188 -89711880 85912310 98267321 
85611012 -55975855 65829682 -29404485 49368368 70397910 93487481 -95060468 -73393063 -96367101 -89574526 -14133846 -11812198 81710990 79751338 -32989409 4688436 -82972889 -65470826 21036176 54016731 -51776705 34569721 40928623 -4631271 69124503 33030609 30849186 21729890 58904895 -105196844 -79324131 67511157 -64816835 8452537 58622101 49151839 89235304 85838357 -22376552 -78542889 25306989 -69179804 45246496 -62826708 -35912245 -95578114 46783479 -23856767 -66420817 -50738519 
94575011 -1702275 92760542 50874764 86192930 -83142090 -68324642 2120705 -50206586 83034096 -76493969 89103200 74896680 -68862983 8598296 13348712 -39712368 -47153538 -96786670 -77204490 85610815 -172674 77956462 85846923 -32300286 -43497751 87385684 -88982212 -95491200 -47090220 28335420 8561991 34795059 -83790064 -83961960 54423103 -38810029 -1194623 5410333 -54553624 -3000069 74860207 106301041 28237803 -5726420 101813021 51693860 53679774 38377242 -8370105 -40439843 
-20703039 34958024 -102440087 -80946303 -72292713 52158531 -1971771 94310779 -51466136 22863931 30047698 -101346552 42027999 96249480 -94493915 106353083 -19595678 75786744 -54271055 -13004250 -62300688 -94261854 -72328272 -1249610 -10260094 -105560710 -4263265 -40671298 48179747 21169468 75499093 77095739 -21361042 -23318892 90297411 -93739193 78773521 -1719338 48096548 -16112306 -20675687 -75119006 -94507150 55367460 -91365938 45221203 57440942 105200521 -2634767 -97880751 89168226 
47429830 -93887158 -3969008 84580890 -2008872 -90655008 22847185 71358944 -88320877 7139757 -65376977 -106064542 -60868759 -41869629 -59911585 -29660141 -84300939 -92821355 102231778 19822504 2013649 4950212 75192240 68445968 -69729388 -106921647 78554419 -42085387 -494894 38485432 95193697 -24090390 42219289 88642426 9079044 -66382518 85647153 33412139 25391363 88291042 16347476 -93914698 67958964 -68441960 -101300371 -81707776 -90267879 -107257884 5096207 -18192680 -7001993 
69793343 -11651895 31808706 -26146793 63315300 -36826081 106454676 -19060865 -39864228 -104922807 65937003 6601626 66461075 -55768532 63592507 -14780517 -28161797 -39364084 -78433541 54387968 -5256088 7450589 -1988167 34608608 -9720245 -91281053 92965018 -30922617 -4920413 -103972658 63367532 -66702251 -3429903 29765544 83662281 -11723994 35875258 -26410397 -42423576 -93397985 78262898 64776725 -82976841 -46100664 24079454 -2561603 32083228 77944233 -68217036 -33901207 -32388269 
-80091911 -9721807 59807200 -105155729 51491452 -12265609 -49328035 11916467 82983255 -42403027 -19765534 51514066 68176996 27090008 -46793843 100671467 -35154115 -53030926 -93420259 -58355318 48332953 85688992 32127160 61700303 98879814 -30427843 -17681248 25366525 2533148 -35357544 74226388 20022457 -70724623 8718617 -98777190 8541305 48388936 40688405 -35537705 -67391592 -43318651 -67327034 -20901567 -11696717 52953467 -67920150 63500278 -94780044 -87706439 -41154368 102348321 
-88756875 47349877 -23951770 -10702258 -47391451 -104047491 -3129432 15971250 47395212 -16807392 -96636008 -94228341 -100307353 8266709 -54410524 -63522009 -80144203 -30502608 23216370 -10331564 -42298648 -15758723 -64239559 16455100 -1275857 6669686 15488150 90013221 -62469589 70069366 37803146 -92188053 -31261810 32073368 -104127574 68496035 -31220703 12189835 62516955 -20457826 52917044 35368837 13996457 -42232884 -8507625 88163352 -48474558 18387897 -60219213 25555596 27196678 
76440794 -19865933 -92909744 104559206 -68210774 -57816080 -63527511 -45388883 53463126 37645406 -61765149 -740317 -87878417 70004896 -10376126 -36834825 22800421 31283791 83106625 15589030 -107010906 35767954 94538237 -31902344 83065189 30875411 -97456211 -26528707 -102829657 71487440 -41079199 -65205450 -82818832 -35472009 68349778 103860703 16474499 -84963434 28621910 42251935 -107092837 -56976310 41766455 80228225 -36731022 -67352210 101678353 -54617895 -15644845 81667671 73565953 
11475257 53931428 -104624267 85216493 51134453 82035142 1368457 -38941537 9350860 -19317148 -11725832 67649135 11253092 30616402 -80237172 41912520 41794940 8925808 -36721976 -844936 73173353 -74893613 -70511745 -38219158 -24473948 -8170826 -29155492 -30073437 -38344589 99393837 -93976929 103626533 39734034 -13215012 43600022 31040333 -11119126 -75117010 48399991 74299966 -27194875 -103501072 27922364 26664424 67300988 -64262568 107287365 59743090 -66320095 22197040 -76901148 
-52625574 -47176344 28212101 11068478 -36273697 -80493420 -81410843 -14235050 20333929 70250345 86917627 60046984 37041531 36893251 15656591 1809593 37773772 -21771632 -21528929 -45582421 55958887 -27060094 -69236942 106378594 -80438872 -93763226 -954340 44838032 -107172380 9177810 67816226 25534669 -53279364 19445819 -4521179 88395679 -43491829 -3631040 -81007471 48592898 69918708 11555255 41496829 41270067 39982432 48521451 88126657 -71520629 -18426500 1739028 -88800884 
-94070951 15160139 88726087 73300856 51615070 13313171 -46856939 -94982037 42209004 -78972441 -79265381 47369232 -49385967 13524429 -98847617 -2811156 -16966648 102644110 100527381 53590450 -71302571 74708890 -95239543 -26725747 -66813248 -41118891 -9894031 -83010355 -82626480 50805616 -71552936 35503144 -62634341 1976155 38228985 43993962 28219977 -34518394 -61195864 -44275471 75073615 29416250 76555791 -9272849 73213078 45689852 11120569 -99781099 34617047 -99764049 -94364931 
-79014827 41951628 -3803346 94763413 -76258526 -26000743 -38965081 1568667 2808711 -81280575 -12732523 65275839 92628719 19551622 -80764572 -96465084 -71592606 33452613 -62475447 -18383326 31236996 -72782592 43127124 -11358874 -12490389 -64074329 -24814937 -84358449 -78241636 -35281893 52951955 98400393 -52110351 97106291 -55997157 61835874 18401516 -66058264 82840326 -61360385 59015736 31755140 -8741114 -44598421 87461464 99885830 102484451 -79504666 33433116 -74235556 -27127514 
56304651 59264477 -77860563 -29455397 -46275638 -10239552 -90518091 -55503275 -21270134 -94414613 14678117 95943493 -85409169 37658465 51116890 13718376 -24153007 83702626 106240748 30874980 -55088909 62705381 -51722841 52915894 104832661 68356673 -105260080 67919190 -54995774 -15783391 -76713582 -15877153 99958317 18965900 17133571 -22659223 -28196700 75455533 39412316 51782060 -55289996 -30930878 -11494619 93479521 89038899 56069088 -84314301 -92213489 -66077891 -33444298 -4742273 
55636518 -51666161 54560242 -24193646 91451086 88128604 53229579 -83805597 105417992 61708180 41391039 62760474 14539971 -22866638 97227260 -20722689 32233774 50420943 -85713915 98609282 6409145 42213321 24190660 55648560 33490722 -101556606 -13164467 -22417663 83652519 -101352888 104088299 38721131 81451542 84472692 941165 60634629 88633033 -21587586 -34244733 -99367563 -54797273 86869380 -67760717 102548496 95312066 -92202832 2855589 17954137 -82300783 95396686 -46273267 
8488287 42470343 34692218 35394460 -100414381 -19296377 -14619972 -74100994 -91018482 104312522 -103441451 -89102270 -102276587 -48617495 39568750 -71022737 92694420 -99442110 -105286253 -93051617 -14118820 58502329 103753774 -43803788 -18129944 -92701622 -67695291 5832479 -64612592 -22709629 -43073975 50779016 101997428 -78234421 16200727 45364590 -76909244 -62285466 -59727819 -52005378 12835963 85191666 19037932 76055702 -10597096 21530544 16395569 87942688 16865155 -60718476 16125364 
78664302 -50532371 82294363 -44028261 30064797 -62182442 10678195 6604546 -86148228 70048325 99135394 57664304 -31848232 -52031085 -6335138 65916844 17807936 35829731 -36052128 -78473993 28065816 -96596872 83263115 78140592 -31934621 89729426 -7829980 86150083 10898019 72174392 98296661 -94772499 105298223 70738955 -83682141 -88193104 -57882469 44505926 82948098 -88843705 -89281792 -3182578 2485569 18185649 -43666750 -41686382 -105478477 -59115100 -34405070 -24028871 103000008 
-39776552 97692051 -95299544 35715798 89354575 -22097320 70267193 27608138 17034214 21485321 73066796 -41836856 4931895 -1507505 -100623665 102307830 -76927616 15153227 -52448630 -16877032 -99237374 -37067636 -22672867 -22180314 -44477616 67796475 -103810967 -95637328 86662973 -36871180 -23891401 55187714 -16927105 -104720137 91975294 -56200800 3369774 -106190652 34451682 80978807 28306604 -106056817 91106547 97445257 -6918362 -26590254 -88075217 -45228749 -26789244 -59840326 -99137401 
-58952803 9848350 13866629 -33391839 -99087682 22057652 -39661769 52001181 -43226488 2269855 -63358414 -52855073 -95954097 86601801 82247481 -62528334 72136266 -81885552 51594258 -20760976 -20269202 -3402835 84977844 638608 -67146415 84246365 -13432988 -34873976 67928737 19885338 20721307 -5544522 55362120 63985121 82619724 -2153443 -18190721 -3151703 -78115633 -78300079 -69633693 -12590666 -68973102 103508178 99891685 -59026885 10487060 -81296060 -3085592 -95605030 33991385 
60051755 -12824183 63575956 -7670618 -65049946 -12957902 71422644 92276431 11700980 -94786996 -21043416 21757158 -50079419 1713210 78278076 -100994036 -5218040 -104059755 -106783835 50404808 -26500770 50536669 106016744 -35787637 35448032 -22399495 -53843541 9647534 76439556 10448355 69836482 -100722925 80532728 42394783 -53750199 -58575895 -57049232 62803549 -33196057 17548340 -14716402 -67589656 23260207 -91625067 72799859 83328995 -69814142 66529007 24946521 -72447449 25068929 
-58779246 -31268969 20496516 -1685800 -99752072 60675013 -4060484 -87009032 -66626919 -36826730 9214414 -24048702 99217918 -69721996 -13605915 -85660510 -54355006 52151550 -10931672 -66365638 26763397 -38460281 73707509 36156268 -49826042 -6663933 -10211096 -17702195 45521036 46040040 -15742431 9958428 -60804105 -68754309 -49688206 -13624800 -22489821 50955026 85613846 -52877593 60219428 59573629 52894678 -15303786 -22749275 -12067378 -53761510 41644075 33794511 21982354 36138096 
21932278 -61228112 -39397352 -52132436 -2663210 80845448 16132174 -13987101 97393617 106756234 21682047 -36732156 32612149 -82942302 65889277 -973881 -89671508 98781529 10351854 64719541 7694659 20030684 89391337 17893789 52096877 91616244 -101767571 27088980 74780370 -6456667 -9401563 79115150 990215 -105874556 -62516948 -94929684 97732107 41954770 -25060683 -96875559 49534186 -48981186 -27163273 21041562 -24546287 -18522836 87336075 79144546 -31312296 107250799 -101370890 
-14993718 65316298 -44027646 -97889338 3755263 21882009 -101014340 26982831 -23739334 -74756158 24557045 1397729 -81013244 71067572 82852799 -75109169 -20116641 16749831 -98436254 -70724463 -20659830 37595003 -73333705 93742895 59584922 99805227 41474962 63800368 -85201375 -711963 -60090681 -27079318 94279538 37630697 -59036082 671142 -35117343 -31030631 72186234 51323799 -70898037 15696188 105062470 87794847 -99703198 -33627583 -5203672 81215312 -19587637 99110743 -19597816 
-34594639 52579577 -11741413 68697687 -43935946 100739614 -49634552 -73941112 40056993 -59812228 -104470128 56523342 90244231 79615064 68298350 -23344181 77694114 -10827103 38207118 -11213554 68928525 -31158072 80417779 -19846662 -63747593 -32595840 -94538783 43642703 -11964136 22220256 75459442 -29727030 74049160 101405445 -30733512 -45402304 20486984 90973 -61291976 -10311218 -18718515 -3435335 -68526896 -98118597 -12394553 -8058862 -82571965 93377486 -45078771 489865 -2321973 
64145080 -37947559 15597430 -45305035 77679121 -11658264 89337778 -33376556 -97743877 75679387 -98817462 -52990678 -49820263 -97895363 2025961 81649016 89930380 100842180 -57299578 -91200356 -18488922 61739240 -79847316 19235877 27446 77030179 -77738571 -38211548 17343809 51092542 89225993 55250395 -95131950 -41413937 32162655 -93916203 -96346505 -24695582 40842176 61640421 26029679 59626376 -42753433 -8794173 -29075106 47955036 -15415010 -43272894 74968318 -76633751 -95376659 
-4376775 35792399 47940015 89009857 -74886334 24064456 -27437872 -60597717 -25906320 -104826660 -93170367 -66470454 -65090674 -100918708 -92584956 -21936393 4224682 72709320 30729495 -85651403 -64002750 -44992607 56111365 -48886346 72014582 -101321011 14887838 -10234013 3522723 8740239 -4563933 -51536240 -48410449 22802762 -81242648 -32385381 20998493 60375725 83483869 -37050388 -1113490 85148766 -49484749 61893518 95394026 11602148 23697271 82378572 -41521958 27708616 105185685 
-82212149 38428484 -22191595 29540578 27018952 12310857 63020355 8697736 79685895 95640691 -60277184 85845127 5947634 9985829 4401586 51955660 56364284 34936380 -71337764 -89092461 71981753 -15407850 13909758 10820787 59587843 -74908847 72437414 89113467 -80882 -47879389 51839100 8624433 65778637 106281900 -60232302 -38922274 -61571258 -66903026 -13056503 -104680550 -71432575 39565042 98604523 1886206 51628867 1752277 59506668 -90939774 44272778 93297358 -89699548 
-43101778 -67660661 -14418473 -103052109 -34649996 -37750784 7679565 97551056 -20066053 87007914 94870297 55339655 -99620006 -101162833 -3078463 -65690104 -99747976 -9406071 33641528 -84003288 -94290698 -50487361 2466493 1841465 84041996 -70141289 -45292168 13917992 57265323 37230377 76201747 48880146 55492047 -24888791 -98727818 -47239541 -70238648 -72471023 56030715 -46040447 -35513313 59813034 -69266557 -24956578 -59112568 -33350248 -9278944 31401778 -64243644 -25028629 -55677389 
1281331 -9504702 79950160 86598364 63316923 7696922 79237331 -64248063 40544366 93145290 -104674135 58644493 55121622 -36477672 87521208 79384382 -65779903 73472448 -80205433 -96829066 -86960106 448769 -31490493 -84587872 68142025 -80518713 100252357 -88814131 -4760874 12856054 -60409631 -49599367 53908484 71577662 -3730993 15694774 10584482 37227348 91495853 51594612 3007761 19633890 65401485 -47651612 -66973395 38569424 53573127 96599733 -79685464 9460632 -16273372 
35416447 -58036160 101618800 8615019 -27016431 55437351 23172124 74763215 85856412 -106372299 41719578 8151014 -107065380 46709929 102203279 -66511171 4493918 -68431752 -32498298 7512549 -87997197 26721552 -92029658 9344904 -56559080 -67920985 70122209 17031710 10462898 54835184 -40011065 841130 -4620154 -37459879 75096912 -103649154 99206247 72887719 16807994 62074197 -23754199 -53142915 -72277612 -71651579 64080980 -80061849 30517165 -106314291 72823787 46529180 86453163 
27057705 -40031118 -57920593 89412234 -8926720 99626950 65557471 -17926040 50500937 63914299 80428930 31492976 64550475 105921092 -18003137 -107150043 25765203 34528947 -30440545 -12012936 -36240454 105552171 -97666790 57875833 80664846 -51635194 35667519 79425155 -35799073 73432424 -18860067 72136110 106818562 67301888 -52309105 92342187 -78946072 -11304797 -85382800 51453202 -80358030 50869380 -46138729 83343797 -16365322 7148071 75059951 -77211009 19920296 -26571808 -82822583 
45894472 94964455 -97503749 -33458999 37972073 91960514 94797926 -33641330 -21123406 50271172 51764739 62736731 80135449 41583145 -62329120 17164232 -39453475 -106171379 -95245209 -103948767 -67042631 102442702 -71146024 57842041 -1977248 -31964252 63913784 15733352 70110771 28462968 26080300 95956395 -43745852 -81133434 99105304 80245921 24700421 57601963 -39353476 -71714494 95297335 36567226 59545433 -50910368 -21414617 92333736 -52356671 72124906 25600822 -64597638 73412168 
-29983380 -52091609 5654774 98700677 -20760289 -45750039 89886506 32723010 -87954034 87200326 -81594736 -28121549 23349468 83453041 21520164 98280704 -9228367 26790876 -15726204 -60058469 89582953 -96741435 -106881124 15248914 34619556 103173895 -61356837 -20781301 -83826526 18532200 -12309782 86451420 -78611854 -5907615 77906208 -72480445 43785799 -63739531 -11647315 -94617182 95081171 50472541 97858172 84401952 70460563 -87682414 -55285291 -63182774 70074370 -14127468 -9284724 
100074503 -45439014 24698275 -29985159 -80320963 -15462894 -23438560 80175056 23343190 49168580 81783940 69478770 82406445 44579729 17053085 82506011 -36524984 104798444 77140362 89159464 57305792 37743759 26198177 98199321 23669782 -95246237 -59588160 4244864 -18200650 -9319937 -87796872 -68445708 -7693502 71600005 56691469 -20715051 18087750 38245690 72365200 -40461962 52812082 -9568606 -34903381 -28569365 88884833 57235543 -59499758 -14515293 98667881 -103665415 -58963396 
33746564 -62188959 -49567866 14905725 -97319542 -58837564 -80159707 -37943051 41513842 29553064 -390273 84314195 -24405746 101227198 -6531403 -41119630 -100055204 -86779479 -29201197 83594805 -66591058 -68800817 -104918454 -32341223 5266380 -74325777 97625708 -4895755 -46695891 39361359 -9588851 87118231 -36262295 36388846 105373940 37779324 23301554 68847022 -55642310 -28791319 -42421087 26570200 -56338202 67234405 78559735 -22552534 24535367 -37248640 13806652 62135519 15438674 
-50683981 67160046 -10759558 -107070175 4084045 87287515 53940124 45515655 -40780344 -16504933 -17678189 86745420 -54351584 51164896 -102219863 -27295698 14822216 -92254064 -100304096 49042156 -89883558 -91627353 80001204 -179950 49853235 61517902 -66981711 79129377 -79323627 55946081 4257094 -85790094 -69913434 32512065 -41705195 20778692 -21197109 1927255 -26174103 -69648887 92740222 54220900 100070201 -99789783 -35867920 63989659 -60584306 -46183841 83472959 -6111747 78029253 
-30547877 11061799 88197382 84136416 61940965 -12658919 -50009891 -2590405 -86598806 76406738 42387889 96009404 -100291847 -47047291 -67933498 23008869 10784000 84209696 -979958 75941436 49108595 -22435259 -84676392 31465078 107325856 -7385815 -4232303 52673313 -99306054 -101319366 -36483240 1173389 -102399088 -44066298 106492305 -33518746 101953451 -101917853 -2544261 73064955 -87988367 -4109633 -54853167 83241474 3790837 35360119 -46780407 18824195 -106845405 -57740332 6409174 
41278243 -69111056 92872678 10511049 19161970 88063054 -13375682 -48582843 42962933 76407005 63532750 17478669 -15891158 -76700855 3885102 -104544499 -8996601 95365681 -17637829 92622454 24336589 97056053 34235972 -48323449 34627747 -86750753 10086193 71367629 -101966322 57265161 -71359470 -89080211 -44346367 -58736127 -101000000 -17649412 -97435319 39207471 -78174140 106960015 -11300384 24723862 4627337 41958825 86650679 -36598714 -99231022 101881991 84353077 -61865264 36991468 
-6825145 -21008825 -28775197 -2772529 -68917138 75411505 -70364470 -74344029 69846165 63176807 83120785 41498809 -75567650 -31062430 44823558 30477487 36983951 51179474 -12255013 64226060 -59137247 -22307405 93074263 101106297 -54223232 38782712 27893025 -18526577 -17439555 -68799654 -91460123 15511030 12460344 32951108 -71277517 57211314 -731589 -89975767 2645971 85957306 30293979 -95097394 -4821200 -23004213 -105516666 57778782 -65202319 -52260517 106553493 -24158436 -37057400 
-77709125 24045728 9335971 66012809 -85531591 -56987687 -25214078 -40370350 44270435 -48695072 -84476538 -9441055 -85980557 -69053694 58863555 66017650 -64132186 39465162 8425677 -83414555 -76646051 -62021882 -19574736 -13131360 -96749480 -84615778 95529513 104121892 84500036 98012307 94302840 -24979367 41817822 -98079455 25693532 37136530 61953390 -61639105 -56761314 -50313757 -38515569 -98954014 -11500648 -60091492 -73931828 50923931 -57955074 -95841837 43621748 344321 80446077 
92884845 85219918 3645872 -58313110 -12811994 58001657 -100119400 -20881632 -5596064 -30087172 -15438740 -87851672 105429863 92139618 -67802949 3282191 51020052 21820187 -102203342 56616187 21513875 98068524 -59305875 24402405 -10714026 -105920958 -38861977 -97502478 95700458 -74521001 70199847 49007925 -43372304 -10874959 90030563 -91202634 -9554687 -6099771 -27741538 -37816371 -54987745 76674363 -51117204 15634017 -88064310 53910271 -7888263 85266196 -70199031 -74054131 89370274 
54035023 31533126 -5484953 -78534884 62272036 99645908 5432631 82249394 -27529587 -31896904 35260393 101696101 -40649664 -10505662 -44395555 107071998 -25525889 72230138 6789882 43870451 -66513564 90871986 104278297 22103630 53884334 42240226 90479435 -64801696 -80004333 -73045307 -32671477 -39216689 -84968729 18557226 104206562 105597673 80028955 -70672976 -88401139 -93683448 -104237575 -34138927 9062091 -64198067 -44499935 69194181 102828393 100611565 -60122176 -88750596 101757834 
29056785 49109361 -14634374 -88097532 8325995 80110911 77413519 -65676517 -96737165 -32618527 -55736900 34907204 45380283 -96765855 55774886 -37754444 38380128 76771676 -55493124 33724861 -65120698 76863622 54236122 -29371627 -18822970 -2712225 -80176099 -56983368 32935069 -98233851 31561840 -103533726 99383694 -31962654 -21615776 28605357 -48814790 103992517 21711263 7532773 -60665678 83126919 -11904838 -42039279 91031333 93682578 -31269562 -6700475 69561857 -94259272 21884274 
-13723914 2505425 82875694 94288269 30637816 19117375 -63671978 25949686 50472696 77237894 76440583 -74304967 -99205231 74664527 -91537942 -104194564 -97129362 62005297 -40617231 25528864 -90799323 -89236838 -102215431 21555757 94778611 -55148255 43836805 52760898 -48249984 33860700 -47188849 -38810266 37230407 55108841 -4604556 -23405830 -3821783 43977905 -60334754 -95797266 66257927 -65469198 -85608484 7811591 -20032280 -7611783 26470213 61021442 89809314 -52886893 44380762 
10864591 40931822 -105528422 -104416468 53410620 -53913524 -2429752 -5240662 -684549 -2826223 78624174 -3867427 19641011 82357571 -46980768 -23659796 37638813 105870860 -37752334 -64200458 -33235823 -77707289 45536932 -41780252 89833504 -57378821 -45063402 -57832704 -29023912 -18285786 -38830185 87296119 -93788605 -99315551 37881152 -8080305 25847354 -48397061 -92721425 105177239 13710974 1590608 99631081 79935141 -30196230 84733132 97654775 78773643 -5250110 -86410740 90248464 
-36324181 44468722 12452855 76723343 37314622 54566542 -44392081 -25431297 1383234 -91477919 -81712556 4224226 -22651680 -106233057 -46242213 -58583860 -31688630 881190 -835311 -3514938 21238342 -94836661 -95985769 -20839329 17723626 -105476331 -82883267 -15603973 53720357 -29258738 36212937 27059279 -34454939 -86586025 56063412 -42554814 11714919 -40373490 -12704875 100117363 -76239556 50843589 97077928 -57269226 -18452612 -42555429 -95329068 -34215699 96163597 -89312485 81451395 
-58593974 -20791234 -69486530 55523993 -87848406 79285598 43151709 78002164 60504748 -33372996 47722614 11728182 -9516131 -57306866 -78583101 73845961 -41932406 -60451731 -47966529 8604450 81796777 -19990328 -97789107 -46296281 64680023 -98876611 97348790 -32621758 70020523 80862468 79485168 36354270 -34960464 -75121441 -79220073 -30488250 -21806745 68753810 -40212835 33713103 -90924602 58727629 51815382 67340281 61764862 -27416463 -57682978 -94312874 48071415 20781677 -16595792 
-15743053 50343544 72626301 91792365 23098721 6788569 45068207 -25435740 -67673115 -52799892 -80572744 28196896 97291258 84093466 67992349 99899931 -98695300 -55980556 -95838092 -84792362 -34262542 94275070 -85235920 53692932 35885833 -12281270 -100336709 -88203044 -59010713 -107051372 -42358806 60976228 85278927 -14725212 91888772 80434683 -70123857 15331218 -77419992 -77259857 57734393 -38109135 -9788062 -101220549 104143480 -89075805 103818126 -36071480 -24100706 -29066984 81969939 
-45854576 -41872162 34823201 -51361165 50386569 -45521092 87155942 63420613 13498581 -55173671 -95751007 61591305 81894083 93524314 -100711959 79093879 -42103981 67754824 -86412932 938139 90908343 -86117545 -59375071 74974273 100641314 -38629029 -106640855 85358130 -67932899 -52880586 73590766 -17035255 -53736641 61384304 79138158 -9271042 18956859 -90892896 -51389419 5129988 102102659 -72757930 95734084 5940464 57248193 19102989 15260250 -15205682 -103512280 89881865 -42967723 
88700960 -40197464 -8910676 -106442237 -72581225 54758146 -37672997 -92485881 -21626568 -103687248 45514163 37752754 -101491325 63365704 -39843107 -25368923 -7643915 41342798 68867408 -97547784 -35255283 -73211260 71338513 29903808 103248419 -50132313 27024297 46274548 58104654 94257433 -85779793 28649995 105299223 -71605865 -48174167 9587316 85453834 92577556 -38736615 38300238 -25641827 36910969 -6347386 92753480 -85590226 55516533 -105681212 -7879009 -51265462 -15794289 -38013191 
-94197902 72804867 71366279 -85551597 104071596 20674326 -56346528 -17458647 5230601 20276534 23672022 -96650673 64125916 -98200666 58451516 -7300566 3431597 53635599 -55126489 98828556 91558246 103693018 -117408 16592029 -78167996 -89754512 -105076491 -2062361 87106519 -105396835 -37323939 -56172427 33227314 -96833572 -10100675 -4046544 599784 81810358 -49718008 77604266 3917221 -88891033 -105893676 86276471 -71229138 107196068 22390175 12514561 -88560426 -22288470 -9043548 
94248134 -88810841 99928982 21900473 -94107856 25640231 -55405240 -23728050 61610274 -44711951 23258607 -68125505 -41620723 32033018 -73070580 -81801547 54558476 -94126331 62549711 12619888 -87155427 -84861590 8397878 -74797102 21280025 91556143 -32418813 39971369 31406520 -42734808 5244015 70933908 -51811561 6074186 -1460579 63608899 -19472354 13353158 -23326886 -2657667 -45607295 39649628 102556651 -66466400 61467785 75800545 103171606 45017614 25308275 13962575 -107316136 
-15206209 25774445 -77152646 64755549 -84000820 92299410 28204891 -64253647 91968027 96459244 -81386400 -78539619 31778095 99203570 -92643577 -47420382 -48582804 -94299700 87050578 96066112 35566623 -32752839 97373017 -94459269 -12380916 2971533 34010661 6081057 -30454708 -96542791 34718690 3857661 -27557124 6476251 -21591521 -26200364 17730208 -70428155 40297169 21636814 62730422 -85401366 78483018 27601982 68446287 -46865985 -9555337 37032041 -39986276 -10327100 -68566504 
90244375 -25747654 73133904 70025854 17748805 -27087395 41947460 -4207679 62585111 91157169 69214393 -46500316 -80192462 40003496 -68257187 81583524 -33883860 9708893 -34907037 77294374 -93986953 44860814 -15679428 105761628 -33938088 -64850344 11299794 52286961 98567492 66687131 -50558880 -101904687 71416505 -74052159 -90759905 -94199389 -63275354 95953158 -56945851 -8329678 81173590 -12647553 -97954703 -21705413 1772072 -8375855 -87388663 48016687 -98680362 10276459 -78050381 
100282452 -87838743 93507738 6998482 -79175643 -9219751 80362510 90435687 52857780 92533074 -57302749 -47520718 -50723397 -75789249 -59648650 13608789 -1242445 39705967 41610110 7517673 -18378774 -24003690 44923657 35014155 -14615143 -27402448 -104662430 105784516 -6067861 59801476 18487974 -75213708 45285904 -57842372 86029892 -101048490 37142756 58733634 31021863 -90237010 -63496865 24232608 -53825908 -6028507 75477341 98676208 82171459 -92992435 17690816 -81179900 100264979 
-32675469 -45516605 -22804895 -71494626 24570604 82225366 -38418593 95025468 64498095 -2897557 -102395668 -37818652 -58305398 -3898464 67977216 -9219169 -17051276 -48335126 -95290899 -29270103 -55735855 -105975226 290243 5103245 13994124 53309021 102701100 -26101403 -46452521 13923687 -93369076 -82743839 67492582 -80405566 19283479 -23090469 33327342 -102328577 -69072617 -107227693 11945699 -36854893 28252042 -77710764 63558261 90967652 -11935091 3757851 -65655268 20836610 75561738 
-101639928 67899026 -93903568 95229815 -79971251 -14177144 -30999377 -8117843 14256851 -90672073 -104713068 -77431508 -84022156 -43054118 -60972850 86353809 -24651350 46852324 48969089 64348890 -15488203 3183140 37502510 33631129 60248710 57854188 20374021 1715380 -41338838 -29204562 62952290 -69827132 -66749482 39037698 -92548031 -93831588 39750624 -16999558 34427739 -7815472 18842300 84386659 -103792556 84022892 66382592 -78447748 32027802 31125990 -45209620 -70684774 -42878676 
17539599 -61818146 -26387537 -81189606 20696623 -90430856 -100295541 -50003973 -57085474 66896111 104669677 89127176 -57368245 -85048921 57338546 -102096758 -12603493 65953689 48577672 96592625 -35276617 52869575 -86720035 -33437519 -86557369 -49211555 94213569 -15888454 -84152262 97884566 -77352812 -40461607 28304594 106023437 -53237207 86723503 63152377 33943069 -57706607 -82592230 -58403542 1944456 -16114325 59617892 104782679 36431468 47776670 -37580813 36448971 42117346 -98837485 
-74872431 -99004053 91453663 82727123 -72916740 -5314017 -38255284 -21843780 92562302 -29300278 -60899405 16141032 54882353 -48098283 46592053 87259228 -88332383 -35345114 37354417 90885372 43872318 -103889363 -98970311 80876523 99263877 790991 105257581 -16915987 76550801 -106121098 25927980 49550581 48054186 14723146 -10686384 23028942 23595684 18505975 -46478185 -21385594 -79584560 -39735003 -72311538 63752441 45712443 15603692 -18995145 31566489 -86536810 -3584156 74585162 
-75512414 -15328724 23599999 71602168 3890253 87429176 45266720 -47577476 -105020757 89057205 77359724 5865913 -92716642 76775801 2655829 94703882 14435863 -90174012 4903627 48357730 46336680 -20610382 -33634052 55266441 85612159 -6601163 43959655 96353242 19363676 58848883 64646320 -30185877 -98372577 24877920 90996746 -41410915 -2519686 19808121 -53319647 -27695326 -72718596 -98994328 23737947 -21690085 68811240 -72745507 -76133269 35869218 43006770 -12608948 -76413030 
-90400016 -88809788 62528481 -49867721 88924004 84008275 89366973 -18978851 2118468 -69393238 -36487412 17641255 -41248579 89513355 103702450 72284151 -74097509 71724218 -26831091 -23114122 -72009301 -18786488 58290303 1990179 15210290 -75963199 84600460 101737165 80036443 20047982 6334034 16207593 76740038 -18358552 -12112752 85513782 -64963315 -9524101 -102980042 57202258 -43282794 -90944786 35519752 92826188 59821377 -48842747 84746972 -38900794 -54078073 -41809209 -59325078 
-82892641 49798309 -74260433 21536001 35735141 42071238 76829700 -65017721 101429245 -68246524 6133349 22519859 34603476 96729685 -85190583 25128743 93715048 97387954 -45518043 -61500960 -32146870 61448841 48173500 48912022 9601883 12943824 -59934347 26904488 9015811 23521024 59814304 51102343 -23216373 -14405337 97554382 98472545 99469834 -28813753 -78443658 -50549286 6356733 100612529 -24744100 -81282831 7874713 -89136991 -47016908 63349478 74270170 -5411892 -13290133 
76249411 -78790100 -56168298 -35267984 -70336205 83117417 31599490 10878736 21342100 5935722 -95810829 -93730230 -28861173 -91975232 -20905951 -8849538 -44196499 -57827057 21521542 23679782 -95990286 75167298 -67285215 -89903851 -103332105 77690408 -89200271 -73243771 -4417984 -8455859 -92256880 10056708 -40790142 -86490087 102943360 60066209 -2484312 72814388 -86244285 7849068 -27090664 -26546087 -90439162 -5997522 -24478058 50813020 -56548924 -19908356 3565519 2743601 -46660072 
67459855 3139528 19168473 -36995711 -68872484 -89539496 42591244 -6836214 -8491375 -86072040 -44633406 66067926 29199135 -97063209 -52857570 -27947800 -34077603 -1041700 -81178414 -41500564 28698814 -28170281 -46262408 70424897 12579620 -37077393 13877787 39547992 -90510572 -97635961 83347639 -90032108 -7068087 15038981 -35662085 -19413440 5435624 -65536428 -98852593 101541302 -353656 105430202 -32981023 80335162 48286053 12975058 63241027 75521660 -89009482 -84819274 85349226 
33053874 -89524049 -52078619 65850155 88610028 -34191030 64728968 27175687 26152457 3744786 -59540858 -65419282 29232017 -6032580 -36064442 107159374 105482196 6963409 -46319931 -90398013 4349847 -1756140 10203571 -279367 19491845 14705990 67358276 -13481317 -24509278 -46929996 84827631 -37236293 84505236 -78175798 -64839713 91260039 57177918 -11610319 -87847488 47546889 -22888884 94924589 48789303 22690768 -86391829 -32232826 100749344 -46551673 65690500 9710655 97944892 
-99741123 -18810989 -31054197 89795107 -32319269 53119880 72919215 77691802 53618274 -10147672 -52407850 63598550 -101665585 -63034092 -89979523 -98509738 -40825569 -26872811 30231221 -51996297 -76644773 -10516509 -36504870 76322372 -75844170 38900429 -61769063 70468001 -31940854 -85007834 -20353288 69565008 -67836453 34527351 -18586989 6456927 -83838358 32225243 -64329417 -71447168 -82222298 -87154452 85371374 69587083 -66387783 44590189 -21265480 48395749 951533 -9127915 -32058236 
78876522 -29235245 -55275976 94652344 50481764 92202089 82300211 -60584470 -61722211 10708908 -82413514 50009815 45977065 -53115294 70709467 92937317 -84273762 -15790968 -65987957 103603308 72737091 4325327 -42663778 -27696788 94880469 64640667 12270014 52708626 233417 -97520931 43465353 -104521483 28082995 -51631787 41298936 -68585885 48563240 -83992438 -92889617 -106268625 14029470 -67071995 -80945459 97180482 99956015 -25882037 -82446599 73151170 -47555467 -31667104 850078 
-54591445 -5533647 45348953 83076503 -9372669 32914597 -103612644 67866131 105954347 92928755 28975592 -1265936 -60727901 -23436986 13130694 -24403530 -60569302 -34009229 100289075 -23138539 -34355409 -40195600 7929626 -49843882 101918287 -103925051 40107630 -92463708 -52405235 -31668906 -65076810 58171969 -54485542 -1003702 -75872654 -96636152 -45249649 30687311 -56082797 45982011 -43504230 72426529 -29709274 -60725472 -104757017 67203735 53202765 105302188 -91271227 88108902 23672820 
12513069 1172925 -102109784 85612348 -48142265 51645684 -85621876 -18009915 -92522979 24655909 -44157066 24385572 94650544 46878981 19343536 -67638431 -11825733 -31978479 35945009 63698356 59032576 -107348711 68856235 93340501 47791172 -18536069 92111559 -76194849 13163680 36412334 -21078678 -31160285 7345552 104199911 -78945541 80922770 19477552 -87085138 38705966 -27212837 72238283 107067840 -81891636 -50689713 -74827117 -106176440 92008998 92958288 93163554 -78423713 -62862342 
22307776 -63926070 4026374 -28381830 -74595469 -53874224 45216731 106830397 78996879 96137109 31466533 15323229 -46077509 16336139 -52838838 17400177 93894778 53177791 -63268435 98698429 -66563247 56949545 -69419621 81473112 -86812659 92706438 49544755 -3559667 -60053544 83174978 -85244736 -18130122 -78763400 -4560120 -77012378 -29349577 -65956743 -94451611 38004519 71622406 5342017 5860474 30160231 -96536947 87056876 -31432889 90940749 65996862 641847 -83203901 33320166 
-41417633 38160908 54254422 -94322383 -74064864 -3520881 1957034 15792888 -54923395 -4710587 38209898 -28686042 -52395293 64233955 7242486 77011429 -34878996 40902439 30464707 -1737509 83977352 101731585 -86060495 79085659 -65738728 61308100 32981087 36514448 78738920 -57487862 -12748445 85743277 8934681 73792347 -85748022 -100094816 -68363429 71605603 -58305914 4333580 29762945 -5398207 -14601137 -49042078 -58704073 52841544 -58031924 -106334363 -25932045 -48600794 86755931 
-94450498 -26799616 -2457304 -24868287 -80932267 -82169610 65397874 -89007396 -37302022 62727218 -102604656 89060284 -98728429 -36170307 -75691830 -54487214 -80873950 40780257 -66472593 43217667 -92933699 -35408888 -93826383 59799494 21755825 25321230 -99820256 -41883120 90163851 -4201786 -67048528 -101046863 82131049 32749531 -54292486 84728857 -6247898 -46673262 -69405513 77551199 64891890 -37936497 -40251647 67588461 17512335 -61003685 79567378 -78150521 -35902777 -8753304 81776452 
40437929 -91036058 103518722 -73913998 83237654 27315868 -91017378 -98963343 48948647 65493404 107027058 15061848 79512020 -16406405 -71896452 -17308802 51705484 38442611 67073293 -87640526 72883860 -27390356 -82731572 19677461 48094922 -26601242 85744159 78648574 -85077422 10660295 84097030 -64794249 -71186457 -2701609 -61173224 -33305538 -35557636 39425750 98024343 26536518 105560171 26295394 83794811 -65221742 -75316454 54803874 68391341 1419721 24418308 -65974440 27796307 
-96022090 78676077 -40271271 -47049176 -98345534 90720410 21589625 18326155 -91994658 -10412323 -98287 -1820488 -40156198 -85686865 712184 -1790085 -96862003 70919170 45777260 52477110 -74526823 -75418706 30285440 74313583 16428676 33084185 82360040 -8809585 -18512440 84942427 -6580692 36780078 -13520971 35820566 -34926664 66098163 71030509 2828048 72222996 -78762918 69104255 42145868 103933151 60864272 105704553 40048162 -85091717 7876456 -81527173 53689196 -76542010 
14084467 39551843 98241556 -91921122 30084876 -94607607 -80803309 104479186 40552709 5147245 13296175 -10093088 32951900 -82450133 107004054 -61553066 -28586425 -39852666 18337750 42263899 39877990 -45781878 -19398404 50740404 -77899128 35460454 -84575594 12430543 43519468 -13886283 -88028871 -37698030 -47313853 -14834198 -73182054 2743814 -63871921 -34455603 -52826082 42906475 -1379248 58772277 -16492918 -11421277 -82182353 -43639710 64733243 -66815733 -35177654 103669870 -55119218 
-64491135 29130696 -76136377 71232750 64162641 -6034009 -106422745 51304191 22609392 -88815675 -101584134 -60244758 -79788839 72109940 -17096067 -53491765 -18533239 -6867113 44368063 41053698 45879193 -6283325 -2133597 -9454556 27417890 -22095111 51114551 -75654660 13320670 -41130531 -96403621 -9717296 31417525 -70089625 19263329 73534124 38118104 70207420 80671638 -62632681 61512851 -34495596 -93953862 -26904912 -10221490 -103951183 87553614 32643792 83359167 -67957917 -29864709 
75235248 11352813 101539727 -13120649 24529557 92385171 33336456 93189595 16208731 45877571 -79871706 5273442 36871700 3531095 270124 56549445 19234019 4345041 -58477116 -36866026 21147778 -14544342 -68396706 -85304875 29526396 20718996 -32056806 55472619 -91261295 26528448 40919686 107100552 -106948310 -1622167 13302946 -51936922 -19102213 -73537832 63896646 -93795405 77086526 104580094 -56740054 86676809 27890970 83682711 -12806459 62365841 5673781 96969303 95926797 
-68105152 83386345 5910680 -34579417 -94868194 -17530814 -20400881 -73413898 -69631598 -92703792 30079416 -7458081 38173221 -2050980 46836728 4448545 -84293414 91288448 -9656962 33302989 99624784 49029541 -91301807 12768105 -33790056 75056077 83541353 45307860 -74498921 29787684 -48017399 95647591 95791312 94988721 16807934 36836651 -13885747 16036520 -17445191 -1879025 44271421 -35955091 -62218981 5898266 -25819077 72087927 -64168974 -24760547 -104743956 49419591 18655857 
34799043 -75303591 1717251 -13727787 -85873507 -85011482 -53197612 -58808926 885300 -3722814 54185793 -5119229 -28660633 86258383 46693739 10917228 -15946729 -35993784 70436310 8707493 -582492 88711333 -75669858 309081 50662567 -18431182 38881810 -75151712 -68481227 -2922342 90133532 -4894659 84673436 -7224327 -11578935 -53844210 94216782 55933207 -64626304 105239760 -97808865 66011510 7768177 -60713076 32465215 10409199 45554560 -72639621 101557851 -103715093 -77520237 
87340767 -76521351 -45476180 -14134140 -96060562 -84248470 -65877501 -17169946 -94979877 99090167 32251223 -95428908 -9166617 -18128174 17651032 50615201 -104994108 68984624 -62276336 15865850 -11950354 -78868308 -95930039 100595794 45576373 81298325 -96507331 -105842053 -9448593 29279284 -64375271 -28066237 70190406 -23801660 -104329736 42571609 101499766 65755296 1881870 7680402 -77241173 -52455745 -102609968 -80505996 2782584 10206019 63185160 100168212 100325304 -80274414 -27210305 
-40135657 -97607252 -45252589 -33483718 85884757 34385004 -81616284 -69465136 67845180 27394159 -63240595 7501486 44606422 72921953 -62536517 58929524 -29185285 57222452 866945 81079744 -84389572 83528605 -59344592 31333952 47849978 -30993181 -36317108 10850331 -89587555 -100316420 -41442688 88051503 83917188 -9433076 -88675930 -83250002 -4109519 72230175 -21869390 -39968438 61537181 21943780 -9073642 -89021204 54068932 -84779835 -3093392 -66829248 -58226772 -102854252 -77462699 
-102905747 81417955 31137894 9911773 64073983 41528767 -69766228 -34964922 96828354 90932985 -92057346 76771491 72060766 68273898 -16847561 99665701 54889451 -1662385 -74193635 70142196 -26846575 -99283262 -13904056 -82723262 -65043766 83526529 -71431973 47352417 95708150 -26607306 -34546932 -99137874 -2119583 -78567729 23933513 89966580 -86614383 75447786 -1848710 15073398 26195337 -66208645 -57806384 -27461452 -13237803 -55820863 -28536464 86884230 35583042 -69546275 35297632 
-64471367 100294557 20522055 -47264862 -31818708 -15620161 69060116 -32891252 -35376014 -39821728 34654188 -60435852 38327079 62157556 -28339351 -38938863 -93557836 -3491399 -4528767 -87014551 41393497 22569413 85159311 12445356 86602954 -71031750 -81747122 105840959 39784933 -93154360 38124370 100228307 88015578 -97360327 -10515528 70065276 49217437 -27783287 -69825051 53183292 76152792 12076899 -53232783 104584143 39942304 22081155 -45203491 73989895 65400971 -2682372 -74262074 
3196233 -44094807 -59309701 45131383 89578320 -64990836 -42118029 91971229 -79884514 63707987 59217571 62002534 -17498393 39806833 -49497757 -34963433 -80540930 -24622931 -32560555 -36792194 64943105 -96487265 37251901 -42791789 -97526086 -28644234 93067537 -65793095 68770148 -3436532 -51280483 11459008 -5604203 -20255150 1648135 -88972783 -106663522 78305940 88941210 76147448 -24116882 18037290 -59050721 62425076 46333931 -107000993 44411522 3893648 -28119674 -11396498 -81429928 
15746229 88639789 44004579 -68165388 -64104677 -6841208 -42312411 -57468621 26091655 -50150438 -75369971 -95880529 -16017098 89697100 -78794963 -83666037 44736237 -39094623 -42149888 36641201 9665345 -82357036 93211007 -62720224 25643017 81220954 77124091 25744194 -54132338 78235294 -410832 -62304753 72851959 7826817 -63859958 -21735145 -37991490 -84510452 -17701905 938329 90559345 -93711996 90926729 80034738 -34557640 -65273972 32314341 -11696151 63341117 24523701 70747174 
3083448 56137296 64154574 -101503088 37502404 101961432 62135893 54529366 -44425025 -49596623 -104964377 -37856963 -53273080 101644067 92680477 -31951350 21392258 16094797 -103349302 43123520 16258868 -32608164 -46423492 -89323824 100576718 -92410129 -73161264 -84340069 -47592385 23170933 1880153 -65636190 -83844274 635814 -98664571 -70218369 100790276 -85572186 -9190530 70691663 -4405593 34428730 -3053456 -65191572 20193912 -76141041 96335074 95628360 81207001 -80323002 94058608 
-20096503 42943442 -67001579 39557499 34932348 59016071 -86883242 99330766 -45794998 25672784 4412325 89827422 -68113832 99438916 -10606857 -86266471 19104745 19430011 -29817214 103743263 72787049 -27535459 -32570893 -101620206 -57975145 24601521 -353616 -73102273 -45041894 -29758488 -101820608 54897592 65704476 23442570 21436127 107001019 15735608 -3589749 -29281599 -22607059 39852650 58911309 -55465634 27399257 51086342 -841901 39719713 -62170287 -29430469 82313791 -65229699 
5164788 -77157874 -78073177 -63054957 -3956445 -28005034 49603498 5281361 -37387780 -68832237 -104191902 92484541 -67763120 96358780 -47420414 -11487184 -70877681 2246137 48455350 -38036408 10963609 -29926067 -73165235 12765875 46656303 72566385 -61930541 75124060 73035524 100003 -49341580 9567154 39182965 55534428 159826 -79132505 23873948 23269576 12101308 -59316285 -6888527 61857432 11747691 97622745 57367912 72089321 -68386064 -12992650 36250031 70691916 10200393 
-89293603 2080952 -101321136 28223590 -51227798 -92405687 -9633277 34336781 -47526803 38273973 -44188970 -78607232 45203454 -30897175 33334704 53391285 -60632488 33062208 -23751565 -14017986 26795532 15151916 -12786136 40893100 25006538 27126569 6472334 8436047 -9367579 86141139 -30054043 -29435832 87887661 -81209601 31186259 -53091937 -90048633 -4993751 57440842 -55137970 -54759804 -19496988 -13256579 101312452 5725673 -6992659 -96426934 -99134013 50727142 41258455 -61809780 
102739529 -64663347 -21157783 -99157116 35634044 54182689 -81219690 -50886426 23064843 -105636355 45256878 -12416567 74351183 -295013 -32573553 24486776 42868689 55599066 67250358 -88219788 -97338411 58199724 -105504678 -97941299 -32172142 105541511 -58016064 -43795892 -64419907 99512292 83697902 84204018 43688496 8326837 36989600 45618443 -95884802 73204720 -103636017 5695321 -20757076 94625131 1270810 4202623 8241624 -8280504 69660595 86395221 70394173 -31861682 7671067 
42362291 -87689956 56452150 92051196 -93884324 -18182104 -67031374 -58074365 -99637163 90737930 80574064 -61875688 285851 -1366516 -90155305 -13930537 -54572887 70412664 -70212993 10295945 -38474526 58501585 -44778495 -14006633 70394719 -10350630 16016389 98888886 -71082509 14588349 60257655 78060491 89223393 -79519178 -96439361 57806477 82661045 -84557229 -71957157 -40207791 -2847829 -29904551 -16714467 -107117536 22589985 87426879 54210581 -54320214 -65760600 36241999 69862573 
-103608549 -76387152 3725758 -74310611 97863162 -30076090 45580420 -97861163 69897171 34951058 22023158 -43498844 69003553 5520362 26316971 -62125477 45069599 -65330111 -10496448 55797329 -61183975 36472004 19482250 -33767554 -4697935 -48643742 -106758588 66316436 101357381 42237935 84270334 74455361 23807412 8712424 49864479 85609183 -19818971 46039505 22027243 -54012213 -29251442 -45287640 25403112 102626770 47078769 5667259 67669313 -31262598 37525864 -71216943 -19534157 
33146491 95144322 -88349886 59583674 26373069 55921520 -82392727 -61501361 83391431 -32790046 -1510567 -28125740 -42901598 52770326 34100494 -80733996 41624874 62922784 -65158891 84783892 94818945 10879035 -41293738 19031249 -6480959 76299771 63648896 -50338516 95569806 4702208 24427765 -36317347 90414166 40003706 15153412 -4197207 16505493 105335713 8782081 17238841 85118551 34490326 -13077179 66149708 51307635 86457939 -73577040 6234345 63440918 8089906 -42360538 
-50948763 -69120585 83373183 87733639 40327226 50537302 81424300 51973221 4478034 -19409673 47283292 19452265 2200553 17538732 28292163 39645445 62074456 -86083290 -104545314 -35736264 67318807 75378251 33047441 44811662 79285712 -51858289 -92728921 10873038 102670938 -9799454 104634689 79480834 -44309290 91015506 48093412 -92120824 78084970 27281541 5077825 97248300 -106704062 2847567 -99911274 -71371173 45661013 -102275556 -58813802 -88655147 -49990487 -4400704 20272919 
-4832166 6783087 -93983739 -45200530 -9750873 -42159448 -63429605 -30326874 -17523744 -87813947 81060951 19325191 105377253 21789227 -25760340 -11674178 44853141 -99387357 51549286 -87704373 -73712711 -92761567 99270516 100518433 -82089485 -86441284 94566899 -63392815 66656812 69649165 67298851 -96253309 -25232359 -36761467 -87406865 11152067 60262660 -105583185 -82808365 78293254 -41520587 -8555305 63622140 -36275499 -25469607 -63956421 103859600 -88549278 53862134 100054557 93156473 
155598 5429110 -38223165 -15221263 17568351 -1310726 -35790046 91249902 -101601613 56839769 -67308756 59983661 77340149 24797687 -67504392 -64574897 57141075 78506085 -94727447 -106852500 -18223206 -81146825 -18921730 3532802 98373253 -16018170 -77790055 8455902 -77785947 54209989 45216383 -88122971 47892254 41599307 96886242 21780650 -44408956 88770462 104977597 -6197392 -50076964 -45463904 79822488 64229353 8237330 -101326569 -31407787 20848418 83366660 -100420109 -61051974 
-95889779 -7587503 69126973 -71339592 71074673 91444800 5681525 102346568 -29504348 -45215470 58201593 -91940884 -59686867 -101440264 76451332 4786191 13893474 96876107 -49036426 27806827 22551868 -243309 52488175 92274591 33332025 -25556119 73216963 -41242713 15354543 -7643126 15909302 67320613 3496441 30220241 85796812 -100685860 -104772259 85486851 -25071470 -66546793 -57987530 -23501899 17609989 56080456 -94000388 88086491 79029823 -42290604 17802038 -58641001 -68282109 
25570271 -53347621 13139700 8769555 95450678 73609526 38994054 -2177427 48386690 -28883610 11344656 -70137277 23853767 57187019 -91394787 68378863 65154101 52299498 -98603949 -24061479 19808309 8503981 -38145046 9894414 105509119 24434781 -61916294 -97800607 -89462241 68619000 41630274 -98818231 48443096 52866498 -106732093 8858712 -12854711 -43699941 -73872475 -105839041 -44406121 101735043 -81072286 -41001804 -42858781 5552005 -92817424 -31161906 4491129 -20710930 -90214578 
-65895108 80947423 -25706158 -35783453 -70859062 64654962 -32548347 -29880520 100883875 -84496051 -51565600 -93054165 -99704714 -57978665 47514795 67403260 42368148 67244352 25460887 5067881 -60570405 28198220 86562322 52644433 88698620 -106682160 -59878060 -82668079 -9107075 -25478260 96061577 -79513519 -66979181 -84583623 -99127226 -105586009 28912583 -75530177 56017099 10909004 96616349 102478221 23540667 24148996 50553781 -24532458 -27740110 -105950416 70800884 -27126053 66554611 
92234707 81889570 6700229 -11067049 78896559 73082455 -40079967 -58184338 50834604 37572399 -44240879 58672490 -5788836 49291672 -32750777 26744399 -29998355 -32115486 101440096 70890673 60091841 37111847 49073858 -75381848 63795429 9448588 -3956800 66409807 -58168672 24187884 91548829 -24031588 94114894 97802508 -49715316 75119096 -59316790 26227831 -66243356 -24328701 -28197980 -15558136 24776611 83839898 76795027 -14535031 -63820213 -10989384 22746739 -35455278 -9028535 
-96320733 11822642 1283920 81926633 -47052422 -41006417 62431377 -100270568 -105334793 -99803376 107343207 41184791 -3681801 79177569 52245818 19545640 47334325 50678442 14544790 -12068631 -29812139 -1663887 34165817 -51743949 -29958992 20780235 16399090 -63454782 -27023595 -4229588 -82308401 -84759150 62302190 -86210106 -78702428 -26676905 -60452871 -11102953 -105345415 -60418097 -105877816 -107368412 83468231 -51483174 18524997 3498861 56219429 -35121931 99910173 16471261 -44761185 
-18626402 55439914 54715068 83320425 87401078 55304028 -59179210 -73898767 -58090914 -66639209 -95515298 -10012995 -60933187 -21084383 45526863 -30122152 38314907 -101243311 78284519 91938282 102567107 -26430738 106534613 -6720986 91158739 82473221 4183511 -87643877 88574817 -38903588 -42896584 -32133940 -34190924 29248363 97389819 -67429919 31126936 82907916 -99941472 -11025205 -106076905 -105470904 47748648 38739971 -89558272 -66084096 34512569 66340458 -84822957 95870652 78847837 
-89046784 -84621544 98861471 -80304174 42694907 -59414544 65266696 -5611890 58835693 60434208 5733221 101753940 15539410 13947723 -51997089 -19808244 -44960605 57173421 40430107 3152925 99501478 17596418 -98257504 67961705 -79809574 -88381547 42329023 22166776 -105012078 -33251902 -24246285 15864337 -57703207 61294757 3242394 32963390 2474912 -38881502 -53216176 -37411501 51320907 -54823458 -83376946 -99871230 -62673237 -46482482 24945608 -77779582 91626472 85563522 84675091 
-75283474 76366061 -21823819 72343754 -6141936 91130474 -70157867 -46396489 106918398 -1422249 -104253657 54104224 -72506335 -9041638 -17156567 -36665072 -72771725 -19847515 -30570063 -24712176 -64847429 -6411546 26743842 -82196737 -116530 107206625 -97890566 55609831 -63505634 79804374 67039356 1524597 -13817823 -92215752 21065310 69174520 72552197 102906154 2536713 -41290865 41360685 -60272896 23195629 -35847229 104267157 -22890880 21905966 -30055428 9099868 -87988217 95853137 
-34072575 -3026423 27997605 -23774826 -89539786 -63623058 -62264451 -101881188 80748777 86711007 95383063 -13216259 101692721 -43476600 58034398 76438790 -33873209 14879951 -40750399 -85560257 -6753113 -91025835 -102072368 -101002515 -90627561 -56061515 50044357 83518491 -53311152 -77147965 76702496 22147897 23257965 -33949262 -69293683 -5063176 -32838902 -45854453 47629468 86360611 -1633422 35496111 702508 -86894783 41372919 -12119217 70698037 -52449718 31058406 -66861987 65900507 
8680574 -9324760 -54115752 78175144 -10300027 -64935502 -65592006 -53785330 -36903405 102913557 97130005 -31526848 10046193 -24440064 101762059 -17630631 -23544641 41204767 68794533 44706525 -54883206 -405548 22541062 60528815 -18569228 106757655 -62897324 -4388996 -45003853 -28705796 -11313030 -32619047 28573058 -63580 -73593297 -80433277 20900257 -80930588 13325985 -25365150 72781158 -73439929 30109889 24775618 -62605016 92507833 -29712823 -7307474 -78152852 -59637002 22366752 
27847622 -44635232 -14039554 -82953075 -67237246 94786618 91646371 -81112176 47191226 54652378 31083165 65159736 -76605444 4940426 -387303 -24983681 105993843 -57901200 76976128 10333775 83231862 16717075 -70056231 -73758705 -11814427 3468541 -3013796 77128842 13253561 -99525223 -9622815 -59641808 -105596661 105510596 -62906768 45519511 -62894306 -97268902 -40357350 84946183 -96011973 5732715 -7775801 21888741 -93947879 -33355732 93811905 -12390945 -94198255 55107150 -65056401 
2224365 -44533380 57122435 -14603363 -1312647 79870930 14357902 -46934425 -45353606 66587557 -65275015 16425800 47832443 -72623802 -88224710 -21479416 -15031233 -46746176 86864255 -3803437 -93684136 -23388223 -79337757 35826231 -72939102 -103676897 -5588083 68608784 24880974 -34858952 27757481 40921268 -40651880 -38128946 -56215361 49158983 -53779113 -38372706 -36994188 -12689960 -21706380 86028430 -58073436 103782913 40851646 -2923099 -105371702 -96855688 -76499783 -8659347 -44236628 
-63291978 -50472613 -97935129 13516547 56479548 96405681 -28809817 26003996 -20738824 -71277116 -32651277 -80893479 -12790877 84098871 96602828 -96030761 -45705391 97269963 5462814 -14332626 30707055 -65383128 -92267964 103707578 -9428725 -94198561 -85404171 2815163 -44140621 49312096 101307629 -86490016 -5568422 -89336307 -91329676 57123790 -39579204 103094323 -2185471 -61193021 39107602 33754046 -47538345 89888151 -5960506 4900397 -5309118 59617277 53619830 6407298 92506863 
16151629 88577363 -28669875 32167852 -58571654 38766055 -61509955 -7868524 -66479048 -107266451 -17036804 -67395375 86181519 11108128 -72532935 -29447901 9442329 17628116 -106247536 79601702 -17889731 -46257645 -65754645 -7979953 76121767 71620850 -96642841 -73055850 -6789801 11185660 -88782142 -9236698 -24050560 33371285 -82969774 -39756367 2235415 -30988988 11946914 -91232982 -45736684 -101722161 36065231 22139785 66745178 -5547322 83627076 101268943 -55714119 9616854 -99905620 
30664454 -67096801 55271680 -88842630 63091385 -6169749 63348659 -23394217 -20033257 41274527 99152962 -100387094 -32058755 -67328345 -72928039 3162819 -86210912 30660636 84027765 -83041428 -18322091 75975389 -12210637 -96494925 -95267209 27569087 79201928 88188275 -66740720 -69714730 45382767 19608012 -10747550 -81667376 -25631431 -9875419 -80197332 38109268 80317135 -52992500 34731854 -13205214 -88091954 3531172 71769792 -67372703 -12643298 32770863 73259649 92592495 -59362929 
-73180570 73772297 -42738835 -87643108 -19227022 106087151 -104335368 -4080403 -38465050 49785346 -69215212 -40529200 12975960 55311173 -106176200 64370806 4052458 -27856332 101341634 82751219 45616718 71182800 -89054835 92994193 -78673437 43407878 -28466995 9375967 93235369 -98471798 52387815 -46663343 17933719 67304697 -41903155 100393394 45569475 -1904167 -25651536 -22925754 21245193 95480553 -81696539 -78752054 -72554871 -26667868 98824012 96806561 -86240504 20111502 -7924131 
50701224 -11046624 -29248045 55242039 13172705 72499559 -8030061 -91870154 -39484153 -85615355 -71672090 -60894686 53160897 -12194507 2199423 46459857 42147411 87889480 -22306700 62744855 20162508 -76247969 -105045345 -73731386 -48987154 -71539203 -57717242 104399278 5970013 -84004706 63963725 -39605289 -92267117 19961702 -44773843 -33879204 31628249 3554911 86128477 17453405 -22198489 66036985 26219832 -79151459 40691629 32021755 40475138 -67117485 -42343954 103138108 -103148530 
53685737 -88334351 8796850 -72302571 -29060314 -84568556 92804513 -72609743 -14023129 -13026564 -56249845 -57579853 50027062 35988638 7829398 -26852702 -49774935 -102270735 -39233083 -49208729 -37837155 -72482708 -55733083 -93433657 -51621604 -65377300 26760452 -98321320 45618575 32298238 -93583915 78783043 74231143 7261923 -8531010 62822364 80951409 -70526898 48107624 106897227 -30945220 7495718 105724535 -35211719 30928241 -22910150 102772205 -100722884 42660441 -77055208 17959007 
34517522 -94153460 14315717 -82298096 -52189274 -721651 -35990122 -79656261 -19908171 105866775 4280261 -8600704 -101202541 -23714929 6145216 65978200 97591614 68624134 39912776 43483369 101385294 88716066 79037617 41540409 -44514847 -26871742 11594133 -49347660 81389712 43675430 46449488 -51335419 -38043698 -1965238 51429981 98667841 -98880344 -59104439 -25106956 -93440572 -104460711 77710149 94367385 -1486569 12407731 72845899 49423158 64811155 -84447466 -49868288 65990909 
34957242 -40413688 25488848 -47401028 4169672 13881112 17466569 49049789 4246587 15288144 91426850 -10526438 67656980 -96860772 -44814937 -1035193 94963128 -58084116 -60241164 18989547 -66975188 -75157001 26463160 54671510 -75538351 91188306 82492205 74693205 99196914 -88671780 -67055738 33813978 -8689339 99553110 36916734 6525555 16952194 98280335 86265123 46135949 44963041 6213787 8825452 -22759193 -102486417 -39771185 19611832 -90709321 -14299065 18135083 -21109575 
12899226 24551148 71410222 -97959891 3679395 -83735888 87576768 -30249875 -96083224 63357534 -101121747 -13880151 79252104 48116479 78013052 56249052 -78147278 -57269129 -79080189 68554397 -23573475 -35111764 -67282778 -47177364 -14961043 -54494217 52889655 -48047360 92018027 -14483902 23267600 -86482237 62758812 84981346 62279188 -61979625 -38078283 -19696128 -79704756 -33557556 39944409 -94522806 81837408 81093208 66514273 -6923590 -100388111 -31036020 91153021 -102633052 -76762606 
-92698711 -97524310 84293471 48017826 92190972 106860506 -21219631 -12304465 18964769 76271212 40800567 -75408717 -99698214 -64197928 74418952 98327860 3048864 35550694 79315421 -88546799 -76657372 -46197115 -29613843 -84128239 -35621583 86563851 106961345 43411478 10193036 50059372 -59153225 78990776 70473306 -43237734 37011273 64886832 -63971382 -40018252 -106912408 81784321 -79586555 -35257875 31936232 -56892147 -64189971 -26543311 75298512 -24235710 -20419162 -3665142 -35864775 
53584064 46481688 1365346 -70938660 -73006382 -70035442 79357708 -12987115 -53900456 -47641500 -38612990 65703354 12794405 -73953648 -49102706 62647806 67041093 45015049 -58180252 102814597 5108210 -80870846 -66054442 82864875 -56746849 52254575 -43091872 28551502 -104619342 -81439606 44808909 39899171 -17116591 -35779796 -12458695 93382078 -81087412 -19334531 -41292097 21961133 7650019 -91636063 -68472812 5136737 80521549 -88632113 9282994 12075087 59874893 -60075886 -89845180 
9953754 79392317 105054118 24248816 -8712015 43803892 76101785 -36326197 -19670590 79475156 41581280 -86919104 -73317099 86595075 -107061 16393071 -12846456 -84115977 -5934118 -10334448 33103885 13822638 -87497597 32226254 -34999067 75917906 61039066 -34068839 -19220888 -94713366 -46653818 28958506 6855295 -16676995 -14853967 10154215 28872742 78255645 -11192654 -24591775 -49212074 68834814 -9363298 10788140 -99326373 -58131417 91359780 3657606 -509927 -2704295 35787030 
66238673 33506790 59522343 -86416999 44857220 66354830 22675793 1938292 71694469 -22273572 -70509992 29585795 -6841205 -52340764 -99588779 -4296738 -28787015 -7267679 44525569 91722634 -81487236 32489884 -2972246 6579114 51178793 -79985533 -89262334 -101249963 -106716437 -27407937 -82254765 -1611053 -96568775 -71871287 45442417 -20549803 -59223940 81151250 -56493078 -80458981 96582373 96510865 41762122 97925508 -57487359 89984644 105549027 48917663 -82553437 58452782 27341844 
-9123512 -58687704 15745591 -86207320 -104527221 24981829 -3817849 -98033659 -106742910 74181410 95773782 92100081 -6768231 69037638 -23039677 8869694 97988623 -62551628 -26751264 -85833450 51079177 -70876955 57336377 42918603 -93810011 -74905428 93881466 49396345 -87724361 10845392 -89332649 51337321 21190228 20786344 64905449 -104805340 87412617 96555654 -9463606 -50884249 22350848 104924749 94785336 30203834 -106721438 42240663 72876439 11109462 99938183 53840186 93430534 
105803403 52914930 -40102818 27268164 -22068170 88250975 -7824352 -32939325 -72428300 30861155 10130000 -91567806 95308767 36034684 -86204889 43619053 29554244 -31099268 -46782040 5544301 14809424 62793923 -50022062 -15499145 -90302902 -10837121 -7088987 56369042 -44317329 -36581948 -11327441 38590558 -91923853 69038347 -43578362 -68639000 -31103999 -87501994 87975769 -84112878 -50194654 -47245763 -81263266 79285013 -59641016 -45752395 106299950 28875937 52247019 -28100469 -87657508 
-84658740 -15358235 -80073747 -28775569 3720194 11327851 47806438 -10725073 -91699076 75412397 -41218511 52743733 -68162503 28287815 20441048 -75051298 96924552 15026948 -84070518 78299986 65385815 -63783036 -94348566 -72760334 -87982172 -77545186 44518304 63512456 -89796855 -62757221 -61613806 60941963 23016418 84251580 61976372 -78556019 -63142706 43445398 -87306863 12150853 -8099206 33627381 59977359 43600678 36207953 72046264 -41724943 -83274943 66671177 104203502 -3071657 
-99044333 59754946 -96784415 -68339561 -61863431 -39015120 -6285834 -15787701 105212131 4140532 37297279 -77476562 -19912503 724688 -97913577 -61061921 27453363 -105859704 -100391094 -81036686 30595556 93843283 64759233 -72179274 -87682447 41353270 -64814495 -54012941 64108246 -2128787 6062140 -37423867 33763949 53647418 14919902 -11816337 100482333 -83653363 -32146964 65161135 94023271 -46072225 80400796 38168350 -22519072 -98613123 -6014446 -73886402 -78389066 -79143526 2642457 
23916344 -48499484 -71898385 28919632 -2388325 33726934 72608367 58740908 8711833 -63983363 101773754 -3090104 -77449040 25233411 -99154761 62561754 -61511120 -44450047 56678383 89830883 25340526 -49085010 80333439 -21942976 20461334 -4627055 -14249300 53808122 31485081 -39576400 -11132550 -67984375 -43269888 39013782 93738757 22803954 20361709 70803078 -65296217 2209275 23241567 -104985747 -73183178 87412731 -60744698 -38251555 75520669 -102425451 85421389 -14385356 -88930427 
13150404 -54663598 -22704371 97136567 82319728 -19143791 22564275 85677424 55292121 -90185840 -86855781 40597799 30174103 -67279624 68994753 51385380 -34005564 100581463 -64570906 -79369939 71990762 -20860538 98058640 61008023 82958572 21874913 -41570233 63955272 -81480713 -71908945 -10345007 35935718 -104715891 -79920413 82482863 -4659361 36420422 91402928 56991707 -68458911 77827167 -27203483 -70117181 -8924322 -49130990 28250876 -104660432 -59800960 -87842760 -9802784 -51538451 
-74956998 36209814 103317360 33894560 -44935932 -69667521 -50043742 11468850 -79068866 -49486170 62344117 35126206 -9141431 -85437370 8597810 84708122 98945563 -3073792 -21346484 20280083 -102353356 -89675665 39375059 22799003 18169912 -89795137 -81654390 -103968446 66525116 -101020975 70139952 29494458 26691046 2075021 -47465549 18739385 -50335394 91333431 59169030 100348808 -13083850 -54623748 95680307 -6330395 -24969531 -74191571 -57811797 -8573693 -33775602 -24023527 -28744958 
91317445 57087352 -65240562 65012853 -26378876 -5825891 43852904 79224300 -63059901 73864990 107028259 -75290281 34578129 82752167 82035700 -4753864 85768300 76865389 106631535 -83734062 -54415786 -22619096 38333088 -27975927 -13640291 58938837 1562846 59351303 96197617 -78308454 -69582280 -22494986 -62223219 41081358 86142183 2747867 1366459 -67242493 21697818 6637255 -24484397 -59980431 105951230 26922385 74615554 -90281139 -17160810 30228002 78266610 -55590805 41395201 
-17618244 -103792985 -69531773 -98398572 -72528553 -51502305 -103282502 -20968139 -105669059 90710124 37777960 23486226 -104150677 61534636 -4527711 -47254223 1122637 -58644668 15799674 67889635 90915818 -96415942 20882790 -40615935 96816212 24781759 79481156 47135403 -20786520 -10987005 -4669859 70635304 72593955 -25770394 -86955302 76833027 55325351 57541169 77853699 90671463 33182914 -8710695 78917648 -6124225 4785416 34778185 14269587 65244080 -45983493 9258333 -72765997 
74308521 32179773 102238803 -91176603 -34227533 78433847 29085209 -74944861 23024379 87460141 -60354557 21838742 -23864667 -1711684 -13935110 -104497874 -9464404 72457423 9636142 66129901 -94484255 28729677 -30475254 85102317 32704355 37767087 -18156234 -11311233 100002462 -106554056 78772991 3103004 53200328 -92647890 -68847109 19492715 25461732 -33635531 23811411 4473748 -40465315 -61969124 -105645783 -67057732 -105034167 -91068108 88928609 53495251 -1888210 90157288 78482069 
77154390 66814810 83225763 30414506 41534952 -29088532 -17444341 -71173906 -2226718 -55153122 91269084 -23934579 -28842119 79770458 38149770 -79336841 60480881 -55926763 26520478 -64184260 -51478090 51292719 -9053313 32101566 -33510168 105127229 57227288 -46097756 -106185955 -92963698 -104392708 -74753797 -43193450 52307493 22311983 -61778481 81682317 -24735573 42666932 88699143 -47680375 -79057415 -71949063 -13790158 -24409588 104834189 -10092002 36998863 -35014922 -95963542 -18858872 
34459550 -31857532 8605449 -29730087 -48223191 -72698859 64883172 -60156438 -40316256 43934984 -88948205 -103774871 8466808 -96122670 34656707 -2586913 13615096 40158684 -16032350 -97173059 33530765 87813132 -62107975 -94318186 -84579849 -24915638 64453401 27430125 -32776994 42652982 -52961176 -38312483 44280126 20892477 80885136 64273631 48939314 48050800 105522656 27670781 101483851 76166464 -5786094 -20165816 -49023744 -14612318 84301931 92125706 31460836 -16090139 100621448 
-35706200 -3004762 80850070 100519640 699191 -76093089 19396701 17779445 -21187127 29005957 90219306 3508807 -27986374 -15561939 21430558 -53627119 -83973507 28326881 32674966 -54193573 -59759996 91386060 22270584 73967382 -31980590 103540332 34221234 2302889 55926615 -82639275 -49332265 -31358779 -103784931 -102718781 -18001562 76206679 -48508659 53681239 59655934 -92383123 -12146495 71996011 -83765287 -99494295 -79466822 82249301 25428074 -35356093 42500311 59695623 13006147 
-16282108 61979826 55045533 91909163 -30444011 -104150919 -87712631 -29090379 93208757 75349546 -4466387 64484170 -73371177 104879656 -46695297 -38962724 79374115 17183616 96284388 35107705 61007529 88451238 47066025 -85693877 91100610 -19828971 -42256014 -926628 -85914254 56270269 87882225 -26065599 81399462 -8679426 90217352 -34912221 -5284857 -24518570 34479751 -97138787 91691846 -104762470 -78794031 -36704326 57489065 51383400 41226777 50610187 -15204890 -54602517 39267386 
-69687114 85556668 -78345861 -26093440 -62321652 -44504412 106086221 25422571 7800509 -23008657 29358150 -10870104 7089316 -42225851 28797350 87621160 -67768272 -58603045 -81839528 -37686327 -40176828 104652323 83368127 -1262273 52649460 88514686 -87006991 2356206 79627790 -960224 -87344753 51690295 47285015 -25055568 43611742 -106249071 -72202831 105882645 -6635420 68376350 78963905 -13228102 29157840 65874669 -83051654 -15083553 5980789 -46175447 75433371 85864452 29980149 
-21687650 25620847 -7485347 61064826 83513290 -76525393 83086373 69852290 -80812733 63482785 -89046255 -94099468 -82601640 10964394 -8328215 91313856 16167293 -98352862 69547061 15925984 104036871 -82430773 25798991 -48896697 -97613339 11151477 -34344671 -74504636 84891868 55942390 34299744 32328573 58847965 -96547879 31922629 -59978827 44727115 74164051 50479636 -95439725 3151985 89077182 -55837732 73403233 -7237756 100968965 -88619053 3859493 48884291 69104925 85926804 
-94936848 -91073828 -77183042 14055842 -3318796 -27018514 -75478323 -86938677 38457779 -20664694 20825487 -67609603 46428120 11402985 -76889417 -5008377 -16758303 49031510 -10208975 -102689475 -83750722 87971032 44463970 -40388928 13002023 19629598 -104690646 -72593030 29658590 -6529188 -66708956 -33929702 18141576 32787002 -5455591 -24275509 40308382 -52794776 69337313 -72613683 -27535051 -96439666 35702143 58308920 55393534 -17790829 -26833322 -107307162 94731774 -54750352 11741103 
101353484 -78873439 7595582 -41097422 -33937108 -30239725 -9981643 -36151296 30280437 105233505 -83628025 -12995935 97696963 8799624 -24324902 89355641 71404757 -33698876 -7823373 -89808730 -84272445 66227295 97283207 44083853 14481630 -99391538 -79751504 58057709 79407792 -18835017 -61655416 -77370399 -58507862 41704300 34874818 94375083 -56332672 -20352446 102573490 -31777421 44013122 -2387263 -10186806 72025588 91854768 -102598021 -66592573 -102387276 -100776086 28073138 -85621985 
-21416790 -48551327 -13320748 13486262 -84731747 -71157416 -64492082 17338264 30945607 22260708 -8846746 101901758 89446491 -47194510 -24071140 104199506 15692135 23559378 -6662529 14861431 54482889 -80889165 73424198 51446931 -69099443 -105563437 21133757 83805049 95490320 -14567358 -31033860 -63267435 36458086 51569455 -47478635 25665226 -103921506 79766025 -74864093 -33932618 34564877 42763008 -89537325 21989694 9295829 -7355208 -99956516 5226377 -26454099 103927205 105135108 
-58123932 72836460 -3767254 -44981893 95434968 -3627612 74908294 -8178942 -14968157 -87033349 14248923 -26190062 97906279 53160119 -107260101 -36716847 93713773 -96585681 -41717180 -52806841 -106627892 -39809493 -62724022 8664679 11313061 2761998 -33872434 -18953408 87971256 -103764863 -16346547 -26952801 -66654973 -89356038 -92612065 71456939 -1784746 -28183032 -53387576 -41223010 -2374105 -64817707 -105401763 -80949927 34506147 -92246522 90642088 87569758 75788423 -39767688 56277948 
-94942770 -99108517 61583822 -70469485 75888733 26607279 53895264 53802123 55439356 25707191 8352943 -31915056 -20362712 -46555081 7264080 -89014214 64128596 28197970 76880697 -93280685 -59584790 -41928919 -14353241 -91642337 -40739205 37202538 -38132924 -82095117 22716172 -36763661 -26256487 83310339 51898172 -57580558 -74640745 -23743841 -92383899 68569388 -67629560 37082672 -75719358 -49812989 -23380344 85318694 13951561 98911129 -22786106 -47154137 43243547 40969791 54882782 
-82922796 -5389564 -103983198 -30498266 -3265181 98276137 -1159193 100819224 -68264356 91053331 -36473424 19931954 -9508616 95962509 73233632 92818052 41345939 9281468 -103290236 12425497 -1927016 44103822 -67385692 40814605 106074493 92705264 -96987653 68315920 5941215 75742941 -55697367 46399144 -103647361 45461655 48653436 47450775 -6650535 86575217 59526893 62131068 7467717 51205381 57521904 -51964641 -50914948 -49883824 89856509 -10090835 -92195250 33361666 -101489614 
41028868 45063123 -13271236 -82317252 -16215194 -99433891 -96200836 -29692406 -86937088 25136482 72636520 105509721 21424318 59587474 -49018861 70986916 -39200465 -4845226 77783086 -56574835 104183665 -51218729 -65596171 -25661314 -90420907 90630522 -29839143 78428286 -37221043 26634518 60424979 -39234023 94844881 -78264827 -29391159 -37304806 33537039 59162996 22945349 -10442391 -16828003 -68012292 -101258601 75258699 9445868 -10060526 -68516509 -56527943 68179198 -39957505 76647201 
-92807750 60263076 -71155423 106702023 -77789851 -64600924 20508963 -65685522 -88894743 -58039552 46099860 56703545 25807921 24210191 -87171400 -72507616 99176464 -83140445 21518849 -35145507 71100180 -69119409 -26217318 -15870295 -18481312 -79833904 61984524 -59150403 -56850798 -15796241 -103297399 -80087117 63761848 103323119 96622563 -16881574 -30679486 54119127 19920479 42672787 -55989625 6149146 -83296516 -69445675 75939576 -29102671 38736457 66142636 -6001226 51540850 58577073 
104468314 59714327 79296420 47278084 -106314712 98245947 38360037 -79884924 -87056747 89212316 -9310629 -85645482 66607634 -80360619 54767336 23628476 -50005954 77582067 -83937465 -99897664 13928022 -19597150 -34382340 103712379 107172064 -6418913 -31499258 -25716097 -88321404 92478715 -91896969 107145530 76439814 -93442573 -18394558 -60256671 18563526 92610908 -75720984 -51611531 5588402 75010866 -5626922 -55601557 -90533286 -17221989 52344795 85106711 21913369 68345350 -70971311 
-13958887 72868744 -51392565 53370772 -31568129 59971854 -26263194 -36736974 89515472 -26628088 -89123888 -65195056 87097089 45765080 9086252 54591339 61812571 63414474 4486721 54321427 -50745944 -29248426 25048464 42932862 -17141969 47740056 -88359266 -91813583 -54582809 -47017282 -13365229 -23209190 32164130 105297742 -1429118 47499728 -89222800 -67230972 -67028368 41403493 21876353 -77423374 -76105950 15574380 57251875 79568201 -94530506 64239280 99337024 -63525522 67909940 
43795353 -13937361 32491030 -28979117 -22796668 5567674 -51914910 9113235 58600616 67204401 -8646351 79912135 42006057 1605339 95878443 37540155 -77283627 -104233931 16754692 -43089535 -69373174 -59806024 -25802121 -40993280 39849420 -53721990 -54973013 -46818832 66290885 50306445 -6988002 58249539 100787712 -50223502 20165207 -95491695 -52114701 -71090466 106876758 -46697331 -68287566 -46569815 92033561 77225799 -34649769 104831811 26140379 -34537125 95932222 50396621 91075886 
-69382127 -25176899 103258660 104517199 104970871 -75727379 -89742068 16289070 -106232434 -13063547 4891923 -59116297 -96584261 -91511794 63689935 -92242833 21505035 -96606743 58786747 -85364802 -75792436 78987598 -2141294 27837501 -21598449 74107409 -68394433 26304327 26658963 -70996175 -105934366 17472410 -11386637 -66794682 35732786 10355591 -101196980 46299504 -11520455 14051939 15684958 21484687 99913370 65395455 19426247 -95625254 -76241982 -46459804 -43470146 -84839587 24331373 
9436230 -3662203 92537383 71752879 105767302 94688918 36421851 25914611 -44223370 -27992372 105010869 71635406 -68458148 -4960966 15283688 35058602 52012751 -105107566 8619547 -6966920 -69045172 73547400 -44349672 -50966119 -96990537 71766162 64989111 -71617898 -102569707 94380795 67192946 -12008274 -37688766 7133886 -48984096 -39344124 29727692 91249375 -36595773 41770139 37904879 102819239 3299178 -35043621 27947935 -26834397 -97318023 -7735164 -69504233 91637905 14183174 
-90568590 -15240300 -31802406 100321270 67537120 32786665 63621124 -92163924 31285573 -2096102 -12731655 -58661784 -42473151 86253441 -83459669 -72356987 41103549 87639039 86415029 -5892600 35880409 -51483519 -20735664 20407616 -37474083 -58714885 -29125338 -101389997 -15713814 34125817 -28898534 9574536 20626990 103054037 39307742 -27178515 16454896 -60145515 52768552 26100318 -61932720 65963041 54431519 -21280146 -15198494 -72273968 -41060571 35585960 36719183 -94671214 39519652 
-33509632 46183310 82547792 44015429 15160738 -65440906 44316359 48649980 57677117 76186211 100027013 70832784 54351408 -58067155 41332441 -28105812 -73414832 1942978 2858613 9831174 -96280465 -14656855 34290125 48764167 36440959 25352820 61683079 72443602 20830203 -86894456 -72227657 -91997591 85732995 -73344850 -46458490 -9867515 84001147 -58475679 51216394 -102653083 -47072738 -91815547 30477434 -77473591 -22169712 20342736 -46083909 -36940121 -79342083 -47613726 -41385133 
26649662 23867586 17072580 49402046 -36339426 34103801 18661887 -21568491 -12364546 -7293427 -34664415 2598495 -106170428 -12622405 -62672537 -101209699 48869532 -62893223 45440232 2906309 -28209385 -38488269 27776131 71151298 3570822 -23601150 -32649972 -28782108 29030388 78814258 -4412687 10854905 -22884416 -46586056 59457567 -66868334 -65374343 55102678 93536976 -106368648 97734151 -54610988 6503520 -95926691 -14528594 -10833645 37679883 52510790 1221991 7652248 -90601800 
83981220 -39397666 -3536039 31830182 -75773597 -103571452 -105181923 -98931257 92079865 -18474652 59069172 11890368 -9859074 105234475 -4785402 -57011035 98221608 71337660 84188624 -104940871 -33603662 106134034 49051456 -43167289 21331312 17180880 78467404 6999056 -63347926 63818919 -4283266 -55374330 88528895 -70866960 46816180 63592673 -47915549 29138823 26028254 88916258 -97951726 18887861 -73448712 -104919537 3925021 95153766 -40703229 95268722 81742753 21883245 -22710157 
9819944 101076968 -41895928 -29016223 101144883 89652434 -36060397 106268291 36765047 21022253 90685251 -77250120 -87924028 87171363 -78541921 -98201293 60967143 31578436 17574607 -101882315 -4637977 -55082016 -74844416 59940391 33416727 -15814115 85354244 -86463638 -15379438 -26665738 -61950308 75961326 11630335 -50632041 91766082 -37689378 -89910297 72963429 74046785 84761473 -46859322 -62451640 -51298125 40790923 -105910281 32802095 59757307 89431044 39270241 44177544 14949625 
-101508114 52536818 -24089132 66779154 57446513 75723644 -20464604 -58147906 91784868 -47991823 9669669 -47429697 -9746609 -80369844 10687703 20068116 -55191885 21280458 22638630 -81152208 106709369 -92895364 20638210 -32476703 -91696187 71881706 -74238249 -95337476 -10752619 -39186451 -54248833 -17035273 -38463207 30379136 -55160135 22792320 -89572584 61111606 -41659816 -47961283 -870660 57525815 -95949324 -37131653 78608553 -4356861 -56652280 80706451 17676964 -23284728 -12446140 
88855185 -95181358 -11780039 34889397 -97159522 -17236431 101141132 29406546 79378600 -16815471 41782896 -38164915 51847680 -43602509 -105753717 -77012063 94724240 101443425 -28893428 35468948 -38015085 -3092353 -38871129 -67828227 -14597009 74338095 -72799474 -64599855 -3182147 77680225 -106588321 -84875900 4440060 13841360 -18659185 30028753 -102976543 -76915944 106297631 25561325 -64114316 -23690462 58660950 -16481037 83016595 -83233887 41405015 -38475362 13280979 34854686 89099301 
106278537 -36202770 -38851264 -105325499 -16343004 99858408 -63612566 -25035112 -89859143 -5458448 98865160 -48338148 73049242 88011563 -96281809 10920066 14539156 72908283 -6096203 -1214442 -48408751 82444458 -24118516 -55905678 38560696 -31589719 -102119926 -26403049 53162446 -24152759 82145346 56397336 -39529280 -86037484 69174139 -71957100 65025879 -5318448 -29413755 -50600850 63524805 21203042 14329427 -97894034 -71897542 -52829557 -36252306 -16821801 77856278 -15863094 -42019501 
-41088712 -49900628 -85547122 -64865830 33182527 102167301 -40614386 65394324 -95673027 -39333109 104054740 -74354597 43366093 5150135 75237644 -70945912 -15009098 -13932144 -13750061 -43577693 -101469877 19895330 -45361104 32809335 -96973655 -36423699 52902774 -86094521 -80982267 74926085 -52491231 62021205 -75697001 102944037 -67680943 -34809485 -10592409 -35207126 85182618 66921137 -44912210 -27713081 60047541 -30807018 103979268 31948219 -102564371 -94783733 -83751801 -51886184 11169200 
-65948346 38641861 -54358371 54135996 -82883754 65880151 -77927661 -57942802 48464224 -19244117 -42933221 -77813013 -81059338 94684415 105392614 41364547 -18413701 78816112 14197946 64778211 89622171 55952930 -64492443 57112709 -97714471 49499562 83602966 -30147223 -81428630 -6730608 59249797 -86228741 -94597064 -17892874 -24757685 67442655 -33278567 -31772648 68815075 -91331693 67615959 43354312 94272668 9228379 31329397 98964854 -76725829 17262607 -87148165 -87693998 -78999037 
89407215 30387419 -90004691 73714249 21725823 71355435 -88558977 -73983054 -47941474 -95660611 52468697 4288665 62330791 43090110 38982237 -88227483 34448256 90692608 -47147138 15166095 93462013 53302792 -65673705 102436936 -58205948 -30305384 99234016 -37731169 91370586 -54812567 -981059 83640683 -98008122 -32549652 -23186157 78908777 22403498 20243225 10665116 -101969815 -74977924 61927908 -84399836 -30798740 -36471574 -60408670 605855 -85091457 34682492 -16411862 -75718855 
8997024 10000109 -53855757 -2032274 107205952 36666974 -54764748 33923801 73721 59624975 53820992 68456816 19355385 30098543 62618852 25243023 9643959 -13957548 42006542 98885752 -65085893 -62015443 -44810626 27474809 -87982664 -19279972 -30900371 4469098 8475279 105767263 15389510 -24280075 -53956181 66432042 57067596 -18423382 -42109920 99497628 27905271 -103150228 27362939 -58952529 -42097718 -35877876 -87325267 -77264972 75068524 89262003 -22409887 10722436 -2972937 
-92284069 28341833 32623280 -14341041 -82876376 56616987 -62482513 -38831497 -58702033 -53939417 -59618995 -38563516 -81914873 -74275194 105867189 -14963609 50436381 34974480 37367168 -31055259 94053551 5850688 84208839 -24742033 3749807 -20911338 91864889 7572731 65117732 41448026 -55381435 50935093 1352142 57060587 -57751611 98953008 103083097 96856149 13187450 -7220868 -47882587 101728839 -41263843 -4663201 -64068971 -31020302 -22734589 7153544 -49579459 -31626861 67937547 
-89394693 -33808451 -90896319 -21832372 -64806897 18801948 -19009509 -54831010 105696150 -31957674 106094687 -27175947 -69559317 -56718842 74435932 76505032 -76167716 -8185946 96830528 -104602154 -82716052 -6885098 -75323274 -41424201 100579691 -66126674 63035410 -6162907 44473587 24714162 3440337 -16317116 89800203 4076875 8618663 -63492110 28872353 -49436971 -51024237 101308510 5252096 -71667787 80335964 93928541 -47407421 -95837944 1650172 -92450613 76975476 78428449 40792390 
-104321000 16610087 16851562 65468587 99238818 -23153130 73274420 -73822607 -59263641 -3057680 42530476 74805743 -38392704 -23669442 86252997 28022691 33138316 19757594 46892924 -51901156 -84373548 31954520 23691820 105217200 -13484416 29024876 -4479404 -23096649 -99139605 29304657 28947680 49588293 52698993 -33036701 32885265 85754674 45314123 -5193 79906969 3873423 -92844757 26575630 67726567 -97535245 92405383 66106486 -2437490 107068004 -36600910 -57347653 -25174664 
23266526 -44319855 86366349 -71477602 52975503 -95205375 1453373 -11448755 -64550490 -6729592 -47828140 -56261083 -28908570 -41938285 38065201 -59920801 62146932 -94009159 -30080845 -99278236 -37506408 -27909291 28514322 -47429143 -55659724 20924891 94500620 -39089283 -70422659 -30780586 70837472 -32947674 -25492186 -90688990 100745198 -72682468 -87799532 -64045000 -64960173 77831716 61661089 87638471 43250017 -76893856 13104025 29072669 -52195476 -42652410 20449843 20084237 -12502820 
-44599534 -6162825 -81158361 -33295735 -22253421 -77589920 12666291 -3480823 -75875768 11455077 9697394 -23460451 -18670268 -4221798 65848384 80626594 -37238947 -34904730 54980374 -68005769 -40914006 6283322 -53095359 103748120 31835671 -31783713 -18389978 -83762353 -54772126 95187001 12954652 84243776 -24112176 -61350667 -56036391 21834153 2096375 14236716 56903321 107041237 77412285 -44907597 101757824 33381044 -46567445 105973472 -46629390 -4504173 -129708 -33932618 72176974 
23004832 -81318759 -45881038 28496934 -5993849 -37516877 -20981158 -90632431 -84760395 51869118 42387112 -74686678 27976980 63925612 62276116 -69527420 -100291970 71090713 54270292 -87738701 -104645135 -53993551 -40194059 -93343612 -49201984 66241897 -66151809 -86824281 77978215 -54554985 -65827583 15690212 66703531 -91583644 -10868263 -50450235 11683690 -27063668 40406993 -59113015 -86014703 84048873 88796583 9876452 -42862987 -4339169 66588871 33471 20474744 17450231 106165525 
-50341805 -63454011 49970199 85697075 -59823152 88680672 69830351 94349775 94872792 -88068808 23692214 -77703361 -60868812 -25364630 -65981499 57674432 65449016 -56087200 31407664 8004206 76493005 -65626349 15873408 -35812198 -66664760 -78028094 52026019 17107440 -101896402 -32296862 20433487 21818974 -102774677 57970699 -34029001 -78584592 106375080 86757075 -50675060 -21241659 52025091 42694986 -89335492 -86376825 21794796 105214716 -38788189 106473390 -95934669 26003978 -3213219 
16405197 100897562 -70615519 -51651926 18502388 38573256 -857166 33069628 -92621575 -97579428 -91475636 8164684 -19974240 37707394 33062099 -90821705 101477724 32535309 65686421 69535052 14472646 -59325350 22108167 -33512495 -85731648 -102848005 -99978291 -91726123 -48492125 -45533204 106831525 -74300546 -61466433 -92734750 -3371774 20403956 7290149 -48843893 1597163 102407652 48535690 -49231340 12626272 96356448 -87258231 40996545 -21690048 87549714 -88954078 -43254628 26039063 
-82780450 -22083781 85253388 7875878 97724814 86355349 83045519 5878024 -33569201 99662507 -59432064 32595420 -69141637 32455366 56707014 101233684 -27178863 20091626 -15557983 -21355778 -103876313 70816728 -105568253 102773559 65506197 63725990 6335791 86955142 63048273 -57497673 78405590 -57697345 -4608809 -33026736 74313581 23636225 -89440338 73708944 -29618928 92458394 -53763747 45619437 2077394 63889431 55516060 3524356 24607225 53942804 77365777 71507058 4930295 
-34793858 -13216616 -69755131 -31090039 -102386663 98615602 -54302428 -93770418 -21492698 49910936 -25127253 -22684685 98249835 16005836 -69140954 74647549 -98246628 -93757966 24972308 -52848031 -19513236 -63273297 58829212 61143566 -94008085 -82607212 -52824927 -57381392 93088930 21604566 -84868855 -89233871 32779654 -70992843 66128856 97572343 78364878 91158039 -57670734 54097928 -55026341 -55016200 3004730 -64646994 94460913 -46175304 2937713 96728240 7534762 -86602660 84413526 
49800532 -82443212 -9034348 -37621576 32052055 -71223623 38231481 20398880 -100234133 21861729 84383064 90294289 12240690 -103931213 47477688 17781341 71950856 -73036946 31988387 -101487136 91283969 -79671689 -80740353 -18377211 -47532782 58644825 -62401510 12559038 50547824 -45750370 84177335 94575014 -73188392 71610927 -65984992 -66154197 7249498 -78079753 -5013130 -80029729 32469800 35695724 71454741 -328275 3775816 83735170 97794499 -1867197 50742412 32539424 -68255955 
68030423 -38785533 -25204199 96464346 333535 1591732 84008644 -31331005 -25521656 105286305 -41026758 -74697777 67026920 -36379479 -78690745 36357009 -42405849 36544682 61184780 68882737 -2782717 -88837442 -84781529 24958269 7168545 -4632058 -69222479 -90136083 86435202 -17853944 -89285859 61306176 -12980139 86841001 -98046437 68199336 47028201 103531992 22668636 -49655957 -97387076 63689552 888536 -942767 -91302923 47409103 49489615 -3879035 96243421 18331834 100992589 
-19705930 61664617 -24108056 69486764 102106986 27115698 -29497095 -79802567 96806014 39725699 -56367687 32065606 61265058 19825642 -90035919 39384705 -60646480 -98379142 49140372 -25303004 -94041665 -96678003 74316554 39614599 26211295 38321281 -46542539 -56159893 -97329115 -95867588 -106025770 76857153 65204574 46854012 -74884239 -13615808 -86526845 28386065 -36702124 75512996 100167308 86471722 -46617097 9737455 58197068 -56911544 21069809 99247422 -87149170 17849338 25311936 
-84334721 19986029 -8882891 38074856 53513484 105520032 -52225493 -97289343 7312924 -12124657 91767044 7632884 -96739664 38967528 -37890135 -74861169 47941731 -90823221 2850668 -15723728 -4396940 -26539676 39256075 26089039 -84506392 -82882893 -11805907 65653711 -33249726 102876772 -73793831 -3985847 57257678 58227825 -6440944 29111025 30847613 -18791249 -85574473 -64955032 72818281 78677114 95116901 -101489865 -57818263 -79479045 -64809268 16715208 31025304 -29656870 11593069 
-36860721 -12432868 96227875 -43420246 -106546963 -51861018 -56273296 1651135 60848986 104910143 70825911 -13339917 -59443689 96279445 103486372 78644224 -18487173 84483897 -66586867 -6142062 102749238 15017215 48163990 30955336 74952684 -14044760 -90646168 88853741 -77342953 -93007552 -107083504 101003773 93900582 64395253 -33843183 -40349763 -57174613 27204400 91700710 33575487 2672902 35197553 77794198 -39518835 -59109988 -25108344 61198556 100761908 99515804 -82266934 81525369 
-25991127 -27941863 -61009481 -86836325 55906470 -38085030 102858083 -47325094 -9905484 -104463891 75368895 46412756 -75176132 62068834 -56853987 -26717500 -65402927 72085985 -74836419 -104485597 -6938452 -22152840 -26380952 -106075662 -93888891 52311923 -1075432 -54395242 -60186394 -56381015 3256517 85214635 -47587182 -23032419 -89356150 59728981 34032688 -35502070 -80243019 80133451 43266085 -78686044 -87136907 40807709 46424075 -74996017 96788255 83212656 -105648338 -91992196 -97636567 
-31832132 83078125 -65158657 -19163287 -22189191 -55945650 -46534309 -10415061 48816410 -29221732 32607864 99313343 -46114112 54085272 67650979 -87817158 -59994439 45232123 75813002 84044157 -44067054 86429661 -48782466 29075341 56991776 86506333 -40912692 16346557 69504647 -38652682 -62525740 -32828632 22018909 59756005 7160527 -104411065 96128709 15037189 -102134834 -47639121 -55879339 37964223 -25787731 11619472 -38648610 -31201594 66460371 -72465059 -95600642 -74671420 66323572 
-27431665 -42663267 14534102 23741300 -22564819 86216528 -104822222 -16356663 -96053580 -22352703 -100020776 -30695236 -59810872 35459687 -43647184 104432349 -26748247 47842840 94134633 -93882426 103980407 81895625 -29594620 29620945 -106664958 -43551371 38170195 54006637 -5666859 34456027 -88968462 -101677490 -75602059 -105702840 95987312 -5725091 -84380302 86136271 -6980677 14363143 66234956 -59067222 -91230386 -97124803 -73182330 1583444 -66315220 -77190242 -20668110 32347771 -95715798 
-15211496 -77407968 11710763 -76623003 17130796 -100128212 65858106 60952851 12356044 59651593 -23414029 -426284 -27564742 -10460715 102277553 45581526 -61766953 -35637612 -45001999 -822560 61063482 -7954140 -44783454 -66601649 -72943643 -68682440 -104046096 11501513 76141777 -98190235 -61638183 -55873451 -65232092 107021290 -49148019 13604427 -65541537 -105445995 -12784344 59760882 47839720 -11583975 103415196 -30186113 -6505856 8054173 79891342 -55421813 73584251 -43994596 -98229353 
4775199 91521163 78589856 -80640844 -13356899 30704403 44255617 -104130731 -25188181 91146910 -37393328 3668865 -16282749 61305950 -91236169 5509973 -8778154 -78734850 -22984395 89852278 -55461731 49916755 56990493 95821802 -4682649 -24278284 51213087 84757145 -68153582 -90744514 15195331 22356663 -6719880 99781908 -103838099 -78120250 31463182 -75520937 -2882646 -62243981 -30445323 10486455 -32725934 -44798306 -101612361 87858854 99570516 -102048157 -69728586 83023502 -73056670 
-24880834 41594593 23522844 -79506890 -53724278 62159220 -57015191 -101052833 -2756181 -43030150 51519223 -79771973 -18468125 99787834 74190360 -45225717 -26214308 -24953323 78663979 97745387 9130285 -47683322 46186805 -17805107 68386324 38709113 75110889 -67935340 -69340549 77041186 -2357030 -69821002 57539264 80255610 90427846 -78774633 5277343 74982416 -62625183 78034560 -48136603 -89878056 38855942 65717108 17481273 38559183 41059761 86817723 91020528 -69581820 -56377501 
-7304597 -62566230 -63952280 -104392700 -71577361 41852395 -39296315 -69874801 38245771 98560635 63197359 -74423387 -87390858 106929158 98712295 -32939133 -69344499 56528582 80179808 -49793947 -84694894 12312975 104586401 47753285 57988444 -47024124 -82449235 -23865551 42095314 -25523659 50941295 -86308808 33046850 -28829831 39942035 -78433511 -97083631 -9605468 -106749823 -94911688 -53386653 34399892 34776160 7573220 71366359 -5183106 -4100890 36817723 -69974288 -64912490 -96100013 
-96542935 5321510 99115469 105431825 -34205455 -73423201 -59664040 -107320512 -30523468 97034899 36992244 93205471 -69654819 -98443804 40866644 -18464134 -7818606 -62709178 -35498068 45935771 -5382919 5719390 42006317 20232320 7952421 -36416290 -93971167 7663135 96026913 -80921490 -64340567 -72012285 -96424938 -25014061 54638981 -9455219 74456788 20937621 49850099 99581639 -107321387 -60999232 3740815 -44186097 47758348 -25436572 8403387 -16063599 49869564 80429152 46235944 
9706560 78027618 -70227306 -74566032 18308413 83142441 -19306490 83999443 -31366562 15523439 103707081 -25825253 -80489996 24300902 60942069 95267252 -24944217 -27403964 -59032134 -24398315 105169763 8373001 97656088 30511068 -103536646 106153006 -60313611 -31370315 -106879330 -97303431 -61448433 86098867 -45634450 29996482 42728097 -40256717 27591888 -17527892 -103421440 6458347 87883464 -22887387 -1558699 36206306 -27587796 -14136913 -38810323 66862090 15635622 55606805 -4893685 
-36596549 54325092 22554290 -78192117 -47465034 -39130871 -63804020 80355690 12608292 -7609600 35722097 55387561 -84253312 74559993 -13202562 81645887 27702542 55992173 59668317 45413936 -65391905 73774570 93837496 -74689396 26857826 -95805176 22284221 -21355908 -53695656 -35667 20395254 44925169 16785534 83293296 -67950959 -57310265 26708372 35358100 78236844 -85553427 4257992 98709724 -27832030 36545819 17548556 -100967771 -18566002 -27647998 -30229663 83614887 -4334661 
-6464062 -42588172 -105546861 28566692 101836633 -9994702 -3453697 -19267943 60060591 53289069 -93327632 -12311241 63256934 76829382 71091112 -54818059 10748488 -43146091 23992059 -81040084 34837914 -78597857 52426524 -61358564 -59018855 -62935974 6218148 -51181010 -29356946 -49379171 -103559774 -58294490 -58146693 1764877 40379667 -27457765 -13843597 5371287 20306506 39782106 10239402 -34973243 82487803 21203202 88550385 38622991 4427145 55076744 -93656600 62820986 -22361511 
-76323036 -14759045 102493839 -29121848 61862024 64411761 100228850 -101625625 -11889010 -63376924 -55369358 -55493989 12399914 -58044581 59145189 3674536 98134295 90309933 -26306704 -16998809 -100522403 -3835120 -94473475 59670543 8745190 32883097 28896902 20727437 -50228610 -24981461 -20860841 -76461468 63761954 57364946 38154867 63576838 -56125927 -64361886 -86043594 -58526191 105981053 21794490 8018914 99091456 -77661264 87493380 68052374 67148489 -101329133 -70015071 -5919629 
-44920421 -97410315 49949821 74356722 -20888347 16737724 9017223 7988608 35572396 81301587 78310905 34783457 54260284 39025054 -2412725 -20604169 48410241 -57598714 64883201 102932100 -50835275 -60063474 -12446153 -41001322 34066697 45515454 66033599 69540466 -57294937 76026634 -106103132 -92432055 -79907528 -25094871 34520246 12813665 -14088900 88545089 -96332381 27585011 39033334 -25009514 57789842 22801201 23854983 -17508681 -51562467 5322048 24327794 -22000563 198108 
76224533 -83399828 -79310518 66337152 26875014 -67254255 -56161694 1255417 -80299965 103690594 26513101 -47048913 5418920 -105218267 17737237 -21253253 -25371945 74234515 -9449294 4246351 -12864007 62121317 30589016 -4193917 73991808 -97991417 -89141361 -9668837 -97571424 91147 -23584230 76623762 27744272 14422155 -7528978 -19997082 -38951293 -7457593 10222008 19012223 43872452 99102907 -51178388 -3121374 -95976152 -98297408 -9181447 25930914 18097140 78359495 -81305232 
-76320606 -80619053 -4476488 42457887 -57936649 53359139 39326896 -23684791 -90996032 -99289753 24201830 -74061968 40363631 3094568 -40442562 27619572 95688821 51876361 -55495096 -102769808 -1603756 69167308 14428855 -22951912 40367568 58076850 -55722325 79452363 -78794547 -35906170 -46196557 -54512979 -60267150 -61926404 -106942928 -33012460 -14012900 -103880318 -27742457 -29937288 -85948675 69256159 100238107 -101338386 -59380036 -101590631 -32804962 -84197610 71135272 93446895 96886012 
-44252796 -71617449 -2251194 2176493 100712138 22650258 -45957854 54455233 -96930928 5078805 106076234 -87594185 -60742942 24878941 63747487 -47946793 89423525 -41872192 44788673 -90820176 -36185283 14233496 -23038381 -8847660 -103928895 95300421 73773674 -94822654 15659179 -53272410 81133277 -47065668 -33913929 26394360 35874062 -54226969 45065417 95043210 -82229270 14584687 36896844 100352717 92364188 15590931 -87934069 -9011082 103440098 57170402 40497135 56627271 -9187290 
-67504189 41352509 63047300 19226232 -5090541 -35683098 82067784 -42570254 -93313181 18580873 -85191098 70141362 58789039 44960372 -96071601 78124104 28103475 -65318342 91291027 -78451734 -27339781 -1967973 -21606320 37075201 100034088 83496704 79427900 94040285 -82889569 -78600879 -62299593 28865389 -44177411 -42757534 69446364 40362158 26186931 -53475407 -90031586 86907125 -36488540 33780340 -71614614 -23563436 -30400117 54933598 -11096734 22195897 100111762 -82422974 79308974 
27066325 -78283469 -106147103 101405937 -37393155 -99888943 85190636 56291848 10162398 -13669097 -89416492 21582504 -34599771 81266161 -39466686 -17429516 86519856 30929895 41074751 68321003 59117590 69297752 -102618485 48995371 26122412 32088950 5154192 63352688 -3931127 50410356 3017005 22156510 -42699183 -18185141 73171228 -63284805 -78220813 -36061378 17624636 96020405 -59941550 8575365 85458985 67041999 -28496071 5981104 -19000546 -43519217 19546643 57910781 -10713528 
41734966 -69065075 -11094196 -67128060 8817340 -3940996 59786274 8338382 -89054880 48179097 -67357224 -34749536 -1050618 77105881 29431085 46512334 45044213 53138193 49540430 76809233 -102092673 75253734 -33377049 -22036908 21466995 -62266581 -24270786 101301717 -53273003 -83028117 -90039486 72024609 -41976044 -39213891 -28145208 102961614 54773945 73229300 75968005 -65228775 3988764 59959022 38926498 -84877057 -42068334 17414810 -62128789 -33648103 92104315 13645668 -494187 
61617783 -27794046 -38912501 -71882770 45107155 88871743 42750088 -80367636 -2106154 -56827095 -6293550 -51577358 33154578 -59888384 96758184 70162691 37310431 -58300306 -8570 -12580188 69290115 -36713095 -4625521 24833062 -47282911 90193317 -51225155 -25595088 -58341810 78767211 35171094 -53284750 -64814171 -79770491 -66202816 24754807 -77674781 103633791 35942489 85295184 66576728 -11036347 -60052447 79446732 90333366 -45673843 100677529 96511733 102500570 32091417 -55479516 
20199494 -106848086 4019508 94594983 25619317 -105354163 -41538948 35221847 81073246 -55646760 61609389 -64288254 29096391 -60713676 -88255627 -23249145 9752553 -81235351 -96383675 -74588100 -94931116 10635204 62292807 -59826328 -24916566 -28058767 -43893586 90644065 -89973256 -16079054 -91699455 -978641 66081639 92684645 -2423550 -87248300 32865527 101566041 -43613898 69664759 -107226314 -86969385 78378696 20914789 39139430 89032818 100360769 26408480 -107346382 84834549 32198857 
-13313586 38154368 -18943225 -48848943 34286691 58941355 -64125926 -9368433 47941974 -53785469 1937200 -22556077 79575813 79702285 -99438355 79991779 96992341 31706283 -79397163 67170723 100733638 -16728053 -65889512 -105352167 -106758940 4501723 27010064 -28861574 -56617267 -94759674 -36918035 -75562917 21546314 -23165752 39533360 -80375972 101477892 -399628 16865185 -72242709 44210231 86054154 48893492 -85348507 -83671726 15939323 53531759 19841834 -46324868 5224368 47123748 
86315544 -15957060 92219177 22038303 -76014740 20019393 -7777654 -90445826 -74874781 -75831472 28605525 -46715452 3402726 -3535636 -88755473 50971204 13153025 2324217 17221384 102730342 -66437551 -38422681 -70583665 54821791 86191757 75576059 84384490 77853080 85112864 96498011 -7155056 48572153 100842761 34183923 16329044 44621257 84920009 -20230133 -6086066 19715892 48101526 -9432906 19735907 44223141 -92545578 75259180 -48724966 -7939689 84165448 -434212 -37354033 
4229053 -36857975 -45492115 25144201 102862092 -50022308 21119421 -23321518 -95746441 21556295 34425868 -51037711 -60901313 -94834748 -43880119 -86941448 -93376841 18491598 80269794 -88684503 9666446 68283426 -9798202 -88057788 -91629079 -34429798 -102290081 -69524066 -51097328 80966739 -106124424 -35897077 -90320182 -20708320 -12035929 -91744852 44598371 -70501494 85435981 -77203632 -18789009 40106433 3400728 -72484584 -49496539 -77590491 78720047 84577552 -66863805 107198257 99211481 
-5156044 105429507 -9016575 -82751052 -37630992 50846243 -87543427 -81491302 98120771 48408342 85853342 -10947614 -11356128 -46054240 11317749 -89718556 24546814 85927409 16443549 -8916544 -54517017 32861866 104584513 42719244 88664279 -104652163 28414256 5280825 54872014 -45644969 -73722139 -80961660 46487216 34405188 82924127 -13857678 26641315 82592645 -10083306 50656891 -63364234 -79663788 8531643 55341334 95182969 -60255402 72006517 -96108644 37560476 102862425 -93301230 
-24690172 98481228 97528091 50294133 -100591465 74438705 -45403140 -90178821 70969165 -85735009 68137039 -7651054 79816940 -28813927 -9903083 -63066178 -32058462 -75593851 -9604200 -104939691 -67477938 1053178 43934378 12819968 80804708 25383680 -58244258 75562405 67543331 -91240439 -97508305 85810955 39257686 54938618 -6494186 -89894027 -25822461 44913768 -59995187 -67470113 -30705980 103282711 92005773 -28509157 2505776 -78123030 -46155878 -65204512 -48514114 -18209310 -62174808 
-89304289 103004251 -42264935 25871904 5204257 86686094 84760449 22977316 -35920908 16804412 -96367275 -40170686 22488878 -43064106 79888979 -103849782 5189922 -33118168 -17022034 32319648 11085662 44880244 -18456596 -105004065 -8101832 -39906756 -11071494 61785617 10991897 40068025 -28976819 -87929425 -2642515 -100072033 76537738 -56424799 -61444680 -77328509 -13722274 23342122 -24106010 95323027 40674583 13613455 -72227146 -98354684 -100411029 -106342312 97272500 -961180 -95920072 
53755595 74337243 -39492308 89097649 105345554 -57533291 -83794572 7794335 -46873942 97236399 -52539676 -6928994 6785505 -58946925 92827237 -106319022 60455065 -42957007 99757474 -3675318 -39923592 27363427 16877157 -84225530 -44624289 101640536 -50766387 -61716285 -45472549 69727168 -95736058 -9439903 20425633 50825793 49019890 -48272060 14873115 -41215356 90088240 -7497118 42602344 -11357085 87678993 34304449 -25450853 -107009702 39381933 -48050235 32674211 -11633963 -105578222 
-76263863 -62864 21473085 20760707 -88937684 81314455 19786735 -87508154 -56019039 18772406 -13727675 93959602 37501108 -90378025 -32533673 -20542166 -28544135 38905994 99277299 -49790756 -15392790 -95921925 -95655130 85440615 42598725 -47592395 63222783 72942207 -11552262 67292301 -33218626 10079365 -20053335 1743382 9396421 -2457674 66280113 -64648454 -45747034 -102049977 76169651 10684385 -76557687 104672846 59263073 47837282 53346989 61861505 -76121277 -94722987 21822420 
-52531931 101997574 -51256536 76209615 -98298449 94742838 14911410 -28669662 77737444 -96495362 -9534688 78066949 -40626229 -6352368 -102073363 -84618847 -105072901 -9628691 -67835095 101956036 -5762043 -100635174 21404733 -54534790 70483577 88939589 -36964860 -67280327 -93682008 -89256570 -23098768 74863544 -8072810 -52615166 -2080858 10501254 23793801 -45064309 -37505344 -84741669 40268421 -1991861 76739106 9908013 -92120691 40141358 -99438546 -68896951 82414390 99793232 75466640 
104867867 98846068 -64418940 80424159 -6113908 71691111 61039976 89757379 -48848994 -99141850 22670282 54491604 -95801170 -5299087 18320802 40609888 87644352 -13862136 -45980202 -81095287 -46012388 -44693350 92297978 -41810803 62349246 -96004295 -19655462 -11506703 -71264013 5339910 64602661 -85781378 -58082348 -2856335 -94156821 -80045972 -98573273 -83474379 73004301 86696690 -49702549 75124179 -18567842 15170637 30196278 12305599 -91603980 -74788776 -5597333 13313849 -20524025 
-99847643 63909402 -89145737 -45122148 -42661183 -62159231 -101342082 74360483 -60975271 8834138 83320157 -43665751 54414531 -59424324 22096940 -29840794 15899959 41657928 7843784 74812863 -90014434 -93530252 -92000034 -51218981 -97759892 93671649 29888500 -2286456 33451359 50906722 102892336 83134691 102782342 66404560 -92962073 -80845199 -13213735 -46242573 41545949 -63415051 -57813411 56544385 -107305863 104404524 -68939834 55992013 -102082667 -63910676 65404358 -77382229 -97271889 
70721640 39880003 88684174 -4063606 -81609881 48109118 77813240 -82976909 38978040 -82509216 27859725 21088240 -6334957 -15855243 19206007 -90410859 -78447598 -87860039 -11433861 -99913888 35735920 -40476751 -28720 61964981 55677917 -49861018 83920421 -37100357 98875997 -283905 87627490 -19335581 -84925232 49447334 32549055 91181621 330576 -78554804 -20077190 -93104650 -60969119 -37842669 -631779 -51514504 -84510223 -15491619 -98571184 35005629 105254416 64741545 61096658 
16252070 28957120 32933557 77467811 39612678 54459764 -61853209 -102614523 -5411973 97057768 -16325823 5858729 48553282 -13926233 -72045012 -78421401 100056300 15812153 -29487031 32960614 67103028 -11737682 -23494280 20394090 44996098 -60774187 -89782983 71518569 89762767 69002690 50963974 -11449870 45751178 64086727 -34921656 80386839 -11050333 43551780 38129801 101701566 -61265038 -31967238 40111735 -28175627 81209861 -22977884 83437524 66771587 -94698485 93825726 42421049 
83622261 42696282 2502496 -1287451 -89392316 93052285 -106735359 -9908363 -103110457 -72908067 -22842885 44586970 -23017050 52690848 25404534 -29786592 37482905 -31139910 -51106494 -79826314 53772944 -12313215 89837140 53629516 -89094332 86895025 69829090 17006760 67942790 91678412 98100820 70728368 -22101325 3631765 63295831 -7660460 -14464377 32466821 -74472277 -36291062 85369992 -63822127 -33979215 -85014341 -51074526 67352609 -103656951 -45870623 44239250 -27439632 -20787507 
-100303218 -20679579 -66579346 -42518426 75344703 75503858 -63965574 51520601 -24712036 77161727 -37840316 87789487 49295145 -90336085 804462 -66223768 48176383 -14957905 61567510 -68715212 -65211556 10770549 -12848028 -47406600 40888047 -65551301 93157744 -90329254 -34554963 -103490062 -91729051 -20442640 45552964 58167312 86986606 60148462 74277975 45777354 98417756 -46036563 -55986068 35249829 -57163761 94591230 -89259939 8282384 14699890 40033817 -50816181 19764388 96826361 
-77984419 -12021905 -102812995 -13512466 -24120763 13456901 55161477 32098947 94660763 38108997 -8676079 -72491078 -27677115 -84974249 -42713993 -6481654 29899197 -61058493 -66136086 102839331 106365425 38675969 90413274 -98064260 -29575164 -70334302 47851974 -79227137 65966776 -48335706 -31915428 -16194418 4376120 -84133050 -40374564 -77603226 61725101 46354372 -41778146 23394346 -23452466 45077439 67108555 -67086878 -83272091 -78377344 -54275803 -47489725 40591419 -24230568 -42509873 
-33423145 -97329982 -89330698 -5858148 -56580229 -97140063 -22670707 84757196 53711801 -54368435 32603600 96494653 69823753 -30252003 99006076 -53598007 -25569474 50144383 -87145506 -30522305 53685292 -312084 56036208 -71426571 -49347321 -91335459 -9680387 -18929299 38389674 -24364342 -5997216 -52587296 16707538 -105424598 -53908064 14976092 -883500 -89392604 57208153 30818963 -75348538 -104370379 -99234693 -21950112 -21013893 -72707579 16741481 -70123069 38679506 35298887 -11160611 
2688653 69611946 -76965042 86467408 84591594 62881669 -14298330 60931887 84539287 -17677241 -20789039 17316957 100413823 49127315 73567228 -67187316 47302314 19007280 -69184660 48709097 -87390965 59912724 38026034 -1333612 -2665705 -87710351 91283045 -34221335 69522413 -64991872 40924874 -28801661 -101883574 -65268421 11521607 -79818829 45009405 54187453 47953133 -99821473 87868305 77196213 -12128904 -87143285 -65981723 -39175316 86689839 -52376995 29291915 85505250 -44163148 
-22956051 -35243490 26323401 88912392 47863571 37209777 -31433568 72088173 -19857882 81796303 98850251 19315679 83095337 -52390423 92266618 22153232 8119087 -76830712 13337018 37841809 -50582074 62612630 -6258853 14505534 -10335939 52951075 -23171033 101118628 53075455 -77361517 107318461 65895559 40148099 42030302 79669089 -85162815 41116778 43271006 -15584865 -4951609 50407833 -25189365 -36725268 87798812 -104955642 -103462982 -58675340 -106949293 -50486787 -12874442 -60324487 
-88706069 58184819 2974822 -74429683 27454503 94229013 -59367532 -39429919 81291352 -41332724 77641094 65289084 13330719 -20822480 -35655836 29056188 101079394 20333945 -31043931 72363489 -28020177 16363461 -69502189 -28232086 41789591 -24137586 -82099166 -36466595 7220234 19389010 94844414 -43768387 -9912917 -24397023 2874199 15801658 -93964 15467145 -68836146 39334935 -107011518 -89752582 98837715 86723088 -59175755 -88449309 -93958570 91744980 -79727096 16204398 54899317 
56017745 -43007483 -63239810 -14615289 -12151607 7013670 103742188 -42599299 -11672600 -87889621 -63100627 39923934 -94525599 63887283 -54344201 -16827616 28541420 19862961 106029553 103309481 -73422301 -68868164 -10585098 -11053881 4306986 -17887788 -75870476 84251285 -32327904 -44154312 -67528232 -32934789 47057209 -64996277 -66599847 -4157958 -23204421 55716777 96687653 -41979663 -6612429 35314425 40398082 -103373118 77529887 54495658 -103774910 -80698913 -47819763 96039067 62661785 
79848249 28991800 7220552 -23390306 -83726751 -12582413 58511533 76020819 -11404702 37747518 4292883 75153089 57504737 -86816973 85179537 -10953667 -16717154 16591477 -339781 -68543518 -84256954 30143849 -54044634 72934217 60215258 94678059 -40972062 -66916791 43219694 19915888 -59133392 36706095 -99701982 69656738 -9649828 -46729423 68134012 13385215 93063939 -43884311 -57160440 -59354642 -42058149 57039658 -66870512 70406132 44614472 -38808853 44106081 -84168428 -104627747 
52740851 60316419 24032191 -48052640 27510673 26868901 -95332457 58050969 -88293054 52054434 -106005210 -3493998 -96903010 31834448 26503818 -99111427 13853804 76436569 -3838704 18225463 58770337 76701140 -7360906 -88207414 -71850163 -30049736 17118514 50987909 -83419678 -102010915 -14886854 -65304669 -37452367 103616354 3634397 10125120 101978192 -49800390 -87767970 -79797330 35729570 -89260626 -104299134 -52222917 -66787695 41650769 -66226424 51832603 86506596 82905980 -56583257 
-94060557 -102260564 -39653722 66372123 52507597 65654761 -4762389 80755079 87407613 -92396685 77564009 21697285 16080910 21129033 64397670 44974329 8296797 -36778617 72044917 46695016 -964361 22222892 -32061961 -67008805 1429136 30615430 -13078764 49874881 -5088601 -51196797 88831447 -42209411 95107774 -51412632 60925150 -22690620 -32463377 -33859128 7929307 -91030430 -29460088 -37333386 -21944405 -29283640 766519 52710070 46509529 37339073 -6162734 -92347715 -75713142 
-10311032 -8249195 94700114 -33370673 -66129106 -64654387 -81128649 41062446 -60505123 -99268165 -68928001 -30949616 74029270 36541347 -13782936 23874149 36363921 -105006160 -70595881 66180024 -86565682 -76274933 58891797 8373473 -21746217 34260864 26131691 -104441373 -103277281 -25970437 86897182 102430141 -75162314 -61751687 33588296 24050263 67781166 -9555297 -77817343 85070597 23611650 50622937 59199099 40921235 -26554613 72156254 -6458146 50919156 11757538 -58232526 40362920 
45449595 37951510 -33239295 101572985 -17470655 102235538 83345370 51394360 -70297750 93781605 32889942 -37965291 -74619652 -9537358 -43214847 -98328237 101573487 28119657 57728495 23021618 18392379 -27890877 -37784961 87195350 105934334 26862126 75519708 28081507 57579351 1422720 -101594140 106179748 49641719 -19543335 -89143576 -94611027 -18433650 -16769319 97522210 -2004898 26794173 -1190564 38964619 40782458 103440832 57757630 48468908 2709301 -18492340 18030553 -34158590 
7387672 57008425 -7948624 -55508458 -22321009 -13530029 65402043 -74735863 71502929 -6919934 24706738 50547728 56865397 69020677 2439457 14895544 -41857013 96316853 -5210028 43918860 -24990881 -45068517 105582430 43701203 41422301 65450009 -14384697 -67370763 62261025 45401822 -85952538 106192172 -60837188 -6494766 -30672801 98801952 -43951337 -100180765 47298021 -34119714 42556360 -1077047 64782159 -12419511 -2588474 93294228 -80361869 -84318968 -44882670 -89345141 17851296 
-86252999 46363653 27586769 -70106051 -16203031 -103693436 -28104739 54647224 -29790095 26784164 -105454608 -9415804 -98890343 -51018960 34874894 100659874 -89850051 38503887 -60914079 -95620433 -101156888 -28407168 -23103537 24561328 -97095131 28048638 86783807 77924646 -75428656 -90453029 49350227 -14577978 -70302933 94308189 47495845 -67847236 -81684723 -90715935 -78334482 -54861188 -99527478 -18312924 -28501903 -56344718 -16797282 -19258106 20250888 -43128853 88647784 -73704337 67049591 
-61172331 106968131 58977770 96538243 40119910 103322850 95612511 -76128867 15992233 8389276 6573400 -103779166 -19437363 -20524770 72650852 -79408392 62752625 68960543 105289755 21940260 -22840935 -57968369 107261358 -86544035 -34035475 -49459574 45220627 27508936 -22138851 -42457639 -9761052 38028705 -61641200 63694544 -71887336 -58739074 -13549549 8332352 83417537 -49524896 -9451149 -101738043 -50534156 -85575549 25099477 -70583836 -56787905 50185516 -56309566 62411719 103455720 
-73289802 -71843586 84368299 -92679306 90299653 27142077 98401114 -15786351 -31812852 96606828 -74343277 -77587671 23832231 -11265446 91679839 -55465767 -31034971 83509267 -44616290 -28266319 52495386 40717138 20378881 103233980 97182471 95224098 -94228408 77189403 -88289946 4078914 47773762 2601820 57174802 11658256 -94252749 -3336034 -74765711 78835614 -44679008 -82821624 71609747 -88708067 -39012231 -48012289 13720405 -46353359 101590219 -98805130 43145372 -8406927 14682564 
-72697274 -83714729 102830643 13492558 -68851295 32206691 -27574550 33987142 -29219658 -61559459 -58985333 49207573 98615252 -58819088 -93320229 -65757785 10567894 -82391817 41584280 13501139 99437212 46992683 -96467120 63413381 78599322 97816075 -100416982 81882102 66281198 8527179 -38281963 -73346426 100317524 97871889 98444404 42842218 -19803353 27524842 -15643027 101750483 25127020 91850574 41871751 106587004 -57432863 10506176 12160490 -104558698 -97989701 -80127896 -41973286 
-50399216 66156573 29609892 -68347861 55973044 74188328 -37744566 -61478089 3894180 28620546 -13800546 -32796201 -91367611 -49378996 80506328 -59654567 32600402 -60042832 -61516432 12551315 -76643085 6122875 -42119806 -54397031 -85870146 -70982952 104349760 -99088966 52540442 -105362674 102047300 28755536 -40416435 -67004070 87304993 -96150899 49577877 -14444113 -46694627 -48299193 21680760 5315799 65977549 -83963144 -85760997 -80302101 -88644895 -57463391 44491508 -79205972 86337686 
65663001 -86336038 -23294182 1505035 -39053875 19289743 -4399521 -72272574 -41028434 -30828643 -89705133 -93376832 28189728 -55993549 -34961982 -100461253 59649747 -102134052 17743321 -21861624 31174865 93333227 91014045 87801197 56277479 39170304 -58491372 80217639 -31602226 70693248 25495978 84121940 37155083 -74924098 -103834077 -75031935 61642611 79414456 -48697514 48623299 96993360 99735199 92123752 -58491509 87367832 47454441 -28180123 31341964 15744535 51217063 -63634172 
-56404041 -79764208 43921727 97796126 -13296693 -81924314 15910849 66248819 79088232 38841211 -18879686 39834233 79222963 19278420 56813853 -70656639 13625657 31222212 -58747810 71509518 -7972765 -41733648 -85658837 -33766231 5196516 29211908 54335193 22783098 103519913 -50495578 -4353334 -11055946 52299989 39533552 34230914 83936187 107067253 47196796 14993347 -42540350 -75861973 72380518 -32315482 -79121168 -53496135 -31023136 22392643 53744805 -9541712 50941729 104348643 
92975776 43454626 -6980122 -99577507 -70300647 82211937 33903136 102141989 50164977 -19064227 -59892610 64237930 -6389601 -4566496 30588881 -78027930 63033443 -18931600 -31579805 -40765502 -72668229 -58102394 53186988 -20935612 66709668 -83764042 -41079806 -96388218 -76133661 39565345 -62461914 9806200 -32275600 -70399210 -50665426 -47394878 54354182 103354293 -61669775 19660076 13399226 75934042 -16445185 40474005 88240016 31020552 -12789372 20700139 -33198185 -47071853 79369916 
-10938669 72397921 4693202 62075828 54519026 -44338125 -57781139 -59226558 -60471915 26555 52297672 11575705 50567829 71562113 -58017635 -87620700 19908087 -97912869 72777485 -94218846 55705315 43464286 -47233909 52133572 73810177 14136551 68073687 -74040188 -85427114 87076438 25124999 -65669203 -52285058 -96204490 -12700408 -25577797 94734249 104804495 -93014663 -47901049 74568049 -17796700 79434132 -24734686 -1391492 -99968361 -24273995 92636245 -102530727 -88234356 -46334693 
-69483511 -11378968 51872766 -103181740 85012978 -95190396 -7280735 -19195701 77275320 26574655 47513079 82171740 -29243268 -52631486 90757890 -72534729 -70682674 54148766 -94531815 28139836 76656576 -70141650 68711732 -1326899 -84237678 11612345 8338338 69460995 18915892 -27971092 79580922 44343607 52822105 85914826 -32888953 101145490 -100985729 -18497899 -89785236 -102847818 74914696 -16522837 -82694310 86101537 -69827567 99021831 -30899259 -2730150 -63359208 93628457 -74522218 
-96351506 33518575 55326719 34873104 -6031079 -55140747 -16507713 63833015 -100712252 69528595 34088059 -55339570 -99075305 11097411 69798274 104151674 -63032160 -95476846 73393482 100617347 73983041 72249511 74706910 -8720 67302743 -32043441 73066049 -23297915 44745656 65742414 12499636 101434627 70059199 -69766904 -35379132 -54803622 -46518800 -77260760 621532 -9219335 78942950 85930503 24695054 11891257 105994203 -56763902 22615392 4691003 -12461398 -75990546 -20780500 
-79163154 -75554079 91641466 -59201001 -78847126 -46877484 32297714 -6114752 32150866 95120737 -81133382 -95472471 5977567 80814831 -21350152 -53163546 96242274 -79242938 10966067 -7928025 -63538770 105067515 9566761 83331914 -36987483 -17882924 80186530 77440398 74351039 -49966372 54137363 -79427562 48134250 82742020 -90607280 43106245 22302807 -42102321 29391130 -67784941 63655042 -26876149 75267197 -84943994 -69886532 84007195 -20163102 -49680541 -8104922 -76296456 -30736011 
1893189 98675972 8427551 10549310 -98132287 46869708 29763519 26759050 59624019 -71756546 -23255410 58453156 72401441 -46581169 105943018 -53534462 37941790 -78392502 25332416 79182315 16920892 89461988 49282924 -10017061 71149469 -79887577 103925410 -57468640 -46043853 -34103005 -103969217 70958411 4126019 -66555474 -95913493 10573147 42643016 -86775815 -57876076 -97406907 76817583 -56628383 65382525 -53469972 82582321 4139056 -66828759 -30260006 -11394531 -26279225 -10794700 
99044573 -52577510 7737593 -23294680 6268850 76994802 -89944559 -28524248 34404133 -47359238 2951524 -57079602 -72999983 89226503 -51251178 -80035771 -29687216 76231824 -58181807 85729125 -46552756 -80699664 18104417 -11402210 10764986 -31667090 -6987717 -14206234 15507282 50379421 -9799368 73244523 11131181 103078013 -8356901 97928694 -52673003 -59203992 98059040 87522039 66348129 -22407354 -81321678 20018352 56451689 57876554 -92511119 5405404 -74356098 43226162 -60454684 
-97653113 84930102 36678130 55116562 46591723 -97505257 -15190094 23775523 74035997 86733102 -5355274 1869675 -16735106 -49934777 41625928 35078528 -20403570 -31651681 -49610467 6719288 59612291 -91732613 -13193742 -47640379 46779807 8596027 13793997 23975360 -11334764 52480775 90806704 -61504347 4115880 -100129635 16600697 -614633 11945246 -8359093 99312742 -92149588 64030911 -18732946 -26776005 59324816 69787120 90433611 -69141389 54077318 -41685885 -24894576 71866801 
-46185068 97721749 -92757243 81957481 83190852 -104594135 -43180708 -74712438 -89858331 -106020587 -82889690 1806242 -40267512 6963542 -86733083 -37702885 -26935537 -6080312 97209681 -33315675 -3929880 -76923185 -68752756 59958430 32403266 26859905 -48689704 -68943121 -42672314 -1569471 -7292416 -107310565 47594796 -74802265 28621435 60660400 -72245782 76276255 14757937 -101681940 -45565332 83886620 22130336 50392621 18154017 51497274 -82249751 106103472 -41404626 -31638752 107354254 
-22432053 -28001501 88220192 -9229384 -69677810 92178980 -37967261 2854014 52868482 -20650667 4881759 105852376 90603588 76584241 -100488802 101570476 -33862453 51618122 -59106210 -47309662 -59850764 -74683031 -47652969 97262304 -82668121 71803821 -102798707 -15568405 52445608 24050545 -93302507 77371561 -34056626 -25100351 -75143503 -82635178 -88905359 -69947501 102356843 -95661435 38482197 87411876 104762370 105056946 51981465 105781596 -84522806 49941311 -18318850 -81545459 9317500 
-57362404 -63297418 -14958619 78402064 72346863 104669456 -23864063 -20171882 32673084 -84019933 11204434 14797874 23149526 66831376 50230441 -106883190 47561669 -68810170 -72226690 97330929 17384587 10815561 26092262 -97810515 87270934 82201519 -32560050 97670072 -70108650 -79439265 -64104859 -79035329 -14372902 67062646 47393968 50000088 -90726527 -59502613 73558931 -51809607 107370758 80212487 -86263991 -71200244 -3199966 66197054 16307727 -77684215 26596901 -39442061 -26212128 
94447838 72946414 56317550 21447714 53796468 62038120 -67109884 63821944 -38855073 37195139 -10318038 75091017 77128185 86253918 49749483 26372590 66910570 75331758 -52859297 -292505 -94171085 10373244 -47209804 71132598 87721773 77110130 60558856 -56488604 12606037 -76406700 76221125 -44150224 -24170858 -95695993 -54054951 -54685455 54358998 -74102324 96175257 16441195 -23165890 22948 -97163244 43713054 -57228594 -26536845 -51431184 105408892 -53016485 57741274 -34327468 
11792608 -59888360 -49766907 20041759 63321845 -71278289 58667065 96917795 -97141744 -97068974 85465804 -75452554 91102789 11149460 107119615 -94699985 -45358066 -95859673 21332403 89726192 43655070 101454634 87528298 -47425351 74126599 -68230482 -94723301 66884294 44617648 75814973 67507703 -30771763 -70033315 -73733259 -3667803 -95105963 -34561338 89669710 79764960 6431885 48698192 65266060 -50184211 -33789975 -97865303 104491297 -4966764 15336035 -76940582 27534079 -35094001 
-7341244 106253910 60323629 -94468418 68459434 -8278359 36458964 -24968861 48425346 94565819 -91586608 -96520587 37290439 -82197351 78124955 107145152 -2144635 48723274 55294010 87659818 -69907717 9476747 -74008770 32360633 88870006 -17570165 107233079 17053381 -74535 76088219 90048615 1959652 -49150450 26162347 98724511 -6112329 -35662199 36889937 101050404 68925692 -16973204 -82266013 83271170 -19545074 -15009339 -80001910 -103488777 -41463167 -87702245 -590957 -105748577 
76676717 29942940 -98593509 104699413 -81946985 71063354 -106158830 91065013 2533545 2570269 -63995572 5462801 10844925 5616735 -90940950 -10919506 -90579220 -8789284 -27488679 -34889322 -2917295 38099328 73157099 9393679 70234946 -32210729 55060865 -1582810 87742320 106663656 67599103 60781488 101148008 45999841 -102502370 -34609986 -16576558 71285487 89470320 25336422 54490894 48990581 79173387 65172668 55513555 -16574307 70936976 -11147897 -92164517 -55056292 75994151 
79495113 97429595 86357584 46759946 91024119 105388619 103921088 -75972205 -10443925 95778546 -56681717 -77862400 63589302 -77724436 19852266 -84507253 21947429 49754316 81460292 -99113317 -22375180 -57710208 -3890784 100768571 65363300 -19679182 64514351 -8987408 -7158638 70068968 -44966973 -57822221 1520301 12713436 -26560451 -79803286 -43323873 -49135462 56363699 95052029 -26261692 29780654 61654484 90930362 75500107 53937299 -89923985 24208751 -104631980 18448280 -14713227 
-43769359 46543275 -24006843 45863525 -56126298 -28356640 -78453784 -64663427 88836690 -91562744 76692895 -53992907 11266685 85354806 53155737 55505469 46729886 29845440 17794787 -89675434 -5964620 75947942 -67937413 -7300563 -19597729 -55737751 38957171 -50985725 -28416166 -5399112 46401180 -37194925 48046519 -92218274 44335289 -55564568 -59439370 -34219259 95804857 -43587688 -4981017 100046801 53650537 -17464067 -101424777 34565756 -99074188 57469037 -49635775 -91846954 -75214209 
57203099 -38318934 74197677 28825184 -105357106 -82034709 107008281 26617867 53840689 -28176980 73711396 -74442660 13745081 -107337133 62508877 -81209953 47337022 97232933 -69214672 -25163868 21349768 -54530586 -53834650 -7337955 63632678 2615293 75119421 57984487 -42723179 106517508 90414744 -67112632 62142803 29245934 45009208 47079466 52684564 41503077 -7184956 70256062 40796869 -56331296 -61586409 24626861 -99506428 48854985 71448848 20828592 -56561264 -38239397 -67499003 
85752212 20830631 96828809 13358325 55991844 -51128977 -51446242 -87721098 -4166783 -2262211 -12326790 30227358 -32525764 46287514 4160581 -100193835 96491116 -22148613 -46879081 25600334 -19919178 102320599 82667547 46830224 -96974059 40245910 43265665 91129324 11311568 -90953107 19702558 43931870 68636360 34362134 -66979461 -39575137 69563388 26957303 39237702 -85637863 72739828 -80028004 84319484 59451486 -75573994 -55726889 -32655620 -47257989 21977904 -2134870 -90840074 
-24998349 32946671 -101857118 40469285 14220941 -11333220 27247344 31931905 -38277191 -90477266 50713732 17585250 -49110466 11584413 76635183 15294714 54016055 -95392207 -76996686 72243360 1045073 -33825106 30373491 -52257523 -10249578 40651993 64407651 -46781154 -77800098 28922805 96284940 53406548 50111225 63693250 100154468 65307759 -107152267 62957766 62530419 44590379 57894698 -90037134 -65302817 29615905 -14242205 25856456 -18235250 -6805728 4940933 -96103686 41359089 
93961619 64135233 -87291258 -2862549 -85294065 75172894 32017130 4458456 -106456822 40943580 -40252471 34291545 48510444 -75795511 57860704 85852632 91954930 -13780298 -34600782 -60332396 20350796 20687937 -30754721 19043286 -17222108 -12653926 -57379290 -32358980 -84489895 -95627005 106227830 -54871178 -54647496 64413057 7615942 96801478 82998232 -75190233 77842993 38284833 69193354 95973972 55263277 -30980709 22517713 -88291927 80990951 -97939876 70694080 -44434287 30596222 
107010242 -90166739 3030473 -82134085 60953109 -55161560 -11069117 10187235 -19855109 -46337717 33073838 52583804 -51420231 -18312723 -47232139 -55768719 -82884682 -101588561 -8000930 103408088 -36172340 61184647 27723420 -67922030 92728158 60346071 77716282 -98760691 73276964 -92996455 -87109059 -81902623 -56692871 42549951 82597824 11219026 7915252 31665650 4942297 44741804 -88115799 -79404563 49875787 97899287 -58965277 40860243 106609471 49783315 -103508707 51469840 -95430943 
14444833 80355848 21212504 -83013033 5573982 -17738664 76793367 -106841347 -21402145 71415287 -76389160 -15848695 -76916802 -98307510 -107119578 85507323 -82873231 -60125724 -107108256 -89250418 -51590186 85060200 -75210688 -48286465 28755848 93766457 -92752688 59577157 57481831 18169135 101819874 2403577 -101188677 37651756 -64084483 -71370293 54502696 5686349 58967801 -102307656 -74418604 58978604 43553348 86641477 74476880 -50501558 -27008356 -3908017 -14332526 -22883065 21153019 
-76004671 48799224 -103231462 -61326982 -4431229 106799905 45155139 -61646166 83047288 9645982 86983716 -7906476 -52985347 -32494516 -51639314 8491084 -707810 8405855 -78722295 30560240 34001309 52378517 -89782494 15948592 64935457 104389571 -1530535 71089637 51324913 -41918208 -94662047 101374038 -65689892 59779165 13429019 -107342126 14750015 -49955424 40516648 -99881915 -33687755 105005962 100589781 84035903 -87147483 48410858 78062099 -75825038 6846234 93822419 83456441 
-17465562 76664816 -101230979 -19038861 14739563 46907335 92256982 -1210287 -54513931 26726340 -78532584 -74444677 -47832323 -49278743 58352673 61182811 -79862394 70281090 89572544 14606580 -14056049 -49386942 -26045705 80013950 -17743502 -82594084 51071081 -33000006 84471603 66962290 103881621 27870662 36315941 -72182021 3848042 12437863 62838261 -80974205 14652928 -41329487 -21082360 98004020 23118684 59651661 38569294 -11740089 98225315 -62228381 3816917 17948811 99206187 
-75961672 46319326 3784712 85972425 86064667 16793301 -86327706 -21036960 -13483465 -74559566 -45848261 -56705328 -45436325 80768543 17331240 36888064 -44872360 -4953994 67051629 71237092 88726419 96668139 -71183512 -77795886 -101171425 83225263 55710589 37329746 -105701567 44035882 -8763101 -99386268 -22849268 -37421805 -6720892 -98707998 86140497 -34001019 -59720473 -21186918 -76791853 67248476 6601337 3377655 -82575886 6233501 64051334 87428969 100036057 -72466447 22898874 
-6172842 -61594036 -94157257 22857396 34988571 102227865 -54130711 -10464704 -77757849 -53019709 -70977872 2856052 38128545 -3753967 -45441758 -26459103 25013975 61321101 -20357503 76869326 -64475090 95519832 -105227039 21206017 -106491412 -47706239 -102572338 -104199337 -8247770 -78169432 -43512229 -99963127 57521901 -59072687 -44468150 -106563969 -104531240 -91283698 -85852384 37371621 -55258213 -63088986 31404197 -37267065 9388463 37469454 94962887 37635270 92062150 -81434751 88964249 
22816090 -28919140 -30010645 -63181749 -95295507 -5618788 -80504406 107004571 39942676 -28865802 98651564 88067343 -74069501 101281159 -59186377 85143119 -36174122 -85955311 -20350058 -30637716 -39940096 77143379 33192180 27364172 106189164 42724552 7609440 -31473188 -41374246 19023655 91271568 7221300 18045124 -87842680 18868342 -40557151 44324040 98381031 6273586 -83170308 43921296 -81708813 88875826 -65294670 76268179 -99619194 -25262276 94866211 73650421 56345010 56639012 
-32013298 86587265 32670408 -33726907 -20466189 -77805697 64861703 -99793063 -60571587 -73450858 -88079599 64666620 32866690 -32942084 -62881244 -36257017 54888423 -40405240 -22444791 -13142704 -35422775 -45405677 36489528 89403459 20113034 25533228 65185441 -33036980 -12000153 6492197 -90360186 -105251730 44805976 58208097 -47363365 23548463 33082236 -90623158 -30383788 83515447 -76269019 15395926 20639348 -40517441 68479367 -5447210 98765210 22315464 -4211338 -97155676 41307066 
24079578 -39884600 -72137184 92234707 -93480006 -15863298 70374618 -71312772 59297689 88007761 -71700080 -44073024 84725620 -100625839 -60268489 8755798 97275496 77412587 1098825 24665684 -81280607 -43269099 -87568624 72240912 102873270 5376208 -48355582 -14944858 43997707 52837685 55819500 -53876422 -24761337 -10922928 -78718990 -47681616 14911520 64922424 -92672800 -56174275 -61946873 -104451924 97123672 -1922715 -62495126 -33098404 -88438423 83462888 12973928 -24119802 -90880516 
-94617753 78345164 5683165 19862418 106985969 -3858944 -104552526 -35806947 -55771012 -32704140 5702086 -25517070 91887036 -56550019 97114834 42376436 26835422 22709221 31999992 -94579584 -90146181 -1002741 -25241889 -87359590 57972486 14636746 -15002686 17479470 83356901 -35431082 -82887408 -32479913 105526707 -59009905 -29696215 64286529 39701353 57507097 75933056 -2346124 -70185205 -20200987 -80792547 -102668302 25305146 -13941376 -86294925 -14273893 88504387 -29868618 53069654 
-6278170 2684791 4934898 51569810 105742349 10686350 -72140512 -8709487 2539200 -1317902 9575352 86098135 -51110746 -61513946 -106944286 -84352464 -67845362 80744721 -17226311 -13903830 20169373 64091219 -12779842 105534787 3008733 42825152 -28324420 -54809188 92283379 -11094745 -63789120 -21747431 -76069095 -79717838 -26061261 10072224 18020609 -11173928 -96316456 37536367 21617955 85932821 34213779 -63243701 28870023 -42800223 -30231602 -33612762 -53055726 103868896 1908191 
-62472012 -90163644 -95703141 -60540420 -45432173 -99758207 -21592612 -76309650 -30105587 -104669810 14329323 -85086128 16450171 -48532102 79998986 -1787685 -10491112 91657511 54697706 -21350692 101899599 62217157 -2270602 73474770 43427286 -101020657 -4647366 78221478 31856846 -73230642 -93803076 28051656 -62935378 68666472 -44035522 5485242 -77525553 -29852399 -96659266 -31641163 46301696 -94284501 -38094114 34881429 29168628 -59447457 49951006 74443786 -27492231 -7381524 -56348970 
47313760 -46473825 -106913830 51062610 13095492 13098082 64895285 74905211 -3023985 -47688192 85614617 106899206 69987458 -11223271 -70420515 -73953315 -101122870 31884280 -958343 84489548 -106559431 -57755663 -93650378 89565855 -86978805 77594995 -2197771 20832254 -100519242 -93933367 31838309 -36565774 7781643 -63227160 81646628 -47100114 38977751 -26804527 89364827 -10584148 99168570 2951142 91077964 -23578333 -53226866 86282635 49157156 63268920 35905399 -39486879 -7547201 
-3695040 -81076191 -21138873 73472914 -56073138 69674122 26858618 65074219 45260948 -79128390 13067630 59429241 64596206 44919313 53717132 -69132713 -82930014 56906414 -94825338 -52493802 -25243874 39440640 -36728614 95007192 48473888 -39528512 -104742357 44923480 79493758 86736399 80185310 37472240 74374993 102797266 8048640 91257501 -94462100 69998578 -104021600 -39447521 -50966871 -42995991 -98108870 40878866 51469420 -39398879 87313816 90972420 63897510 87004113 91368883 
-73449591 -44003271 41394365 57434575 -14810764 -54222142 -82901250 -12652637 -20989435 -68874395 -15413753 73067909 40379950 13731947 58151435 -18066955 -44388862 -102778316 -82539215 -22031344 -92360007 25031309 87653143 44929548 72469305 104009487 65873618 98352315 3827913 86303221 -58295406 51202717 -74661537 -63813724 -91317082 -98676595 -39585960 28839421 89243371 63906031 -23673208 62510659 72251772 59970269 -68772838 93497368 -15681452 -98676681 -95037412 84230492 28306664 
24634160 -84910977 -19656184 69685229 24892556 2616320 80963045 -94211092 -101156652 -94385548 -90367178 -64679705 -41586736 -13110819 -95859919 -28796456 103224070 -37577235 -85876070 3071117 44666401 -74069031 -104956969 58865099 -30351800 77094663 -31332370 29232554 -60462813 -89260083 34945659 47343822 -79741870 43344545 36957460 -42660307 -84510944 86526033 97708517 10059703 -57695455 66882657 -66556793 -56015358 -10354658 33804308 -67458987 -37644038 -3880821 20589095 43384216 
-99045478 18021759 -97688728 17925162 75943400 -90561237 18884326 -90142527 107217287 -85702880 77291204 85127546 59168816 22732113 8657577 98838383 6135956 -64695274 87563802 -43026397 77042571 -27572975 106138231 301497 13518905 48108332 40464890 -40894111 -1723000 -95755444 -85129851 62825166 -70837204 -1387459 47091830 17067437 -86181823 -30483009 -48627765 103783598 62463845 90965034 73777264 -5235796 -48060537 39817241 77664126 44842414 105788615 -8649233 -8904453 
30547911 -2783272 -70862336 21057944 -22836193 -79845355 99954247 -13073911 104264334 22555690 -62356826 48968944 78740287 -23730033 -69850143 -595701 70777820 -33268679 101590610 82034936 -68323150 -105267459 84120058 -31411553 8726445 18151079 29084152 48613366 -73893489 61910037 -75893368 29371120 -68329791 -46666285 36505181 17885375 -93904161 22795961 99335316 -79089038 -41869643 11325298 59857961 47533828 54430313 69752764 -58865738 99772633 24951963 -32399926 -30429634 
50135994 -63127317 50944598 -68107840 -41529701 -90835121 -104959 -32242597 2389108 67309672 -57194445 33133855 -46517034 59669684 -13129533 49440547 82580846 83235437 92440483 -1241164 -93130242 11039382 75854335 76338376 -67505927 99833780 -35654049 78534313 -21897764 -35434295 80523174 47644032 7312501 19289354 -22942603 -107267929 -104860387 -89699753 -63525086 -62503878 -90409545 84035740 81769122 11447421 -94670412 -81886967 -85371841 7933284 67272676 32318149 104672252 
747179 -106166974 86959104 47627018 -98749956 97828374 -39030759 -53905239 20811320 -16492597 75208449 83109629 -38622754 -11285484 -59673889 -26085296 62378740 -32086107 58406215 67244542 106491991 30271074 -24824821 -99698317 -57977580 -36000150 88189943 -104812399 -2623462 -61529498 53858917 70915774 -27801041 103991226 -31543495 -81628395 33653258 105522276 -23367728 -42024508 -42899957 -98573824 52389 75093757 -57889012 34980945 -63667667 -55616862 2704950 78409793 53474510 
29994188 -103713545 92613947 -59182561 67829983 -35806457 -20920383 -14030973 -69439180 100708151 -98453038 -68669683 -104531926 41178212 -29921582 -99974445 89763138 60559738 -15231780 42369588 -25090487 61238328 -49695127 51761916 9519305 56323108 -62373468 73961800 -75696618 -81348976 660319 22903764 -93816828 -95551598 28987063 -84582495 39756053 53465034 -45469035 -63986550 99301292 90482053 -13615051 19242248 -94338248 2647968 -25296056 -99200712 -99006129 -90109402 51847308 
-56897021 -20301183 -1796134 -81214694 100103140 25310904 17030347 71616484 47208747 -10603499 -80936579 -3620315 -45546611 74597551 -65443459 -106815181 -56442292 -20652468 92899234 -56329247 20608602 96180287 74949835 16460547 -90602489 -11477859 -3892834 26695886 -19536838 -7337680 50428712 -84121501 -63683890 55049133 -96292886 23204157 80910854 -51696247 71640344 81327820 21228876 64461800 -65413342 15461845 -53870245 14365641 103333871 -74644018 -26803986 26832727 31204485 
81409662 -95839019 27755202 28476980 -19228803 71961802 89468234 72878918 39838169 32572221 66966632 66239794 27974035 -78020722 7025434 -69113280 56087028 13496446 -33848988 50821580 47549044 -39265081 -98489789 -98041038 -56357423 -64890293 -34688140 84489495 106571626 -105151989 14540439 41142575 -43010065 65922174 41065897 12663550 32856471 -36511483 53097524 -88456419 -84468183 33214407 -93811312 -73930548 7502273 -36217168 83797984 13531480 -55634802 -73708381 21598594 
18677521 97333316 47808693 -83606489 -71816076 84733938 -29330287 100343282 31999899 70124925 44193332 89597592 -88862573 -4711983 53874697 -21008874 -34964384 95744438 2503994 -91269271 94511280 44123448 94190850 -15909574 -38154116 43792158 -92135851 4109462 -72892761 -71846967 23630738 3252028 65857831 62008812 -95472120 -61198470 39502567 45592130 -49659607 71766064 19367684 -46930321 -52990712 66515807 -62886041 -67359220 -566771 88722695 -97970632 -15226887 75168458 
57644708 50810755 51169786 -25513538 -25792088 -58206959 -34477606 27412971 45565641 86741767 -90884615 -27565023 105034514 100150077 -68609583 -47388703 25924203 -30770487 -93252487 44686952 -47898024 -81011438 21640618 -29349896 100055849 77109699 -67930267 14844104 -61505403 -37986792 84166373 -22620510 92542604 -99458973 84837663 72652070 -84618590 67631444 67229545 -1686868 -7191439 -72566077 -511671 -85140812 34640175 94425661 29210135 2962374 -70803328 -106116051 10200453 
-107007978 47224973 930266 86823922 -13786036 -96960933 49200351 -19058053 -25262912 8202672 3503884 51093261 27782230 -90638144 58261305 35432701 -40697875 28982004 99032639 95100290 -49081416 41460018 -33589775 84537063 23470671 77097316 10411417 25698831 14700111 -96078295 -63773699 -106547377 74209458 -106485163 -77130565 -21536638 102440411 7944100 -25771209 8544499 74005434 -105004125 2071697 38767238 45835269 8733203 79043627 56968713 36230999 -69003607 -88854339 
-7064997 -95551959 -2999952 3732452 36872640 -29176215 68462764 -48191268 -42631645 11754484 -94531926 48474335 24457400 72941709 -80614103 106136343 -68777042 -27633592 39938956 -26250894 -62929020 -64729679 33003972 12156130 50054151 29215881 -80657799 80402763 65444800 -42749064 33598559 -53127359 -50211843 54024165 84882389 -67360608 4838349 -45551040 -40681353 100550729 73501417 83016403 -73908806 75953234 -27949478 -65101040 49944132 -5833332 87293511 -20529520 -14820705 
82851579 -2628484 -31810767 -25567433 -32835904 24350329 23506823 33817208 100781321 56134538 42441952 64574961 45001454 90476240 9304089 -101078410 -62413078 24344420 -105514007 35131170 -102286260 -59723069 47442365 26039859 -76668065 -13445604 96904168 31063370 -35531135 92405975 -55473802 55420116 -30749945 -12361597 -10826023 -41326366 -25089128 -48439379 40178 -105615672 41335793 -36907634 -40703840 -43033338 -90956446 7017825 -52416953 -99047123 64963872 -94719668 -15899821 
53861019 48852471 74853701 -50751286 -13545174 -74399616 80661054 -94987560 -9367865 62887988 2174808 46993323 38760935 64321151 -795029 51802905 -98124352 -104665250 90510733 -10492819 29046894 106612593 -61953 38156469 20301567 89072332 -70757965 -27582296 -45965189 20240201 -93779254 105673352 88219232 44593088 -91842005 3230039 -77023141 -93037255 46876641 71046173 -94181406 -54059159 93438669 17577515 -54934989 69591608 -24991833 18028938 11919719 17513208 -2810868 
32747943 42793814 -73441314 45039232 8583975 -82811263 -36435602 62230120 60657166 -25259186 35895055 -55419366 -2980585 -32350912 79030406 64960264 -21227519 59014106 -12900558 17516606 41104177 -2865053 -62360341 103383859 78781752 75324902 44169330 -86624800 93986860 -29585216 26390334 -12727972 19440947 -24461204 82717687 65338653 -5184320 -86938768 -106707354 1569433 774337 -58651681 -91398157 -100658245 5894833 -11269135 11061162 79440766 -84194926 -27736315 66351417 
44386539 40230491 -32428168 -36704987 -69386057 -57117359 -47506115 27584434 -6364554 -26731404 79925920 -15321820 -73497155 -35734335 -18246935 -106596562 -68814975 -38581884 -12802424 97160208 37471077 29580242 -45041943 -61913022 -11935336 19391831 -21225249 -31728137 41212733 -96756030 43736508 -99506650 -9741243 -45946351 -58778937 -19808197 101278318 38652181 -51379268 56687135 105362899 -88775222 25580223 66066229 3671258 -3076474 68714525 54556865 106341579 -6088154 55492621 
70836087 106465059 -16481944 -61030202 -90315152 -51831795 -63816359 -106019504 41240102 15814137 -105909805 -14431636 -103677844 60589279 -25182109 56827018 33094308 96845738 35380835 -15921178 -32277893 -82549027 -99836316 -56596072 -69214420 -49253481 -85196063 -94178782 50959658 -35481589 -104135750 76565690 -83240726 -72891046 -28274622 -16876361 -88104622 56640679 -42725722 -59489696 81045010 41922590 10603710 92659769 106625837 -88800953 -17177948 888740 39450402 -12935754 -1534347 
-19957520 -52319466 -20527414 -34337110 -7751658 2345467 63266873 11196753 87110718 -28542316 68856328 -15423419 94803849 30533558 85712047 -33849487 -57295568 71028976 9509817 -51364926 -17989039 67873520 -40038110 64886075 -52916519 81951002 84566444 -98373122 71756790 86456363 76275708 61528831 -49181726 89751713 101399476 -41636571 -67414904 -15493355 27860652 -38748549 90125615 -62167523 -18498748 58380875 12747520 82959529 -46253859 47856118 -18810375 -6263696 -48983146 
49457601 17165674 -70303387 6709014 46206800 58668053 -65861446 -3018917 28685672 71621827 46980085 -17456707 81819147 57512669 -14641190 -41337614 -36433891 -100337916 16391223 79391352 33022825 -74232451 56783999 24985743 -44596805 -59246365 -29177063 65063863 -85879236 51460706 54837270 11558180 62588995 -28115882 -49336317 -63514482 -68116349 -73337467 -49020813 88367796 -92852502 66418950 -57523896 -92093173 -4765228 -3350875 81394932 19722198 -38309594 -42917284 9711555 
-80193821 -32664410 -58508075 -105547971 85363181 -85000363 101505076 79909813 26654702 -105227768 23355126 -76427084 -62422618 33718133 -31260589 20872426 29630291 31587213 45598125 -52474225 65550057 56773259 -39964496 32988312 22339350 61383215 -42419072 28758777 48949373 -55857088 -93116021 -69164225 102752953 21139148 92925077 52929167 12490886 63469390 106597954 -27589669 -37441308 99825046 -8391892 -95404971 42280196 33896488 11416519 9931114 24652350 -75094502 -70409413 
96148575 43478268 6328079 -71611070 2212779 -78024384 -43539097 22424385 -43596609 -76401569 -23427342 87033700 71254909 -86647628 83203079 -80947757 -44526882 -53473537 -74508218 41218573 36763160 -68682748 37751386 -80585772 104646859 -94831231 -107309793 -102549128 -19376872 91288831 36493496 -52719076 -20841738 40897584 -50335738 -55055359 -65663703 2593491 -88016731 4227322 64287963 76690258 -107238020 90642654 47894704 85394024 -5252860 -14058467 50537995 -100324791 100579657 
48934758 -72036909 -83250406 -96880044 -6502470 -3895436 59898062 -79884680 17906619 104073746 59190085 -100216194 37351565 96645733 22507260 -48302147 62968398 105938020 -54065781 87602251 55851684 -9208585 -15000893 66471753 89609924 41044392 -98418555 26289293 -67131499 2144116 100451116 40518048 -58457741 -98859266 99131438 20754012 -13764462 -81168894 -50256718 45416505 89410983 -76939240 -59196875 35538708 -72763667 -77123981 -22564027 16922461 -94100539 44489575 -21936518 
87855228 72706622 17919331 -24548589 63469889 -104483934 -52263380 88996049 -72551035 92190259 -91046235 -46448067 -30730817 14401647 -36264667 65110805 7653341 38079043 52540964 -54640033 -63448126 -68912948 34207734 -30949155 21113329 -19682884 -24348651 -6095334 68966435 25757179 -38509091 -85489244 30085183 33773823 51437985 84260430 95682302 -72195330 19280780 44520470 79777109 -63238838 96508407 26756440 64063683 73006396 -96207681 -105069501 52720934 -28379925 40182702 
-19686946 -843566 12431164 -93773355 62563219 -28399676 -37794157 -89630499 -103041009 -44318430 -84982028 82664889 82420364 15909073 104329289 96291359 -80917237 15716775 2324447 -93725928 -38779576 68392260 -12752561 -57905680 68435035 -73575715 15719358 -56284343 102862255 -20691921 -9151041 25932697 -74500835 -50896869 5217641 -91025310 -66081306 -76566814 18341433 -55067404 59382713 84106889 97897932 13076862 -39009200 56962757 86898955 -9324802 91785793 66464581 42821270 
-1068704 94614423 92399744 -19424599 -41758567 -37784871 -14863802 -95179612 -68441444 51594703 -104309423 48411657 -95789764 -32789133 -10898145 -30425574 -87149054 -45414914 74535286 -28359138 -44534404 272699 -7611046 42809175 85057562 -12244314 -98519967 42853353 -53858417 107295583 -85841336 -50591461 -19650518 67508150 -52267537 -16627829 -86571129 11068995 -70562857 19387043 905577 -83567119 -18895056 80335288 43491556 -34384351 106554246 -60493418 24726534 -23390547 44648963 
-50493159 1526882 15143742 -93765385 103741592 -59999999 68491086 24508639 -59605831 -11883124 57009756 -38883785 23752050 64707250 22164039 53088556 -21510321 43201869 14336749 99184123 -55755817 -25904692 -40348542 42833394 -94634632 61224929 80117841 56909490 22567057 -104963862 -51834877 -71062405 -56567173 18105201 74857428 -18882243 53595858 51901051 -36408633 78087793 76589778 -36407375 -54920893 -87732477 -19686548 -74924563 -2868758 97516444 -38919322 -11470028 63287916 
-74716576 -7757328 -106395210 -104809496 -95433146 94355785 8671822 -92635468 8595358 41492209 -82620679 -18676068 79498722 9514097 -37729766 31644704 -32581270 -102396236 -12049951 16035016 -1228257 -98576284 -104070685 -90002664 -56179550 87749079 -32858008 21854488 100973607 -90077723 72185356 100443405 106847762 76401645 16725566 70953158 -47228284 -36184936 60712587 -37174574 41573144 -94391802 -85240788 67388757 -73990215 61499932 57018353 -19613543 43443226 -91462231 92365214 
16206050 39714716 -70749785 -12012328 -79103122 -26853989 -32134980 -71168813 -97264642 85298443 -9799742 17136795 90342046 -97558863 -21535401 18959194 88813989 -61878853 52695284 17186921 53223360 -88181970 96096379 -103057906 -49090679 67469481 -24938042 69349744 -104255857 94028108 48023595 80051925 30976848 -60582353 -95999027 -23889783 43001998 9397049 -67948442 -87993670 88662890 82046427 -106217694 -12015101 -52745244 -90596836 -26119494 101239940 -107122329 84122632 -12717664 
83296800 -79894180 90144024 21753341 -59365130 39270395 -81882452 596197 -97144883 28615968 -385677 -41659398 13566526 59959778 94794663 -26931597 -38861964 -76214343 -98225615 -2706296 18750859 -38899531 -102823868 86050114 102415746 -69393476 -62877410 100863866 -97972420 -45281141 81694506 104502179 60902649 2375093 -79829507 90257400 7947812 -24783865 -6851059 -64608226 -45509097 2268714 -66297863 40693153 30564798 78625652 8789755 -91722542 -91936288 89677866 -72489110 
30489792 8047280 39406698 -105603253 14488122 -7479769 -84724782 -43754655 -59916936 -41797190 73391862 99544128 43695631 -2221101 96093808 -60844195 -24380461 -65123762 19157560 59042211 6231674 53108566 7180423 -97846649 78521885 77250260 -37319913 -57911583 51841993 -75553205 -6321760 9759474 -5354036 -8912951 -1066946 -7218270 -46041426 -101491181 -72852342 100153239 39598468 12333077 -64280373 66838917 23648117 -28406922 34145484 -46649945 -14598968 -29936781 3698630 
44895201 12363280 -102307109 16485555 97502879 38923561 94475814 5268707 73527892 32264023 10736516 -1234745 83469026 -75645805 -51851134 101279035 -47370786 -73869151 -87079540 -71345683 4684395 105723137 -31679550 53040163 13254079 -73746558 64949094 -54107527 41245810 2565763 -6706777 -91784740 82205147 -83432517 45916467 -10342848 -55144422 103346494 105765033 -84530078 88677586 -100077216 -75599076 -29764262 -59756372 -18447707 77219661 99205091 50157985 4580536 90792852 
-38969246 -66762695 45131949 -75772832 -78318807 25699622 -51340559 -16543360 -19042082 101327138 103861470 -46615699 105372432 80490256 54850460 -93485595 -81123768 -29094294 -33399288 71760422 -14560118 -95998069 -67742502 33062120 22856451 -51642881 22678513 68329502 26496597 928497 37242411 16021247 97289481 -106669417 -100828869 105760406 -69642906 60688753 105260861 -43110320 80431671 -18883725 15595208 36329412 -88854917 47862697 -79468196 80603490 -98539107 -51321602 -3512199 
-60334432 -39030397 -60294852 87382227 -43698832 -93242191 81185764 10650319 -74535670 -52353073 29226190 -71180776 -9898624 -95008320 69597058 11111431 44382281 106749580 94245299 41768422 68085443 16639937 -2779372 48930603 105299297 -29251761 92319905 13779889 -51962259 -92030760 -15624859 51401551 -75011471 28626488 43068955 -47297859 -37056530 96153508 58612672 -66775139 -79996617 88713908 49023916 -84113866 -95352754 74152576 -91708684 74386202 -22903556 -59982294 79967057 
13827008 86740988 -32149222 96714198 25320876 4061614 56045088 -41399696 -54123049 -62063301 -46887005 -32837627 104568103 -100302573 -43032643 -40242355 69161939 -25859965 -67990302 28923024 42319809 16864783 24753542 29396173 89680836 -42285848 15983070 73559731 103373800 -29424829 -79646912 -55568999 -80739960 -27204013 8749373 -18667820 37669413 49201524 -9992750 -3677437 75745136 -2406438 -97090914 62330480 15727331 85214186 45193151 -31096703 -84213657 -82433218 -7078234 
-44747676 -44874755 107254758 43667798 101144918 -83865540 26708717 34234844 1875752 -70718639 90694926 45684779 83239092 -92047193 -38186071 -81570233 45780058 73068791 -9047657 55280899 -30249186 39532441 61993890 -438020 9582197 71613654 73878455 88565092 29286306 655358 61587697 92207269 -97004067 8320759 73030893 -64939792 75001666 -100676975 22127809 -92159571 -46017156 -6770696 5575307 50829563 37112078 47157128 26687370 -83955577 38308985 -44095496 -73598275 
-69821536 -7184778 76130429 39760212 4209619 -66669532 84944034 30717130 74003331 87145988 21682505 50408043 -1066739 86888433 91383652 96411943 14660286 60060374 -41777582 23749557 87573304 -59956088 -60540343 -100608286 52445767 50145701 16395872 -56518525 -93314915 3149707 -67859678 4853901 17658083 34545264 26635443 80858975 68473244 -102006803 -76796808 -27399710 87506580 25573424 7243505 20777239 87239744 28348406 68289635 -35367297 -53468378 774020 -3274162 
-70701135 5069841 13468445 -62469357 103658499 63169097 3867924 -69461022 -23681541 79849797 -44022501 -62068744 42155776 51747231 93686915 -76856699 27391378 101873846 -106091796 65157055 54231430 -7806754 -5535585 -53104436 -298091 -54666089 -88580582 -42203223 76421715 21879429 52008119 79997177 68207524 81612939 58023473 72191024 46645048 38505933 -24973610 42408529 -24224562 105232998 25958842 2733921 21808696 -87696182 17135634 73864324 -21591004 -103602086 -60744296 
-647264 -98944519 39106674 -8310946 -5466690 50683209 34555427 30715468 -95987539 -85038348 -86581276 -103803655 91646187 103355046 48318523 96783222 -99081511 65130935 72229021 76614892 -14226355 83266145 -25721987 30136885 30281125 46578319 -61144938 -10064473 -15799009 -59257756 -33434120 -39121525 -38790055 97753708 -77994752 42504734 -69398208 104623651 -98757853 38255243 -33805873 27982690 -59853609 -16778145 -21657483 91353478 -28947501 -49317878 12049638 -105298304 -11221056 
91875907 -83256621 -82642490 -41626233 -95261898 24587808 28196822 7191343 -69003112 87932157 15113979 95506356 -5348066 -36040930 -64383938 72521156 84963132 -12732236 9068619 -43938208 -63457585 9746385 93425547 75022773 -6576764 -98978053 -86736602 -75989819 -79324865 -5653464 -11134503 72888510 104441894 3967885 79987615 -12856927 2440578 7104242 -2752681 68782402 -41002327 -62554601 -40641169 -41992427 -61202368 -62835027 -81238803 86262809 -27973854 -6358500 -37058048 
-39874778 63251970 43184797 57389193 57213572 53509798 -31400145 74348946 -17637889 24798155 -62053959 -17815273 73760485 -85274678 106354234 -17979921 78796584 22209567 -94281873 -45324283 79763803 61759182 -57050520 96754900 -65222553 72876650 -11604529 -97233091 98120468 52813026 -83983454 -56474797 41719368 -13361145 57918705 49528596 91414998 -70203119 -38985121 -36888795 -38669809 -60908570 74268683 91566612 99552803 -31635171 -103235386 54050795 -85716185 -77705414 -11400327 
30583267 -61830192 -10140386 105758505 75653966 40210019 -33307565 40705940 82302304 73515771 67718541 101715081 -6794403 -57171731 -99725803 85113385 -44671079 -77970012 -22398477 95482853 -29347478 60992225 3344114 -30811270 80668808 45980980 -94170850 80578863 -85521188 -6708566 87478614 -91242919 24921411 -50865844 -37833217 69933716 42728081 -71101150 -60777150 -37098776 -28180030 93617258 -57757107 -24216832 -63881503 -85145755 -65639304 -12624923 -37737679 -24334680 -88037566 
66122966 -72439180 -45213972 -24633137 38576315 -100380822 -69670501 -6946558 -59264284 41568176 78619432 -41589789 104378080 84834825 -41973231 61049891 11345784 -84232680 -48681195 93874295 -101354980 43944742 76372637 27622580 -14506594 53264579 100392113 86777163 -35458042 -37437224 -37739255 79475659 -16195447 53596944 102076379 48366100 72195021 27444884 -25677939 -56566217 30562114 28507364 42438198 -94028069 27647535 -45911795 -93915947 -260064 77136203 -104432082 29080795 
79216875 54217145 5495778 2089181 -23751294 21261559 -12963820 99625365 -33161315 -45762585 63403485 -17659761 2243177 53752183 -9267455 83806539 -58580120 42578472 -45081413 -16597207 -48221529 42671801 -52841296 77095637 -31852828 58656443 71272164 -86793344 -94304244 -57065594 -82608447 -7298119 27970615 -56992454 24666094 -104121010 107289847 23661307 11985387 -60621308 64309842 -21651984 -43885526 2738486 -85514956 87571719 21034430 -61903774 -81746943 -67486960 16270062 
66399242 62734451 69273489 72040109 -54097180 -3347878 70746612 102122363 71738025 83965399 84781262 80425020 -83506681 36929309 -66617275 17485915 18398314 -57854203 -99556089 105158337 86488722 -47954947 51288236 -69799204 23268167 -74917134 -17968454 -14569226 -21690468 42937036 -84106838 43753917 -83325950 -94779568 32714416 -48579080 -9937085 -48214070 85597717 32054953 81947065 -9265152 -11510011 -96300056 -104421662 64206040 42163680 -39745417 24402651 -5928892 99958950 
-104839337 -67347116 -99840677 -69003255 5168255 48397832 63427098 -61351667 -64816394 -79032156 -11031704 -84791220 95707431 36078895 -18515541 -96425140 47619604 28288181 32809114 -95414436 3935496 75161901 -59460314 43216789 52461865 94430204 20734428 48283515 -14328419 86178854 -103438091 104662359 -101783005 6001859 -44199058 -75667831 37945437 -12807041 84153422 -104472806 37392186 -2658477 -101338628 70367643 12468639 -46840537 -92752263 -87067312 -89270782 9992694 95163346 
99360231 95278400 9589883 49818733 -10398800 -20131643 50716458 18384865 59515079 -70350424 18395662 51864666 46798196 57538292 159514 22335562 71012142 -104801592 45663091 -72766177 -52953616 103572782 77431587 -94199136 84309368 35150514 -42838057 92280214 24078899 -66424884 -2661991 44647381 62244568 92547977 43406811 -81335379 -35789309 1768170 19145806 -94339926 80192347 -67293112 101895370 22340471 78811220 -60038804 -98222382 -53847548 18856110 77820485 -37716553 
19413555 68127772 -998835 -34383117 79748557 55560101 -101275956 -41761275 -48143841 -82664395 12754648 -38170700 30598008 -3020424 -18037394 60469045 -37170407 -13769500 20804286 71604157 44015929 -69942537 -106438053 98575522 -75498484 99773928 81827651 55960430 -18300844 3277062 -88786369 -11435619 -91567047 38492573 -89797534 105654815 -54648901 37006305 -86062627 -87194506 46769103 -38848996 -28727562 -16439093 -36674240 36469089 -76080039 -31574976 22478021 26432519 90465967 
69700368 -106526602 -56494810 7724890 20562785 -58066225 105763624 92276613 -15095761 -41724761 106918850 91282620 15805891 42149075 -71962256 -28633910 -41707180 -62141053 49637954 62158558 -9507519 -83958705 28872591 -11264107 -4987636 3093182 -74537167 -367443 -13838624 -77680003 -62787327 76447302 85337891 102130485 20328602 62115469 -2970069 -13476342 93801598 12148641 -98551913 25521505 20200059 455868 -14150521 14475264 51418247 103599798 54181240 -17615150 90564379 
-102359249 3115009 -91481470 54182493 -41943958 99109731 96491181 -23963633 -21896950 -94775655 -2462292 16099590 6044659 35470147 -55354436 -101674000 69385794 -81433338 22805626 96800572 -24244444 45700611 49559104 87985213 89967798 -39611751 76483600 71929286 92107154 3412521 91617268 42270719 101473231 53350084 -67847298 -22994490 32622540 92278071 -49747182 -4735888 24928371 -31085779 99558390 12767012 -90990194 -44934529 -56501237 104824352 99063797 -92547124 93521347 
95938234 12303482 27567457 -96605544 44367057 101559540 29719198 -97827087 101234707 -98849337 -21152577 -66004724 18474599 -56124224 -93747961 -14772509 27236855 -17564347 -98167473 50027070 56306405 -51500272 39033388 -65790928 80572847 54265946 -2565271 19776014 -40268928 -12874277 -57483608 95816251 98734663 -23024887 -86307694 -19135179 36801883 44339970 -22176826 -15975522 33105871 -72835026 18730657 -98853601 -20403173 -40082649 23692291 35111983 -49300474 78851258 34240287 
15477787 41908440 70208874 94531238 82887515 -18912258 67253628 14711197 -104290223 -98532293 -16101052 -95522973 54612856 -32236013 -10212601 45591304 103235694 95161551 73814899 9184951 -33411256 81463130 -34513144 -93935100 75825419 -86217821 -26353697 -85585425 47640240 28447560 27441091 91534888 -23863383 5262122 -84689571 -97820325 13698786 -28502202 16511976 -38550903 -35496769 -16558178 -103357162 4199646 51182415 -101091137 -20320466 -11532804 -19927548 -104707210 -26821123 
-25817450 67997699 73908183 89241820 1727760 60304078 94369324 98118760 28047605 27470440 -8967754 57447083 31680137 -25554842 -103607965 45063029 75324686 67232569 -42028451 59768801 54568837 107106892 1423770 63494605 -84762545 -51054689 -18420422 87762399 60813359 -51256379 31265959 -63032220 73123400 93241861 -86790980 -68222910 57506442 -19062670 -79388383 -2310990 -19962235 -37160875 -87232606 -41696865 -30058164 69318242 67497268 101360003 -48971602 78771346 73372196 
38939038 -79532519 -68675412 34271432 43156258 -55225037 -11214087 32398442 -65186856 -49582930 34681512 -18236828 -82129381 39245318 18035137 -6568942 -3972322 28187935 -51335820 -103837065 -80703554 -95058408 -38714027 -11750847 -5525756 -4519079 83714544 -42420729 84005852 -34108737 3049334 -8181188 78563101 95712518 79572290 -60197574 49050077 -17302967 -72975278 -15953266 -81164767 -3058079 28713083 85953939 94409875 -67056416 -36453166 -107242639 56240625 40902354 -38197869 
76594582 -2999575 -92667529 32708502 -20438856 103942172 12081072 -84760580 67354212 46915685 85073921 -31864721 -29993116 76234205 -54421514 73934283 -106331626 -18279645 -101901473 -77434959 34522410 -36524218 102699915 -21873078 -66513908 74006011 -101313827 -94316755 54683368 13269935 40225732 76064305 62106401 -6184558 -22730276 -61528603 62969400 -28922012 27384922 -71458312 -26361419 -70151704 -347239 -42180906 -96134695 91949291 -97500592 -82673219 -58231202 64290737 -92696414 
6000724 -104259805 9759577 35334848 -60796962 97855653 15369474 86923585 -24899761 -80554939 48550384 -10258548 20316507 -67330647 68449589 48069253 -38666871 36520472 -82523234 70427385 30738828 -46409470 -71739801 -468041 -45073374 90599630 7005449 38368666 19423139 -85808971 -75934550 90147662 -98811573 -38039802 -4786397 70872686 2165186 53539842 36854961 106221902 -46730778 26011764 -3125375 85579220 79818685 -52117124 -50541498 26645266 24867658 -107097537 85498302 
-62372119 -32804272 -56360300 -57971200 505473 -43599666 -21448445 -24186729 19224383 78189684 -25112547 95238715 -61917877 -78331065 -73612154 79723871 -27353728 -98578112 66429946 -23586235 70740471 -34147431 17183415 34764675 -78190279 -52696547 48218051 46812067 -34603612 -95459359 61652604 20166206 -85163036 26722105 93498212 -5349890 -37574574 -90381002 8851717 -68228162 -104685794 -10262856 99017164 99499413 65375001 92701525 59168340 2759405 52796874 -98943224 -20626926 
24049935 -98541204 14512813 -100716362 61643129 20264739 98320340 -102436130 49852168 -27386329 45509393 -77674820 26144936 42296027 -78116967 -87327659 59234864 -96952496 10010298 -27984188 50237232 50576298 90214515 -54787192 1953852 1955521 -50335640 90376441 89829169 -47711712 47412730 72002247 68229501 -46979771 66021990 -35344344 -65697568 55872211 -61484436 -22780713 -17518352 38930363 -7072407 9088743 -84745019 -102143397 5755017 56093765 -37839607 -16368535 35102994 
72000670 75694723 -53227872 -43190901 -46957305 10208620 41359144 64270905 66045096 -32463509 76692929 -82367602 -55826174 77408861 -61891387 -61171658 -74703870 57031105 -93568213 88925069 4335640 -80808949 -14061829 -79530768 11403873 -99689679 -90740510 -20134379 84315278 -100564817 -67668585 14559916 -94321713 50356013 -21975744 -22730455 103392772 64092233 -94849787 82141037 50219577 100893723 -84753265 -24575081 -9708777 -10198402 -1365175 -99302479 -31008820 98798364 73898806 
-79943715 34302219 -5001652 39799213 -24782847 99313214 18951155 -88661357 78720738 -84128092 -75741186 84067431 -36841422 10587891 -90079276 -64657467 92797315 85163592 88286029 20795776 1048751 -57894716 87071779 -105332086 -80256708 -69207688 -50041737 90484835 -87851286 526782 8862954 65990230 40997029 47503181 48502655 -72326940 -67236995 35112552 -29061324 30793171 -70124309 69695045 1674594 4542772 -60110364 12984377 -99386415 95957641 15869929 -61593924 -59478887 
71020516 -106546270 -62003357 64770595 -30003501 -50181909 -43145947 -21720954 99026457 75992127 106910269 -24492141 -107151749 -29300705 92008419 1136141 -64105299 56939230 22756811 25477018 16303059 23659591 -97911291 -56210249 2258796 -98447915 -489520 -46930409 -54342883 12053487 -70578841 1697888 -1175757 -96534727 79347015 41418929 30573189 -253851 42890444 103467551 -55026442 -89165774 -42364448 -65777173 -58777286 41758375 40411279 -99004212 36976533 7349595 -81089213 
17129853 79153970 -73494779 -40289876 -81330376 -47610634 75822270 -74640916 41411046 55451485 96401014 -106775379 -30295704 62896676 -46769308 -25236278 47386241 -93549590 86810036 -107053898 -95176736 48432817 71099139 -89607965 25111913 -26950703 84496971 -106013460 -6602593 28867855 106148811 -51993844 -20495680 -66399225 -85350125 -104842203 13239190 -66534836 -105436294 -63714705 -30510410 30960719 -20375495 63138958 92817717 26187108 -31771522 68710668 79225620 -48164630 -90073834 
80603860 -50887884 -64536681 -88976481 -46187504 -99055932 32625766 -27130247 81972856 55833863 48250744 -85343994 46399538 -56096055 -77450716 98006065 39028835 -55997208 -89156913 72309799 74269912 -61548088 72467925 -35030109 27462518 94688968 56169072 -30256457 9133458 -54312533 -34062900 63156743 8712488 11484408 10962419 20722642 -1912871 34725941 -72132487 -54107070 -68694955 -91986130 85098345 93114419 12351689 -34226135 -45659938 85683311 29382052 -44561007 6564593 
5160876 -86945409 -80009043 -3487976 24476170 83984083 98199024 -81630134 -5491680 2427435 -43363979 32134778 102619962 48436935 45297208 -27528149 -2613776 53496471 94209884 80963322 51573816 99910167 8863831 -65622399 -8297878 -42213047 -100320389 98586492 -39993675 -57900163 -83856101 95703708 -70863715 -73030171 93610270 -84098388 72753435 -11048220 -47999298 -60975119 24253404 66845092 89462023 92576481 27417853 38487833 -24625908 -34195561 -89136980 11840399 -86010426 
-95567069 -22375568 96795035 -27847364 26842407 81135441 -98021424 89978898 -72597914 2665265 1362332 20958937 8490473 -21115397 74717407 23935724 -47486334 35887733 -14028165 -9336746 2987009 -37243522 -13061034 55757197 47778599 -101127290 -100505212 -16968267 -51670156 86786 83525428 57986994 -96980608 3742313 -55288837 -69368586 89561270 -58424843 102155507 46855167 98175354 44336930 53735501 46698393 131324 -34208723 21502229 14469050 -35122291 19836554 61066073 
-53583823 11520348 -49900630 99235218 35903326 46505977 -61870398 105878327 75907850 60293719 90814336 -64668188 90592840 -52817072 -18741429 103933029 -30041793 82448870 -29918506 57495931 -99412753 83729890 70446280 58476573 29047144 -76796062 85522301 -41267148 -70275930 -22838285 23968874 -99537707 104590915 64335833 -38979081 557181 59465414 -42420555 51870698 65641799 44386030 20079880 -59789424 105090701 60877266 -61980828 -24537019 66708029 -66561313 -11566895 38484911 
106862950 3897319 -73989374 -31715319 -16433160 8413987 78097967 -73285851 85221359 88049819 -102124422 -9096694 -89583360 62538858 45602349 105811686 -37394530 -58528301 -68885352 -90495335 -60590257 -68613509 -65513750 -94914621 -1842231 99607267 -18109630 -76704067 -49654896 -80417329 34187546 56805046 88348584 20893308 95782066 -69184410 74457476 102982571 55255949 42985215 24639649 72126024 17153920 85923561 71191150 33819338 23917495 -87678703 92304767 44169970 23653273 
-68056818 -45315615 -67900567 44143375 41048409 75875481 40070266 -13023026 -35515093 74608481 89661574 -87855769 92327896 -101074431 -86252155 87928825 -74142203 65374609 15681715 -56164200 -75195880 80495437 -29324729 27754195 19562578 -83218807 49762207 -85933772 80927061 -40348442 31104066 72105012 -39296830 -6692416 -62429062 91009955 88923983 100777329 -56780267 -37004575 -27745164 -60281172 -47526440 -31445662 -96373390 20670851 51317330 -84813928 29831435 90510273 -45607103 
-7247259 -44408008 80776800 21057489 62588352 57383541 40400423 -12886033 49758700 89362784 -97374264 -67360319 1684690 32804047 -51467233 -809857 2223395 97398932 -81146137 -23004750 -2820985 -80057993 -27103445 -29912292 84523305 15318318 58589384 97798540 -22367878 102733971 -46642431 -23471984 92602849 101465971 38078700 -12186260 -93867792 -88027030 5819926 -59354259 89277427 -10744183 60124058 -92159682 -89322224 -26435752 -5296946 75026666 -63033058 26615621 -67103647 
41261683 5404370 47940189 53014419 97032390 13484355 45880638 -77403360 -16938651 -55546449 17956469 -54853406 62538987 -91187423 -60002635 -39370916 31249131 -77236639 -36171427 -103424291 67596439 106080614 80597121 86069125 31146593 -30822081 -51154110 96896638 -44780680 97106994 -66478942 -59383228 67398525 -9358287 -71434234 -42761459 -627146 10916982 -66044042 -90729196 72303793 -104582598 66879323 -33782714 -51762407 70344446 40284628 84062174 -39732586 -59220233 17218299 
-72246003 31916438 94691486 -54240406 -37253085 71958446 -35967343 105676988 -104715488 63689453 -79696955 21284675 32504615 54595140 -77339472 84239672 41731332 -12524904 37138241 -104107468 62722746 -85583473 57896563 16943243 56025448 59190973 -6288372 65515866 102890239 37764343 -63741176 92662644 43011387 -85826339 36366911 82185261 -75058188 37667609 -48902556 43753324 63876680 -23809696 79878334 64804940 31191412 -57975447 -10371373 91642797 -31101870 100738868 -82714678 
-73049863 -36076527 91907624 -74184753 1675322 76211240 -42714578 -12869961 -106303862 -96850863 99376573 -11981232 71144724 -88467875 -1222964 53001266 51634077 -92360948 -82096612 -34012297 -29795567 79150396 89706224 17906445 21590686 -22730988 52441011 -44897201 42505367 44841906 -101791429 71527832 25177181 -20779043 -67224988 -46903851 -58012613 -33623473 -45939810 -40902049 114771 -59403319 -86260996 -39945335 -67590805 -52248216 105977418 24469236 49799307 83860454 -4409681 
-48776332 97588411 47148980 -11484021 72716771 12955032 37748773 -38553954 -67616632 88538143 33658144 57884806 -83435228 -67603597 8723465 -80907395 68405196 42699121 2238048 32446327 36463023 27695188 -70671623 -6582804 24501507 1096613 35377757 -22909201 31297190 -58965686 -42147093 -85143084 73922575 -68848678 45940056 -39837758 63584922 55281656 80978531 4158273 9699408 94274873 -71107808 -72886276 -93525688 80881473 56054597 -45566733 -81196197 77472390 -50424279 
11379101 -64942749 -60529339 -96948927 40310828 -32016159 -20185245 96759771 -10692338 28087145 -13110131 -21195931 83584076 -11962751 86353756 41719691 -36654032 99198556 22828010 -67704416 -18569856 -2418571 13897292 -31252540 -26772003 -30513562 -40987619 -90806866 -35680692 -37840797 103588825 -107048959 -32540131 45339266 39638837 27097262 -87289148 54366867 11141318 73534400 15896130 -90359675 -43573136 -87890647 67869806 18028742 27029027 1187114 57535329 -105270139 50196910 
58005585 36743521 97340291 7009325 21369570 79361817 64786775 -22736552 25980008 -106743807 60342017 19733499 -58921747 21123993 5648346 81983516 -1087048 -37649987 -47842727 66730856 18922780 -88798790 -88759440 -44272627 -90503450 34539895 -106318934 -76279832 -45497168 73695680 -59320370 47995799 48123623 -1611381 12504511 -78601631 44824367 98480915 -103953478 11984795 78521298 17815361 -77477008 87539182 39797330 -19828738 89696430 13509855 18534516 93879521 90575537 
-47199368 -64039019 -91622249 -81774393 55763083 -79726406 91116435 -70008151 12812342 78563454 68360768 39321718 -1808652 -78208404 19315174 67855691 15716551 -32203688 56433962 -4504024 94797741 102537567 -6656858 58428621 80175696 -4339402 70697085 89763368 -37910677 7016625 73540181 20149763 -92644419 -54159107 -46507152 21147876 -28577335 17503784 70349178 21848242 -21856100 -93323011 -90722195 -63023651 47455990 10919382 -65820841 -34639811 -3990226 63837469 -10544817 
64802407 219490 -66785240 93884693 -76099705 -24770165 -81339465 -39996681 89111466 72899900 6176705 -45766690 -89502775 -99916577 33102559 1462526 71823903 36860302 -88743978 -98382152 94633477 -61967935 67614978 1380045 47519500 28011572 -33818291 -106024215 104192741 -22763067 -43922095 63026841 -18993932 -56607503 72367500 -23650060 68416003 -79361518 13162725 -44819809 -13147560 88552326 96609475 -55902412 30998875 84871979 -84158646 -166464 37096970 53903565 -30788974 
-46108898 -38154481 76797762 48169140 96878944 -24586493 -31107648 -25636523 10832335 -75312060 13251515 93320045 80084959 -6949329 67926945 58143532 -105690657 79755877 25312955 -37381315 -67779624 17757964 21113267 65666690 -90472587 33061572 4971545 -19611548 -68072626 -87220793 -93544999 13416634 100507230 -35900222 4951748 -23216615 -956848 56615992 -57255202 6436142 18446307 39298272 -35780848 -33366506 -65994258 7213500 61304625 72753668 -86666714 -43001292 80864501 
15887442 -70585315 -28816449 -13786950 -75734081 4159628 -8643474 -61725194 48070281 -6386307 -58816701 25071622 46033636 48397896 -36908455 75232592 41938411 -68563074 -73501832 -21335470 59425244 -64854728 -86501719 33909057 48569372 100726359 2356343 13307766 29619851 59775238 -41599316 44833957 -1183703 81948998 -64361267 -83000199 26054373 27348824 -5973177 -66293423 84726880 -56823598 -60788855 -1216148 71068400 73162417 105836711 90662885 47944180 -95309618 -26036590 
-63015041 92054164 -100652183 -104317361 -67143067 48069442 21614230 -48690692 65508959 -46004210 47857762 58590701 -36665941 30483523 -35700730 -104865320 53013144 -77924229 -90416630 -99801167 85592539 -84721077 -42015144 13324268 68373981 95353937 4236788 98640105 -56031087 11252048 51723726 63746522 -70832559 43043935 65616578 62201847 -11149466 90803263 -56098840 -73437298 26715799 56316072 -73649364 -14417859 18075148 87813483 76808621 -36591962 -92291624 24080828 -99935289 
90264342 107010199 79185146 -13043074 -42612120 75723666 14795752 -91181574 42864951 -25448667 1150179 77613406 -11057787 -21560292 89524344 -15546110 21853187 -87763319 51237960 -47631801 99001905 105313668 -55348865 41447979 15262609 -53910649 -95955673 1600246 72770414 -36329762 94056306 98999704 65737070 -11710739 34047057 107317749 23542157 -45965013 -36231163 25120636 -93044890 9348075 -3827769 492961 -86802166 -56655272 -13472054 -32487505 80682835 -57362096 -39829493 
56915243 -7248985 -86231930 29750395 93824040 -15317660 -88902947 31490245 -24195858 -22665893 -92169049 41130188 -31768898 -82876877 -21282218 -43653225 -98168381 56465270 -20549313 -88905566 -93581894 14301995 31313362 41285202 87069522 11308251 102093372 22545742 -30231266 105899828 -94133141 4977543 -86656496 95113116 -77438446 -38776446 -87593691 21746488 73306119 59647049 94081363 -64210711 23732637 54804196 -92600527 66587172 36681734 -88804475 25783808 59513779 -93159191 
-32764929 -31059948 -50161244 66219018 68434268 5339343 -3968684 4372353 89286781 -107039042 -29813451 52344594 48406879 76278205 71389181 -43681007 -57840542 93690017 95738799 36024443 -13039711 -7812965 -59638716 -76734874 -34811148 -59610804 102468382 -19247187 38804760 33391756 -86640975 101255941 42441987 95014684 21954526 40815649 -9678390 85435753 -77358108 -92049956 72069464 65218334 -54754498 84440287 -5668687 -32032380 -2485252 105270385 77111967 -33697561 88335191 
70784637 -64702513 23490563 22585341 -104142710 96125565 -39743626 89346748 -44835406 84895011 58807789 -55575624 -46071248 -12767887 -92383004 92593174 81844188 23845890 -80018852 20471165 -26525323 87772450 25380045 48307174 -83846951 18128429 -66132827 -40880262 -296217 -80706478 48733114 -80230485 17479674 61020098 84550380 99149594 96716253 63037671 39251739 -40339082 -73577018 -45499868 27083440 27945430 13172630 -22658060 -23587352 352139 41475767 96633896 -76201707 
9371934 84787383 23579142 34649216 -37115967 -78732192 -37656053 -7790111 42097480 -13830947 -24979454 51860399 44567278 92517692 88831021 35884204 -66891993 -11418402 -56073873 31012776 -104608922 92441058 -512044 -24335316 -68742544 -30621139 -50709880 28496479 -7940258 -2865257 1966216 -85878577 -83337089 -33325075 -106416904 10092230 41587935 -61697785 8882715 -11614640 17135519 75941767 -14179789 -84751758 -28096437 15666912 8721581 -88504496 -75555739 65226951 -28103761 
28577856 1036374 29319784 1691692 -68118688 25240130 9988740 16370587 -6774819 22879232 -82085889 61489368 67320876 58886562 21720959 103421903 6621653 -2174514 -96732013 80360737 46228895 -91953468 34326272 1542498 -92324214 1320305 15034207 7986521 -83456769 480890 -62960331 -34985899 -35857190 -21151143 77274591 -23600437 58359188 -19146090 -22991324 53473275 13128252 65583827 -16733090 -17919683 39491653 -38723828 2081593 34375891 8030319 16310091 23538383 
96522825 16160299 -103542219 57131212 -90555327 13641607 -64970113 77192365 53261883 103425145 84099947 27235301 -75617254 89024310 65829167 16965083 23959292 -32219843 64169830 11271132 35613668 -59302713 48494987 69649264 -49651501 95582993 95257645 105757938 -17332570 97633585 -79196 -2565073 -83540175 4629486 90784415 82582272 82432718 -20329271 -100213193 -27678829 94471909 -50392088 72705476 11465764 -37627502 -40829330 -39341785 -23167125 -40306355 -64157549 78029922 
-32340363 -3835567 98122102 75497627 -89174853 53149858 -34767266 -72810017 97909565 -98417118 -90645600 93980398 14536798 -19824210 -63577576 -24295698 88716343 93284606 52697309 -36107823 -92014025 -39057369 -57963471 5428048 -25179905 74342096 -62192081 37460723 25313071 91623577 72492245 48584258 -74176222 35088785 -41507269 85710496 98093612 -31368067 -39780687 35620657 -36649740 19971552 3284930 -77896094 36521981 101019469 12363217 9286531 -61754853 54515298 -39314021 
61163017 -103238391 -28114981 90263620 24434925 59218946 92844971 94930400 105425653 -60285691 -54525823 2109374 -71897027 46518664 67536973 -73409597 92350236 -47280644 93162054 -59688406 -21588902 68302188 -76157551 -81633570 -94274349 -59416536 -102238378 101500783 -956422 58728777 37643673 -69534961 -4156418 68572488 73579037 45649575 -27846578 -69761545 -43082090 33002186 98204059 -82607463 -42776427 -3721108 -85838388 -2922516 37797960 -19992579 -12350878 83899940 -80236940 
17930884 -63197093 47820843 15304177 -103025710 -45487326 65295370 106369150 70812965 -96939651 -45903167 80668224 -85056201 77960096 85879031 94816131 94216868 -12558639 69762392 -7198663 32082684 -14114831 -56484839 -79210079 -49022146 46710817 -15727550 88287533 -37207712 -62112219 49397273 -54845350 83751129 -106374976 39927600 -57489597 -53306328 -20653529 97915399 48030507 -74940716 7987845 -22813565 77563265 -18509828 100860286 -103975614 -81371112 -78040996 -39822501 88268157 
-97255984 -65988310 -68963121 20365158 60256530 62463313 51717412 -17432070 -18657957 7196577 82344032 -97764012 -27383656 30709535 -20568849 82700941 62994569 -85627874 98445277 26838513 -89074941 46561321 -52548759 -39273836 106009990 -82024863 2012758 -51165805 -51585676 38840446 92480320 -25411429 -22768539 -90804791 -17074622 -96271676 -105267153 -37406481 -78773309 -74532095 -68266013 104225848 -79157846 105263389 -30252029 -1788284 72296456 56395206 -75250638 69656396 82673419 
46719437 -94023132 18906571 36186804 -45780341 -98067095 -24976468 -64295408 -67770012 -88764358 -51695994 45318539 54919370 4019902 99743030 87806111 -55702860 57066520 45108325 19972285 23168104 52189879 -31126551 17472167 14133175 -46023000 -93509771 -61616013 105502262 -29636658 -34246908 883237 51340144 97176038 44407867 -31735191 34313936 -10157913 87078921 55322073 -51279169 -52671525 -69847408 41941901 -22283642 -26710577 57032172 816833 71447760 12695347 -13030230 
-34196436 37001129 -24354436 -79392807 -49056948 -74183782 -61589441 -39257179 -80103485 -81799386 -41784543 74844216 -8555418 -8905896 25165184 -2985350 29793641 -80861451 50351458 96776611 -7420607 -31472769 -43250487 -70154270 -102155118 11489247 -6639210 -19422801 -55152336 28832422 -29843513 52865541 53374356 -33897938 -93541711 -59963697 -69498759 2962536 -65582212 282128 106216747 -32107176 -72536057 -1965781 17306147 60929876 75299708 -35170332 51963008 -40824796 106367954 
56711065 95916232 -98416824 -93653447 -9379861 -48812064 92188158 29726504 95766820 -70847318 78979771 -70987112 72154342 -79773147 -47270621 24815001 -83113576 32581285 -11768154 23137262 -59913376 -55123227 23267842 60515755 -78673932 -76763503 -53135759 53282735 -13749551 -70627781 55227583 -86762082 -8574095 -103875772 19555908 46534472 82359931 -71579300 -76962547 -75708429 69249768 73728104 17988666 44671501 -85911360 -9505903 -94358312 72760201 104540756 -51166300 54442221 
77225205 -60883585 93217926 6557017 -45349426 -104949862 -32948828 69761288 49578979 15709488 -85281414 -101236091 -104701360 -50470870 69999506 -19292004 -40589570 -100623856 75568921 78029636 19168580 -1810066 -82820910 91470126 -79783190 -2921530 48339959 -52565930 -17178985 -96311593 82473102 42878993 94477207 89717393 -77262652 -79696463 -12174792 107051360 -42075648 -73908005 26069167 15820280 60436819 27288235 7178287 39159821 -5885310 -100460367 29327585 92487872 63519615 
-94958275 16163386 -45523160 27412265 53029385 72897662 91458017 65766186 23812371 83347110 -57435576 -50614164 76372806 10922860 -66628497 25072161 -89053695 84367913 14355521 1062835 35239183 100938462 -53187513 -45469255 43913541 66544781 -10326882 27714260 -71946983 -13396195 21316510 61973778 -17410050 13260637 32262914 27398611 24851086 -16302059 93785580 -64032131 22563058 98787103 -20169432 95492807 -106307636 20571346 -81280951 -51086250 -86707424 73595920 -840970 
37746976 91768965 45899777 92879547 -33595963 -103649961 95050379 14735552 64960847 -85411728 -98978983 -36619764 83046183 -76935998 -60351070 -56175963 22143609 74550321 98934134 -75090874 -86265185 66122297 -88639429 -20287088 9948411 -21138296 18722951 52571945 45208780 104903028 14187976 16545567 9478160 85851159 23953440 6818529 -36348527 -78480241 -87929509 -60099522 99655462 -4484315 7148694 6910903 39716276 -26002923 -58559313 -53600343 86288950 -60775444 48359161 
74597575 24903951 75581168 -8945306 65491381 -2141236 51742061 30245233 -1883820 -41618382 58737329 39067032 21540085 20242153 51500898 99220104 102284594 -63239077 106694731 61459756 -57383431 24452927 -42983329 62187087 -4893371 53896211 47895837 -34630459 -20238695 5461117 -61172949 -14624146 11672311 65590086 -66738879 -80237987 11506026 75535340 59847263 4028551 -89598648 -78896516 78635837 29078050 89942332 36846837 -37319128 -31792990 58408563 -94605806 25557778 
-36828754 71400731 -21661898 75434952 -41556997 22113359 18459924 -3457655 63388817 -83582015 -16473707 -99980939 -58433767 53511182 -89185342 -92422719 78318504 -106986489 -27130711 85840537 31367520 -18109698 66847517 81526064 103205736 -37600636 50316531 4615912 20831427 99743287 -46135859 -56206566 52094567 -25559072 -81396067 7745342 -67338557 85718072 1771433 -87653598 70584350 -102834005 17081831 -28902134 9495692 103311416 -95541838 -91096089 -41453580 -71769640 -101829006 
13474700 32346211 -91871560 -15685475 39136650 63815240 12161350 51580927 60025298 63709993 94031451 -49410649 12197528 -56512970 47697446 -76249645 52404083 -19192698 -93959010 -89143811 47078672 -29204284 -96774972 -80499820 -67839856 63121681 40849028 49145107 -50971382 7479554 -58061715 -46338363 28948769 61167840 -15626903 -2162351 93320313 67200870 -8420028 33057389 104190342 -27134703 -28716518 25753463 37764025 -25371698 -91129353 81410426 42624064 65614378 -28740269 
-95654595 -102146469 50237592 93346370 100488462 47338484 77473684 -66994869 -16227356 38940285 63642873 -26333247 -26114310 11193633 100979731 21998098 42909772 -59263621 -36471644 -81264381 3880605 -91596709 15203488 -21063427 23532891 -71485599 -92302012 69467491 -3991833 33103163 -30455316 -40076591 83218183 -16477271 -13546797 19279432 55231863 -8781630 34976827 89939439 -88132297 68279615 2231348 -37285869 -85360180 39740869 -85532270 18638444 -101038959 95623085 -39808252 
-55603595 -44896905 -6687203 -7509319 57865649 27339607 -13107638 78254250 -33193232 -53570061 -66382821 -66230058 -69943840 -28748990 -15195541 21301985 -97283461 52538482 -19031051 61738025 20508183 -50106023 -50936659 100636188 64552271 -99159209 107210490 -92449139 -7328400 21275593 -64579757 -59665788 37002105 -59041072 80431408 -74719036 62969264 95164103 28618059 -8190535 -15041235 -73333395 -1193836 24598306 74156363 -26977701 -44094485 -10395189 1741096 2233976 -26852443 
-105692203 91700329 -105965970 33547355 2124097 -50315771 48688678 67454977 -53450048 56727833 5197534 64259378 3808347 1723741 78664659 17827686 -16779731 -13874018 -97095849 -26524077 78743309 20460983 25920589 89878065 101126358 57381654 19268583 -104921498 74775838 1827179 43120369 32109303 106313772 51866592 -35244235 -63099762 77155522 35086334 -15206385 -98256067 -28730470 -17930011 16353858 -7721370 27496211 48757820 20018694 35856071 -35283185 66269852 -48024249 
-86081903 30150038 80149065 -7931751 3564934 89664987 -22937186 -20937103 -75506737 102040733 88545714 -25455465 -11770241 -52139893 52309969 20061732 1867669 21492943 32354802 77843941 -79311786 75335871 95404226 -31764333 -101262927 -88011050 -56089461 53295811 40038561 -52405546 2851625 64092906 -44364624 -73922473 -85264320 -101441822 77175332 44867559 -49406217 -107236067 -35554575 -64411462 -87263912 32093275 94104708 55795888 -36553611 11797954 -48919075 81192485 -83635179 
-100723775 76705323 -74183411 -57282028 -65593800 -12815027 -26586475 -36835477 89427342 62847271 31690207 -46742686 -22363533 -105425849 3238720 83263070 -51024924 -21934927 31941372 80770043 -93885735 4278214 -98887346 -39143111 -99967349 -7380647 -90189124 -86560449 -55140313 66872627 -53105919 -59471965 -53116569 7914382 -88511154 87046890 72212943 48510533 74264575 83340974 20699517 -18730872 4381711 -47395592 41820849 48195024 -45836262 22443096 -47509020 -406723 -99872968 
22715414 55049173 9050375 60393314 -37414635 90322816 37196663 -61443052 -86437140 39319012 -8098104 -2057227 -57345112 97243726 37850279 -86832504 89790444 38310621 21421402 58385802 70202535 -54061290 -89394182 -23372992 -77483856 8528301 94615957 -4209051 96959882 39158997 -36381271 -64458433 24533726 -107055873 67331209 -69126167 -73962925 -39406212 -79512746 36740269 -102614751 103688348 94248627 55182085 -87110092 12358584 82761537 33477311 6856692 -84624661 22216206 
102165788 -20727427 -56379991 -85992431 67298045 -43300323 -77618964 -16366059 -84657807 40256448 -74140724 47148227 48364987 23544412 86940342 21717755 46292793 7475430 44187028 -78479348 77176680 -16402538 39167721 -8694826 30804550 77314548 37126085 -68364679 -103440086 -57694575 -73463641 -90545028 -76558637 76924807 -15589567 102671931 47054100 25172157 7876000 -100155394 -87040641 -27163760 -30452247 -31534302 -57647478 94520153 58712343 -49573515 79100793 76147664 52765255 
-94655375 58307820 -24768595 -76993010 34471698 88096838 102866189 -32096286 49617976 -84102677 -60700615 106182684 105976200 53718350 60221068 -73047770 -100332335 -33974269 25432227 21670578 93515590 -88043913 25056826 52611838 54900678 -69684966 -62858553 9328841 32487357 56521983 -25435050 -92643791 17084833 42794894 23779296 9569321 33098193 -48746837 44446931 46147651 32901375 18771880 92956865 21120217 37056273 -18129941 50849391 -104477678 -106345848 17080339 -103546277 
103345766 44863333 58542155 10246560 -13877003 -57367293 -99448684 97089149 -39248657 -14987813 -104789598 -12286641 100163242 -54425105 -47410259 -21699007 24810748 -54574805 -25309383 -38293177 100710581 -23612772 80366413 57241102 19764311 -67595447 -52655462 -100410660 90737695 60378649 -6515524 -23456294 61020916 20316800 -72657531 96657007 74307231 6168863 58880540 -48666086 -6695374 46766912 -11727457 27437933 74942614 55942229 53515700 50192101 -88662382 95449073 64259516 
-96052591 92081229 -95898679 -89123750 1661357 -99356585 -97208927 -105333286 -86447895 840907 99909773 31643075 -29491605 -77805981 -97847821 -4270407 52886276 -30354507 8451858 -13201279 24471849 14360587 28617660 -88107791 -78483097 -71067502 1732341 40533441 87838447 -61466889 -52636624 56530817 -83700522 -63137005 -90222339 -52330378 -95905033 57939052 4446634 -54859952 7666127 38779143 -12468659 -33486214 88247198 -102574319 -52912858 -101771666 -80313560 102052940 14816260 
-26015579 -103025192 43726418 -103476429 43243367 -2851592 -51947180 -22750716 -52813747 14537985 104534892 -57531351 76270047 104998066 -95555521 -60465609 3743122 -18827822 85926471 -7576584 104756654 46352758 78667033 21023607 -27910857 -13171331 -102209178 -8692809 -59277061 98792812 38361133 58458561 106917836 -71197500 13632510 18503833 -96325123 103427414 7216094 -107128628 85718208 58873520 33355069 56044716 88156066 -90747575 101611589 67135437 65819013 21747423 91553947 
25064621 -43036222 -16266497 87536298 -57540850 -36248436 26589790 -49942702 -9261193 -35056984 -87974746 17253152 70474159 -95253456 -44674987 16731876 -23777288 81344572 61063484 -67885714 -56500716 -70168566 103616829 -35492194 -21998986 -103955060 105678137 -85800423 -15869534 -4974860 85879750 89935127 4894197 32019373 -74290779 68259628 -74675613 43032332 85465580 67991741 -68889918 -39556737 38744583 -35789638 97136244 95172551 69518350 -3557026 -42431339 11677028 54536330 
2071884 43878039 32623987 -79130070 -25045488 104181605 -1639433 -69437412 -26973574 33921308 107216877 -59585896 11625695 100734525 35170915 89652892 -26172388 63292873 44291097 101816807 67757234 -14419337 -43072355 -12300802 33891393 41018962 -53480666 58731479 20612141 -10133799 67840903 17536402 -68760609 100044828 30723967 -45853035 -87154783 -103713595 -100874108 -100521763 21182507 -21375334 -60209156 -101245093 -9309144 6330035 53463636 -21575378 73761814 41465227 -105743838 
68812997 -38383477 -2603718 -51928890 57026760 78379844 821090 85062491 4099766 -14949108 73669411 -36512220 -80150686 -74043428 -12142441 74808404 4365695 100160688 76213334 -70144291 -19621821 -106801948 -29326798 -2930178 48624443 61945476 -13100482 -61363618 46528277 -60871465 90365742 -71292325 -58694199 11497531 8439398 78454121 -91848976 35324706 -54919155 62372861 -105034785 8848594 63072824 -2393172 -7273181 -8993942 25976281 2967341 -32025101 92433004 99660377 
1364358 2798816 90405498 65766204 -85626442 -32627151 42935762 6131090 40211298 98592189 26002599 22856248 -84178330 90004404 -12021868 21066731 102926218 88404836 54765071 49683844 -74638988 -80583554 27433814 101973343 -42197511 -9915893 -33547564 31497269 85804555 -70919974 53818649 -97847017 19924189 45263745 97133341 2164170 -64295898 53318949 43288110 -106941091 43890891 39394491 -75445286 -102507417 -79469470 -32929697 71361673 41784365 -3575234 89120906 -84678938 
-26232267 104324505 24845694 81091303 63249618 8853059 41138211 -43105852 11124577 45013710 -3640390 -87914520 -34787094 -75335548 -34677784 -86753803 -53014901 33164659 -74053151 -84260538 -106349906 -52661899 33365850 -75677233 -98281400 -23644251 -19979804 -70210775 96154235 89813882 -58209682 -86743524 -88940578 34265759 -7802705 -56246420 -42894926 -92070552 65596395 79439465 -89822695 -41160833 7294218 -28476758 40365616 91423269 56750938 -64684929 48113542 -75915052 -64196269 
-99914444 102709155 45443156 22652193 -84094663 86141855 55219335 -59430732 -89106364 -39354701 76494286 26319452 -82961049 -30655491 -98016323 -101627169 -78568503 -24462456 -843182 71452271 27529020 5270961 -19020990 8633312 -62375048 23770921 33026680 99736833 -36872967 80159526 5081254 41572249 6634061 52484980 62792796 11379954 -16705281 -46346339 -77462959 -11430310 -105941920 44432715 -53437036 -62923228 106664414 7058703 106502836 -80767566 -14620856 78723090 -59160202 
-87958357 -17287721 -101947223 -101643096 90943692 66495280 95426795 47501113 70612282 30252453 105536290 21253278 86355025 97518305 -80373783 25058717 -70746494 -85855552 -102428192 34035577 -24907494 -34406948 -94724497 -31093692 14119278 107032888 -4169614 8235815 2197569 45753620 -12149262 31416462 -19902237 -51202149 -8214163 99485375 -30472448 -54286040 64143816 86584085 -19114155 20959574 76212842 -36357368 28072984 35116176 80371864 -49741820 21064270 2603168 -47746094 
42583309 -88710869 -61566439 -82198120 -84141763 -50711360 -42654593 80234899 83397484 47986498 -66105417 -4588295 66608907 -11033863 -87716176 -67955090 30325129 68761443 -32728840 -68778972 -59104252 65994223 -74609470 94565017 13591266 9570556 -84351057 -24904802 18950284 -33093093 -42788244 52800041 -6615337 7397754 66636692 -25916414 -71051829 -47092140 -80999278 26289916 9642324 77183539 52520641 -2987841 94976419 23090301 -28140330 15466129 45226383 5182038 81569731 
62883037 15034385 -53736768 93993494 72786860 -85106640 -66144830 -68343363 -24548897 -106729094 -89129602 51380869 88426047 13177952 -106606772 79854770 23634010 101046898 60336189 -96592898 105517052 52884931 49759901 61062342 681323 77255063 -77910297 78948374 -105110440 -83361209 -37690735 100842130 -89347249 -90591544 -83578353 -51559587 -89575271 -17394269 -54200385 -10157401 79585336 -34541994 -19549064 -82727495 -17608037 74961759 32537420 -136597 63989171 -64719156 -58853818 
-93497305 -94652666 53875453 -65970903 5947997 8623214 22935695 -51444021 5880831 -67488294 -9718917 4013440 -10390666 57627621 -33386575 -24391121 -93749978 -77524885 20889778 96357093 -69970665 -83093324 62082123 85452808 70137000 -101386931 69629256 -16236622 -19810283 14723537 -22519424 -73587567 88182496 -63255826 15384915 43951812 -58280816 -33399746 -18911534 26560537 43417572 -22214375 54274262 47701945 -99917250 79854369 75759452 -57397727 -57202933 -89005473 -17212954 
46326448 58449838 -45643400 -22488826 9360263 -94191477 -18625687 65979916 -47887899 1519375 -95428585 94409825 98057499 -74918790 -17042652 -11758527 -7299545 107231145 -77178395 55352399 70999816 -45970922 88684248 76057139 -96526765 87668589 83049166 12205141 -106775689 100850136 40962791 -71188266 -38232122 -39724138 35471334 5391682 100284722 20611799 35821304 -10822697 81209269 50167038 63152796 -33529278 94436238 7328322 46804822 100686928 22452526 537350 41491596 
95138613 39399451 -95549159 36904898 -101891042 9076965 -12546425 61704045 83682338 -76812589 -32892567 -35517780 -82538617 -103365579 -58122138 -96057469 30199195 -23070598 -69871309 -78718206 54213823 38091756 -33815683 81861501 20408013 30483805 40572201 -59125073 92703049 13912153 -46933918 95478054 90024598 -33577572 -59821235 71992815 -104576702 60080993 58646342 -29814684 27390808 1614671 -87414197 -36366088 100601029 33606191 -84773382 56706141 -59888931 -91129729 -106132561 
53487394 13874983 507160 20728880 -9819085 -20880218 -100556493 -91232419 10088266 31317333 -87848239 -14354027 -27519809 70164200 -62848102 88035160 64924341 52550407 -88417137 21298799 71576884 -60000357 -15685903 94910016 98219787 -99194135 -24354001 -89857530 54797784 -25442590 -20394551 -83895426 13988963 -97660440 -98391810 -28745882 -88793347 80885554 66586723 -54162104 29114050 -16010513 -102418230 19579806 -16641504 -63818535 41958256 -17154002 86773269 -54105806 -29821712 
47100857 25136885 -86584787 -25529078 -2053233 88002741 51786508 27914820 28119384 -15918850 -25379168 -36825231 -58869590 -32396543 -87833906 91252933 90762826 -81970399 41252952 -86187550 -25811469 -67890443 11633077 -40893890 -77884788 -59942453 74562552 57128483 -84720137 27110454 73165635 -3392461 -86365969 71096215 88577123 -26323093 106957128 -85283350 -66679279 66072452 -28073022 89524405 -15326726 30661356 107023045 -94146431 -53199792 37884982 -9393485 52828760 17948093 
63423745 -56320971 83072331 23794852 2565537 -66141866 -51500912 73659584 -107023840 79217924 -3433787 29224438 -53221030 -41980755 90680241 -84125884 -67578205 -67776862 -31613487 78924097 91937493 11502087 41140689 -7124332 43984819 20078977 -59149775 94305658 -83143001 62436610 101285476 64918311 68599111 -72821739 -86113953 3048571 103081140 -97098732 -29425589 103438545 58346425 74596130 -70103902 -104582511 -6453566 -58424443 93565919 -89651788 4542207 32841259 38558287 
-14308254 22634135 -34205426 -2537687 -29283893 17620830 -32270703 10380021 -97364834 -34792311 38123609 30520423 38411048 -79823618 100009788 -90510570 34215524 19525061 2515153 47807478 -18323828 -101246025 -64797897 26688649 -18551415 -86015909 60787547 54962928 94777871 104616703 86867358 37405134 97986306 42304389 101427776 101262444 -88391008 71989974 -12928344 77509229 -27136026 -101354313 43317712 65646526 85932599 90444377 -20817180 -18440012 -29858710 6075717 -102727826 
-6176303 -25528201 -48876782 -73004578 20488605 52346039 64208424 -66701010 56592044 -35367236 35414343 74021771 72211256 -28201814 -95235623 -83504878 41192862 -40133068 -104682853 88925875 -57685086 -50815613 -103828571 -69465853 -32677359 -98352965 -6461628 -44210026 101692828 40116427 -3280084 101099962 -7436239 65081436 -81041001 19404350 12981025 45930172 69005547 -20783715 97654444 -64702377 71245009 32958687 -52763447 -27674863 19410954 65215275 29073638 48937593 -106519828 
16355945 97051851 68318162 -85692871 -37733872 -28489091 6442153 101533893 18775099 -38640796 16754649 -36848606 40292217 -11459967 -4937172 38560552 92787013 -106743021 -45597512 -85250633 22753424 -52703958 59317337 96583386 -27209530 -15849750 51793299 -101255867 26931813 100053223 -26391638 -101907247 94065614 -59141230 40265967 -89497403 -18331722 82190378 -12521896 38483215 -101865245 24874206 -99889629 -95280208 55993717 49281743 -17174092 23238542 64275465 -36414175 -94537773 
18504420 42303099 50074713 -95627401 80231323 -23833790 -44370218 49275368 33849334 -59759800 -86815269 -80111017 -97599144 -76257913 85432320 -68632017 100444914 -94224828 85644721 53131881 42013838 -9776170 3484481 51177675 97867401 -29010950 -19387012 -95071154 -54720468 93990548 70310994 35165618 -84434754 -29616349 101206966 -93270377 5676377 4737982 -40496754 -6064680 -61018023 -23460875 75617116 -51549063 -7953429 100650339 77598874 61354344 -20694547 -101125187 -63618062 
-63693968 102559826 -92660003 -64804245 -61792043 -101120610 -105295465 688428 -75903569 99695877 38999524 20944631 69913141 68492084 57244895 85590726 -90919238 -6645476 64765791 -8162153 15208148 35009651 70386134 72160309 -54309409 -47996745 -18762143 -12324822 11428132 -41863813 -87418988 -4476263 16675497 -92132579 -32979438 -101290795 -22555601 -73058451 -100179244 69016986 -4877882 -7819290 24217918 -95252027 -14832381 89296021 97103296 -47661728 32872684 35386751 -95153432 
-58802961 44644239 -3970409 -85373040 -96459228 43685973 87382892 26766803 83602340 84745714 -51253825 83043857 -11526669 -102070778 -38048264 -26568520 -29647677 79985203 -74501568 -55903465 -104006734 -6455210 106056383 -22574926 13673565 94594237 -62384068 44936618 53319236 -52439458 -38015298 -98492574 -43250811 8225623 33895240 -33086860 88579735 34560351 67187469 35576466 9464191 -4041596 -96376666 87856830 -74096036 -53155850 37010836 -67981013 -106389693 27937993 -63777298 
-22610207 -7779137 -86340201 -30505513 -585632 -62491671 -60254613 71319747 78694453 100645877 -59830217 -36166058 -48303008 -32748094 11135730 -75792146 -103978519 75160903 2640407 14915757 88344271 -85158536 -33823630 -21968545 104069046 2064371 -14259403 -53034479 90773759 53659982 -56753978 20171261 -4131292 70469638 -77528787 -43418644 -1018967 91695831 89406640 -47105099 55085487 -21601812 -73428085 -30095511 93879344 2509959 -54919118 1100913 -72066346 -46377161 -16094384 
36663485 5067586 -8007134 -99730955 106631122 -102599682 57836208 -102638172 -107838 29947647 -39676149 100352593 69887728 68513988 -96567958 41790913 91878577 -68138800 49473368 -6071155 43193326 77363228 102956134 32106934 -48970666 -10155491 58308689 16435165 77802582 -57771266 -63524837 49088021 78846764 57799462 48958868 28599479 -49894684 -14372004 28609228 5017276 -2611210 3075996 -56846561 60350501 29089015 24491048 106242581 -865425 -65733423 -27163435 -2418592 
-71996248 -33740978 23954640 -19891391 39972207 55311206 104404640 -106762968 -86223189 4968993 105787775 -65433755 71059117 -93224550 -102699305 -3452200 84648685 100983973 -25848012 -73686023 -84803301 -48645307 -45568365 -56448398 -55543891 -34822460 102658378 -81817570 -66607482 -79626732 66722718 9832691 -30370320 94630424 94959605 90567178 53961768 -58963204 61291061 -53600279 84260358 71185391 19400662 -52746107 17604368 -103285806 -75210401 93670860 84902331 -92950516 -27491881 
98217856 74813825 49146770 -65118040 54786849 37211295 11974443 -39693845 100476781 56221146 19686933 83137944 37426345 -10705829 17256701 -7634313 -36110831 -104085085 -67373069 76356668 83803455 6263969 -64704312 -49745391 9391898 -65815964 78695437 -2190624 34082008 -93687185 -58863061 23552818 -64093300 -49657407 -40340432 -75175320 45823845 52486183 -13202145 -72687997 30624029 -69006935 105527329 -58032416 -40989854 88989363 59204414 -63661140 6438561 69049010 -90114001 
-303040 -61187794 -27293431 4355773 -13646971 106766565 -84082978 -100900289 101048230 -82950442 106418255 72588352 5701039 66494621 -87341048 -101021765 -93826675 -61200946 95380928 28615845 95965348 68691378 15643474 69655242 82378909 -45965723 -73481681 9457666 13969353 2235231 86403 -66493518 3105422 100761811 -55597727 -59294088 62381431 -5384198 -29583422 -83239438 -102794994 15772813 -90843718 -58652188 16807874 -10404345 88386111 32879290 -63472274 -33940379 -82916829 
-60884934 -102406466 84012449 -53400453 -41950491 103910201 -583824 93171 -93139367 2655616 11633658 60764883 -96062084 -45618453 60203714 -84815956 -65731673 -80616182 106490487 38605569 50888303 67373854 -27155294 57944764 -74133044 66131863 -71050669 -70295525 -42926862 -93485326 -68781366 4849402 -105715846 -76000128 -74040803 -41437638 -63750447 25903159 22389573 45628825 -48921084 -93785852 -22936566 -26281307 13819906 -75654783 53158875 7071243 -89928653 -79940597 14605697 
2127610 91498595 -49168899 -23073479 28340613 28625077 32281893 74218287 -61786629 -17827647 31896636 41469796 72883485 86033654 -101497810 -64106112 -89018033 -96952304 15651590 -67730482 -98635700 15766654 54683767 12457984 -39493125 -75592326 54142 -33485807 45417192 35290109 6931995 -59259972 32012295 73755307 -68779838 70921940 -54826163 -8472438 -22422319 -102082876 -66802652 49152350 -101140792 -57832189 12900115 61707634 100532717 58779490 -64083624 -101981245 6695848 
71593505 15994678 45997045 -41595396 -34822635 -32844327 58881833 32871831 42613412 -60164731 62449217 -86199450 23096328 -90031048 -60364701 -98685993 27229100 79872917 100072507 10049690 33117529 34288146 71091620 76637842 75533256 -101636076 35002762 106634587 57353243 14210316 -48782582 -60281170 23753144 -60136801 -6318467 -4147442 -53044867 84599454 61018562 -16170602 -10906167 -19600498 -20562863 -25215862 -38481259 68879392 5604275 106168157 85804025 32366730 99351098 
-11330639 65867689 -74622047 -101743399 -97063316 74910927 44931176 -47773117 57551768 90733828 -27539885 -48967167 -20970927 -40399855 -9335586 -44452079 64979941 -30150998 -37323909 55524848 51239556 -80474526 42765582 -47663746 -74613854 65919568 -105044612 93776843 4818259 21057978 71007040 80705042 91206527 -12410718 12117180 57648113 52534243 -83289337 -38588789 25655855 -101233616 -25413785 -699939 -10862788 -51247637 19367757 28329915 -101551682 50705 -94889676 -47196279 
-1686573 -48701844 -68586108 -31312262 23814770 -58395310 4449685 63517318 34322409 -80482793 33310398 56130685 -73361376 33589736 -71886318 98452682 17311325 -15402053 -106321375 60931355 62188045 -52838149 -45289799 33930475 -90201253 55056631 -95661189 44658933 -19501517 -45379941 -46554493 -31828586 45589594 82405527 -104148904 35979852 -19182873 -28402054 -3303267 -38663729 -84110988 29775628 32664891 100015035 -42217369 -16389486 -96897664 -12675076 -14610941 -90596310 -64134127 
-51980546 -79689419 -83590147 58405055 -89404629 -30399920 93654232 -68483662 -61636785 12405368 39292544 13487321 -24039655 -69732091 -30862082 73179815 20036796 -77577891 92760764 24790241 -67147003 47341399 -94490793 -79214029 77291615 23422977 1225355 -90144605 63123856 30081381 45892224 -107218257 51051521 55626261 -104497663 -56742945 6223363 100125118 -43674724 -70392932 -61645000 24837422 1477199 34718504 33306063 33084336 -96262421 -27290722 72802852 -31424253 4884182 
90462370 75574851 93601345 65779049 36100224 -81697980 31641276 -58106616 36721073 79991162 41978611 -82079730 -44906563 -37637331 -102450043 -2181658 20992196 -27348900 -15660028 -103289629 -19429680 -79459197 -35138775 -10977175 15015628 -32379275 -101243252 -18735679 -90723015 33225044 58609088 -68561925 18103928 -6367840 3493293 85112024 -15714726 12861053 35879488 19040810 8325871 -79037620 -67379135 -37134518 25319514 56466966 42320353 47520381 33029873 -98126330 103589727 
-103255913 -65595552 -97658835 59350527 -64781637 -63334259 33185348 41029428 -47709015 25981070 -19992231 -4147890 21287829 -46902054 -57948503 -87735163 15510536 17749118 -88268861 -24395270 98215568 -65969475 19263099 49578500 8672678 -82420732 104621024 -93783964 -15621186 -7056392 -60533428 -92221125 80045741 -70050537 -80976384 36967163 38126637 14094763 -46041332 56594233 89200179 -5683785 69834523 -77223745 16813206 23352094 96696637 95506160 -77631742 91643382 13922835 
8466108 -7782202 -40822519 96994303 -11243596 -44532055 -92355193 -40901879 80604441 -56010516 34947481 6013096 -26136263 77893108 -53081197 -100040559 95476020 -81428488 -68349953 104191253 -9316345 19675583 76786252 17777341 59698300 65271642 -43061531 -93640502 -79802782 -74911816 102308904 -80004095 -52557766 27324274 -37602862 -11461751 -93814055 -52044573 -2323398 -56619745 16075971 87373777 36269374 26967151 -63650263 64178705 12839473 77774444 -106469647 -82468145 -62308135 
105720103 6737940 -12996238 -8079078 -51403736 52993095 -49996834 -57878205 99055860 41588848 49161342 37606899 81237664 -95285529 -59633540 -70915889 23607863 25490236 -48825822 3986544 98705893 -13558914 -67109592 -19637085 -52967014 -66135487 15376747 -77063553 56810383 15818725 69029481 -70623762 -16865474 87570106 -5910700 103769217 81270156 56874486 81702622 11669154 2900569 -56999442 -41483910 -82735277 -30754437 -74230288 -19884994 42336283 -49089098 82310986 53464452 
-39653618 91140011 67330591 51262773 -30960749 95199487 -66059683 65418472 4672598 -100845476 27574007 103501043 -15789893 -37744512 26928667 -3078746 80076755 -71616204 82907906 -36253456 56304220 21437355 38991089 -18950337 -46712744 -61814261 -104385376 77503055 -67168246 80648961 -38243910 86658456 -102050245 -70735220 -23279152 -79902058 104060993 75769758 43326592 92344159 -16411246 -13214579 28524947 -24499977 -2252430 86023794 -25194672 48797542 37215163 25711236 90193713 
64721494 -33793411 -7523528 71404131 -82376979 99038980 92969324 28787755 53251 -29583273 42588939 32834553 19936223 -8206853 -102800863 95273749 -67241707 -87737974 -38347053 55548460 -21397813 61819466 -8333276 6144532 -105776252 82370661 -40773820 -82067873 -93319789 99960402 -13074997 13859379 41314636 -13896638 -18832373 83952784 50339715 37462723 -29536347 -73738402 2671358 -22218025 -5682304 -28460736 9032468 -81727763 -7669849 95325839 -57314515 58888204 44669608 
48835947 32491161 99876457 -68470745 -58773985 -53233567 -31345900 -58323527 85978800 38773791 91992511 31048661 4015906 -51097204 -76045721 16932022 -52181283 22536021 -75432866 -33190007 -41955508 91128526 -64592973 83301480 -5134227 39361082 -89259125 71068377 25051706 -69975274 107363680 67352690 -16737804 -68351303 -52344703 -79307013 -53434057 90128688 -67351909 -95883272 -95131623 -91041958 -100892392 -21246238 10497862 -2942940 -96273013 58516750 37164434 -56700707 -1747375 
73359532 68039974 -91957890 -13700090 -34689279 86851905 -14198950 -55568088 -37341192 -43360278 -2947383 27268754 97903357 -22966664 99971725 -18003252 43206864 -103216823 39508564 -2949526 -85157278 -51884040 -12037947 13370020 -14005078 43036268 93872338 -48679206 -48430138 49395318 -89010222 38275725 -85897744 -101450712 -9172813 57680243 5782138 -92546370 -55245882 -76854406 -44648533 1928568 -58901792 47999364 99571886 -68499410 -5946786 -49323776 -4368130 -25556685 -80173512 
-59216644 -29223307 -71645256 100791942 -10625433 -27916600 22905674 43923757 -96835228 106637136 72443545 -10932288 -32772429 -90023098 -39529325 43961179 -49503172 80114605 -33533422 50789107 -43335174 104972022 560274 -26995747 66180665 -56982430 -85105099 -77699667 -74131648 37492208 9940341 72612796 83368108 -89039133 -91733263 -78638546 91765528 -79205860 -7568762 65813344 -78819052 -26284820 29320832 -17186711 -33138423 97826759 11257509 1549195 98815622 101453420 -62930294 
-32740169 -20978107 -34459873 -44285392 -90791266 33919885 34500476 6370441 1298564 43532732 17825288 -5483414 33920996 29622839 -13659286 4340660 26354154 69146849 -105750082 -97659295 -61725452 1632018 -61827215 -83340076 -5958716 3659735 23223333 -40427855 61930642 36119761 -106349338 11713218 -8968456 -102330395 16750090 -86669307 75027225 -24622215 15849775 6602372 -3096397 8224282 -39646945 -20545481 -18822508 -86157940 -87793022 -104333428 -93533026 -19513318 -49202641 
33745930 7433068 107303418 -45555163 -44577312 -42210570 73449005 -20788212 -101280602 74346875 -103040265 36585991 24996371 7321854 64543003 101733742 -73085563 -43148952 -41775246 91881665 -8050111 61113066 -48788704 69017067 32177805 -23262121 -80365197 -39579942 11279503 87425877 67834538 26963283 91491387 104026881 26771950 37958718 11010204 60854336 43300942 1485735 -17955080 56581314 41173989 46882947 22496830 -30640784 30856830 -81116997 -44365834 75608964 -44387365 
1650889 76378012 70289774 -76230271 102260921 54003879 -89997645 69879390 -63244627 -50818745 -47524023 99290612 47634570 -2650075 -81179948 -51863193 -22665976 -48105914 -100280906 -89030124 -3446787 -22273515 -22187715 83800581 55691459 -22215801 -88920829 -31412544 90019268 11550982 6597466 -87203404 -76680296 -82219358 91607351 48653610 -42456577 -99232039 11710144 -38821213 -87576173 61102080 9093582 79638 -84857889 -67153794 65725145 -34269317 -47771437 46125896 -29204068 
-4602995 89187821 -91349016 98330547 37595510 88271798 -69559217 -87387261 -56015067 -24765083 43651131 -66398718 -14947295 66441050 106385435 48823510 105124494 -79553348 52846060 -78639234 105101897 27708616 99549748 14732630 -97273172 -48662749 62803161 -72441205 -52075523 28220501 -46886858 -90131806 4753212 -35615184 -52751591 -76935743 -25999097 58396392 -11452628 59108119 -39513064 50916186 93513391 61528859 106012522 -90525972 106342920 25139485 34418796 -46088943 -50549040 
-29965703 -82447950 34526360 19651280 26825555 88206497 -71336420 -97855009 41944122 -39325075 72809971 -99123593 -50728295 33094537 24874922 -1088080 92306402 -22018255 79091112 -92268100 1543105 -1594253 -76628923 -76034768 -15606421 75643119 -76808444 47595213 92263324 -30217849 -20151454 -70041379 -18251855 67321776 82863949 50797457 55446195 40978034 -82928703 -48725912 -23220246 -59492095 88123205 60775025 -90334453 32935055 31900497 74601196 -54703274 -33106300 -87518186 
-97098902 74787821 -106629165 -72457663 60312435 -3975264 -106130652 35183307 72646261 101820341 -28418969 18326814 -78313483 64713975 -105572649 -7480232 -17261530 63517082 -44551019 43058190 18286307 -65502553 -94424753 29878690 -106498416 56799228 -27140508 -65302171 -25109260 -61544521 105376093 65173570 -52396447 27643340 -82146118 983033 -77725592 -23542579 -31191742 -98949098 -72123951 -18202623 -27964993 -19401723 40483072 -61133817 19986394 -43952559 96435921 51652687 -20136675 
29292889 52810331 81084333 -86858196 82277885 -28239175 29587629 -14082768 55435121 -1232805 -37646417 106502643 71932932 -17510628 74248464 97165591 46323797 -104353444 -101618114 58359687 -56725893 104062521 85403639 -34803054 -76663143 13929317 -25689587 -7992541 -66564239 23108747 -51754602 96383272 -71259816 63492194 67012903 58543156 25183172 -18854746 -93809669 -74934178 -61874880 -61014104 -56278343 -11639416 -62055534 1367998 106617074 22483474 84217705 -84115984 -19475481 
68123201 17356831 43850764 77389753 32010998 87196440 -72252073 85324816 -25898849 101391916 -104837819 61169780 -4823569 -93331766 93589056 -14243880 -42551696 31690793 -976653 -87254319 730123 -52717582 -9420708 37159942 32736254 -6906575 85960358 -25050144 -12190739 35792627 -45663342 -41390756 -59212798 -106969883 -13844129 -44273056 47613695 103557478 70866939 43054203 -44370434 40909474 105228617 -14465368 -33550250 -10633352 -97815093 -106061871 -102457213 -51002667 49070443 
-31317255 30492351 65880825 3331770 -6870060 86364992 10186027 -78850385 94723286 3002842 -10679032 -32373424 42794409 -78569286 -87782976 64604140 40082955 -74430393 36234801 -20004926 -73573420 -84910913 -49290871 -74005343 -47711897 -38276526 86123258 87961567 54374107 -2862604 -1981976 55997770 97131983 98905635 -52389595 -61475386 -62460273 7977507 8032390 32005453 -16029282 87948205 67140332 -54620418 8328450 -19150624 -52135695 -25536389 -4055852 43623618 76598995 
-75842548 7679360 -67101040 -86396930 85659028 -86165187 -83218284 44918771 19479403 90126289 -18221321 48311534 44957139 69162328 7712413 36976679 32188372 66126542 35244764 14102059 -12336233 82896154 52299409 75888629 -66928633 46395554 101035970 -61468419 30586170 -3194497 32268064 93127719 -79839624 -3020150 51696129 107291310 29391112 -20620910 -100686754 12282741 -24949685 -87709357 -1891453 -80519087 -4664903 77144985 92521724 -38437445 101979433 -80791100 -22226425 
-104662637 30246713 -57326606 51949211 91755489 21289156 56081823 77168145 -77606199 90666259 -27336779 11212559 -24964154 81949418 88795845 -26842456 47373110 -63021953 -51353997 38793528 -31813965 -24152399 -209808 -7678067 95288332 -10476407 -91448472 -67916040 -79605523 -43541750 -46162136 5487789 -99300826 -84447244 88382440 -105193049 -13808079 86723445 89987499 -79478212 25075394 33519394 -62126983 -23960356 -1510408 9059132 -63892142 88090589 18990298 82311088 -49333696 
2457152 78477777 617454 -26711165 84809117 -68276095 -92132656 -5178395 56916412 70252049 -18262528 -4593776 -52144435 15520881 21531079 -95280939 -1467541 67648440 89938860 25462470 -53986343 -20280593 -83361809 -79476035 -45666419 -81709361 78033838 -83081161 -36195601 -99576094 47760195 -107207127 92859942 90766104 -41886254 -6945760 27739715 49429061 3527500 101039822 38328466 -32405005 74367283 -103687550 -34795561 19443323 -43403085 60000694 51908816 26608539 81998321 
73118133 72307429 75245802 -26879966 103868066 43908546 7119255 -27986469 56404491 43628278 106800575 99861287 45644453 -8119111 28739399 25998455 22045645 46352873 -93981883 -105188632 4072786 75583014 -85906624 -2397877 -75644757 39394738 -83038969 -45448007 -675523 84092359 -93982745 88963528 95200477 -34983924 -95840304 99545247 -31347827 78174193 91932933 15872240 -6682985 31158169 -65878464 -49879451 107036923 -52986068 -62438196 18910084 -43206084 22406137 84783715 
32671502 65339530 -58314339 52365497 -48705708 -102584948 82702942 -56912637 -100511957 94338817 61856288 -60419585 90464090 -62290149 -28169181 7279988 -32685831 13628759 -67826309 37323649 3812390 -92411680 -1184733 -100854601 -85731808 98596597 -59837718 64848039 -73491409 28041190 -89144896 36735996 92655470 61013903 -103065224 -14659432 41579835 98966456 -96037948 -90608163 82200788 30118664 -15147030 21086888 -56568159 -74532241 -23548035 -37894785 421985 797619 40956028 
13638063 -69488530 -88466804 -99317372 7819899 -31419045 -92060286 -97812563 92609963 -17933671 56009636 45015822 49943886 -5438734 -11478054 -57028081 15868265 101143237 -13731589 -28367696 -66108564 89745189 53139833 -102354652 -28621132 101921544 -72977455 -15241331 -61735207 -36873850 83678457 -16545367 -74356604 83171638 -102971831 -88749302 -91601115 2545105 -70419223 18187658 77710018 -22688084 3521899 -20331981 83510846 -3032076 70148798 24621337 -86649920 -23303855 61182493 
-49601820 -11498740 23046983 -73047850 -22216149 1199173 -91571301 86804937 82975030 55332389 13056431 -41983217 -4318566 -40987375 88881450 64144963 11339622 -43667797 -42058440 87333697 40554274 -78102975 -76840297 -81494701 69524342 12952582 27937221 -98839649 49225900 -73912912 23375634 -98258780 -69522372 -38046 -82290342 90421235 17350744 -39328910 49402227 -62070674 77758094 57482033 78093017 55032398 -57725955 75115781 98058972 -80099801 -42680220 -43894918 93893027 
35428814 80589771 101509133 79306051 15273544 19576901 -73701715 34424199 -24650955 103289804 54707328 77955260 11512866 -66512853 33111660 76646169 -6034701 28857761 -97421423 -104732245 -93445339 70987611 5913919 -14180329 -71790965 -103863896 -62155917 -103458146 -23499486 -52871239 -23008578 100131154 21488685 -81832675 -23743306 29777323 32243054 -79788860 -6593110 20499897 -26662582 63432615 -38051129 -38296759 -98603783 -98113904 76679133 54041121 47171870 8526412 41589196 
62154178 -60155281 105745962 11076953 96282502 64431603 74109344 47859579 35846974 29644192 88241000 106287254 98432541 9539186 -25231374 31631043 44876448 9910479 -50013901 -25834696 56734458 -56642394 -48457013 -58116957 31789635 1125635 -14770393 -66633156 -81220017 98283170 96195044 -97296132 62922292 -18793741 -54324336 -73652359 30258031 16133873 20672509 77932124 20962858 41527869 -36489996 -30556941 -15678381 38314950 29318656 94419803 22793584 7798844 36901928 
-57658161 46725071 -21820932 55111209 79811934 -29044200 83948780 41607793 3146134 -97095998 88648388 -34324415 57194675 -55632181 14322646 57026294 42590336 78482216 -59502304 68710459 24997053 54450442 -27902217 -18056722 -94806480 72636875 -58752702 5429400 60468915 -68732351 -21631176 46333381 70055824 -1787265 85810062 8262944 52035406 97646149 82683968 89183014 -29315269 -9360559 15989021 -24970455 -50482657 43807065 44450029 100910718 -14092382 96227329 -58314491 
76292662 101797901 56440346 -106334693 -8092566 9045182 -35796105 30181746 -58456522 6879125 -80143669 -64028859 -93664757 57170128 6960868 49800274 -70254930 -76803260 -82663533 -66444393 -24756888 -97271564 -71407657 -1389284 -54678650 -14967582 65528582 27659642 -62710409 -36538624 90140986 93552050 91187948 -50797908 -37412049 60445642 105323509 -86968150 -31366172 -50786614 -106596685 85153183 -47050202 79916026 -55850202 -20781834 9303949 -509140 39839154 49864931 -49880469 
78756597 -105147219 -61831182 85595800 17039146 -29291661 105841083 31566744 95760530 -44288555 -61817471 -55765847 15498864 41414382 -28718083 55338914 -21962387 -56713694 -21753089 -77650147 -38531365 83918616 20314566 -3025448 79938844 45123581 6240103 -59444945 -17686115 57445259 -70010242 -42560800 -44473176 10722730 -47679797 56105208 -5006957 1399344 -19998814 -11598437 68655204 -45403211 -97667654 66926281 53658981 -21228852 64716747 93678014 -103839812 -72342282 4556964 
-20872891 65678912 -7463626 78803647 -31040267 26158567 98553844 -1625985 5553194 -31592341 -17315391 -5269851 62172851 36827605 -26562628 92430505 47641455 20695523 101088852 59770993 -23482535 -73675174 5712806 22204531 7484922 -58384083 52759961 -83121495 88084038 83898349 82902804 45726967 -13753781 -31985269 30007471 -35018997 -11498774 -42568178 44544099 -63754248 25504275 16122374 -88518810 -93070882 18439353 31259999 -65213505 -2393446 -98777443 -106167603 93646896 
62678561 96927410 69955839 21960933 -89502063 -39544094 -26151940 23646876 -91837503 96824544 24800889 7718808 27991194 -21382581 94407070 57051701 -52710588 -30555005 64817824 15932571 -42795028 -93146849 69266967 -50211007 -46144666 79809080 3694518 82182054 100301413 8727295 37748372 91742639 -42486866 -98085848 -59246714 60614160 5748766 -15291039 -26441338 34380142 12804025 84017108 -65813715 -104954124 -40737480 82938850 27241311 -15407904 -63656146 -1649781 -105677716 
-98698319 -71532726 821769 107014853 67221013 -62860982 56213445 -2999625 -73036096 -8719033 66684235 82007473 -47657482 25033352 10067346 -17174468 54465607 12282499 728955 -23786992 93999421 11054487 -55563786 82749277 59126101 -65338659 -1019836 49750925 -29313556 -101642763 -100708945 -55955098 -62032357 -13943439 66695146 73531388 -20910856 -30248206 59938386 71546200 85903552 -24893291 -80346422 26321243 -41623193 -41158653 12036722 58596843 -30238484 -25670041 50045294 
-106863842 -17449030 63278287 -30315612 -41345153 -71121352 -41885070 4901849 -54780717 -101854229 -94705606 -52151851 79975436 -28250583 -44522181 -27304742 2382963 -18566851 79114017 -25810268 -4105157 -1661510 -84119787 -14719540 74044911 -103963227 -72358888 -50704935 88858970 14527340 -81475559 106048018 58624973 -31911130 -33205358 -7797368 -81577305 38688786 103445568 94534943 37904129 -47249470 53224287 -95920220 94364286 96987792 10927594 -42915358 -81613564 -79966216 95379142 
-11053436 -95257178 -81338481 -75795656 -21988119 -11289783 66724362 -82509016 6258225 -8001639 -59680053 -57634196 3558586 -42048116 -6233665 -41522374 -34932171 51193242 -79108927 -64551193 38638376 33827037 6065928 -34197799 77561372 9823076 48263493 -73266027 41167229 -49448912 36829204 105188010 85516804 97721408 -19841945 -20743123 42162155 -53048774 -51672053 40941816 -58402933 82757917 93925974 -77622980 -82199026 46351305 75574687 -12078403 54998329 -60973246 -79108166 
-41307657 39807057 41130407 8580930 88860165 37993532 92302884 65150427 85761722 57315048 -27630971 48736168 94806103 -3029930 91243110 -40426724 -56693156 -47449798 -16263702 97261320 63739808 -68258232 35295091 13144513 -80166990 50751159 43843467 68505610 67713246 67309792 2652810 -56456251 -69507386 -66146358 -93344963 -55698788 51749367 67771379 85925439 96296833 28335240 -34211319 88581434 -23991400 -97181358 -61303298 14428027 -47934330 27821330 -87859846 -7197807 
-92253013 25504550 -72399088 -93909052 66284458 -70738303 -80899342 47214028 75078847 -7444084 42549172 69135793 -35761502 -82795960 3901975 -94351193 67980070 -49552727 -87186126 2935563 -9176559 93046177 10681194 -77790950 -10099274 95343600 7124472 24708490 87817802 -55852143 -40556952 -38026683 -46480053 76648411 31814850 -4673392 17100312 21629718 38248074 -88448598 23816273 39070570 96596466 -74538799 91341004 20630236 -33324295 85164973 -4444253 -95075783 -13494049 
-65557241 95528329 94397122 7254393 -15028522 60854654 45001699 48931806 -62343302 88839450 43391064 -104594573 -83679677 48373190 60846188 58109523 94299490 96477596 61946326 96105498 12613089 -49575717 74106192 30265301 88008289 22631213 -62771235 -99347573 -7148490 -25565269 40823283 12147806 87635588 97282363 82666857 8037937 -40135054 -91976143 68181115 9929668 -88335806 -12604698 74608460 -36287625 66160083 100008258 -20680462 51312936 1285618 -33237396 53799665 
102523500 -43936728 -70070346 92566036 15319449 67449459 20373277 -35557950 -47210962 76671539 -55558549 -22286734 82978606 -48670478 -103612276 -94267720 41048527 54348724 -27319911 57385349 33305077 -77584625 -28411702 -80994594 -53418281 -24159575 89704003 -85886987 -17572441 -10804064 -88075193 -91061475 82243814 -45664119 22958904 -4799976 52619097 -104988156 -76678688 -55847866 -104807826 100921960 -85390176 4145501 9232456 13479425 -3855690 25659057 -10741922 2837333 -61582187 
-90392209 20916818 -64538416 11878561 99155802 -98626249 102341921 -4499431 78227153 -1565601 99750922 -60196650 -71615519 -56249175 66080699 -87447449 -32723256 -91624910 48845500 -16117964 35065020 13212291 83893353 69157504 62185276 78154448 -83392796 -81874234 64499683 13050693 38718029 83689473 91861813 -69261683 12779845 12749651 84929274 -96276609 100858001 -19758650 -57730276 -52605259 43525888 42260804 67925625 93926754 -47681443 84609392 -45873714 -80627024 70107995 
-19252657 -99985126 17614427 94083226 -87800173 -8990165 -52536696 13843391 -41265000 25055259 96733195 -81307739 -72592501 20978804 -103036694 21135511 -43908107 -54487200 19400596 14217974 25094254 -26510465 338589 43767900 -86163239 62039498 49443863 44923302 57390237 -56116235 -42098035 -66001665 44055993 85251348 -43690442 7926436 -78399279 -60420574 -14177751 -72083257 -99046010 6400429 -78482196 1072913 -53147312 -56034531 -30554620 12882150 30314949 2392933 -18813772 
-98579707 -61691029 4041584 64991718 86472485 88538826 71172490 56570620 32403713 100975621 48124931 -94652582 51064890 52419737 13594181 100268057 -37736452 30225870 -85042934 -60889745 -48460589 -83761025 -99330292 96690586 93495398 -35965220 84080549 -93250034 88562971 -36886470 -65368139 -3026433 -96266377 75169854 -40142170 -34897008 60188389 -93725105 91048670 9601014 -58053249 -100851516 49642699 35632733 27676951 -98741494 -10349650 54247830 5632499 27604241 25471963 
-98430225 69673651 -92101001 40321496 26049768 -37437004 -8578203 -10059427 73070741 -99551325 -45220604 -45214926 -72828798 69485898 104529377 24195259 19300950 -16770229 78979289 -101368182 47991553 451405 72757800 -102510764 16640315 93346531 -72199159 -49518039 -67681158 45528720 69835070 -88057629 -23348469 43167010 -36551298 89952937 -60005944 78076244 -8652468 -47604740 -9174708 -92605662 -33524704 -30206050 55356622 102610552 38897019 40989223 45815900 27060616 3489543 
53537021 8592429 39517238 -20734583 -99748276 4363288 -22769202 -20799632 56718680 26250254 17799673 42551279 55114712 78999448 -66267423 -42380284 -45300070 99465242 -80936685 100761646 -16489606 13534405 75305308 77841217 40711726 89290021 -65490152 26490400 -69997792 -95792189 -104989765 -63582546 17121477 -95045805 -14543534 88656634 -45418147 90697397 -84590937 76990582 22888020 -44815231 -97295430 -60492223 -92067815 -105419024 85334332 -86738835 -39759914 -82564802 10053907 
-98789142 48964939 20810625 72205215 -41291378 24520027 51224591 -33052261 -8276210 10967771 74622705 13377285 77091908 -89488500 -95556410 -63524696 -105324092 77829449 99217424 43200245 22572841 88559123 56530294 56801487 -80082456 32696754 26834691 -1589352 -106728574 44449270 -42089298 -46941693 83752152 54781294 29494444 -33679234 -89529481 -89274837 106405996 -2320360 98029594 -67237577 84610797 -83974137 -26621370 -27329714 -9954913 -16647919 105941586 -58509164 -15308974 
-19969104 -78634586 41466733 96929534 -83176249 62874983 29118607 33443414 -102567186 -101127414 -18428799 -26328084 53668310 -24545636 -4751893 53275559 -51066271 -41833840 -33646641 30970124 47475014 -93838596 18369648 21860059 105808207 -65229994 -77050145 56086248 -17006282 -99617439 99398199 17768283 -57763592 74568852 95092281 -1326734 -53646673 -86865674 -40790758 -26533413 28671993 60411346 -42647089 -103539773 -15930599 -106244442 60081440 -56216321 -4613217 -45539434 -103994423 
106719634 -4270261 -75962288 -103691858 452462 -98519699 75479290 -80621515 -82945086 2516614 77996215 59724016 -62206924 95882489 35355286 -21495344 21186772 -36269719 -35063418 103689427 -80084212 -33664254 98900478 104316451 71284903 12676116 -21475115 9023168 30644566 64907815 -89001199 -78722611 79545272 -77211880 44213232 42093402 6213264 104071426 -11911165 -11397859 -57957001 107299631 23590798 42830929 60444999 -68427803 39150517 -40594065 90925486 101159982 -54730337 
-71742708 -64895399 16512213 16997609 -1131243 -57799453 88244245 -101756207 78162711 80393455 6559101 -53475999 -66245049 -88403232 63405078 -95469829 21834159 73928580 79220074 -77650732 78804985 65759292 21521229 13032862 60490492 49898712 -35245678 94749675 62633388 47308610 47428197 94408845 62273417 -36908929 9775347 -38960622 -82423413 -101851205 7148767 -71925003 -8634280 98059390 24566423 19081943 -89016679 49666760 -58663165 -14513798 7176780 -98179645 38892740 
99510308 79314633 -62987760 3098825 25543190 102151502 53639075 -88726304 -27187635 -94690571 64829401 -42459351 -76172828 85344370 13451707 71822513 -55831567 49824564 76644950 14525277 59418488 -1022264 4835460 -9310476 88145804 81690597 -33870925 -2979053 68106961 -101691831 38790144 19126848 9420954 96604809 -18018302 50947022 -88508572 66071959 36296652 -89622346 86702776 -105209051 98888903 -79430765 -15882283 -7465941 -36482897 -91467865 67249682 80278318 -64335735 
-46183496 63488937 -4910498 36360087 65492278 -70918456 -44119499 26974919 96781150 41772034 -94823952 37262654 -12260772 96741011 5408728 -8251318 -76459656 -32093746 -72330889 4466648 22885535 7008542 93353937 82678012 84694005 24395666 70804742 -24322410 -105940456 67849493 196430 86875715 67604804 53609911 -2939804 44458389 -90010122 -7576412 62094806 13251061 59637437 -12079367 -18463809 50941555 41849213 21170600 -104372719 -42645346 68158598 60815324 81318991 
81162610 -33430626 -96957483 -79335557 62531712 -43134389 24216090 -100968980 58621495 -101878342 58605869 -2033751 41084659 51211215 -61224162 86341716 -49898638 -15081384 102987836 24251767 -46824851 69109830 -71164582 -19846376 3462367 -19997634 -41845225 -30491835 -43822490 101866875 97435706 -4785759 30188534 66506999 29670205 -71697717 -15778563 -86577537 51422746 -43686343 101597044 -23653236 40196188 76536419 -43262630 -35579937 8376177 -66431175 69612695 73687124 24792339 
-103907934 77937428 49351379 -76715654 87177140 55874574 98804963 -58281492 -76761718 32480340 -33061244 4006836 -9457581 -33530551 -36529282 -51772872 -44231665 59203694 74145188 29705644 97387048 26746975 -68072637 55581734 73065673 18580821 -71413771 -81968990 64753302 -100743353 -83449294 15631731 -17272179 -57338211 30470620 15977594 65663003 -88224850 86666333 -27685765 -29366410 8211425 77379215 8135090 -23022169 -32122219 71494849 -55530737 -52248124 11714914 45701035 
91246596 98644217 2693930 70928125 -9186289 69493721 -55519467 -33718829 23615239 1276353 -46755852 -23219446 76637251 -90946220 51899130 -77980391 12508511 83247375 94693386 -22387763 -60141597 96864895 -51094747 -98092699 -90479439 -76072381 -90899950 -40004645 -18035142 -7940881 61767985 12207716 13997614 -101762965 -84776266 -87590589 26375439 -100133941 46156796 65106617 100787610 62203857 -73050240 90596127 -37925575 104830140 58045774 80444862 43243822 104736948 68375079 
10434148 79005062 -100803891 54733666 -55179533 -67787228 58032280 -41924765 -12132549 -106795677 99401889 -44926946 -100910441 95748633 -61366413 -83531014 30276246 -16854726 -21199061 -66681224 -30169360 -97244858 62233025 68564287 45241363 -49614629 -12510308 88242372 -74786931 81701931 49790568 -14734430 106647400 -106361723 -75583922 -22555265 -7256204 42171192 87575827 11570137 59369209 -10348809 55722309 77809876 30620544 12917443 88808441 39734568 -107158805 23691292 -34562992 
72012253 -43803295 -41899788 67840234 -92300665 65134713 54190523 49907912 43059472 39392257 38864227 19746707 45453004 -33424774 -104823468 105021321 62995167 54219582 -92124971 -95404508 2838672 18534273 -41882302 -7647166 22507270 83432779 8856784 37422390 65038951 86460771 36661862 -71695000 7378718 46640788 19806543 -56298112 67299888 95668370 -51631977 69452761 -70000059 -105952970 -103286149 20379879 14921474 63053406 -34054948 54913217 -39139075 36524666 -17065935 
-95538098 46448630 -69034411 27018546 71100204 59028333 97161275 -38309786 -86080405 23377398 -63087563 -74970825 -32664841 -50340149 45862210 -56959956 68913809 54241758 4229668 -88111952 66681617 59181937 -73330234 49519276 45900281 -73131591 30622491 -105638211 96283757 -30368109 -35200569 -88236219 -77927044 -26262578 -69300927 -10832402 -34816707 25211373 63685481 -60295828 -86172091 52319741 85536039 -21663422 -93373615 98734334 -28737819 98167758 -31415842 -80811706 37148369 
-55045841 80746128 83533538 12153055 24302544 -23499413 5980349 4357691 1387630 -106381693 81442768 -7091751 -45201737 46277474 -67162735 -62038129 -15573651 -2036869 49492181 -36236929 104373625 -87647664 94842584 -43701632 97515073 86589059 -40941924 -80841167 -92192926 -312020 71723502 75972832 92124813 95503161 -10889060 -78502308 78016746 68346958 105733625 15817391 -4984587 62952913 -303273 26037750 -51691313 40563250 -46792487 38121821 35146125 59095661 -96342809 
-14178799 -99948664 -83436961 59587265 -52365869 56731947 15535116 40084339 -32906289 48251296 -73700538 60366561 105391269 -44580928 6343587 24699336 82272609 76639459 -15026550 -41244754 28407407 -37483841 26052476 29733301 -92063965 -39132278 -83926736 62185875 -84768458 -59972511 70663404 49488033 101249336 -13144053 57071795 11486384 -24426623 -14450524 52312353 45229077 -40970633 93376947 -5237544 70010205 -5875979 4654519 21154682 34676088 -106662387 -70905469 12383627 
-51822219 91943466 66764748 50463446 50493871 19335099 -44180809 -89507903 80432217 54680173 82762836 -10579336 -62063978 84681648 -74278045 59303423 18967441 -71053282 -84344546 69073096 50263115 -6756886 12922868 -33246222 -17526195 90807068 -65749732 -8727593 90610409 66646785 -79387119 96128573 85012843 19582840 -53189733 -70837533 -87330806 63622949 -92176536 -24728984 16862903 70071222 -55417040 -94428092 -32149961 -15041025 51293447 88783122 104811406 -12487068 833274 
13183295 71466374 40884503 -67833867 -43280333 -2711443 -83418820 -99465927 40878812 -19514111 -71921338 -70364565 -104956576 -35905221 3348399 -80076330 -35497372 22589167 41175876 -44005719 28420625 45003508 92171859 -18383648 -44650751 82865252 -76057374 -20379362 -66104933 -23037545 26150101 60906125 51464010 -96876870 -24683910 81100881 83536782 -62728728 30093319 -47176977 41689544 64281574 -102158912 101514776 15252489 66490861 61253185 -6033342 -96618522 -81220235 -34520157 
-95085912 -70209768 -15365208 -54335476 81551725 102063930 51777104 3940809 32992954 21240649 -6445741 -39095858 17706624 10545379 64559688 -89114192 36365546 -89119245 55976357 -60049218 26243334 -106085417 83418594 -71438976 -10365906 39016978 28421351 -18600167 61127030 40659591 90829456 60756559 -14011269 -43365617 77265631 32939645 -101520104 70309326 -73520585 -80542334 -34483129 -45605796 -76251369 25988373 87346666 -29554315 -51969251 103750054 -82913601 99492711 91728528 
9722010 -4612947 92006298 -46135732 -97509355 -6000145 -14381474 13262177 8833760 -15690612 13607812 -74507219 80604075 -37478099 -59683589 92475377 -89849122 62599091 -13028020 83202705 -63208045 -85465989 -75618839 76529870 -68645831 -90444938 -26024790 -25370469 88844500 23093280 57150549 -1343733 87886047 -72530930 -26695158 -35743694 -28927388 81421031 -32219344 99226002 5564892 -66001436 -41245455 -6376769 -12199147 -9775712 69957477 -66651025 102373026 -88479388 22782934 
65831457 -718625 -36597868 58909445 -23533989 -55240897 24983164 -3246121 -57269876 33107205 74842378 -38113202 52339159 -68510466 -3307622 -599496 33635497 -48450572 -2906209 33071400 78141795 104081612 -94863335 -80320758 105194409 42979690 73495026 -13958757 -29782753 -105327640 -29345413 -20572092 78579635 -30279961 -8096362 -71409162 90574306 102278008 98329987 -4548996 -82814752 63248173 -75586175 86562803 -107311928 -97718306 -73264917 -81452564 -49896726 14698822 -42251837 
-45865455 34155255 -73775457 -83714164 -33979861 69746255 -53541850 -65442129 91758880 -75132682 71699989 68472117 -66486092 -72206692 -22925808 -28021473 -16702322 40243625 -91228933 -30798644 79819558 -8797094 -9387116 20325314 27566262 -69400252 -18818738 -85831067 -35132407 -93865466 87622816 -58194203 79271551 45867956 -93293772 34413018 -85757978 85428616 19010198 -40785251 -98065415 -100767913 -34197903 35478323 -38698341 -19775257 -47860140 85365560 42771738 40006841 70772884 
80956124 22006898 -11291526 95530980 -77270698 86427680 72161860 -80437174 30566225 -74714852 -93088965 65622058 93535640 41259400 79563486 34869654 25410718 32272505 26729011 57591491 86431399 -84094204 33819515 -9575747 97750364 -218564 -59611675 21500749 7581347 -69084742 -94210766 -26342541 99376041 8709948 16631755 -58711512 63137135 -48856968 -105661472 75391017 -87116990 -27104143 -10143530 -3063594 -37442812 -70684814 69737293 67210307 31443138 -28158787 47149306 
28511295 -75111636 -38487387 -88679400 85425820 -28526309 -89625953 -70045725 42170066 29817947 68724604 94838137 -99035102 -88083908 37684338 68971901 -97972599 54098595 -43078471 17359276 48645914 56139977 84347896 -94254609 15384683 7465107 -18140431 5448572 -86324094 -28195346 45042798 83951927 -29789035 -41884638 -93349248 -69371882 -19749273 -2168838 -34586276 21615113 41319453 -60308588 24385620 97108507 -33131325 -44217595 107201131 80139532 69785353 16177824 -100826301 
-52330931 32649637 2578450 -35612936 56471969 -14859511 -72661146 -29640837 94921373 -32299860 -87543648 67309558 84223477 -78190140 -24805146 69693867 -55242859 -33426621 12288927 -51181242 32547941 -31281464 -295053 69268528 52175321 -56490794 -50170779 -20368568 105435103 66523944 -42914565 58402825 76419251 72208999 -70737251 -95125439 -92133831 68770280 -55576880 -80704426 -81417864 -74255901 36940577 106303011 19879722 11559101 -48250508 -99936265 67887617 -39519619 -97664828 
11135228 25930114 76775689 43840021 75018986 19535252 41608676 74994117 7915483 79700235 -39789476 63083771 -56858558 -46015243 101265257 14778226 94271717 -11920661 9151016 -12419510 22126091 85246666 -95486938 27910956 7243348 -16440120 49323997 27572487 86206845 83917270 55662828 -66373385 -8542026 -87835657 60689273 -90709530 66836346 -48625506 18076029 -32043688 59667151 33281421 70176205 -48301401 5975700 -2157730 -64097579 -81226310 24332551 -67417652 -52406929 
32758304 -5197099 4226344 -4844223 -79847463 35982729 24174161 -72384822 -21509614 -11804227 62825719 -46518752 -27234493 -33973695 100304538 -100813818 -79999770 20588125 -17236587 -13565087 -62762518 49929351 99581424 -15190945 -105445868 61034462 -103865691 -28091500 -10429204 95689324 1826205 -21131861 -10243206 -14152145 54771875 -9271831 36960310 -96644473 -46050897 96216241 -91506561 -10385632 -106500798 -63259474 -34750238 -67670063 -90480270 -66718298 25984910 -33991190 38567990 
-106548689 28436401 13912795 9205233 97347916 -91888789 84061178 46517648 -4590140 -40946677 74158330 -17738580 -58197396 78273276 -32994306 75986093 30367908 16856298 50301500 -41147994 7091066 -91416323 -26973059 81792118 10250380 -65938221 -56666730 -100814647 -11990088 -7135624 -81247656 -17068270 7437211 -47341353 -8088538 80049375 -52787986 37789876 -57700197 -56614724 -2151372 40629594 -105146630 77498028 -30294576 79598385 -7653117 -84236170 -5016718 -70550955 77398672 
38306709 -33761596 -33298204 -72986414 -69659121 53680127 90334209 35041607 -92106512 -1709285 -56287777 90224562 64771170 45016206 -53009661 2828115 104570525 11350164 -20646981 63413750 49758037 31051880 85126342 26994642 -37061657 99138423 -67481879 354596 41068705 -103199547 88415720 -63056928 -40988140 -1164654 20174039 -53494676 72826047 21842759 51298035 -95568933 -24743781 -21037542 -98267032 -12905275 88630600 -94800562 57330769 -68396701 -67861458 7904309 -97841536 
45047937 41726401 49776633 -79077922 -82467649 76414913 -34009102 7347249 -19221328 -9216028 29812299 -7150411 -48225303 29229442 78755383 -101397845 31991704 93246781 -97881993 49509953 104070616 93662679 84344989 46922316 70183427 -25677003 -52602536 -33425999 -62277622 47626102 -74594506 -44233781 -38694981 52903077 25205472 -94520692 70621303 11625185 40019042 94144673 -50972617 68997796 58337109 59275393 -97638935 -32739502 -24102769 31509609 39813218 -99056985 -83718026 
29653688 46200889 79638263 27398284 -36453742 45359991 51808671 37788664 104394024 53352313 61545032 -14274516 50436912 -59690154 -73939819 -8004759 84927733 -25983424 -77784036 16896419 31752932 19410115 52478128 29376950 -50226559 5898418 -33992283 -67148570 -3062403 -87579744 -68611279 23449910 -50869393 -83260824 -64240795 46471671 64471893 -51700859 94953204 27374664 65400565 -67970042 25879586 9853797 -41638776 -41060708 -95862302 -25408835 -2504222 -67059228 32048492 
3871430 -10808481 -28325869 -8909650 99489269 61172488 62141526 102299519 46473134 36142353 69188769 12921862 9826634 7670196 -101849182 11198401 -870892 -68950638 -75613871 -99342741 -88451838 -58409644 -54641156 -39153217 63987597 -71849061 -62168179 -74793485 32591572 -2871760 -85966402 -27229282 -77375037 92026921 -97479068 54975227 106376443 -69044513 88146847 87956123 31006854 15899422 -40228115 -84871416 -77523016 78270232 -79267047 -37183951 47201679 76764389 77508048 
-7414838 -92378560 74086889 101102719 -48628094 65361938 84489660 -24906034 -54588251 69021182 -50745884 29126240 -1253286 49633791 11296631 -14881383 -45495188 18533595 -1657483 -55853655 101017893 -34295100 66791185 74051868 -93306162 48383602 639351 16601628 56045628 12753666 -30490017 -32014793 10879384 -69312934 -48142147 50092252 -17663924 -106248839 67767243 12822622 104835361 -72115779 -68882392 -33321400 25505071 32963533 -1565096 10111334 516746 -106337546 98884980 
32968864 86477439 -55683424 -68282403 78040494 -86134644 -56935567 -42347149 -41515216 -64667788 -85801599 -71890637 -25862599 90917843 97846569 63257500 -89363003 -4503838 -86708244 95284112 7620409 -107352685 24467338 76805205 39398726 -85040850 -79969492 84580277 98667243 -17299875 12207276 -99898307 50219154 -60782093 49385454 -106464312 1807237 86512571 -104679028 56279297 76732880 -22530140 -77706826 60734263 4977357 19154843 56543878 -86061594 -78576958 -93433820 76018715 
-72342110 -34719007 -2374911 14005612 -61754192 -79851559 102153237 -67879452 72353329 -15149284 78686992 34437053 -88239278 -25508008 -94075484 -62251389 23771831 53580498 -48649469 10223287 96465390 -73075698 87133957 -85749777 32984442 -33872027 31714700 -46976061 81927719 -25729215 105698364 -26976101 -32638635 82204452 -102630070 22998268 26492891 -19634610 59376752 -35953522 64654282 66520798 78760321 95783175 -11027722 15069398 68414771 71476929 -42782341 20213669 -16674418 
22464667 13096364 -50680935 -45796480 47871125 -13382861 65060477 -48974385 -93646740 -32686923 -80879688 -62484267 99145170 -92318919 60447885 -92318398 24992982 -48741497 86728838 -31302539 74460129 80279181 -66250989 45281537 -8471982 80696191 27000789 -84361896 102491352 103592443 -19487235 9790204 -77296273 -87927636 15797160 76489040 23182208 64059242 98679692 35301140 -37136096 86608656 -46049542 100395464 17890845 -42242607 -77053709 84699717 -3407057 65856941 -100427878 
-30700982 80329975 61635997 83824455 100621409 -43935604 -41303421 -25262907 21560270 -17375975 -102174934 -23743426 20238338 -100082616 -10295641 46201304 -4231901 63538872 60773220 9412044 97846687 -57480317 6843720 99190568 -73472299 16153797 -11369387 65528967 -90876416 59210219 -61976386 -46994701 24004500 67300055 50931569 1176386 -91154579 -48365354 18987605 98909316 -49059312 -97762344 92352331 88504710 78689394 65407778 26755405 -36937527 78957685 -107311129 75183977 
-948670 -105519345 -14053941 -22279968 -84813961 98437323 -100656598 -6005610 -1586675 -51735250 90593290 -82125772 57580873 -23223878 69494666 -31055380 5847576 75232012 -85215017 -87802323 -61566841 83309175 27156216 -43168425 62027010 -81089834 70125041 39511675 -39801726 40069763 -81096640 36869011 -69539831 -26695302 107220389 87682676 45373208 72495721 -45603203 -100867480 85776009 74992837 -93576746 25087600 15049929 21752989 -60107437 -74948237 101174245 49340583 98053819 
-2545438 -38486223 41684554 -50224415 25035863 -48412881 -85652179 -42079751 -99040340 17289402 -3100986 -12518014 -32930863 50289182 -31066738 107195842 -56831219 90949772 87157231 42298334 -82790779 88050545 74547998 -98248309 -22079727 -104689531 25644257 -25706791 42544510 16838928 20552131 76512408 8410957 -88261917 -88664746 26934378 -39294473 106098448 11953097 -97771506 -51257863 -56071714 -19578975 -49407438 45126673 -101569744 -69970600 -103012057 95745066 -91410045 -89545399 
-26578295 13111425 -92901828 26442810 45312912 67632978 -34532049 47341936 13494998 98483000 87629208 29859566 -72726648 -95013310 2770141 13905913 99091733 -32594957 102930923 97644664 78652083 30759748 -22903726 66395130 -9970054 -89609675 -25727745 24159378 -44208817 -31859934 13373963 30224433 81687334 22531684 16030919 -14305124 -22187528 40920819 -89341036 4639389 -65948284 -88585215 -80880801 -39587103 -3277648 -5393054 2715869 14660318 -12626081 67958606 63854878 
-29049393 21606357 37296346 -89912350 43140387 -84122015 -44425255 -107297274 96329630 -21221579 72287124 -51154276 84421374 25781711 -28062461 -2248366 -5994975 52357844 -71475139 -74440519 -55735635 -62497094 68946504 80464315 -80593357 17535156 85665881 -78287941 30715506 -34514571 89242094 -1917632 37038465 102320328 -70443197 53837932 -44568479 -68783842 33446075 61920301 32203147 60664325 105344690 86481583 -105555675 83803907 -16372429 83621437 106554190 53448205 -571418 
-38859196 77697185 91060841 -96319581 19474707 -88435735 43992811 60990990 100265632 -53595599 -95295606 38324144 -91611151 -37590502 -33698703 -92385940 -25019809 39167144 -11401823 102940371 65635011 -4261397 15322876 -101443578 47359710 35279337 -83343662 -92480197 -25192713 -53948944 8449653 -23643525 -23299217 -70238926 103930732 -30639354 -18078716 -84001789 -61561256 80988845 101114293 -44160672 -51263413 -101726549 91522074 45328047 -10983085 106973587 -67533314 -50964000 25847666 
-57257144 99830212 -58711281 4070137 -8009127 77631503 -104540335 -41615417 31008312 99214343 56541808 -87434145 -37145982 38544828 -22920890 -46817376 15878530 -103719644 -101356999 -29330526 27920337 -36754178 -43825016 -1886294 101847809 44919600 -60799290 23473716 -48529041 57351377 -97778195 47494732 89710582 -103050170 10477453 68357993 62192516 72989427 -40295250 -8508242 -18308443 29016678 -98903953 88295534 18547171 -9693352 80110765 -12082664 -28450012 -67748848 63947410 
45272521 45953936 -91966157 -14916874 1273900 -105164978 29911237 82311788 -39134196 -62997243 12460608 -9239710 27203993 -70080006 -64600371 -7275239 28459107 24355085 79339130 -67238770 -49993185 -32143785 18123934 84300252 -57571511 -57391181 -80253537 26904382 80140284 80006369 81328642 -95937559 84697015 13816412 73198342 -39200720 -5252854 -5283531 28425530 11996048 68175035 -22262667 2251097 -35930380 -83143972 103525635 -83857312 40296073 87306318 85680972 -9797808 
106748541 -4774978 6202590 -75254201 11957683 -98270188 -77493069 32766541 -3852170 -22021111 -52765141 -93985864 -76409538 -74019488 12896850 -72034020 3863194 -5858511 47787464 84224235 -18536465 107268311 -53993720 -6662694 7007706 -51529610 13824708 -30434466 -102642075 106000959 30509012 -40408578 -73254490 68767090 -78394275 -78360958 -14700928 -77444749 -23191789 8958182 102151079 13510746 4585132 -81796992 61368580 -56507094 -33013581 -9153452 -27814471 -96600058 21906671 
9091790 -11491236 81486759 18565791 -8205365 -67864538 -61551900 -59085034 -91777397 58441276 -105525815 -67089500 69331526 61573671 -21321942 -14795299 15948310 89447198 -12085732 -12703576 -6405959 73954309 -55853095 -79973630 85128552 85354566 6551226 -6140800 51104216 -80283668 -33897009 -53716715 -43422649 29833873 -53911789 -65697338 -6484915 101989239 -102881625 1660334 -71072469 -78731944 71521799 84566011 1152709 46831781 -92342663 42817149 95614688 -82737015 -1554874 
3652807 -71356322 95437573 77054034 89682759 -12903007 21701043 -73480332 -28871802 65181391 -79559572 -52875592 -81438472 101465167 -73191931 92944916 -65950843 17124880 -68247914 -94260661 -74021868 47927625 29246249 88714780 6245986 -23998195 -100929997 -44268358 -53360564 -87017389 -34588698 41995577 -91142976 38574213 14375747 -96835317 -7562267 -103689513 -18405520 79041310 28218428 46051736 75260503 -1183421 -40849092 16909449 -41888848 40518961 -7806973 -60648310 -99829521 
34699773 58251127 -15923028 -67066014 -62511895 -18452010 -5089357 -58157837 71702775 -94930889 65311459 -27897877 70926671 80916422 -43218027 -50556116 -24932976 -25996723 50840201 92624485 -32173268 5876484 -10469122 -44687012 -78383470 75045542 103791491 33135138 50624544 -81494540 -7733360 -93629128 31208618 -12272644 21350496 -32332557 -93164332 69876007 -70735320 -49361035 30936591 38794355 -60555319 -62073537 -74350463 -106715354 -25995610 40045700 5673734 -33520140 -1289746 
57733559 -206108 -91266484 1820815 48544952 -32694250 -51388657 93301208 29356642 -68019623 15212180 -8802759 82353870 -80110430 31983121 11086069 55903517 -11952306 30360739 -73286082 -33672177 37229845 -74835876 -3613782 59250766 -80454118 -1048774 -64142834 -102800490 15940843 -89605217 12683757 100318206 -80237712 -77294113 -16195394 19036803 9358147 23209507 75320150 2492590 71015056 -59482842 90887035 22941712 -95965411 -55166949 11803138 69151732 59560594 38728653 
38805076 -13226545 73369884 95170137 4315398 40660540 -104719075 -73162220 -85941912 -58044111 -46138728 -36261058 -93439285 92098770 -80818056 -60866429 -73503368 81066027 82053260 91026599 -16401483 63705845 48799895 16536811 -56140247 87979558 -102327186 -94667811 -16142497 20009106 -78353209 89557468 -92328708 3931345 28939468 3062816 -43467863 17028575 -99118550 -76037965 -3817296 -40384396 -21978145 -86861027 6752382 -16287946 -49380285 14173928 7908563 -12458984 7045051 
-30233137 21027965 56039719 95965211 61073984 -72458476 -81221530 -1987750 -72575378 73274025 -81374317 48543461 27727273 97477013 -93877220 35947127 98783979 -4326779 -43956660 59029254 -47211432 -11378421 -36936146 -84765673 -66982091 72602931 99724916 61228066 -68653190 52973875 48198542 -26198244 74664702 -77132555 86076884 10143703 87315710 107077459 8768317 27300722 89878498 26824278 -67151160 -90508569 95363097 44847699 -63388723 -32229706 -9222689 -9445830 -62585689 
-79428150 -49628605 -104058247 -101631288 28811893 103113571 -22363432 -50328111 -22996216 52682298 -15562417 -65996467 -40316188 -43194558 -82954550 -62353868 -16589133 22053798 -73482588 17639788 -76026324 16198717 96475939 90105539 -39357013 105001373 -95517572 -2209326 88260644 -58663718 97945580 60399215 -36225788 -85574800 5306658 -60517067 8582994 46272038 -39228453 -47521456 104798005 90444236 2513256 39303143 11566892 -66562826 100339742 67650075 78876465 -29972049 21010512 
-20776020 -93308717 -11915978 105820699 -41196679 43026709 -9126602 -65208511 -93298723 -58481781 -64722739 -59809863 22644714 -102614521 47285259 -28709908 -59114553 -106091278 -96420296 9379950 29949828 105535632 74600200 -81637287 12567518 33242598 5581393 -21052823 -103009164 96620815 -80379257 93071286 -60974040 -39533201 159428 -46801848 -3803012 44306129 -16331656 -31670438 56179094 88023498 74846349 -38477455 79285682 4970372 -11254005 -75391480 72284590 -35012477 94278583 
-46512875 20634426 57416733 46988820 -95651438 26399541 -74150220 -28925768 55620043 32024018 -27634759 56819636 74068158 86625644 83265567 18695591 101105331 -103238015 5631740 24688217 -50588381 58672502 102975042 10306800 88749114 -61915003 -13527145 48970463 215256 66389840 28197973 54281245 -80392067 -103096187 -94189225 -93096430 98761274 105369244 -37361368 84773936 47863500 49311147 57211914 -95588760 42865495 -96122956 66460441 33473372 38192193 82210255 98523784 
-63547882 -35689828 -1438949 33094585 -82691719 52343420 -19673799 64466528 -91620688 46936105 77967206 86099264 15287801 50427329 -8934705 84312732 51249873 38588899 -47925689 -66805420 35158681 19073140 -53299710 97736108 -98614288 -30083471 -72684534 -26341533 83917962 -84022094 52747413 -50917281 55999990 -69944597 97329523 -106848056 -38603731 29571624 10502163 -32297199 59618408 -65303089 -76317918 55492574 -100981221 74130907 35757781 -32874175 -55085207 31621939 -77100899 
9119613 68100898 -43301231 29637409 22179430 -18210914 61478639 -61782219 24047136 -51072730 17800859 20611214 -25797580 -1902508 66941839 -64099398 -58676807 77974611 -31204467 -42375128 49438207 -18156358 -80605010 4091411 55610519 73804095 29643900 -69449201 103639165 -90342913 77981532 94569668 -49795862 78935085 10761464 1674318 -3183596 -88900757 35213419 91286052 34318592 57908422 66454337 32724335 -47468067 -37702621 -5807307 -106813606 -31327368 -34378914 -47123595 
-58211918 80271335 -79835824 17939127 -9908299 -32319480 -48736109 34868999 -47715059 -8821369 37366834 50007663 -64624915 -81151792 -69210621 47907360 -49764305 -48013117 -2992289 -63662505 22573132 -48067748 74467865 88975572 74752861 -69158253 -46940431 -42312700 -29946118 74619319 22045442 -8420671 94176519 -57307920 -79291496 -30573869 25174373 -95233569 -60236902 -1339838 -98681832 -8875202 -58562112 -80335849 88366678 55564755 28947750 50821730 55934903 92181277 39169498 
105102513 -70439414 38276912 92392175 87186298 -35982411 -24030908 99859235 35282205 -62040030 15099118 79421922 -84113349 100193602 -87113387 -55200722 2070615 -35660505 102689982 89017653 13486132 44753721 21887633 935595 -100630722 3127909 52035117 -10174582 -70510768 -6767157 -24632171 -39899989 89226655 -21868772 13519837 -86191521 54180483 19388571 93798268 -4692770 28739618 71801763 94088610 -82454657 74613245 -62457772 -42116341 -14613841 1987775 -44476104 -58915423 
-98054447 -79600459 -69728106 34321867 27574744 22365614 2807789 -49548580 70037118 37318612 -55165970 1224559 59468779 48222799 -29454555 -95281109 50913649 5817125 33475685 -85578212 55556605 4329040 23590694 105286388 -96081708 -80735177 -104521719 92214901 -37938166 84316121 -99009068 -62401252 51372420 50932835 -101187708 -80967244 31444918 46511292 -36848108 31737752 105272896 22394277 63087688 -81152633 89138792 -84168305 94686392 77052706 -76487826 53806003 74288034 
-91054546 -55057374 -57995173 43509548 -65882022 56574679 89479364 -94448901 -12028824 -52474426 -7659933 -3689223 -32503770 -49271024 30886504 -4884132 -25375373 55676513 10332438 -79802349 -42075818 -103886839 -55659579 -54370183 70144960 82042524 -18269383 9008231 -60138716 66524507 -17940021 -46072857 2187899 13513344 -71984656 59812076 -19218768 82457205 -46053103 -3997876 67674721 -30520046 8048161 -84667712 -67045441 11076028 -22183961 -33797198 -2139933 30504426 -96783455 
-52292940 -36075695 -45352513 -21944267 24378158 -19760980 47287457 48094028 -100999007 -59771277 29035521 -51896779 76060986 -6477327 51661931 14821021 -19880581 -12440060 31939865 -64180763 -23270330 23995692 28549135 -23588271 97313655 -14961872 -4159127 -16255759 -49014789 -89271543 -12622848 -57791950 -89480659 521420 69737823 -80627828 -72587360 -22032735 24627739 54256508 -101558047 42475749 83960984 20936932 12181525 -51431866 -10650759 83782503 16804399 49250596 2313991 
8129723 69137329 -1385730 -60217189 87865641 -7885493 -57169464 58850451 19290861 -105978956 -78422056 -43616659 -104697759 -1715445 38879410 -61877024 14043713 67568305 -90267398 3929673 101328509 -99033963 29540316 64460009 46982631 66009107 78878992 91554937 13694259 -51998528 -35150382 48656801 -72998214 49358148 -76898874 1455650 81963783 -6753442 90716841 -76189321 -45338759 -96097803 75329917 -23766933 -99741057 -486454 -73280884 -105623486 38532031 19599534 6918394 
64192753 21476 -53433402 -81454574 70784475 -105984202 -406807 -664274 21558684 13413761 -43494278 21947477 11399906 -26821040 -4513613 -87319247 -75230109 7306755 83604434 45673464 -84172243 98777200 51918522 2235830 86273356 -2710241 33615027 -49468227 -107166148 -24352125 -68821425 -34862002 101896183 -33248758 -89043304 44909326 61248623 54765650 -84544798 92239229 -83453731 -59931420 107052338 -51193165 64566680 18855890 48442151 -8858205 -104571565 -94076402 18225845 
-24844690 34431659 78979624 6300989 84031936 -327002 78599116 3757197 29882945 60425186 -104953693 -84107947 105187178 25200827 -15548010 -66731658 79058228 -60873719 -41458402 106355780 46366278 92936764 673197 -62521709 45761160 -47104234 -41195275 -93885278 42065486 19587603 43018368 69790301 -29164629 76501960 57400377 -23663983 48468032 -64765053 9582634 -67553197 -55203621 16049331 68074733 -5249919 -71895920 -54033633 83874965 -94171118 -39291684 -84295801 -54268730 
-106098198 51731595 -65358444 -51633022 -79066148 77812001 42360566 -98717261 70868995 14593508 72020802 28309696 -28900121 -42952798 -6261114 -56745087 -57651191 -21485472 19647309 29697611 -20861257 77619232 -54821495 49609586 -29737792 79011994 20284651 100780888 -62973545 25272745 -45687075 -6036176 6438229 30639234 97869227 50718897 99841874 73954369 -24495996 -63974430 -50375240 -93503041 19624357 7407329 -88940216 -54327583 -59856672 3151455 10919576 -26500883 20658471 
2413498 -27403406 -33272576 38593590 26788261 -16238156 -71900553 64982234 86176341 -2827350 -37299868 43808563 -22196888 61530107 -60310158 -10820698 4729684 -20207853 -71270826 -25435968 -51716314 77148965 36801306 -29513349 -49505345 -30146034 -46049773 -63011224 14515529 -4978895 -50376278 63227780 103607964 12535765 -7643909 37783263 49160610 7805913 16052733 29999406 -171483 48904310 28619773 55008745 -87167277 -24979544 -91678325 28409120 -55424598 77021270 -48247085 
25928406 -104249139 -65584082 48003062 91314019 -103325592 -23809552 106309646 35477769 -77382686 54570810 -102748362 -76169670 -94444461 63248727 96940380 54112821 8815000 -9612621 100865128 -70173357 -79714936 8659747 -104692182 -66887116 44681416 41656099 -73087119 96633065 -60258092 -30059099 54936036 -47493021 -42494799 28791817 3857697 -40264406 -78202742 -8763776 -29508005 53999388 -26181369 -13213335 -6048221 -85467252 91225884 -69966052 44321660 -100589887 18177514 -24854744 
-77772662 40768214 59873748 -15819945 105600233 -28201444 -92051884 76431265 59675844 -69440614 -57320326 -36549772 98096190 -53552013 -29225967 -12325004 -26529615 40038306 102056379 -80714834 28709239 -5299425 -90285334 -45679028 101910930 34822016 -38135945 -18048202 4897709 106625544 -50849286 58267740 98847910 80308792 -95525076 2162093 -104637678 91723931 -47830099 -61777121 -98228483 -18900681 70378974 50568943 48205525 25312438 -101977968 -104068276 -13700900 -5006708 -97015111 
-81413316 -19913454 24606697 -14472329 -17023752 19968089 37450282 92044326 68886729 -73050754 46788364 -103662024 36089574 19133227 -83148293 44981899 -67412541 95246582 -37879514 -74524391 -56009634 73168327 34269264 -49475051 -14647363 -30246516 88214566 72015528 -46211550 -89696340 -17525192 -105920810 -76077194 -8748165 85408488 -14633355 73016428 65507928 -86218318 65543210 10173402 -81119497 106536647 54484974 74464174 3959589 11144062 37255961 6023092 4810265 -100767230 
9425147 5702128 46873105 6175790 103813159 26589986 5895480 61804800 -14919739 -18614382 78929933 21140270 75475683 -43992000 -62129802 -91541340 -59505367 21807936 81472416 -61619995 89978564 -62539241 1359315 -73056327 -53395064 -80385513 -37138211 -80167908 93129784 -9464722 74451310 37951620 51163788 30243341 29844932 34514689 29500818 -99694867 13500304 -88082143 -52486460 1291004 -5145282 6234027 28881437 -4267178 -96196716 -57489185 -37644177 -18968153 10208601 
-74802757 43536022 59311684 -86429114 28210303 -40661818 57371286 51004093 68435192 74698117 98513887 -64793451 -105910926 -90104641 -47189999 -78438096 -91143459 62853240 56111979 57474719 -48715042 -50181271 -7420045 19046163 -103080896 29410438 -18543482 56535308 57107746 -83847736 -25734625 -52510771 20733741 94024561 64088946 -102167936 -77319744 40330741 -1386563 51022976 102507950 104404793 -74057198 -3601986 -104459118 -3095968 -93576103 65513899 72052800 6307519 -43395863 
-90863352 -17289266 -47436404 58385464 44349138 -100845862 -28334443 -21386320 -88864306 -16980865 -32057180 -49658453 -66257850 78148779 -14616081 97554315 -23835506 -9393939 5202416 14777319 -106393984 91513575 -90500747 -97501387 -66604313 12177811 -6077869 -54806948 13930840 70276281 -68448492 47513754 27146950 22182636 -313871 54882177 -56666653 103175166 -106027484 -96795895 11374069 -59423822 86447817 -36610658 97031318 102114581 28106980 -8072620 -38752854 -96079811 -6151456 
-93602752 -84923104 29821906 -66958801 -104442471 -35152884 73621999 -90746734 20491900 73590033 -94694190 77260694 54491943 23408830 3734662 70819381 -18552618 -36818650 20919060 -92802429 24200295 -81598659 -24473598 83551969 -57031962 -32710189 50764513 -11096129 47730016 92227957 34739543 -5368183 -14910826 -57434366 22840649 -66423679 19204436 77492343 -44361024 -96966967 72818619 -88706261 18417578 -17016609 -73401357 -35501150 -92589325 73369817 32483487 -93584637 -58589200 
-72667901 -33667352 -51667205 -43922830 75478038 72468688 89665265 31983495 99833036 68332331 33664538 17005481 -96624263 74967144 67412579 -29579201 -36269345 -71677736 -5848946 51324012 23560055 -76541870 104510947 -6268828 -14244725 -11814977 -10490064 9886948 -38135231 7574324 53162800 -58349165 -35884991 -70099629 106796120 -41215822 6487384 81026531 -74520181 -75796730 -70607039 -67995644 26366238 -67820361 -103285690 -88158727 41515319 69198527 -38820564 16186687 -11146622 
27705120 49511870 -32595974 82768196 -5707142 61978732 58159167 -12425968 -60895064 25015843 4149455 -7861290 36703702 -103032088 6695999 19439734 9719549 42322408 -105650471 -78212253 -23044142 -71847146 93191123 45517875 73000535 30703855 99772531 14605023 7244607 -9406326 12196667 -18791627 43444729 -1559768 89963769 -64034426 -23929633 72483508 -25110124 -45008290 34556650 -88008798 -48157370 -55655550 57100191 12311114 -82696905 -359493 -8983565 -13204600 19975509 
-76902647 54542692 22900292 15498686 49743734 83750678 -67562006 71048987 -69181635 -92518899 68478446 94306771 -72201976 -19715841 -19655471 62013566 12414054 -22780417 3918631 -43732343 -37026656 -21534796 -11786204 -29057989 103935505 -1007160 66387552 17382714 -62897877 105733784 -75923147 -96052427 80517939 51694686 -59757001 37579368 35032425 82117504 -6614370 -59672032 60705992 105371148 -22307365 -64964250 -10104738 -66270973 -62382840 8371723 -65681651 -25390247 -33823773 
85206517 63241194 105970764 -104669377 -6026277 -15994912 77972208 53273367 6994338 -46285198 65877444 31471003 1832905 98245349 -75924964 -2768360 1887918 105789399 21825113 -11366801 -50097708 -99756483 39370494 99625901 -70978437 12764183 -33893695 4030548 12624705 -22113162 -26754052 -1968591 7040845 -8243372 57574126 106752212 15833911 1065979 -21831986 -44688324 -27821744 -40320548 84739947 -50909917 70603842 -55862782 15619529 -97966088 -24890358 -38238084 8588437 
-7047361 -91746764 -7763275 967731 50000677 -25812220 59691176 -99811113 5862920 -3297826 -99310375 40208647 -25564110 15441102 -16848541 -85190367 59182321 -58102997 -5212934 -96002305 103689271 -2470394 87861777 61038891 -641184 101068135 -86572455 95701247 21016916 -14467245 -16270234 35939745 51353713 -31318530 104993653 81680904 -32050772 -61799418 13576989 -72925900 -72901970 32229223 34584935 105891825 24265267 -22317304 -103442825 -31334268 32368887 -102912021 -12043154 
61449915 59210226 66362041 47926228 66856386 -54883893 59588072 45368412 48883263 54527888 -57432869 -30761679 69876848 79112485 79457858 -7153390 -66785641 -74143499 4031810 -96398774 55795722 44231061 -82977405 12424506 -63134128 -13280990 -73915162 -37087914 -92391347 -56713888 -48483151 57187953 72452917 -37593640 -10777587 30032725 44997401 -72325784 44115303 45312800 18005081 -7079104 -29705503 -62972734 14046127 26847717 87143863 -51271424 -45061095 86257966 65383700 
47729533 -9999390 -43496817 78192242 105915844 -11870006 52373678 -97354931 5637932 -34953242 14175845 39473886 -23961238 -30886476 -13109463 -32761188 73910647 -19920509 24672192 66463327 -43106762 -47523836 -96325060 83597584 -11114608 -2760014 3394901 -58138351 36372250 -29638672 52068432 68847041 64163187 25122484 56240599 -97067651 -3370358 14975376 -20617282 -62114506 19197655 -91719884 -51151476 -38677235 -56994048 18582377 -19219627 -10121571 38476486 19318577 -43016255 
2142682 83250324 37650796 338161 14346000 48808588 -33709568 -31691396 46532516 67024022 87842437 -57656901 -11886988 -41700865 -85895243 35806 18064384 -73814846 -24362281 -106641287 6636027 59517826 -34776093 -22272842 71374827 103719794 50146033 -65165824 20922237 -78370217 60904075 -90977868 -89510716 104894154 104203872 -74835779 -11150650 101627645 62502445 -92281922 -82413292 38832284 69711235 -46558961 -72832512 37846109 -46775418 -20079568 98050322 -49595083 -4001306 
-99849545 -21780741 -69110565 -7417974 -102935929 91803442 -106629414 42654594 83214316 -28018405 -89561743 41541772 36572985 -33574478 14910465 74753320 34644751 -59690701 92232002 -10021551 75126561 -90825517 -84024461 -39142317 -85955336 25539296 -77750899 83335714 -33833585 -38539716 -75135227 -14489587 -19173439 -68549478 -47563634 82024228 -1989856 48423385 -62095620 -18434192 57157344 -102272940 -6219328 5965129 324256 70233551 60259888 -13179351 -30634369 68059623 -45306429 
-42194325 77884407 18440365 83257499 22628131 90007814 2907376 41024197 24729009 4703356 -14544365 -28217770 14753073 22422794 -69834566 36115569 75480689 -1831298 99982296 -67666351 55013608 17177654 -75505425 11262851 104418809 -54343641 -8764280 -53048582 -88924385 -13479462 11850515 88606441 68714195 -51225968 -34449676 -13206016 73246046 -65142668 -29780061 -63598154 25742873 100413710 65495952 -93454391 -3277061 50722288 -55144794 7935931 43885785 89634787 92013977 
67758386 3833843 100635315 -50467532 84781750 38421848 18599931 3157181 -7741449 21244694 1332947 15593004 21348121 -102813725 -73904361 -5544211 -17839195 -47622876 -96400553 -101882564 -73552978 51890275 45201282 -656000 -1392527 62800280 106699997 -1105103 -40220086 93490445 58531309 -6019935 25926099 8283811 -3255723 16288954 2101333 81387474 -61335751 10324186 9307956 -29934705 -47610231 18249998 -21782725 94604155 34642815 -11060758 91604349 15141010 70562547 
-16282445 19457591 20524570 48886752 7840980 56395966 4659234 -71722158 -54700665 -63740699 86445481 11233876 4811196 23820004 -34549591 83015208 76933260 -32015281 61246156 -7842432 35200628 -100250888 57199768 -100090059 -61261470 -88760789 90575845 55339625 11773817 83838643 -46856156 -31539303 10201498 34933679 -65660002 51788908 -12775344 56294020 -99864130 -48057788 85307569 12511753 55978341 -50492066 7896308 74355791 -3345775 -15541921 -103131714 -101967947 104495301 
23769466 87402866 37795845 57446024 16497305 58818502 -44720936 31060456 -18937726 61623491 46815980 -11433259 27481989 -5346870 -9806254 -51326489 -95739012 107114408 10733292 103126642 -104102488 13973318 -55674140 -15432004 103468592 -96414364 -34262112 41917155 91327443 -32534845 44548558 -104280192 -9277183 -94077182 -88564306 -82433186 -34893813 82487133 -97428954 -15544749 -99593613 -25803544 92060391 -54191303 12548778 102890914 -95724070 91863067 -26130946 -17160068 16913683 
-54960783 -55800991 94576205 102756117 83048711 34116613 -58935179 46922836 60423902 97851338 -8185482 71190818 73294322 16964246 -19635247 60605483 58481301 -34453974 -80187603 -93395408 35964707 -24001056 101432176 -72821737 27272433 -6657687 11466793 78858753 -17518225 -62764055 17115578 -71828431 -2720393 80062272 -106629735 39606879 62544022 -106979419 -31637200 -88938070 -59699929 49948582 -93081623 87005285 -51984158 55838255 85735384 27712233 -40812202 18045886 92110034 
-32055255 88229120 2696334 96563364 33939211 25598313 51296563 101273989 -20541386 20950745 -17053326 2378299 -42502186 -96835041 33202800 -58809892 -37795357 56957478 -13549440 52871471 90138976 -106939746 -85158306 33373957 18427172 793809 -14815810 82429054 30979267 22411833 -65741924 -16211433 -65518529 -79207880 17514847 59024083 17487746 36157504 55716668 -80506356 83428669 -71930332 -98206153 -1293664 -86443207 81142305 57195343 15067512 71713014 107162868 -25334808 
15443377 -3088308 -86665075 60831794 -102073076 70511718 -55423793 73272207 636858 -104582323 18279780 -14742779 100686081 -5002886 88643533 -50103641 38856823 -73164077 -94728130 75684033 -67047328 92059342 -23737743 -102467617 -80076001 -1016677 -3132744 -94070727 -37579472 24312032 23106058 57050246 91926404 -78678603 -22268013 32982199 27780853 -82800873 50964396 70877146 41194640 47278775 62739316 101789449 79667064 79596749 31525813 -20495343 103966420 -13301131 -54969090 
-14806584 -5736079 105069640 52522714 -26834628 46077923 98974970 53022679 19023692 29746142 45717203 17452234 80992650 46356149 -40082785 54558558 51661532 24729365 50823304 -101214701 -12634930 2941237 -86228036 -97608116 -32010291 -63691656 63172026 36660481 46539333 39468141 -94289129 -49587681 -6546509 -81211467 -39023588 -82845577 -77703911 -59449707 99294667 -17393573 -97037072 -85894166 101380711 44436972 16894445 -64125745 83365381 -59396390 66177601 67352689 -9696945 
95664512 -74375994 -85092234 49333514 -45999236 57806430 -43091681 70693781 45441881 -72200130 -100069969 -97402503 -75111838 -99971575 -59024116 38950519 -75764816 -77702118 41494516 24474243 -24074220 -95600472 54524158 3286697 -60478602 38131309 2885315 96353703 612842 -7828475 -68987636 71668787 23721925 -318395 20083092 7929574 -6685379 106534343 -7636608 55382934 -36268872 -50688015 -61922633 60541050 -39766958 78924857 -6954153 -76256795 -12048995 -35387782 35535506 
-85325415 -712760 -67212543 98581107 23689495 104546784 49589654 -5564845 -79606934 68110568 -44841878 -18324939 -93792743 -51644166 16719267 94476426 -104994201 4977391 -104549227 90475926 -80271635 -105317820 83044215 105956715 -33168341 -21461112 -49882468 18388632 -95179678 9327542 27315960 -89292800 1970505 1608175 14174223 -83962343 -26047399 -90230048 50014072 -71577084 38395057 47145754 104097113 -47617654 -41183168 -75927864 -470948 -16571766 103069462 46956473 46712408 
-98621040 -101765339 12708381 22342678 51706755 68374406 46187835 -339561 -105127604 -25629242 -21392546 -73664592 32049704 40646111 -88389722 -90657338 -96736006 11197209 -26935156 -106930408 -43468970 -102226614 82675140 9201855 93172594 47164829 -28457959 36558090 -39833790 -101380121 10172201 46444738 -37504564 39858857 11819496 -43761744 -17357856 -99602742 -57570739 -6850875 58414508 -39227013 -84948729 -21542059 18312529 -86152336 -77025275 2967260 34593329 -44679066 17046396 
-45892986 -46717542 -33511554 13190375 -87888610 -73242159 -65646680 66651671 -16817992 -67649254 28246941 106692123 3809245 14836070 -73493586 -53441332 -34138770 85832099 60541711 -76648733 -90361556 -95144006 87214496 56083724 73220805 -32631759 96778153 2752816 359965 -92850448 35289369 31059260 -4153507 32302144 94772906 19378169 -29783106 -75447924 -82614852 106334016 -38352812 -22525027 -26526088 -78645825 106795822 -54259251 77749293 -48458699 5941030 48742846 -63036809 
68969806 72674576 -3403725 10280979 -47737284 50219427 57898750 60686598 88547997 45542040 -101894535 610022 62786491 -24514114 -103028632 -8734680 52924955 -45941123 -44765824 -73617259 86957634 46674632 71290734 56070474 16440739 -11788744 89289137 -97079520 -44914324 92912887 40298944 14185932 95920791 -36519199 55099138 -76936788 -35688428 -79706792 4492706 -51365200 -32802515 67415529 -43489359 -69643380 86761180 -107013835 86481421 59959515 -32171148 60428547 23692771 
48595066 -59967641 22415771 -12785264 -27880286 -14325868 44210086 104228607 77116869 -62971937 20164779 99843569 35549781 -96974680 -4934138 -11066451 -4502184 30790202 -81821373 -15257304 60500879 -23340927 -101540321 81959749 87626759 -100542527 -23067899 58478752 12614823 -104841514 101968927 -42518992 -81990304 58594891 73967401 53814002 82657865 -2315563 -24496854 -66206897 104048815 -40084572 47466284 38233734 92329823 -95640929 981377 -80142901 90527945 70777039 -54156520 
-85826531 -4999410 -28107374 -16348366 -65119574 -16864839 -42194761 83621172 -12568496 -43869115 11014213 74852262 -2435558 33669105 -65278144 -64705641 82606589 -71267191 30191946 -91045256 99751220 -29590559 58648709 42835501 -100143413 -59902597 -87466943 35791421 -48405591 -9821548 3746990 -40371459 -24222883 -30512659 -27232489 -16118471 101152121 56389506 10870978 12867290 27281915 -96517450 -6765939 -24708500 44872604 -45426871 16733352 -65377114 -102944539 102399610 -6458613 
75209832 -71819439 -74103135 -12133344 -80304946 -89008592 5977696 -104852122 -18015000 -103013722 -7725613 -45041190 -54572749 -50065619 -45620519 16326637 7661955 48143510 39593183 4010286 84917298 -24045911 76880660 107226051 48285844 52865311 55630168 38426781 -60885215 58716661 46193777 73043023 66159668 3972267 1945446 -103572648 -63240043 -95381394 -56931847 18789589 88264922 64401801 -51557875 -71879141 -79587690 -43540453 -15243956 88829013 90573280 -100742378 -2809060 
70483185 -77012472 73562702 -19958465 -72791337 -83489657 41201901 14434813 -14629012 24357770 71711879 -30011379 94481339 -38010227 15354268 560016 -64193411 28037048 -78575894 19091055 106098335 -23633243 106813012 80113693 -98206986 -78174748 -74341713 -23000866 99559026 47476837 -106339721 54281168 -74799176 -6434683 40152903 14935162 46505418 -3620173 -106689545 -12766991 70945780 100284835 6006348 9199501 -22022655 -40536643 -50003511 64452761 -68127704 -73804077 -59653713 
-36664511 50467117 -50911726 56900816 91098710 -72704826 81824485 -70243209 -47071982 85742941 99859794 -3254295 90376022 89028527 41457359 43574323 28938806 -95572241 -3487847 13489590 88215231 -102760020 46874754 65652581 -75456155 -65061361 -47938759 -80019214 42139089 28465816 -33932299 -96864843 -74706594 -96477165 65246487 -39782271 -38451948 5413709 -53360550 -58132313 -15394788 -21289149 106896915 44925827 -47011941 -71357525 -100378940 -64646844 15154882 -17420386 103190634 
-8346246 56101465 51280127 -16000799 2126959 -86791977 19637185 15633548 -80541143 45240373 71684046 -31431276 -90329806 -376974 -47732324 -16178865 -86317457 -85166756 41674971 3563881 -57483295 24326954 -16421735 -77166579 102253719 -11328453 -93777799 -35165591 -30764207 104568852 12537671 25984939 29752648 -61232273 -63209879 -106694777 -38208464 86780824 40409788 76701314 -11390226 12038439 -37346857 63061149 25357245 55364138 28071429 -35500625 46419751 -46750971 -1069740 
-25459462 40474623 55635867 -6043320 97447663 15095575 23524233 64807526 -77194213 41387677 -32264912 93366904 -21797722 -76775899 -34712861 -28334392 -62612619 1882561 -50252574 -1289440 52227551 65226333 -68870895 -11287873 -51799174 57213088 56850250 91415139 40441354 20712513 -97323065 88658764 43633461 71445396 -61970218 -28502136 16951425 -44518951 44757202 -104322554 53656027 -51228932 -63761648 -46773332 -25087135 18730618 -94406835 101417393 77508752 69271634 79207182 
29915520 -70911059 -78509417 -39205742 -102107623 -17242326 62003639 -67030294 78069142 67680096 -20670923 -50758720 -45597827 83342483 105897635 -65203732 -30723553 -95845659 -105006680 -49896065 -89662605 43841825 77929398 350903 85329086 66022431 29178575 -38857398 -39229320 25593014 89449833 -87586422 -41833426 85001105 -78373412 100188228 -60596997 7275648 13309567 6269446 -91678939 68528160 73938034 -39368512 -91409202 -65208019 -43438671 -63877327 -47225980 41301791 96101313 
89962348 88875285 66374076 -61208220 -101334338 16009538 -38116667 94154489 -74955069 88040306 -65066831 -102360923 95923396 63283104 91392155 36892870 12543620 18574024 24872817 17493323 39537998 94142085 81068381 -39791966 -49231802 45309585 47079886 -25088434 63756826 92005752 -54846385 27307261 100253692 32679920 -33595258 -35119986 -67689749 102350149 91831229 100680080 -102297726 22595996 47287013 -77303807 -102518426 70280483 -44622617 102026871 81750121 -72218845 99970453 
-104353070 65399670 -6260932 -96236823 83733192 -84880083 37758575 -815211 -98632739 24869493 -59455403 -5749054 100131254 9956476 -68795798 83724912 69805998 22006238 -2886510 53202749 -7662294 -17682850 26938481 -34582547 92603986 -21038220 23425354 36555039 14581902 -57099722 -90866434 -17623392 47305006 -69918738 -106618072 58088503 45036989 33642961 7783586 20162548 -53911026 -66986683 13818767 -48472523 6123188 23242975 -99008391 -74634476 -45753704 13754990 59007168 
26034197 -43262089 10621137 13631389 -5873783 -65638517 -15657186 -21495157 26959417 4025574 -95865611 -91616575 -45694062 -51404810 74935187 -9637360 102936396 -103973169 82926667 91171174 -13707566 41995931 -62418899 94066709 105496852 -33586331 -20925447 -62354387 -86135773 -89861410 27549435 102134785 -31188452 -57693687 92423026 -77198964 20389724 11612241 -3621974 766437 62668451 32335863 27765980 57577496 -40051426 79447298 9976920 12252027 -52338886 1780956 23385991 
-2850388 -13676307 25898941 3361026 94710535 37732917 -81425521 -81857979 13223369 -57087970 -29566835 23906070 33450186 61539150 88808388 83613205 39950677 99184187 -40619640 97240120 69950893 33440081 -15304881 43601015 -28477578 23756551 -62725233 -94854202 14577248 -33170306 -68184943 85207993 -62170522 9102200 25361865 -37141692 9568634 13240489 92883241 -57144950 -23201902 52882951 -82459578 83438514 -77061248 22915757 -50378119 95122713 -76415128 -46058783 80438054 
56292147 -76735988 66784644 -18019299 27531754 -57051959 8509547 -42074372 -98837890 -61220780 -10302640 -26335776 13700411 -26642943 45102761 5304508 -71431040 62677657 10904126 -67241039 -94318601 -25617893 -1895442 76228028 -46003817 -80448877 -91069242 -81048942 -28328946 14377624 -56842754 -105196314 -106610949 -25694312 -41624839 -29322898 29238069 -5559299 45816246 -9725256 16884076 81221385 -60328303 -9024992 78215614 54632767 33400061 -71054812 -107191054 89289629 2965377 
-104684929 -81640891 7155757 42768775 93351248 -15249209 31335220 106020049 -44658805 96982973 -63557609 93936249 -14101771 -87514774 -40907029 -713139 66144120 64159861 35149491 -25443925 75141582 34807164 -87269008 -18104108 86170415 95993205 -62924532 80357064 -40204823 -99602496 -22782234 -57198970 106727782 56713783 15991596 -57692600 74479860 -81400044 41014401 -14214933 -15833712 9683238 28335831 18808980 -47976805 -32585658 -63393767 -88810179 -38940910 34039657 -26284828 
-51960185 10012730 84895139 30472553 51518980 46522145 42314889 -28544629 -63214630 -45314407 32791823 89314310 105716744 68693705 61561338 90399722 59638465 -65329724 -82824525 -54987120 -97046296 -61791157 -47490935 -20924167 -9382383 -13778113 24953542 -63030090 66937319 95134059 43901059 -21934933 3307316 73301435 -107004181 28459791 9842968 53999989 -86466918 -89406986 -106434735 42517153 -88814334 25142755 -21393950 36750749 101315345 22193369 81927276 93269746 -101961054 
-53366248 -5694046 91472705 102105044 20928634 -107004756 98889485 -74715245 -95616811 -6497046 -72512552 -65130050 96257412 -16629302 -37128244 -8765232 -20733216 3237087 35275996 13550183 19601843 45710418 26583423 -21089160 1712591 88872048 96954827 -59194794 15033346 102992842 -21347142 -62384633 96115986 75981157 70460365 -11942095 -75976074 -59716001 26263679 91210061 -10347233 18513224 -97349211 -77452654 -88724420 77880180 -88681978 2768008 -69852905 43366876 -47215473 
-72150907 107340647 36317671 49257380 -22437223 51503145 -31959145 13584748 -40209431 53748254 40961839 45124258 105524738 97557769 -105419542 88909734 -102513353 -73097604 -35838313 -75977998 -49204842 -19572866 -46052390 -46005878 85627498 65354423 65374563 89528119 26756678 16161746 105867132 2328581 -47312261 86477339 -62339813 30248181 -76577491 -99181280 25413145 39427637 8437336 71419752 71974156 -1000722 575682 -40705153 -12816488 -45561261 -41828480 100564253 96018599 
-518975 20200264 -63222506 20519360 44870432 -69075990 6258887 -47484872 -56567019 -37200836 -95899512 -60992773 -103919456 23502047 -79144292 -38008960 21935584 19496013 -36879018 -83170174 85806594 -104606349 -7879199 58447198 74204269 33761468 -84641411 85500724 38744880 28508256 -95232306 -64165260 40342930 -36886043 -80257732 -99166420 9584563 9137232 -71773551 -65078632 104657365 -50334619 -62779840 61503642 -38475818 98950725 -71506265 2584201 -100273114 6162992 69688242 
106895673 90857875 38120922 -22009508 84951834 -12886800 -31468762 -45265767 -4814804 -82778425 102961850 4623637 -54272157 -37902051 -60654133 -98316015 -74071238 -98326511 19998072 37256586 10620854 -59445070 58781492 4672558 -35456 24012561 97360809 27527583 -92846913 -66356345 -38511309 43009778 -81427424 -74961479 92200485 11119069 63974616 96014469 79147505 79761620 33414138 16303148 94633665 -31316634 25182490 -73054593 98940824 104762530 -90192980 -52832238 30794296 
-106850882 65358029 95918428 -31467473 12243520 9310612 3439496 -78914727 78202437 97599640 -91301131 -80017333 -43922430 30646778 40055810 -82894572 -26624299 97189272 -47192114 -45865692 37294706 8393057 -95299121 -20623727 -102915866 -61769209 -82990202 41820375 24043155 76831988 -86057631 -27496777 -35020510 106703792 35343776 83894699 -45475260 -45341982 -69549050 -20214672 87542227 72861170 36391441 29058342 44924500 10366089 -40516051 40006513 -27080812 -1977562 92766508 
-34514962 77891787 -87585232 44584437 -75539944 98933738 11339672 -31644007 103537672 -22467036 12129011 101720914 -26974986 -100439728 76052489 65608633 94485870 -42669643 33748030 65814601 32377464 60940351 -54133380 -75000546 45471040 -26870401 -93003297 2719134 -93210478 -63356895 -95189059 45567659 -54836662 42379076 55703287 -76843884 -31339238 -96739385 -78668779 12712157 -75652965 -38313909 -88167851 -102681232 -77017106 96812993 35156511 36694172 43520237 -81894637 -38497958 
92247497 38033818 100699057 97291995 15222680 -15579011 98746625 55684609 98860744 483439 -18461551 -96951660 -97850395 24368561 6971326 28195467 23595760 30788308 -45957097 -28400159 -34750085 15713813 90712507 35856917 81383104 -83899538 -36776096 97836534 1401435 41924933 1441466 90844170 37411189 82778160 -71298488 19256922 -66651205 -45507515 89283396 10206106 -99163501 40466550 95174340 66170739 61320347 16884217 78867815 -94249264 64298797 -32284544 -16987117 
17354747 -50599753 -21657710 93980205 101122881 -104389325 32648753 -10102693 72848747 16324278 42886691 -101636508 -90943035 -92931217 -33921308 -105420496 90698158 97812177 -72962217 -105052028 39194346 -81103790 91859450 31469572 45478274 -96993370 1841710 27214981 55422309 41489675 -25889267 -9248273 106178260 31686315 93280425 81457570 61897063 -41022685 34608910 -48177949 105806921 20732001 71138112 54537255 -72982053 -629087 97107292 -98563289 8069547 14032364 -90876580 
-80469032 -100786181 -6641279 85343411 73089253 -15960775 10935211 -20514202 -2991971 -50895051 75275493 -81269004 -31041129 65651417 -86175278 45282615 -85627306 -104778574 57496044 41910584 -85562412 2719564 -67519463 -48473580 18328095 56927054 -28669920 -88942620 -85639150 44941981 92991322 -722093 -33220885 -83229038 72164021 -100357078 -76557005 -94744219 -3141908 101734438 -82156670 48057474 -20022597 -28074109 41970647 -92902772 -49550917 -76363018 -72672545 -28506315 106098835 
37237223 56402666 -6566118 93703815 -42630573 -55625449 72344252 -44352789 -70321984 45315580 92362689 -89746029 -86086465 -30091252 84715332 -97313862 89514971 50742379 2750288 -10675919 -69414154 -57252689 14215043 -81824010 92936259 -37147701 -36036117 -12967886 10910346 -63800014 -23500534 -96731358 59454992 -30992782 81877521 -89099176 36210741 -14721416 104468243 -522079 42087139 -9071159 51046183 -56628877 80426913 72735752 -41249250 24042105 105311885 -85098307 57075082 
-95759581 -80404777 -104546366 94268459 -96434812 51736193 9638362 -10182133 16497685 -99137718 61002002 39792706 -20432989 -75926859 -74397665 52117868 92555768 -81804252 98823377 -98710942 -55583956 13431002 -17843637 16488963 -38361139 -61426309 12918719 -38902631 53817307 94441133 72751364 -13586905 -77266053 9414768 -4797252 -1325260 28325189 47877064 61127387 -88037299 76421071 73425538 -30763263 -43402202 80108301 9741120 -12220939 14798512 -90559584 77498422 -41221323 
46524162 -77859837 27679984 28668542 -51754300 76720139 -26310694 101847190 12339015 -55492050 -38484637 -45759903 -26586161 -47234755 -45753159 50963292 -86676600 11611043 14230582 -93558771 15753002 -71994580 77364143 -85578683 -37252041 67311259 -20152284 -44457661 78857909 78090868 -55649737 -74951804 71435847 -99129220 -61113385 70671429 -46037372 -9830911 57702923 26149986 58817407 -57920731 -18004988 -99545982 -83313390 44711607 1586760 -48541716 11620021 97422464 36500266 
9374782 -536076 82369477 4540907 69695057 -34001774 -45860696 100203358 54600371 -1929415 -74058674 4983812 -11901223 94666248 32973094 -44516286 22949956 56358467 -94417529 -63848437 -87862409 -28215007 -37333053 13198713 -54506252 -88029808 50132935 -27727218 -24687542 -93060617 51173716 -100321845 -78343313 78858664 92032542 -70237144 -106227423 37050337 33138129 11173726 -106957845 52331859 46377579 49362182 60065453 46299616 74357504 41124827 39293680 6288224 104921831 
-65672728 95055163 -17173055 68946467 78630177 49625607 77584904 100339891 -98249251 -52964105 62229691 86612134 10200538 53596851 20970129 45924211 67511161 -59890543 45545649 74527458 17692314 -55979744 -103520258 -63850678 -78945118 -38911274 21605658 -96003342 -82333923 -88398568 -49594285 47362965 -38421848 28872906 47533903 85207514 62742153 65852853 65381916 99694982 -57284344 -8898865 9002886 46530316 -91961275 73041281 95506576 65898909 68465070 79513438 84499925 
47316552 -12306112 51063063 -8844894 -87316545 14930492 21098933 94902434 651708 -77465489 44857816 100912716 -7780538 61230243 -17781585 -97621527 -84267430 -71558742 -41142081 -37275166 -62632495 -95867945 71783944 100755432 -93915737 -54922278 51338596 -97355891 22287612 -77252290 26065367 2501414 -35589845 -89762947 -104357290 -79363063 69456283 -30010748 46639049 38471628 -108438 -98975002 91446931 34883420 10337002 76134463 -92903469 32467359 42866771 16158297 95158727 
51522604 72586158 -84957780 -20283199 -76718990 -34867000 23206486 2376182 -30512034 -77762356 17125658 -95128131 -8755441 -28948008 -91064111 7734857 102968268 -25758623 2814845 129543 65379024 74462058 -20816934 -106813495 103871486 -32469547 60034890 5656884 -48297714 -103041238 90477424 61692805 -87689983 53631784 -3515003 89398309 18546205 -13637239 48038486 50619951 106807736 -34383884 -48035521 67113127 -11349214 -16050364 -63351164 -78272079 -51840341 -82849919 24135352 
-83333069 76978283 17510252 58487981 98187385 -40655180 82081995 84386207 -95659326 19285104 61285059 55904899 -56718820 100977699 -16783492 19601691 75762695 -50277646 -103614706 -71461886 -91782150 87597783 70817342 -4132394 -43612259 -98097554 87071742 -12777361 -73742270 -77305995 -20664148 -80882917 -98348758 57029079 64707224 71555322 30597821 13215736 18426573 -38749141 28033402 64333965 -29538065 49220052 -32675646 80419456 -57173015 -91427804 46945049 -35965919 60176870 
4139864 -17337648 31459950 -32357499 12552815 -29945010 61503843 -25083406 -84127503 50424766 -75571730 71629093 84261623 -83997716 -70087988 87079778 -87068786 -61007064 98042546 30424697 83690880 1402801 80831002 22901818 69010085 5134402 -31440556 -70603371 47265191 -36445333 -86644890 -80021219 -94285843 6626414 -94206155 78667608 -34874434 72199584 54509161 -10468193 69336833 74015131 -4548027 -9605268 -99452867 -36555337 -16783169 7403903 -11526130 -8561507 42014148 
-67741433 93034296 39109028 -49794047 -6321473 85184293 8640263 4819910 78683842 -71405384 99522178 33863101 -76710682 -23856460 54974460 -26020363 18203923 82947100 -31460083 41638086 -60707079 -21874906 100105223 -15662847 -94507017 -19034111 24510295 6863596 17670109 -10404183 210438 10643357 22452385 68132945 11077971 81128555 63937891 91237292 -39500413 -53648952 -9694892 -24478212 -92549079 -50115801 38672471 93364430 -49010661 -265358 47324495 65470307 -20727477 
69029081 -20494190 -53997625 53387229 -87451360 101566564 -2574759 -24059872 63214581 -33729537 21581349 -78729862 -63390198 -52898867 44224205 89693930 -27377619 -33191893 -42555609 -18885741 -5487986 -81988070 90747595 64286581 88899668 89210982 79456512 10620673 -100429072 -45557937 1218159 23492615 50795658 44368937 -16207381 -219036 19280574 102499856 -51106792 -10198203 81249596 -56161868 -90972765 -39714775 -72048725 -99895388 107191320 -38356167 73995467 -7169550 43288158 
100460533 42053173 10865894 -89948675 42072317 103482781 18105308 -58425905 40218435 94362848 -5487485 84263762 -65523734 -107139356 1067752 76503513 -49822033 61069637 30185655 26920812 55515485 -17875185 -17577072 -12096752 -28190430 72559129 -19490005 94829393 95502543 -99682065 -11259677 -11120788 65691632 86852964 -61508870 -55780585 -17075594 104840513 -56595505 -68548420 92118000 -39600799 -2084700 11396700 38646067 50036308 -29375560 -85785334 46402087 -6878984 75413612 
-53390867 73416349 89482320 103563398 46744842 85349519 -23336812 -23988354 -106783944 79938812 23354841 58144007 -17502275 -107063841 -56166486 -79572388 55814386 68787495 -50829392 29680616 33594204 88406232 -81795112 -95365248 29622206 26074504 -62314412 -14301512 -18221874 4860030 33566639 -67873371 -72149181 45595769 -25784516 35845631 -1132264 -16379859 29883774 98036167 -20828067 -6312039 -100692764 -30163924 35396211 -75300525 78997906 21260353 -72934164 -82407145 64999663 
46379684 45337083 -14715115 -12995539 -52383959 -68500098 -41322160 33833537 -20410247 20015594 102699637 7382522 42778694 -92050996 68641492 -72845666 31555717 27346107 27064701 -87885659 48025258 7910105 72744241 97517714 85632486 11603169 5084685 52708081 12141604 -80630566 16535885 50676600 -62093628 -44522741 51660 -13916661 -86292488 12351264 -12805588 -73398304 -105111626 9180394 -101981026 -26560684 23883957 -75392710 66601204 -64223473 -75916454 23852399 13538744 
17820449 56914267 52743104 39898065 33276890 5668825 -64884216 -76031759 86090073 -5745560 25139418 68515294 103260022 27149724 50797385 104570634 -24603521 -12909997 43949400 32128505 28782456 -1802139 8549477 -45043997 40988700 103787597 8612848 -47667849 22494102 70845292 60448882 41090793 -15273103 96119038 -78960142 96621720 -6320814 -1373842 -3433193 -67831764 -88724906 -65550484 41302773 27350557 14667672 -97615027 -78124485 -11971019 96494994 -92519849 -28439512 
7857621 40214023 95978338 2658688 -42176849 -75920822 38797629 55127348 -62500436 -54771055 91163636 77698426 -17963228 8396734 66395902 13964918 60096102 65478606 -26343403 -15465137 -42734578 -23463140 103012814 -84445540 -25204692 18446289 -12257201 84089067 105648986 2002441 -69564833 19629172 50593956 -58550470 -36921966 61022726 105363617 40590781 -44201575 -75846404 38418168 -27098300 89528327 -88989299 -94415653 92090343 35539566 -20242424 -88551968 -8761179 -94615491 
-47554906 23137597 -102289397 -66927747 74274696 -9031010 88445645 -92870759 -69327902 -57726826 -60182800 -41538108 -57090067 23151201 -20969995 25344197 -19573864 -21157470 -89472159 -17048932 50312313 -15855153 -21188158 6547141 -53093589 -45236460 23567269 59494876 9114866 100713183 -57523344 -14503948 85898051 -4837789 -46467154 92416964 -9807081 26971031 -95199622 -40900420 -104294826 -72301750 9919052 -50078372 -103863967 -14920216 -59356578 -21221295 -77431228 83891621 -30786783 
-91898724 74308346 -62294177 -70916545 35194516 88758117 19696011 -104361390 76056306 48511962 -63113765 -99620480 -69536595 -46335589 -37601953 78924658 -64530148 75823079 98780718 90953527 -17911335 95501895 34941517 -14983179 -16293943 30554537 -69783960 71105181 -34883985 46151275 99536178 -88789660 14324113 -52902791 -94314716 -19811559 56086826 28387797 52387091 -88990856 -103585700 38448576 46992850 -19462018 97834247 -1870936 -48285025 37746908 -31438420 -80406027 -55895973 
32634193 22657106 -37091584 -88460383 53305801 36869520 -39532789 81289654 -3933827 -92520075 12861278 -40120665 102781444 42462308 -47362855 102916790 -67255660 84189220 6527413 57376942 73009112 94771934 -2162180 7071529 68743996 -41821849 -82360799 77277049 82405802 67325374 12220571 -25802896 -976707 -86000513 -94906524 3819473 9947674 64568058 49101328 39204103 -87173981 32938277 -78359112 100455231 34661662 37157914 -13373856 -66650157 -11179512 -104159587 9731071 
-71414234 49083929 -90589598 -4756571 -94519827 -100375735 -30291089 58397788 -96375866 -70602394 70509255 51794624 -89121119 -100200372 96966051 99708065 81415355 3506083 91990572 -77382842 -24207251 -51102750 43208499 43022559 -78737317 99836873 -50096400 -26716729 70675940 -39789319 -6627817 106839657 71249920 -11516970 -27399590 105059759 18241100 -45999786 75641093 -52147711 11584880 38484374 78396271 -22273237 -10500791 -97912327 102401679 13209938 -3732453 -40171304 -67768420 
35690526 45433905 -28806493 43588589 -98530802 -52226459 -102621905 -11053044 484319 81137314 -97786131 -35274392 58318418 -54237927 10300050 84580147 -62509462 105707901 16901993 -10698676 -14695270 -39204307 75403019 20967275 -96170584 -20395407 85677075 -64292987 -8786387 39848948 51165073 -9842770 -41941201 -38099028 18086710 60031615 56173920 -73905846 -38063087 24109183 -60212346 -43165709 -86709127 -10104135 38023224 -39683149 16607040 -37120518 79356794 21870356 106269610 
14924483 -28586388 4343706 -30453007 37831747 -29766130 -54917270 -1165286 11784745 54019056 -82255070 -37020013 17521093 79442563 -58349610 -31482268 34598004 -8601975 62968570 62536896 57018854 -98732626 21773077 -7216772 19027431 12945077 23131928 -99741080 60251752 5240732 -70570212 -34140805 -96881755 27317969 -58927098 -106404792 -40950312 30558856 20363373 84820851 90143790 -26740649 -4375844 -41018343 -103371870 40832468 103988198 41439116 102225072 -3934871 -46698469 
-27592564 -77497638 24882931 87290288 103916890 5213003 -75920373 33386708 83637366 -75964608 -51470768 82011759 -104072366 -95384075 90255956 23930825 -81323704 100775158 -12500982 68705192 5616037 -33582302 -103228996 -54367473 -29904139 -94991700 -44517196 69155374 98730009 11102345 -92209675 27191442 -19935472 25420249 -34895412 79095872 35664962 -58131177 89518076 8489157 13282763 37664283 12976343 -26523563 54765879 63479503 42180591 54442740 -12785039 -2870204 74668381 
33943193 -42283119 99633720 -93602448 -99809918 21334845 85470728 10239780 81834950 55900315 -65497461 98459425 -68088940 96523515 -28995580 101181240 -1943346 78003572 68987910 2252347 -57307742 -2593499 -89753139 -100290737 39232069 85178668 11575379 105753904 80222220 -98601313 -67845786 39002018 -17920093 -106931370 33788354 -72134685 -71114391 96304594 5100873 72734169 -50723765 71617211 -67246229 -102166416 49907041 -6673697 -22886397 69245838 -65787563 88109632 -107354931 
-83314991 -58737548 -53361334 -90312783 -51497950 -29789080 -37055766 -16666142 1039358 103225544 47299436 -89907145 -42200857 -90898376 43731916 -18082190 87888690 -61738858 -62073045 42203079 70467289 12697922 -8536342 -36281837 12727791 -8360325 -107114466 -24886406 -63937376 36041965 38135352 9406161 -85043187 -4730131 106174502 75307431 -36648453 -49549948 -95519224 -46942294 -25965361 -92205336 81831734 12546851 100985959 -96441550 17795924 103311148 93413272 -81781089 -10295364 
100778412 -52192926 -98103532 -24426064 3551493 -92499160 4727074 -6519946 -54658201 -107149907 -11781048 -75277172 -17981316 -63801590 -105634011 -57020458 4264496 30308173 -52079054 9519106 66063567 92166144 -24118844 65945128 38382844 -56650926 83541647 79117411 87453280 26704253 -97667436 35678719 -68132058 34653489 15942492 30194131 -52239586 -94075391 97003507 -77671191 -11439730 42067497 -105309851 55025302 7029912 -66338351 -36493520 61745684 -62915260 -92953723 46503671 
-106443146 -2489707 -68005605 -68036236 -90021181 -57411452 77143402 -50315050 42822417 105986069 -85249347 -16254015 -45907642 -87732925 -80659585 -51525784 -59984900 -98141704 -71195347 -6422046 362337 -11983262 -65910996 -47847880 -11746673 -62197386 42325100 -4629148 35949780 40412732 -66987902 95255002 14016367 -29706595 -17767131 -49479654 53521912 85254604 -34822871 -40414470 59569934 -21752731 -37390623 -88085947 -17591760 51566193 -99166542 -63187125 -86876379 18567224 -98882588 
-87779986 79662730 60271027 -24689045 11818711 -11059636 49979961 -73168134 56671963 -19229743 -35443506 99079641 61424477 -74241151 -9975588 105547629 2001474 -74500604 56040496 3779971 90843135 -28464363 40752851 63829467 -1240473 -60359561 -17413233 -22545115 12289762 39108482 -40298647 74190615 95344181 72147004 91056072 10440428 -18541693 55044523 -45544316 9965771 50520135 -97255978 -37599342 -87374596 82056411 78059102 -50033347 -61670567 -2280783 -9438209 8084850 
2882861 -104318289 -82015927 93724312 104735484 -105307586 13378784 -58115526 -50860698 36820232 84945002 72964252 -22071652 -99309525 -48045476 33751952 -78839324 -49025744 -3129222 -13164653 -39879489 16585164 100373390 27666378 33833747 59213505 -94627030 -61430466 7577096 -75791597 80436636 -67263083 -84490487 59944901 17005929 -29055424 -56343790 27126273 87394236 -57894863 -10097344 19434700 -50884851 -64407084 -46703236 50934159 -47861777 -19148754 -27624025 -94625435 -73961999 
16161784 19721582 -42746065 -68611159 29230097 55094140 88695233 -47993311 -19817796 -71038547 -82881522 36685476 -63146117 -102840623 -85829388 495298 61238680 106654340 -44326947 -105352936 -52106039 50823291 60138298 -83120214 -103623428 -6418787 23978815 73122999 -90057363 86704712 -53703796 -26088369 92708513 -36284398 -92258237 -17990470 45323180 -50971908 -45458879 -54147986 90340749 69603610 107224967 4337514 62729464 -103235045 71305421 24311116 44528220 81907088 20555289 
-76805642 14039757 39340643 -2606584 54985157 94781049 -73156832 29029090 -49383957 15995655 37946310 54716969 -64550429 -1525876 73843133 106998454 79044859 -52177234 29933992 64923785 -102400291 -77168517 -27969115 -48847844 -99811938 -103043564 -61206036 -6157470 69848645 85288601 -103212353 -86011073 -89347812 -98227107 -55193425 104375382 -31529878 57682666 76848414 -98469817 1151525 87103000 -1655478 -103919284 32869762 49748932 -51037801 27600244 27700902 98346206 53267181 
72893443 80241023 -99454525 -65905035 72697940 100960633 -74549785 27748766 -45060678 -37913861 -44110489 94096857 15431071 65095128 41993449 -99774758 -24073506 -12347921 -104895175 -31439533 -3235462 -79247112 -35938023 -97978176 -69533204 82892838 106998384 -51075001 90348873 33573076 85626746 93340246 18956178 97173013 58092066 -10516065 -14323066 -27525006 -46224866 -16057862 92490556 -37651547 101485148 -34410348 -57303306 998861 48498109 38615626 -27331196 -83609072 -62941190 
12450665 -78642097 43400951 19104736 -75740487 -29577404 -41913995 -71181758 -95455581 21076758 -51475813 -8927983 -40472919 -78850379 -75491573 22538537 -66857390 -71690092 56881040 51998174 -33792453 42747364 35356578 58327626 53346350 -83522671 76754362 20168759 77353627 -102832795 60884405 -75389650 -3606288 77164854 -57527384 60203825 85633967 70631378 97948044 37349927 89676074 53378127 11773365 27154655 -55909140 -29211448 -73867572 -14163485 51430248 -44138264 69424464 
4106988 93418620 67229971 40938542 -21711265 60810001 403474 54818092 -33522701 -97791051 79204673 -33570183 -62138559 828108 -58966753 51125867 -35828474 67542712 23597856 -26261892 29775026 -52839612 -45358355 101937846 -15796795 -80304608 61085625 82774904 -76414081 -68867494 106014133 25653785 -103160533 -19502225 43439336 -43281964 -1861034 -79149882 -49870189 -4336328 -16672534 96128639 -21434000 -53098167 -102094239 94090084 -41483862 25769319 33995347 43540526 -8104605 
96861760 -102887205 81407011 29586480 7973537 -37994080 -97183707 19418976 41426982 -79497577 101264174 88772939 3262843 -106506606 102404316 28392955 -92697116 -46026120 -49330175 4415631 50383213 -6809845 23661917 -103388001 -23813904 -19618825 -68517387 -13698947 20343798 90822866 -31573978 -101464208 86233211 60649580 50633249 -13911578 75382862 85498370 -93153270 44047387 -71706029 -106116841 -17148284 -36685870 70791482 50625394 32492532 -81948454 -73888539 -2890952 -105872691 
101110193 78445527 101648962 -15445202 -99298757 -51835141 21809819 49891210 68081817 -44991119 105595505 -13568168 12187085 94710748 104372535 23801584 65651119 16458175 -14640853 -4811403 -15427988 -66213156 -83489026 -66946280 -40240938 -41696276 -6294227 -2222458 -25157207 -16688880 24378307 -68797670 -68882265 -76632894 51142235 77129233 43940545 32276735 81721340 -104147276 -96429729 12577489 -97958543 -61774308 71548314 21702699 51546507 -21738732 -28608769 -94185064 68276165 
-11228531 77914023 -23643666 1558707 -85848217 10783005 -56803946 -18665737 -25013281 -7103462 13248108 50292896 116759 4708404 99404448 -100683620 -99526091 -64721681 -69400473 48615135 -46694087 101805355 -54585230 5789297 -106046417 -97129103 -73178940 -29991014 37501957 9128014 -68545900 -25534907 102303321 27978240 36881176 29424873 -65914723 95089046 -97862034 35659194 5388446 84768458 -56158701 77253143 -21421669 -349028 98280838 -48899293 -66451628 87414385 -36383538 
87574675 -53819578 -55237729 19430470 -37834429 22355042 6538472 -75441852 -22478119 -50951820 -21285999 -49220722 69348653 10560746 1592239 -61851665 -10047338 81921351 15939662 -2897756 38622237 41080625 -82411768 -90859621 -67852929 85527709 50631473 -70947248 94940992 -88317944 102875691 97745137 -104255087 97934271 51821623 26523059 -3322471 -48827580 -15750338 -100277461 -47752135 -28301385 43414908 -21006352 36666050 39518696 -4588885 84329173 15501473 -21037726 51112671 
-20098439 14430325 -36640583 40447811 78489159 -70092660 54550144 -91598607 -78759370 -96711603 -57435588 28330996 -96799815 -45175744 -49038102 -101941828 -12156916 88966311 -89040157 -9596757 99808961 65799408 -42318259 35121756 22718314 -82992530 -2849453 -48497404 -65585853 -38930608 17959769 19373359 8755958 15794580 -66518527 92443970 83637592 34032221 -98603939 9485992 56194250 83919867 -49508990 55846381 95330635 11388940 82363899 42202871 -79107135 -85371129 2037643 
-68243277 56201572 88146623 -73545409 35030460 -101005951 -56324795 100018899 105611131 66608338 -57588665 59606779 14035341 -77175572 -69966872 -25811573 -82303053 -100065842 59934009 44576644 -2995070 36374622 80798189 -95013394 -96824087 -31303422 -82644195 -36733333 46449312 -3996887 59363636 28839906 -57453386 -83301487 -31368375 53465785 -29075164 44052261 -42334736 -13765909 -23127314 -35541655 -83929111 104383279 -7116865 20589363 -65666631 -78301989 99277594 63500891 -29912848 
41622376 -69484148 -103646692 -21454545 -396006 -4641786 -27496844 -50840322 -70744618 102151098 57714570 -73084734 -70407366 -38202295 92567438 -39029827 10426326 91391027 -95161830 -90739429 72732979 107141416 16500922 91038566 65602103 13230166 -35702838 -28810420 -54136529 -87226304 -3907191 -66344650 -65463553 -82304735 -63334911 -33597762 59921197 -32698578 -19696711 13920073 56702069 1013002 -69806105 81728281 -51839400 101582956 72479942 32644406 92817583 -101887303 101621004 
-96089174 22054453 -70757080 -94418577 -77400533 -4736239 -32362665 -52681961 47132463 -92245049 -93097359 -75072266 62081369 34160270 -47936004 11723331 7469202 62232629 53117137 -17896854 -21803344 106617787 -41642254 -42901039 81788909 -77093569 -12155971 22194988 -24654658 -52897348 -66074161 -80748565 14118858 -58274379 31591527 77576756 95908513 -94824539 91752697 -105275312 90945355 -19654642 54175378 -19724395 77293409 -82215881 -100399124 75391108 99864497 -34800021 61170515 
31694697 -74256782 -54205036 -32887385 -51653749 -20818909 -49266868 -17921203 80223524 16213156 -84761101 64478901 -38690116 -97650237 1572376 -83773558 28453343 -70428984 103249389 99710807 -83725136 91751343 -56178991 21167447 -60241531 90863895 -80660279 38101005 -82869908 41232558 -22677660 72874053 -17545668 -90811462 2075042 -90448861 2102387 -32702971 59215326 99753998 6648386 39563558 -96077242 -66321967 -61461999 87395736 15304499 22285474 -81843780 -75205957 -85054389 
-104626855 -20873748 -61196674 35847010 -3642191 -61374497 -42252525 6988764 -29608289 -4108546 14730047 33241271 -77266779 52423960 13690015 -32409293 73771714 24795301 68315067 -83351246 81264442 83445788 -91543226 -55666866 5932034 -20025093 102323736 23196439 3387225 22669436 -43835854 -104098063 15438305 -60280222 5160073 92036455 -24820497 -31802997 8763005 -24095510 -92657471 41810226 -15456359 -70343624 -88495414 -89322688 85468822 -98303573 -76233772 21581719 58720026 
82296697 72501417 -49161938 56646897 -50318370 70323691 -33599946 52348100 37582588 8861862 92982637 -58216493 -99651751 38837559 -16238720 42009164 -7879770 -1090918 -85567067 -35683146 -62211852 21808461 65028767 -23123080 -71888447 106386005 -37319630 -63942724 80431967 -84509819 56358510 83519259 -64428787 74995041 -1513824 -43092870 -58094243 -47665963 -15609674 44907567 40932832 -68865764 53106525 -104244662 52347264 77742273 23870320 23356740 16934314 -86090963 -12872389 
70727390 9824952 23828658 9119618 48213063 100634490 82362986 -21381526 -100631271 -46460017 39309816 72393985 35363006 54191903 90960448 -26805243 58896463 100407944 82527738 86930344 -15540957 -79372651 14168622 63649002 57754549 91038496 86769172 49487838 -63289863 79011328 28329103 72032892 -62156838 24583078 9626568 52676618 -28822730 91330988 -90492751 -73786773 -45962160 8585272 23968344 46735953 32180187 36003913 -83129581 -85193115 -32223821 -83754252 -66454735 
-60441864 -43678279 64802329 69853389 -63987056 -35934672 36640563 39215902 -90104906 51915025 51264286 82779014 7186707 53447365 33794332 -71986938 -21701198 -25080985 -39372278 46209917 71591299 87336317 -11347612 14043913 43433508 -53509570 -32603964 -60693324 23433483 96549200 -23357522 61444736 -1014640 -51158347 -22751595 43431146 57404121 -55136920 -93776280 5069684 97590071 -7950013 -75662839 -10871009 9225328 -5497557 -48379421 -106368841 23863494 -63485597 -37809640 
-75179720 -36352790 83860652 7861796 -88171412 -11192187 -51553013 69264952 71295997 -6083398 97372277 33556509 -33694 90153177 71770101 101350454 58248202 83458235 -26602496 81662377 -27891425 -76494640 38222183 105201547 -11915248 105507733 -54216160 -87069875 -168222 71111581 29742391 -21321040 -7538143 20216089 -90051553 105602050 -101750527 -50759968 17522770 9735946 78451200 29281000 -20803872 -93736027 69072888 29282343 34803989 -102958415 48498330 -59645639 12249175 
-103707480 46549237 18023099 100094339 -89893404 102432343 -62487920 -36503135 43678524 -11272443 95909057 23997078 78768141 48065051 -55887063 -101773813 -38037518 52916258 65438198 22945000 22569211 -34849892 63955586 43627773 10933119 102691450 -63109352 -55935781 -16559157 -42248890 -21996977 73010872 99096284 -63295665 -37575800 106676307 -104538394 10968271 40820273 -30784005 23991348 22253195 80862342 -105304551 50074819 73240245 94013371 103726822 -17378185 -93157444 88021238 
-2765323 4621618 69145548 37147913 -102288214 93972612 -49755275 -104083851 35713132 88737158 -28812142 -34374532 -13843257 -88935841 -51824467 33974371 -52631049 23902305 -10450426 91641320 65285823 31407569 76278193 61850922 -70734381 -21840545 -42421129 -67641682 82241552 55690408 61343829 -78862135 -72554462 96615103 104908983 -75354853 82849004 68640605 79058032 57603411 8134597 43549219 -6669039 19702184 103853271 71975303 59755877 -8370277 -77973075 5837426 91648335 
86638109 -103220455 63347321 -20551748 -64761237 -49458426 9924638 -36187420 -69863518 45904630 16041468 -53964271 81221820 2387775 25400614 73044753 83744097 -84451114 -103868351 65494267 -59969931 -20009910 63785861 -19517219 60624922 62992749 -28529703 102024567 -45798745 26149680 24358977 -94604090 44041781 77965472 91333488 -33207097 -93640894 -37051816 -27435985 61737594 -50648764 -43318791 -72809609 -88683905 51315102 97918897 -49980721 90746116 -14518066 761133 -92797743 
-91775259 -19893197 360390 9484971 -53434280 78750955 30402484 58060429 47344432 60708246 -90732123 -43201285 46490151 -15688028 -69193441 51597742 -21475954 49395189 57863448 71269000 -76804324 23466740 -57230316 -36415837 6447253 -97674591 96310551 14156432 10012945 -58134741 -17182778 -103105753 -92954038 59614112 -48058950 46196247 899569 54763763 -29833241 42120500 17936302 54234957 98674117 46560442 95348029 -104860342 -52908650 -4740198 -52461699 -97199832 39434674 
42462075 -92461766 1721516 -38870960 -91213438 50386275 -29335509 -104236022 90207588 -79167710 -28565539 94114492 101792719 -14410531 42741014 -5837652 -52689638 -32397985 -61019394 21326107 -80371712 -52778738 28122818 -82342011 1589275 -70910317 -90640419 -82745931 81508136 2912483 -34086910 11715389 5366881 -33139096 -79290642 81808458 -34152963 19930818 57099104 -21558736 -28818052 -50107361 -101721316 -82646585 23011040 98130493 45861202 -57388305 -63109984 30518487 67816304 
10945166 60771808 77458436 41243802 -59325109 -19910127 -83337306 -93373461 45332529 41123891 -1766953 70756104 73074071 14870254 -1878042 23742084 14682081 -26523127 38195535 -50842674 83419338 -13928011 94401976 -32550041 -70055077 94945684 6989093 -52075758 38654382 103328355 -67661153 76770123 -9368540 -62846310 -23274456 -12264702 -56476037 -26079409 3849573 -76303652 -83145007 39856218 53173294 22232139 96382468 -96435016 69609970 -8120570 -1613887 63548681 65738250 
-31731168 30916709 -58444436 -106060402 -102344084 24075625 -64636008 18317445 29497325 7146479 -24795295 -103708589 -3028752 -11597252 -107170407 25726889 28044008 -5425535 83380346 -100790768 13021387 55760469 -76729097 60713105 104682661 -89131060 36648987 104113872 -91765555 -34017030 -104921188 47783571 -25468396 4382580 -31644885 -106124490 -95250842 -53528567 81043673 -82940093 -46719532 28206036 78195503 -44033614 87173157 -41040968 -47800239 8467918 -31808362 1743451 -100512987 
-103203764 30199784 -84941103 -94883756 -105038065 -23494901 -66795437 -93117710 89410648 102659815 -18219692 57338248 -90780449 -87138547 -58194441 -50598558 -64817760 -66371088 79534314 -88891761 31673350 65267986 47669909 -40055716 68349854 -89772471 10319185 -102816203 -27575799 -72304298 -82414494 85489648 8711988 -22388885 -104993503 19344126 -79378464 49835236 -27990140 -45693441 3291057 -76126650 100711787 -98702382 50318545 -25380749 -24843180 65008502 -82995453 -71552205 -94437911 
90925526 22961210 61879717 103443438 -54589793 -93963132 14493879 -19009535 64843615 45429525 40548410 47241522 -45177255 -104868149 -106185343 -19357702 77814669 35839940 -10321326 65954976 -70194343 -105320279 87530752 -105752769 14983654 -12869056 -43989293 50759037 -49976772 68623850 51792330 -101168091 78424577 71082046 -82762151 -7940649 -43738854 37332812 -18085328 -52834267 78022393 7500817 -49638480 -3129951 -32269214 29807203 66738028 82413207 35360420 -8230161 -5647232 
42676436 7948917 73437463 12735147 106385534 -62016655 18983275 -28895099 -67250911 -8725069 81082414 -62978718 -56196773 84069959 93551258 68176647 3190008 -41296608 -16270193 23927172 75070344 48888937 39267189 -8925110 -20442987 -60052291 -25191964 61444895 -36087047 -20937202 84278967 -28583008 40493792 -51395565 -35931886 -81987984 -100068040 56591944 -22883678 -3038012 -14888163 -103381591 -60932847 22425561 96980309 24319701 -75419763 81906212 -101392351 76300866 -56778358 
83609632 77369793 -61886060 47518858 93020611 24743336 99716870 -83687912 -83299173 42538932 -102762909 -88841610 -103010549 -23901990 -51741246 89344021 -70848455 -54152423 28537308 -82286890 -102156452 8261918 -64865192 105560061 -6282840 -74008345 -231 -65147337 41353608 53532308 -9461423 96879494 -15732917 -2063489 19040014 -38469627 93219787 70455522 -6963950 105522041 -17168397 -25125113 -57330152 75592342 -37754864 7893658 34036296 -659370 32260496 -68082237 -79172545 
-31551333 92476280 84844472 38666040 -104680968 -80159011 -65985301 50094348 19778328 99892515 -14971712 -86179812 25102774 -67143212 -12302022 -29807575 52649814 26284018 67727750 88994371 -55667758 38102357 50473789 -82552290 50546522 76572570 -93125711 79669270 -36047123 18617912 54224119 -90863868 -83571513 105986578 -72090803 -65295160 -27467886 -66979645 4474703 96220728 -89196340 73164758 96734472 37531490 -29648511 -98066597 -107245210 67149645 -73538115 100601836 1437432 
56412101 -90213382 76902693 87702538 3370061 6675123 68339992 -27601886 -90242303 -105019756 14054743 -96134465 41077115 23282447 62243085 52971472 -38157122 93900109 -62414679 -38864252 -56880639 -67407215 57535946 93505712 23038562 -19180138 81502901 -49641834 -24059261 -68367062 1357064 69588260 -17309185 10575042 18856571 -76990018 10640519 -94365518 47763234 -24867143 -19286430 54612418 -83073620 -55364775 43684174 78139867 74408281 89829527 -28483060 -60745443 -84022253 
86871619 93530469 86583107 92894154 -47146006 -7517789 -23091843 91370147 -100109729 5737369 65331449 102433601 75913488 53044705 -58546789 31748974 -7741283 -25525959 3941397 18966098 26325704 13051900 -24450824 -87869439 -13131990 -85647052 50438805 -38364426 -9739052 -96856495 -10621991 -73606938 -61676073 70139296 -23338548 -66969509 46579872 -102918804 -99468047 31447877 45931863 -50845881 -105426194 68047896 -106255862 -743141 -83301213 102722415 -34594586 60472942 -70296719 
79131291 -67542659 -99030138 10669818 -27838382 9818989 -104782009 -51123267 -25822652 -8491520 -92433416 -16325549 -67496241 32135026 99280509 80409428 -75390955 -37936199 -11647410 97045941 17050095 56148270 42626812 -15422730 43457074 27526566 79723936 34444926 102385119 -77984317 -78977799 -1432722 -59355929 31567112 -87810884 86820244 102212043 -67829485 -44284698 -101371029 -46361913 -88811969 -93264470 20635237 80498814 4843850 48462056 17697354 18229536 30888316 86597892 
-90969340 -86279746 -69196157 85290173 -88506548 54180658 -26700315 -48373443 -41727255 76540928 -8660857 -44463361 -20121761 -57567545 -97840283 33572444 -49157434 23223252 76029543 106595198 -52402874 76276392 -21516181 8401615 -23235913 -92174883 -26000735 -96483615 93479699 -58611016 52817772 -101489619 -54710408 -29633046 81323548 -71999744 -14138894 -51825117 6526994 -79681026 15366249 -31895791 59388372 75163635 -86136153 24099909 83836639 -80249907 90397561 -84472264 -81499845 
16206301 -73847082 27495622 91481637 15182526 35494541 44214711 42989243 -14033078 -49318782 76911181 19058110 33168158 -55608513 66695661 -59996486 -74733584 -68946420 10873194 53479598 -74614976 31990531 -73338902 -80496994 -91448543 60605705 62552879 -59092923 -57813820 51877058 -69163506 -48682589 -52622109 94112286 -13028496 85856061 -60548969 -20125255 74702260 -102060229 -98946474 -37054495 -92357970 -84185834 23227982 -99634676 2945695 -99602773 -12362633 27943973 105626283 
-40059493 -97004367 97464151 17673636 -34558577 8611669 -54957081 41394511 -50048976 -36503464 -72502457 -67305133 36574447 54163662 -4415440 52553903 -21178927 -99712809 91907275 80151554 28965776 56163088 35989433 -73974072 -82268783 -29676293 106933816 -3263570 -4885647 104197049 3537139 9358218 15481654 17993749 -89584241 -40815877 86629412 78272575 80583136 70419264 91551337 -94084257 91594970 59210518 -104668209 85437177 86113956 12102960 24130958 -64490769 93687731 
-60499459 -38023643 -10820116 -24379318 -32511291 54939352 25654868 -29289172 -14975172 -22436151 4953506 88166285 -100744653 9234379 106905976 18463017 70829764 105579884 -60795562 67622389 32851828 -71802596 19898 77003564 -100657706 104694766 -4502784 -42640405 -29164848 101737542 74417461 -71567922 54682700 -14211455 40490654 68181980 72167451 47926098 12143753 27827010 40405861 3730249 -94717708 -62686830 74899864 63755875 -100197819 102794888 -18620271 -32110920 95990571 
70427471 -19214347 -104709530 -40416752 -9787978 -2513578 89350199 -38461008 -73938912 -47275879 17716892 17942300 91447515 74081924 -83971122 4251065 83642746 62694807 56611225 86223105 101667444 -15590218 -101966717 -107158048 -84258470 51689231 32120093 35159121 -6067224 -77366115 -40222115 -27683187 51780871 -13935873 -12260340 -18779699 33902300 24237560 -18357035 93065078 77612518 -62983171 61135282 44547163 4290222 -90988428 48610177 -10965438 2154685 78639465 67706793 
-103134522 -107130595 101529951 -35895333 -31123434 -12990849 -80040833 -42023878 3183332 76808532 -34133719 50459477 -99627211 52717792 -103792255 82201590 -89651263 -50310964 -96613667 89765486 -4955775 -29297475 -25452005 71896949 -31870454 -16544242 -63848359 1478215 -30503307 -51297845 -88082592 5610869 -47801549 -83897660 -74399358 59842799 25170650 -33453353 43250291 59098263 30660837 -102466684 -64702339 53352407 33412498 56679520 -7796981 101899148 26104081 -90319588 -31928758 
-17281402 -89245285 95728575 -98686397 85321358 77918814 -35463776 6777447 41199392 83301940 2885759 56220518 -82656537 83925438 32044304 -47831646 34899512 -39338240 18987936 12296066 76088069 -82627181 -5273474 43482416 24639982 -71204815 69106815 85100856 20262812 25407119 -8536014 -31902338 80167432 -17364750 -10241758 84568319 56143122 40342597 -99701312 1110378 64064932 -12473257 57693054 83492070 78311505 65015800 -17954720 -51704381 -92935848 76111813 57494109 
91491963 -90072351 72002325 -102152451 -55326793 -94760058 15236300 -38805569 8287811 79580260 99563365 1071753 65249785 -1328547 -76879271 -37715663 38900862 21350961 4511228 -21908693 -70532877 -29029116 -26522021 -100682969 -50844472 -23418596 75194760 88082480 -53118859 58824304 8082381 93650538 -29163045 37472746 76095684 72358931 3138423 -85517377 7062471 -104891797 54030242 64270828 -4959638 -31971853 -54790098 27827137 47963820 -74432121 -105938645 -30437335 102805018 
-71572273 64378260 -84582050 98307077 58700772 -58340272 34624054 73977435 -71942722 102622585 -7234184 98947244 -63369244 95225567 99939777 10403828 67032070 -83078819 43590338 -99310303 -78095161 -3936645 -73139474 271338 48382688 16528902 -31153364 4563389 -63581076 80121307 -104127009 60119012 60755474 76136942 -53744553 -76484311 -69458551 -72014474 -59172064 60890023 -74929214 78076221 -98516317 -21630971 10636963 66763755 -89962415 -55855436 18670531 50559847 -76593820 
44604920 -79641461 81044287 40139822 85822568 -86572340 -18901948 99747975 -41764862 102547233 -101680848 20825134 -46583061 -85428443 99450835 -23068834 74827142 85782766 8907616 -56801055 90303044 -17229998 44584677 -83109531 -58134595 102351810 -31838855 -11664628 33886871 64784481 -100025645 7431573 8503167 39307570 -92498262 59175801 -41008244 -56923428 -86112590 104367399 101421533 -42701570 97927997 29168396 -10912265 49944436 -94082899 21883884 -30842673 1052518 87903656 
73403298 -60741532 72446061 52219153 -87228839 87924788 7097344 -24247347 -9434553 -27591076 72723456 -73369081 7657696 51131155 57182184 -99332699 1194140 -49342492 88179744 16742688 -100356158 -94410518 -44794239 101067388 21456919 106672755 16170623 91626564 59992369 77077489 -67037281 -63319325 36723033 -51325745 29014551 -96406890 39349206 -23212436 -90259142 89853242 -20003170 62279581 -12872248 -25189940 -42914578 12374965 -85719425 85300603 -105371696 -19263600 -48081006 
2182155 88659982 -2651274 37377573 -18587483 61516997 -101766101 -105217421 -60908904 -48983361 -103927356 8438071 -81441447 25450759 -103298355 -96766196 68134268 -2283725 78994846 70282645 10820971 -83218078 -53886571 98772076 32883364 70383186 71428957 -4880598 -94669938 -15693510 1937803 15056323 -41827646 91048709 -43862560 -70280937 96089910 -13310925 37308340 52982202 -104868235 86830131 -32854006 -1781053 85043604 -93167740 76731071 103092689 42313777 -1482050 8722405 
39781518 30509743 -66351363 15822056 52158757 -22403134 -34678122 -5788964 -60104113 34826540 34665173 89101945 -20758486 53560245 44444913 27875610 -73302611 -58570934 -15964467 66476030 46864212 -22304159 55976990 -76757979 -22229747 -78659698 62350332 95005095 -89302631 6469185 -26928299 -55034950 102992411 38859202 -14723211 -11639564 40464361 -80218991 14896081 -34561222 -8409825 -18452594 68240658 -86812611 84420588 -9494875 -83395527 78310320 89815913 94515558 -49517155 
-28994427 91129949 44912931 -86474528 -20392480 43323206 51672786 106897147 -69282628 -37910789 -82936659 -26549829 -49182187 -94705383 48323907 -10633567 104833556 74368155 -99300755 -50021670 -77703994 99471878 -44889541 39732538 39672311 86199031 14488533 -29198891 -98272906 80789934 -92895054 103043702 -45315675 95963920 92418814 -84763168 74081826 50633365 -24828138 -19472370 41403909 -2854719 -102190169 67477078 48284671 -4322218 -89178694 54104351 -50528751 -89946192 -61005326 
41822117 851817 -8513698 19209092 -74658420 89868028 -30174358 24207834 -69268132 -2878544 78502466 52859461 -11234390 -59827738 31543299 -17525518 19294694 92487681 72958057 -24172297 8485588 60615056 98703348 7288514 5385693 42906726 30753676 -59481305 -96151184 27585868 71300437 12039140 -43015601 -32564788 66452303 923094 106370369 69280314 87370446 14654038 -65519305 56863392 -95619235 -73295461 89511869 50618212 40541003 69314981 30292025 72736936 11754543 
-28959846 -81129941 -39976221 20570882 -71402901 12654099 -33211914 -84764001 63837793 100681650 67705523 7713564 2719003 21962091 -99072478 -43053075 12944691 -54794540 67616402 32864483 -87355900 -514235 -46334657 28289366 59262503 91615197 -99900852 -30855675 97765297 66002698 12120238 58963821 -55205693 -20459714 50774519 -28595113 -14594177 -90688054 -55869425 -87149687 87274202 69797511 88740146 73366716 47899753 -84476250 -99323115 -40163382 -13268454 96928884 -17650818 
105501612 1630764 33164375 51398355 -69469392 64454817 105373439 -21761763 -93123952 -51392692 40835712 -47849551 -102071923 -81147740 -104673846 93193732 34436972 -9363396 -77755152 -5513152 -1554469 -6956590 -91028062 84149339 -61303606 -100254763 -75477825 89676738 -61836437 -73455671 -87852809 -47933370 -40824444 -43394439 -70749588 -103825805 67322476 -68058123 19800562 101796303 -384816 -63020095 29940880 -33001208 -2641735 90129257 18328686 40677971 -18766727 -22423990 33091236 
-34226834 4490639 90322947 82690935 -77285513 -11654742 4296189 -97225341 -38053193 242767 -92738915 -34103862 -45498080 -53114731 6778064 20543144 91866729 -92929389 -42745446 -49316833 -58511488 84842453 -88642 -13877995 -4033921 82094610 60621824 -5246934 88422901 -37954960 -45053566 -74507125 -58274584 25711367 73637903 -54489676 -42876350 -41145923 71949053 56143930 30891819 50314957 4602298 -54433603 105119730 6018159 47333224 43352235 -68072387 27904916 84042272 
100286741 -28754517 11483467 103954835 -72375476 99372810 -59982608 34097344 -34780278 12623697 1919015 -42841234 -3719914 -58409003 8825470 -100672624 43404119 -65153523 39172580 29870716 -62752148 -7920538 -75806573 14608647 -84795641 -68399461 -193528 -49538527 69981956 100188397 -79134655 88306791 41453850 -104359819 101320350 29064885 -99063785 -45273473 -55360306 -20685030 -51165059 34998178 94350447 -89435067 -35929349 -98083326 -19586622 -99176989 -56892527 31174494 -59137077 
-65578598 32269278 -2182922 10091113 73767200 49497624 -16200518 -52142552 -62121092 -99195072 13930752 67513542 9844136 -94209532 73906823 93642286 87729949 -12335517 -80297500 -102329011 94056182 18941893 82095502 10687262 -1434293 104246809 -75228209 -34834468 -100887197 5514744 -39771093 43633968 -52972760 49701519 -90991986 -8839200 -105129288 74230973 95770790 1957093 -82225074 -45780553 88327151 -13732259 -84558666 -5574074 -78281066 -47028359 16078049 -49153736 94114067 
39445794 103602270 24332222 79352168 -75582723 88156707 -29578418 14204121 -71968414 18490222 -85412754 18052871 87525935 71010075 -76492141 90289786 40706663 85706740 101192330 19585216 79635273 -58159719 93665500 4346985 60774149 -10328764 90795565 -59308434 -1619693 -75008074 80804208 -28812435 60459172 -55459354 46432327 58051829 -11910761 71317029 -48896204 -61034292 -8009847 22869318 -91194166 -86693587 -60456896 -103017778 -38492914 46229246 -49524977 24463727 -84690284 
41058712 -62492088 -177687 -49675794 -95773950 -54227893 71759299 -72241916 -97468020 -28962765 98233116 25068961 -88423347 -63463255 62270874 -96315671 -37967606 -89871937 -33593542 -100981688 87772980 8028353 63662174 43080774 62686054 -90957954 -74070280 51908681 -41157295 -26395499 47673351 -4563566 45278298 38502971 -72391912 24877856 -106690202 -5324356 70670884 37109522 98264568 10988410 8970974 -27627284 -51065608 -96533513 71561643 83285657 -83289533 102118167 10082009 
-42870164 64299893 47285401 20505555 -96207594 -61498128 13281411 20485562 28723468 -27442245 -101468296 -34038925 36660656 -43927990 90562491 88871712 61373426 56630475 103389471 40931975 57021 3565575 75286521 -90584825 28312601 34618176 -65536648 95807037 -44624670 -92271189 66769005 53840355 -53194841 3449734 -46072165 -66238129 -31343517 -33283805 74825259 -66071591 -92321962 79387207 43139754 -10892769 62905468 -43684637 102245578 56508369 -25716349 -39932993 45315114 
-12658093 -10930370 -44791232 -76652654 58084967 89763604 52252011 -89985507 71225850 65758290 13320250 -92730918 61730213 -43855959 -3110019 17941505 -91785617 42047877 -33190304 -81298521 -33362677 -37661992 13475741 -17139093 -106801078 39889570 31861311 -101664415 -76357177 82496708 50228737 26937667 -62004261 -1984525 87578551 53902893 2633818 75002197 98832224 106855362 -69962912 86223174 49160213 89464532 -17856129 -50535451 -102811138 -101998412 69050437 4447308 -54413165 
-31191929 -103308320 -71334592 18022630 -75150463 47535730 -17379555 55835173 34035174 81930274 -107243435 91847916 72003941 4386497 105420820 11904477 -45035559 24648827 -48317198 103882381 103613727 39322264 106594738 56355409 63378123 5238893 -89977758 30204553 -81960830 85138690 -73424223 -37978339 31953594 -102275233 -91597146 -18235465 94346360 -85837976 -45771758 -74918102 50219344 -40430200 -86530914 71944710 91627711 -5405748 37471847 78465516 70145384 -80183911 83221192 
100751172 -43629357 -82191575 91169951 94520566 -64709974 -93688955 1030430 -4093522 -50798848 53804221 19373835 106813314 -57118009 -59194273 2386117 -33533891 -32925455 -74140266 77364647 74721976 -25941988 96637089 100301556 -79787282 81472731 -52958567 8774303 96764594 62395181 41416960 -49978492 103871063 -94495974 -80232362 -106526544 -73491500 73546646 82467448 -67204599 -64747103 -44968008 -62743466 37945321 -44602094 9202042 99764766 72823073 -27628466 91820483 -11470860 
-88602837 46499830 77321240 -50256125 -104691182 -55118154 -77211780 -6164606 43082733 1633694 46251588 -106066373 3621135 68087907 -102137904 23750297 59061492 52981487 -79072640 13633277 -104211514 -1166044 -22631439 14984852 47645968 -22503394 -59561798 -80379076 -102723596 99786389 55113856 47142605 93800453 67874666 79174505 -85104786 22455828 3610832 52081190 -96286488 -14928849 29361025 -66005020 -45013256 20882562 -68737515 16013559 13033017 39205030 18507956 -100828259 
-19479586 -67968995 16023956 -28998613 37876579 -41564210 95839439 -17318640 11368833 8028206 -17445905 97481720 -102473797 -72105233 50858221 -54203095 -106584337 -60137031 -82989780 85351284 -51678299 -46780732 -59670656 -20360565 25089356 3885787 95142769 -88632794 -10532861 -66786113 -7689421 -15909856 -40556627 -79569020 35715017 -92212140 47542457 56972132 -11892738 80793574 91989265 -47025966 31659851 20806164 53325790 105572364 -12884645 84812648 4602357 -98209476 90172385 
59668423 -80227921 3409277 88434091 2752097 -84129332 31817886 50196842 -6224842 -106953110 -99044626 43467773 22793542 -107278372 22049309 -8979875 64938875 10607312 3143042 -94855070 54987126 -15165580 102526113 60875097 55778240 -48314734 390657 -14912876 -90468762 -45371902 -70763450 -81271238 -41645701 -49095817 52003083 -102894834 -88025671 -93713350 -74654663 79667871 44821947 58858438 -58240469 -67097380 50701665 75118060 -84745686 97933506 -6694199 46391212 -84132458 
53050834 61410706 88887654 -72267535 2298538 67553833 102182589 -86550872 78027905 -6445953 63066096 -84959695 71377230 -95327077 24632356 -43654454 -100739802 -103609799 104140704 25868753 54993452 -17167048 32785518 18563111 -45983818 33275079 -91876360 -79723198 1317535 -55275678 -69102685 71602561 59088906 -16935280 -49905384 -98286339 3683025 -56806948 64049146 -10993392 32993450 104279475 105104614 620835 -105121755 104358100 -79712144 -8521534 65913493 -78298413 48787367 
-103575838 -14754487 -89831197 34796379 -72051800 -70052082 -38568349 -24060941 -102074736 -89634016 78878999 -40990911 100284006 79082923 47914579 -83125272 -78087163 110394 -79022673 11494120 91433644 22517321 53581958 47405382 -6687231 63657511 17401849 72062443 53963797 -2298065 -43158858 -54457844 97279046 57844674 36464171 -82534964 33713047 68486163 36590122 -51513992 -88220713 88460062 -97469527 -31932412 90502350 -106038544 84129000 77963324 89179058 -43570306 77674495 
-105110653 -75337609 19928026 -97197076 38978419 80318127 42230385 18249523 -41879880 -77294230 -35323890 52078137 -15432244 22237687 -45660853 -77732189 -47499924 36692656 -106180686 101500449 17342867 -18711474 -18364290 81322178 -92877090 -19085830 71256891 26422045 -74455968 59637153 60600457 -42772496 70845530 -29655094 35113235 -46390383 -23177626 -35928153 76569286 -8300214 45146412 -4072893 48871652 -17096213 45932848 33281132 -52354266 -54749366 -8166073 -51119485 79820957 
30210164 -95111395 -72665936 -19262566 -65663303 21023721 -97298724 12641141 6275043 -73836778 -76203407 -104539666 -71893767 98606402 65121173 -104309196 -78267158 20910666 -43452530 -6734101 28146411 21899810 -14619531 -105667642 87244975 95634959 -44650016 3175774 5131301 -30750769 -87363068 54460467 74998224 106907758 77320360 -86345793 15341726 71744029 95543728 -51785981 88836242 197459 -67534244 -78813674 67618859 -72340570 -103595867 37255048 -42658340 106358630 -14153452 
-60111370 71551783 -46688068 -35549535 -40764001 -80697639 -95606874 -5292288 -44444878 103568721 -41699264 52919999 -59955626 -984443 -97549962 -7105135 3169655 -49303413 53781044 -3623838 54942251 -7429332 -78901601 57282661 63770922 -88949780 -71250471 54346959 -99256436 54164418 -72430699 -76844174 -59021055 77189350 63578907 -1485687 14485270 -24400451 -87741093 97155808 -4683098 -66480266 -97953875 25742860 -18319258 70803421 90888801 -32372212 -25566420 54520532 102465098 
-43267378 48079452 43856450 57007867 18151927 -85279415 50658521 61024016 -39636244 -39426416 -86614643 93491375 -68736579 19728927 -64163812 -60571962 49249656 -85267328 -98169291 45100836 35697759 54430455 -106102373 31314329 22200721 -20241063 90377950 -75609713 32135774 82198015 67037257 -17052570 -32990665 -7658396 555847 5961959 -38618606 -20480096 9251359 26995520 52289919 -36564594 105558113 8166027 -9120277 68646298 -51096686 -78546938 -19872037 50137570 471337 
-3648267 -89503668 8796984 78243973 -43306941 -783599 -46199195 -89078368 -48925124 3748870 -67271788 -15315092 77290318 -72030878 91417291 25926167 106003198 30276865 -16300188 -46599848 27106892 -3879972 -77042386 -11183493 -76936290 24818288 -21508577 -235635 70290687 -20444732 72249299 90708626 55963441 -2645210 -80129905 -12683901 60362374 -34627603 -6095066 57567505 39063468 92222413 -63749416 96156040 87227229 71931044 -51573386 -50721095 -64201737 -88188732 28438993 
56343850 -105016128 -73209146 39214462 72823627 95052322 -63152750 62579532 -3487911 -105163540 1879576 -48153309 26543223 84877968 -13526435 -50236397 -9583248 35545603 -62039518 -13609039 68882790 25501908 -82624603 -26013560 -49024929 97862240 -57089932 -92594086 -58024167 33649111 58334014 -43186358 38352038 -26821339 -25834128 33680945 29166347 -42437374 -49794279 -85671756 -47575798 50482801 -39632260 74268447 24742174 -32208827 -8877610 74141104 -94544586 30131703 -24780376 
81706679 -40933497 100903878 51705917 -70645293 76176815 10623549 -75567950 44281112 -57808191 -15770516 -10334404 104453263 -61510695 41456399 88543454 -80446922 65318068 51053426 -80844240 14358786 17829196 82668398 20580130 -50205216 39923794 104603535 -23893997 73186821 22719787 35786288 -16227511 1398216 -44022190 -7486744 -46063866 107036595 85453470 46394353 -66526295 -99949666 90179532 53780509 -67140567 -67687248 72479232 -17394600 31604217 76003072 97752933 87654195 
28567499 -21379878 -57711016 -82029328 -71213228 95895875 61906471 27960732 -13982347 66898674 -62628474 -105238171 -92411189 -66762978 -18706502 -69766750 40893457 -101326302 48296583 -50917435 -85049782 98693015 106938174 -47680146 -101906864 50124709 -24731485 114034 78131819 -101679725 -1069787 34533610 27374768 27589028 -49684962 -48567300 -33858042 104633426 77628664 -99386675 56669556 31207020 77951782 29665655 74868420 -94253218 -30357176 50770220 -65422293 -6945261 79544127 
-106340986 -64858701 60692425 16086912 41056081 38190587 18320683 -55006095 27265302 104198148 -76973219 -99883935 -102611996 -46762443 -87906693 66898880 -61660562 -28806916 -94255047 -66221911 -72732667 -93500965 79717309 -63734728 -82011671 9626265 -100526862 74658342 8251631 11950176 -63661488 -69906992 77857337 29132219 -37354108 74424539 -20919025 -29624592 37318917 25789530 -18101290 -62637517 1708958 -53843282 48550492 -79850601 105187624 30455773 -90533071 -54763181 -87365260 
32922389 26861992 53613889 11767298 -74101838 98011585 77609590 -4140459 86778376 49239335 105768204 -63229602 -34889214 92721731 72018528 -72178823 51484313 13767773 -57576643 40411988 42528793 -96469879 98160037 -47828610 14127613 -70588489 -72016906 -85942916 -79205264 -68990172 -102211248 62396572 81523420 24969643 54517673 -101328650 -35168923 -70030042 -91312350 40000206 64848116 -59577801 27756066 52590592 71474305 70925834 60662613 37398148 -45275659 -37400283 33311814 
-91245327 7505918 14849926 -57175901 57917063 91350627 -41326699 -78180340 -100880353 73596933 -61573415 -47536771 54549104 27152682 -5004505 98987045 -38620039 -1426409 -15733794 -85019778 3237454 -48247804 52378233 -54663458 56822432 79656019 -59833535 -24347849 -47779386 -15390177 60657059 -13261075 89220518 -9348018 -84370895 -13924012 -103793099 -60126790 17568093 8118402 45331153 88494783 -94644774 87236905 -10616453 60513895 -71097928 -33865911 -31340927 39309164 -55111922 
9591417 32970827 -11709050 -16000297 -38876062 -77604297 -15412153 1786749 26431032 55203116 22383984 26362935 -62121766 -70683261 -14941570 89896288 29741837 66433371 90324465 37887092 -31268431 -101885846 53981164 -2606856 -49078563 78408477 -29884130 75122273 -45641688 48776277 -13889393 48220236 -3884226 -9821106 -99171715 102638500 -15898727 -32973787 -16642503 -3347509 -51789809 -43816677 20822609 -42861265 81519534 -39276462 64014764 -17320338 -85610614 -12604807 84702891 
15388992 86299399 15935788 96397012 28598716 -90401589 -77849143 96116245 -29604745 37853907 -42667189 -26072950 -3598692 -18911903 -16146745 -92216339 63605299 83359769 83476156 -58452074 -88404368 -30764379 61110283 -87056495 -58220305 -7426156 8041071 -36371687 35786382 -24947467 -46784435 -79187404 -1370494 -24654002 -3933873 102652680 16866957 74413180 -60137104 84065952 5899849 -7353393 45598901 -56982111 10999534 26061623 -53861461 -11790817 -75131427 88073404 58657243 
-1596266 -4584187 -57630002 61772920 -2501347 -56897961 -24886986 65069283 64952167 -80112529 28149213 98595109 -68241653 -17215033 -83899437 -3123605 -71899273 -84399703 11489491 -4801035 3253476 -97212499 -28502722 -56319178 34302643 42025401 87803322 -33230671 -29079942 -51386209 -37922985 -33917246 -82981507 17272300 -94516260 1216671 52451651 61660062 -86236457 19909098 88987863 -78681934 25492732 -53487745 102116749 52610538 -57451081 -20141777 12704687 59599792 55436523 
-106161454 -55578305 -60309526 55830182 -26002318 34399426 -59230526 78123995 58632556 8617022 -6086450 -99872937 70678701 -20645034 -59312113 -69422402 -69474063 -105788139 14564985 91326287 1999602 88286228 53428589 -25049021 64576976 -36839461 95220356 -40064591 -91315170 3476822 17405439 71988725 89967501 -8412436 -59570837 -53213491 84470990 59541060 20648146 -49513789 100625955 48642802 -48119845 -21670760 71825974 -54785363 2065594 -27356573 49472333 35339719 105786159 
-82659904 -22764620 -35206235 -79416019 -6341331 11622786 95239189 54875595 97288041 20795043 38101613 7462407 40008281 32414652 43999085 -49309244 -58251162 -74137056 -86943706 -23238542 -93935499 38349054 67022149 -65676626 39946141 -39018292 59329968 -79635566 51056768 -70116052 -65611854 2767515 45306373 36952928 -53014627 41275964 -51487277 87724900 -101397887 44241764 73014598 -49764463 -25896045 -42150007 10887126 69916007 -44922312 -36332888 18898596 40180445 29022355 
46824463 -9709820 -30203531 17282297 75230285 61245316 -12328167 -74839925 9242859 -66424868 -88725077 31788892 -59024803 98145032 44120766 -27775108 59820700 69302936 29453330 55160818 -54618267 3414882 -87961860 -22902735 75611857 67875441 85027035 -14448488 -56033140 86913445 -29223907 41570502 38732101 19904641 89186820 -87932172 63072410 -43351231 36832455 35760868 -35375672 -92086979 -40500541 -8662819 -18782760 -60983216 -61129275 -20377042 57997232 82011605 97216910 
-96543811 91862358 50388774 -56732280 -57362130 -62265687 90378947 -101760422 41227848 -15379113 -94641686 -79782467 -41684001 82447033 -39837019 -84438633 31381364 95356682 -94370139 102834513 -26202307 103398130 62824551 9929782 -63433713 32484308 -51079447 -4567727 -57006032 36094048 -6455800 95120006 -70105217 -24006465 -38624959 62263989 61286553 -39218115 -87079171 13618480 96737845 -21315292 -42705579 -84972546 76645818 102817456 89069817 -87861764 89892806 86525325 35600839 
80496123 71210714 -70576285 -37626097 -54989608 40183504 -18626767 55043993 15774722 -82138894 40446672 -25635334 69217024 -104502513 47986357 -21390923 -4429821 2179281 54883531 105590175 22410337 -86386047 12361256 31561272 75709474 -19267846 7942989 -64587720 -106939492 -10512981 84792748 -55776179 -93899353 -88705645 39632095 97554197 -39386103 -90865212 29012687 -20618020 69061260 30093981 -3364873 -84225219 -87189129 23070926 99705848 77609400 -49519450 49552453 98514514 
-13335041 -44741544 -74688889 14590812 -20169380 65179974 63057892 78585673 74686904 -31183301 61892258 -74100884 -6831437 76351495 46747063 80208352 -99298112 57166226 52253612 -104086134 -47067653 -81984276 -65092088 -13814768 -41763914 61220596 1288840 20270542 82812231 67717433 42164012 76310777 101435523 -13179408 75531321 -88712703 -10946468 100312408 8758886 4159760 55377756 -104730422 55503933 -87428868 72297460 -34050391 -57845585 -13946254 102990502 73233627 31306516 
43236966 90911631 -64560753 85120167 -6617878 22898006 90225922 55040909 -58181289 25159870 -102362784 20294558 47624072 45474045 -17958093 67917109 50376257 94970627 -38477951 -2230089 16328923 -33123245 -59653886 -76093230 -78961962 -104675214 -38413309 52176929 -96147255 16779373 -80450270 -42281697 -86347414 -24497858 -87646265 38493733 94411777 35263394 -70836945 69354297 -56309032 -93419544 23480381 14188470 78189608 1996379 -25774501 30929893 37275954 75086691 67040622 
-9514809 22098653 1834108 -15023597 5733440 51293887 81481710 -89739627 30730701 -2967570 -52114307 -105167269 -46685180 -38485179 -102626991 -105223399 87740756 -67416932 72843150 82855997 -27211464 -80324073 13789443 -106779622 31000767 37127035 -29093560 -26429656 -22624116 -69422210 22131081 30702380 -86334315 -74626283 -78867128 76997424 -73598214 46848447 22109731 -80553334 39874784 92351533 -15756657 66673562 36885323 -74603013 -100878663 59667510 56993118 -5012574 -15592888 
61901856 31522906 -89785784 -44037202 11661276 104925540 -39502626 31110100 88473835 -84474362 -89948420 77156586 -12819635 -31338175 81176459 -102050636 -31894552 -98557164 -88075770 23018353 -21683699 105254399 90796557 -36356380 50913955 -3578770 61290656 -73619184 -38336052 94372788 79755893 88458443 43661492 75477050 39510532 71280901 49564688 -8183890 51450454 -82184497 10312054 17970210 -11496001 -43393047 107054011 59771392 -33879081 -74048331 94083773 77693716 33741613 
-89177431 63752899 -50667247 -46396558 26951657 7141083 -92015894 -39502688 49198817 -93777604 34817332 76522545 -27280710 -43338366 84943222 14819543 -62404591 81334870 57961568 50010890 3346137 40611798 96213450 -198960 13045370 -29175193 23325251 -98560174 -8842079 92330169 -56307392 83207256 54389695 44181345 -1744157 99736041 60578879 -19391200 -60737839 -29303160 -104167009 -70780570 26327692 -28868133 -3192107 37005571 -7262431 94140656 21427358 -54607285 -100072800 
102361835 -11805858 99216616 -46677645 105467734 -31346950 -38593639 103217996 55909858 -73226809 -20155407 -97015675 -32615637 58079487 81424867 -24341811 -20216916 23972309 17084255 -73761780 -20562868 -54518124 -91660922 87373413 50673073 44921664 -85366644 51472328 59219749 33249508 84031963 34440580 -9513347 43700047 -37979216 48648923 34446744 55499013 52295798 74527227 -57251001 -20693820 39818882 41996681 -103729859 -37591705 -45428816 -41937896 -86222599 25765586 51528898 
66153031 -23108620 -30724509 -63480842 4041409 -13020941 51255501 -87768703 38973269 -56759123 -9380613 45026458 8536362 -102135785 62034049 -15233714 -102632004 -7756106 -94045105 -28898405 -106038886 32754155 27622286 -14551212 -88388634 51428037 45818806 90452660 -6189621 76214575 -61668851 50922687 -57788901 -100013735 -29236005 -77168816 -31530191 -73254782 3595636 -32387746 -106394129 96990067 96857562 -71487788 -11295091 27847651 7560870 -20509437 -28267000 25630266 -67291961 
-1736023 41087751 88355193 -31578337 100761968 -30464742 -12438992 13415352 -97277282 -56477676 -61676512 1455577 75360659 89493595 1706437 8157693 -57744217 -8841631 -54231682 62000418 -83660282 28664923 -86444685 -59753075 102213143 -12228497 -13252859 17290111 73527475 -69068228 91693414 -79117107 11651291 9572547 -18339254 -101134473 -74486356 -18220095 29316170 -72166431 -25726946 37330853 -35321308 -76929135 91793096 -100424889 41039493 43937988 -11491022 -43003472 55760754 
-96147343 28864276 -55989793 18386944 64688966 -67066466 -20616641 -10702246 -95502179 84615329 -43483561 53814633 65928517 86678941 66007992 102038560 -54139470 38644161 -71660554 -60408820 -15507565 -8070705 17473929 1457063 29792294 67387176 50644908 -91930929 -8626978 -36995202 -60458775 814400 62224725 75453278 63917488 -38605800 38421910 -48133234 68718387 -92461788 -71669485 -76237451 68350031 97806412 4510730 -50292678 34530368 39033138 -87703761 -67677931 -82239768 
74563682 91470491 50650316 88897496 11314577 -25108739 26193041 -54912273 89402058 -24212552 -4030894 78774333 75545579 68907260 70624367 97405246 47956329 65740272 -18110043 -81138448 -86212208 84803791 -46655252 80042923 -31730836 -96779613 -75835596 20889843 -9212396 96499056 25858761 105109751 76861548 -92315838 104330411 38560908 19198815 -101649168 -69213791 -3760535 -75153888 -7216190 -56369718 40462379 -99763025 -35677695 89018943 -33417377 84424559 42675567 -51974008 
-75391982 -73170518 -32010145 78724175 78781226 -105551607 -67196720 -105261081 -34586596 86413429 -98672775 -98471150 -64871555 -9534628 4891749 -87067554 104547973 -36175716 -92708479 70667746 -57552376 97734394 -9581805 -5320160 46555286 95642815 42061040 98042369 79982234 -68468390 -57113301 -105073225 9346881 -63255657 80849051 101537683 -70478006 -85719473 66008529 -94541062 21959773 -97126227 -3954682 -8751523 -94380382 -35610381 -79839258 95051663 33718747 -26855162 -48216580 
5040348 -94077895 84653699 -79086201 100114770 48062801 74360673 98443996 -74302688 63678976 93946486 67099851 -85404900 17851633 -19122113 -100677993 26267977 82245313 -80339537 33656316 47409884 -78170433 75087026 -28570392 88464254 81347244 -67955147 18467493 14891785 77052802 -100230160 -92815710 -38237959 55618478 57814473 -68338027 -18277660 -16301599 -15412561 -63765340 10573831 -43226087 -2507914 69956237 -63489763 9856763 -35516215 -19496377 -45897423 -58104343 65924678 
-51647700 47864138 -85508769 75496941 68584010 -104574922 40621094 -12274979 71947971 -15860870 -79550160 -10074288 65789504 7725768 -90757011 51286876 105709649 71059203 -78979674 -77408235 -9123971 96766686 -95718794 -69489146 104581372 66513769 105251343 13536846 -39154273 -34758523 -2609413 -61619179 -88009345 40743932 -3562339 64917526 -77778038 8155947 -64722457 -80238438 -103274611 -65713979 29886139 2455863 44618031 -30412302 -101315317 -45643369 104757769 -78228311 16542943 
1379920 -103836603 -54867334 -88434591 -103024067 42108986 -2895809 -3379471 -73957634 -73065646 -85608129 -86634598 88602304 -105730664 85866138 88369755 79343173 52191244 93169338 -93257869 89982681 -82480934 98507972 -609317 -96045493 6319672 65830913 -39652512 64853112 -36594255 11866530 -18849728 -45052003 -58887001 -10209134 8338152 52306264 35362944 51954095 -85547730 37874683 -103195839 -104235422 65136501 51626913 -82106491 59373016 -32530627 -17296884 49050429 -70895772 
66406659 62353854 35155800 7924837 -43082082 -74669314 -41565571 81093339 30766366 48770751 -37810819 18668935 39659324 -46673294 95333297 91242941 56669316 101826797 -51578590 105186299 -106369243 33896600 -53612086 28724602 80355533 49111111 -49792731 -43045748 97419823 74992228 85039150 105300376 -88154258 -86501014 36665880 8908275 37027802 -73900027 -102993617 22668858 -14272664 -62407114 -33597414 27309650 74560 -19293022 21575304 -86268541 39629429 -30168014 -93051159 
-70611672 50394360 66339691 -17741637 21205987 -32497908 -43292967 -63729507 91865727 62360161 -63650401 56204385 91061398 -24807467 15462467 -78390079 49878364 -3860909 -28778101 64514665 -57749170 14199984 -5160354 99818374 57081142 80782038 101630578 45028749 72883909 -86047477 40892776 -39080632 49740829 -8019561 -42818585 -17899612 33810976 -102183745 17547918 -60919941 -99686205 -42409062 60578786 57616316 2493267 -98400326 62902113 79844979 83178160 35582000 -17218273 
106447232 -30883526 -14958093 -46624996 -28521025 84008724 -21395826 -65815263 65006849 37461303 101093176 55965854 10692977 93860227 -80845519 -65381508 -37596917 -67119893 -62511740 -11295157 -23174355 -43537853 -13869546 46826735 36403037 -102090891 9868167 19077453 -90109546 -60447113 81536660 60057897 -43611224 47327336 -65796450 59185567 91528184 103562668 -58644704 -57223473 61361934 -71456636 73315943 -33120827 98524718 23839530 -48346091 -87179598 -5708496 22797152 76496999 
-51214033 79440023 21723116 -76195735 -14338125 -6776970 94636800 -97189780 -44551278 60779394 79039661 5148857 -17660272 102312813 49651654 -100155213 -101581373 37520780 83986735 74490755 -11975623 23367331 -30110241 -79567521 -33858939 -1936229 -7665795 102180503 22676191 62320758 -2913509 1598539 -38208527 88659411 -53991952 -10733160 -8201902 -23870690 33583906 97380960 -37093075 24830619 -13335049 -30064840 -80361971 79984198 -55059195 101618481 97324327 27572074 67730709 
-82747290 19342975 -64694842 -28025080 -86935240 85715845 46214753 5844723 29680267 75136181 -95931074 15674122 -82326973 -8552414 20006255 -14698124 -49050564 -67863693 -51616492 34311594 -13129640 60468083 -11747056 -69888845 -51415272 86179118 1171467 -50667849 -63159023 26758819 -30764021 -72866237 -68342856 -103356056 76336510 18263951 -21901867 -79565153 -45549794 28943876 -91875593 89479188 84562756 -26346100 96121173 -73277181 -100453610 -27308783 76683590 62030704 73067039 
-57134800 65235640 -87515035 -73300100 -29225264 -87195118 42322206 68537514 -1565403 -33654716 -44060055 68045045 -91136788 -91625058 -101815307 -34735027 -15651051 -68256380 58747559 43309026 -69305482 61786242 79771142 -73361826 12005793 -2000771 94858260 -25541249 1199541 31870501 -22706180 65495909 -71807770 58804091 -36933906 -48402271 -62072026 17040186 8986008 -47703251 72335493 -60771602 -60212314 -7436717 -16939571 -36431633 -11636042 61434460 -32594411 78397596 -96256084 
-25144780 -12782746 -48516610 -101561230 93138462 39129649 -96124894 74922461 -73027743 1379732 74449866 -71560561 -37222690 -49750487 -49106516 64918111 -1190024 63512063 84152398 37134805 -48426807 -24111370 -54656279 26117321 -2361840 -30925237 -51768745 80483399 -84458062 -80049649 58948337 76565913 -45026256 71867094 54970498 6920799 89102851 -70401711 -83246473 22717702 -85013816 1558752 -70580629 -7745518 -60850978 97164368 10139326 35162229 75743175 -71864393 -51397648 
71033782 -106510485 17551817 -90003183 -27572799 95196386 -20540300 -82365981 -11067347 -71485991 70869134 75373916 -35368331 18679206 -27704202 15401704 43206245 -102442693 2257627 -21293781 -31766924 11197932 24412569 -68650928 -9332436 47249387 -93121118 65851156 4733809 14407110 38876692 43343078 80837140 -90354730 -69983486 85881567 86778679 -25105477 23522985 -78507482 -54434997 19652575 -40192745 -81498175 -59652143 -76724901 846419 -67310706 28803807 51118203 -90527888 
-34529770 -36684762 104313268 -106658335 7860553 -40521980 92257107 -103695948 16476470 -16981537 97489976 -51786942 -94601071 100077230 93345720 -85598565 -91776010 35731429 -90072354 -94739864 -26024364 63138015 54465243 -33003893 -56069191 18770764 97159864 101540274 -61192502 -4564968 102473697 422499 77085777 70238617 90765018 -46217020 -17018234 89972035 -3232840 14219380 68644155 101739903 29973690 80487041 29921411 -91431111 -35905858 -16563458 -13874145 -98021224 39929681 
61100612 -17929873 -63002795 -51338273 -95785773 -93615085 -98361819 -16296121 -104996209 -2505297 78235282 -55566379 -107087908 16278201 17622750 35183150 -19435114 -86895464 -101612750 -49969515 25399789 68850678 -69130407 56260692 9547889 -11505339 -84621289 4471967 96643297 -10403200 39869685 -94844157 48190357 102074140 -61748934 66150954 57281076 -14184574 72101861 55917502 -87086181 2921128 57096572 -104636055 -107218221 31272234 -78231306 -102856519 4331700 -97210603 -32378018 
-77828886 -68521370 42712380 -35197894 -73065322 -51612945 7847657 -103747936 -28760600 104803069 95876816 104692139 -47750966 42248754 -76623121 -57898013 46730524 41404304 101713717 -75005366 -29768273 -5687700 -105959584 -82553154 82620639 40009270 45224489 -52411756 -97153566 54456664 18329183 -4579781 -39222168 107352242 -95793772 -17652791 -10768913 -75016673 47341494 -54856397 -45149771 14195689 56777548 56855457 -37745127 94996784 -48170041 -79155684 -24946187 95244036 -90075569 
-86696443 -52759658 -21159052 49267911 76559958 -76619184 -87568079 -51506847 6262026 -92765228 -19618203 -84261003 -106522052 69341442 54677288 87928937 -63340147 104443403 26418302 58153846 -65487295 55681000 65395140 100527948 25707292 31992160 23854847 51714609 -60298748 -25617840 7111988 -73661636 -87175424 1155296 40869343 92037616 55647100 10561773 35194909 -95838273 72525973 32340092 -96062575 -89416320 -78946442 96663283 -12408815 6682460 43247092 78736914 -30424633 
-95692089 86045041 35017531 -16932921 -7412899 -70885053 -11619260 50872666 -41559174 -68759028 -35326400 -5055572 -65483650 58575164 -78333140 93725512 -22561895 -63439230 -8130641 -10897189 -79760746 52929970 -100484999 50251134 55713047 92929935 -13491095 30499853 18247799 -30306886 92949685 -91026833 103712063 -77201662 35699982 -26008489 56473816 73013828 -128617 12834344 -101155828 27268064 85598712 -84477226 32594513 -75138788 20447264 25622110 42620047 76798884 -69466190 
-95047561 99942985 23107279 1970466 67598706 -22387103 83298107 24962779 83646798 68492319 -101124459 -81610907 9765970 94361021 -41433629 62988564 13168832 52326560 94254080 83352142 24042044 537139 -12488597 -18017235 52381211 60633187 -36109953 -60691028 2013539 -98127044 51354677 61940020 68973895 -94707580 -87244884 -60487056 76289121 -78374370 11361109 106919817 -8954942 6425846 -104393661 -105237143 25510858 99298488 2471105 60099997 11725116 -38467974 6863301 
95790317 68986044 -88510636 -71061116 -77704788 89081202 56025138 -12389970 52010491 -61486182 -62504760 -105941487 78943081 -65499719 -29058409 69002345 -77374746 40356347 -19084686 -77270246 -75051214 47384921 79880932 -104007810 -27069669 -51959809 6269240 16583108 -36229442 -98751166 10056288 -78736898 -96739044 7026833 -2949352 -64983731 30219617 -42676126 14554148 96230106 52993343 105096517 32511038 -36130690 -102375491 14137809 -26596643 102244497 71750561 -18004254 95531828 
-101468477 87084228 72059241 40981893 -13055201 -26878450 -53550528 19417446 47895499 -28586035 96546615 92054782 17728765 -55376646 3887278 -15106081 -38326180 -30706125 -103976887 -40113120 -61184577 102300531 57172375 -88108371 -72284322 -39177804 -49228657 95089755 1509613 -36145679 56881572 20718003 27875279 -78370637 -55821045 -102847594 -42658453 47973156 5177493 -34199094 98931131 -14644728 62497495 -38652513 89288801 80597383 20388060 -71990437 17785097 91354218 -51116516 
15749487 30215740 33440833 -56332393 -62093596 -98473651 103998148 91442163 -97475942 82253071 1594214 -420133 6903560 -36925 -61712183 5261240 105755635 38549476 -39545901 94453432 -2470998 -90280322 -29442715 41073620 -105726609 24024969 21571981 -6020388 92669955 -1149631 -90743450 -89760169 -22114739 -16496996 -77309466 69305398 -22695998 -39507900 90288038 -105186738 90401955 57881391 66330753 -11546192 -83912093 -31056199 -68447532 2011209 48897248 -30252918 76214853 
-67371449 101724439 -32299999 97695451 -47525410 23513391 -94502657 -57302466 43792571 25365173 -61060927 20866342 96536560 18319025 71652855 -40285816 52940081 -4752203 -65264177 -90314407 -9049974 -81336292 -102738614 -40228485 94537861 63459258 -96486331 19552946 -30914954 47272538 23704000 -88340309 14368751 49440137 -96835792 46804540 33196052 -54708734 -35174449 -28834219 26045786 -91910224 28503412 -3336741 -14097105 -89560389 -42427535 -18729047 65306555 -33754829 97067177 
24208830 -88898186 97824410 -79988211 -89146765 -53981088 33589393 34842852 11550164 -23715100 -48214650 79934225 -19525879 44717781 -32385540 -65535531 3443300 22712675 -103740438 51208754 -72540347 63052767 44387628 -19465538 -47891257 -33135609 -7061478 -69987199 -20576232 56005801 44606957 -58173336 64538515 -72592745 -52490091 18988729 66667560 71148727 93777047 -32061357 82075172 60254212 -106140842 -17624515 -72380453 -87365621 -31495502 -24551963 -10929248 44642793 97821994 
-25383199 44541553 -95224711 -93464318 -13290839 91416832 101926103 -53313471 22968638 87194990 66201915 25809468 -70155707 36531823 -85055509 4929703 -22050357 -30355078 -74275366 -64543107 102307796 -31196811 -28494230 -7239500 41023496 -91185342 -81741564 94672473 6537159 15602282 -77139791 -8751656 65400980 -49162608 -29792815 57878102 -23825673 -50763832 -9458977 61469855 -82409133 56727590 66989974 56855125 -80260887 -28177576 87511881 -25025613 -6691150 -50010938 -60108240 
20857669 -9606099 -105495768 -17590747 19189583 -7912077 60094303 -8232672 -10550209 86026066 -12076197 -27061313 2319706 -68666544 59847044 89483194 -7592347 72080843 48907104 -55855359 47218446 -2249732 -84810235 105298332 -47138416 -15922421 -45456894 -56128010 84555925 -3864611 68148448 103488478 52431250 86595002 80116305 -50968946 -106249203 95114547 40449266 18553062 106348877 -47168376 28633889 -52260043 -96770994 -99846576 32979640 78359115 -45437494 -33710909 -38504260 
50644680 -77983980 45627815 -66741782 74826325 57035169 -12582585 20201913 -34583369 -62626722 -56709717 1873997 71262410 59530722 95176156 -94454604 -70450044 107124457 -88628423 103486314 79170100 35892258 4715227 77334819 78045031 92761377 90037222 -18712940 55395779 -15271656 40635321 95900744 -42869196 58825336 50482809 72028139 -7536152 7139435 -101095259 10857306 -20505493 40823044 -17112157 93521916 3140473 -25459480 62872344 -24715958 8987173 -3377033 -11238389 
76170388 -22047539 -79871085 35300746 -99413990 70550717 -97125601 -96094017 -45253615 100228273 82954476 48599442 48864874 -62523581 105748566 -62449272 63240527 -89446734 -102206296 -11286149 91455004 -37579291 59667946 -51309128 27102705 60452136 18256287 -64546269 -70182155 -43915072 8116559 82385797 9734470 79654083 91816095 -95647044 39718075 105960638 -106357543 73994766 -105470007 -51021805 44527261 -77455319 60577129 37714196 -86964611 52424173 50085680 -39405171 67457871 
43269354 -57447537 -71306347 -42939889 107026019 -66576195 -95382317 -85743359 -66874553 37820337 -52678616 -49756964 101095170 45496420 -24576367 -38823601 95407706 -92938588 -5952066 -35222567 67232675 16155276 -22647413 -16977319 -25247834 68983702 79791084 -79414602 -56738922 -6022385 30618303 76311701 -42961038 97684220 -80112546 96499559 -70309507 73293530 -23232667 5759382 -39251072 -22354782 45315856 -65301524 85881382 -105892187 -34177964 -62721096 62604004 99046511 -15112224 
-4001798 45727936 76930840 53237790 26914380 -12158335 63922284 93592420 -22578593 -13387421 60033848 -17032869 -74183768 -17861744 23967904 2641719 -62428628 87929969 24062491 60277587 -61582685 97569265 -68640019 62567586 -26494673 -11768401 -43811946 -64457334 75420887 54853832 39938046 56786350 92352277 -15919940 -6806762 83657834 -99949019 4793277 85762213 -92177830 -8686840 9884801 -27269745 92775412 -64572243 45189228 42655326 -22384066 -33129583 -56898421 -89048889 
22082142 -8563249 -42520106 85958196 -93372992 -54410183 83913609 9210389 44725602 -18417150 44408789 -9230153 76158964 -93614371 12784856 30713467 5844697 107209950 -55099866 -4080523 74327292 15117365 23949039 -73340289 -70134781 80116212 38727404 -39812026 -75856686 104958711 18580389 -91074005 56944970 102382060 -73325029 42570750 98836269 105155878 89509121 43034707 -2871664 49966807 -33304769 -51642681 1684588 17129118 -53886672 51775662 49134752 -92582800 100835979 
-26939240 -48449883 -63183859 106232089 -52763081 -5931086 22226254 29786680 -85091179 -92266998 -69504519 53008802 -74167242 -92871993 5437755 -41659273 28760846 32908044 -61472676 63419790 51456513 56378238 15574419 36765684 -74122228 29768022 -71156357 21225440 106940882 73721617 -24547521 17230604 63294765 -102304574 81691936 81633480 -20221077 -31516297 64067719 -57429272 -100172426 -74194703 63653550 -62012912 -26807100 59148291 -94197132 95786751 1122878 -62176114 15097803 
95576110 37289930 52532851 3849751 -44405263 55500333 -16706388 67397137 68153059 40754024 27653808 42537977 -71603907 -66805832 24940559 84440778 -65995655 -53891667 -19076732 87024007 -45116159 -89606385 -66097649 42623347 54525906 38389923 -101642264 -79664126 53014954 -33480515 43890975 19593996 66510529 -27413013 -39956022 69368770 36868920 101017555 -48253120 -77943154 -82193554 -692625 54307189 -101216473 10906582 6809155 103059516 2311419 3070436 47255680 -50885142 
-15581175 -94858336 -42911970 -27596455 -72649040 8830393 100600769 -95060364 80761999 68849485 29482928 75822695 107373224 -23510649 72180936 -55048247 -685012 63640755 58022098 42902056 -65288418 69320147 44880074 -57856907 72059498 -93615294 -74766407 -76420378 -74643223 -88347012 -56285485 53075369 -61781000 -63040092 -34028810 94371290 70703505 50390157 -101263226 10942573 -57392643 -74996446 90729964 -64042616 -97769583 20097169 80887882 92210725 -55098835 -65311818 -43309099 
-87762683 -61244226 -74313189 97106188 21938377 -100432912 47835716 -62597769 -54365739 19348830 -81355319 6158155 -34543320 -2091092 103741790 -55088979 92967994 -18654072 -7856626 1319545 58724356 29569870 58228057 10644569 36585297 52197475 -39195267 98246165 25749316 35029176 46223238 -56066762 76336656 61528834 81801677 16214941 -99917272 -91021950 -13144597 33667796 -60953117 98965757 84430914 -34267362 -53259383 70865051 -63937431 -76665031 -34526536 -45323220 -39798708 
-94303004 -58315239 18179818 36060999 61762009 -22951092 -5682915 51952498 5016556 -30408209 -70822357 60872600 -43359881 103914819 64577095 64911408 -31251837 -68884646 -95421111 -11281490 -19554945 -72041122 61226442 -94488749 35543066 -98821530 8426421 71981492 -3429922 -61097701 65212094 -58135881 102000368 -60582252 17022538 63274734 -16462620 23419669 67424697 -31011110 8689846 91226132 -39992057 -64555564 -93794052 15772480 -69421248 71551037 -39197459 75384920 86449532 
105929497 71676849 23701358 -27266203 71823097 56260244 83278399 70285166 -55296038 -41717150 61505991 -97782446 -29076183 29201201 -98751296 -84103501 -84969622 -6800132 -81946981 33715162 45712308 92650651 -102736510 -71741492 78865964 59682883 -12523012 -49907784 85677503 -27322119 82437472 -83064486 56101411 87112492 -106811612 -1172613 90933052 -68297116 18331312 69911543 -52890244 -77986093 98302398 8718602 57612021 70786362 99268796 8182323 88193405 12904210 71273924 
134754 70226043 81959431 88669120 -9211163 38838158 -44202645 -22444797 21047899 -35454419 -2808374 -90633344 104343371 22735505 -10058445 -23752109 -80116394 92883158 7052861 -41628212 -74621238 10360061 -37202882 -38790474 86987284 -43508357 -39956869 49676791 -83609699 66907843 106885808 -16267230 -82963847 -615723 -71369820 30559572 -32378464 16022955 -73651505 -58722159 86313579 16698961 -81080004 -20877995 -10681803 42036261 53759742 32766817 47968822 -29727113 24927321 
-52726015 -15696715 57984619 85152499 -181847 -87175430 440827 -54301863 -64824114 18474620 -36206321 95951743 60893010 62926345 64159365 31546516 -79548405 -9694809 -75786574 -100670714 88524007 -68352740 44920626 -104046091 24496905 -930325 27245564 -90174223 -92812944 30282763 -66695358 66958528 -25727408 9696907 -65916302 -25303847 24671834 95048179 -48275125 41770824 -96588535 104163453 -18640724 -76187543 -21403222 102267163 95254569 -75099307 -33393546 80217123 -9032653 
-103101273 -3391228 90776688 -61355240 5366457 -95396912 -58677439 58251865 19306148 -26889565 6610762 -366546 -102493544 97718003 -83682208 9678014 -62580864 -31997948 -100350972 -41925117 82630365 35875831 14480719 -69189606 61378481 -60569685 46201586 -89582405 -89490821 -98772263 -26840572 -62404020 19138860 92916693 60550584 106702986 -19540689 -107147541 101926941 -79395408 -84640987 -87285477 -56951423 101853588 26154533 -69221110 68084462 -66883860 74394067 61546197 -35999681 
-40384387 45620106 3014509 -45971886 5807018 82954132 90534756 103522810 -9061796 -14485717 36083713 -350410 36071149 -23126884 10933499 59003098 -90609021 66326963 75264082 -33260509 56203261 103247891 -40784656 37259929 67248982 -68641169 -89996772 55555511 53534171 82148402 48980288 31152350 -43216321 76853393 20748817 82726965 19063147 75469568 -39146999 -57586587 -72729080 -34951049 -95052517 -84489462 68540897 70156715 1726855 -1683540 10550836 -91033458 -49334822 
-75343363 58240572 32543897 82022951 62616793 -27762201 -69294169 -2215671 32475829 59941050 -53612426 83011047 -229542 -9190520 -83261132 101924927 19615758 -85019411 82589174 -87865380 93046984 24738822 43311831 -60703961 15211925 -75350767 -71652642 -101070239 -77964713 56230139 11735691 -62949429 -74365024 1903340 -10362078 -57379106 -29449950 49605363 -89620647 10217089 -90036609 91735457 97826644 26276780 79413969 2984604 -37763399 -37980182 -71432212 89605756 18686574 
-58480029 -100591642 -69003142 -73823330 37434737 -83028488 -44556363 36708423 -55512876 -40371756 91195142 -11028491 -103797311 -48273936 -28292654 71410643 -96593097 44878323 -77438460 27481241 35270089 -84012274 66727472 -92577100 67949648 -82798222 -102707343 -87431604 -60878863 102396144 59222333 22414163 75595099 79581398 10486538 27067054 -25417463 34531875 -24348458 81643478 -75299277 97491649 16270626 83541991 36834390 65048687 -101582549 9582882 27456843 -16638499 -68292374 
-42261838 -1941146 94493354 74775604 -56757074 -20468656 -97362529 46015347 -24016702 4480468 77858197 43221505 5929158 95326199 5031805 -34379433 -27756666 88049337 -44571046 1647911 7694061 -81572785 -39719861 -86187796 -19465644 28977253 -54927915 -57395661 -26566012 -51266160 -34492577 -89617367 101883377 87278149 -51371514 -48159868 76154596 -62717606 -93326694 -37492231 -18919160 -21754313 -99311077 41107250 55248119 -71544790 -82549541 -65663561 -66733253 20840554 30898616 
40414456 -103140235 57685397 -38820283 17040576 86635611 102237012 -81351522 -26205833 -85221565 -35215658 85998239 -103967529 -50654687 -63264245 52204790 58622382 -9494389 -28047219 24424004 80326839 -99328290 -88309568 61560443 -21483162 -10446706 -69048108 -74980183 -53739907 103655100 -46951268 89858745 -86155688 -49330760 102954281 9470814 -91647359 -6769763 89503285 99235494 -98825039 -42334197 80476876 89242172 -89786740 -58672176 -99016068 -72066794 37402086 28461649 -48487457 
-6109186 78455916 19578408 -51071026 -23353568 41498148 -16335547 -35454570 86320594 -65414607 -83962050 -22108188 -85289627 82674978 -33878975 -69915166 -46119499 41084758 -2602638 74673473 74690649 104450411 -90836208 32662969 -73737758 -21481303 46984980 -85141621 24296761 -61678917 -49684369 88645770 -106057403 88131541 25266263 -13227893 73165787 -62381727 -4069225 -57858425 -4326698 52030779 27703572 94982046 46814152 44399712 19469917 91971371 -86148195 98922750 32035517 
-100434010 -42736300 90710348 -27176020 49044758 -64790606 69859754 -80167225 77058715 -18109844 -24411290 -79778548 -47834517 -80406079 39781714 81034112 64984470 54496429 -33273399 -31970817 -66030603 -96008806 -7287059 53993233 82039809 -105516906 46109543 -82510930 -6604128 -79084866 37836732 -68623297 72151708 47883557 -73584258 25523820 -56267337 -34918096 99195258 -19326948 72466849 101014057 34249826 -22509474 74130741 71559081 63561345 19767970 -80650198 13013647 97600511 
-756680 -64445140 61910027 -52815535 86558709 -1988028 -17932645 -24266369 72122830 13500860 -100965029 22153030 34187937 25568932 52950434 38866755 76789419 -79208420 -88012522 -95261268 89284050 -79602020 -105347474 -739714 -47675666 74370848 47318298 -86883287 100986207 27856870 24392849 -51730200 -101622608 105158099 -86561195 15663447 -44710411 -33677890 16591708 -45556719 -55000391 -48049743 40370917 -32199730 9475178 -55768756 -26714259 -61112063 9052814 16268579 -80134842 
-100455372 -43667406 -64726936 -62390939 -34817145 -47715480 95501989 50607201 -13444410 -75402582 56710905 -59376929 56895965 -35823597 35932041 103975050 -69084733 -46743064 -94403739 50497908 -67265380 56352039 -53811254 -73510192 -100988514 88558822 42198459 88069895 79906084 77324160 56105417 35524572 -55810380 -90953059 -7300381 -104248250 -35658463 -60889303 92069497 56374137 -101043319 -12739731 39284152 -30904778 -4285340 12894841 98822423 -98146413 54803321 -74797438 -82832855 
82562572 -91004366 -87890591 -5986288 97870856 80932518 -70799465 -15702314 45084590 31305455 10727668 -42540862 -38122764 14213730 102970288 57220337 41761366 72446066 31696658 -77980396 -3579004 -62111620 -87881496 -41702553 -69575313 -21114739 -82051815 -105721706 -89844697 -83068441 -76127956 61734391 14648811 -23327837 -6686117 81739342 39539565 -8966335 -91871600 103901576 -89506272 75422052 55338845 28276976 62930045 -72080537 54007347 73708839 2027792 38195087 32148672 
26168791 -77300632 23942466 -22932343 -47566170 -89690202 56717474 -93046610 15412024 16592083 -61923590 -14454250 27427281 -34303155 51782647 -49551698 -7704660 62922147 -49337322 -19296576 -17569057 15451078 -583282 -67969717 -33840543 46364354 9704816 37347556 74128290 106163839 -72934467 -104085776 -38296034 -28643478 106378719 33268540 64856626 47492839 -77937954 -18797963 -21262608 -85710601 -97475124 29116923 77699928 5015220 -105468523 -29284362 93983179 -53773017 -14850263 
51085072 -80675292 85850062 -91718435 71634682 -100154094 80999225 -21811266 102522315 65548083 1022962 26557287 -36994065 -79265666 -8191497 15796202 -99492591 -57953026 -44488404 63612102 -42227349 71149725 -80006825 71104115 3300039 -52287573 -7248848 47948397 50491198 -43169783 -66076759 -89467116 107149502 16655906 -29939947 -29640209 31489430 72119359 95831877 29847415 -58420775 99478059 25137274 102439764 10172557 -68130979 -2831872 -15201686 -35889474 107225152 66508282 
6592423 -84223319 32343980 -85057599 -58976677 -32454252 82259778 -25839284 97290019 -32847963 60564816 33751782 74413034 102995214 42995939 20645611 73102825 -22650711 -44759135 78346737 98736842 -49525268 -76040248 16999214 48995290 19636477 -26007170 69318981 -447431 -26224731 -49460029 -25573264 10234661 73342189 98431859 -48919015 10818201 -1637736 -9912152 19112938 65169294 -80490392 61690274 -45033151 -106291285 76073035 -79527044 72667265 -32338001 4025360 87378347 
39248792 -28145759 -82841868 14450439 87060317 63361460 104341043 -55741834 40465672 -83727625 -75434554 -68772937 -85249894 -52834088 -79841003 21147165 -99598373 82884821 58020768 -43437556 8564525 11612070 72208948 -45284403 61175720 -56779141 -96048803 -46591903 -36468894 -64304435 38347175 18063939 40854041 253003 -65358365 99659244 71622961 -20382086 -96789832 95212998 49819277 72050405 -25236635 90620207 -436498 -81428419 103689748 -5480619 -133259 -61966631 88842897 
-27485358 74321423 -45409700 -100353922 48732103 -105355460 91431111 -771355 -61885593 6475609 -77107834 -18301892 83796953 33700017 -7538197 -2072261 -96829180 -70495547 -54634699 -3398787 43528235 34903388 -105091199 67272956 -87769991 15061436 -28737947 -46245406 1680769 2899238 47071634 36715087 -29364691 16335714 12483468 -7808850 -7037158 -68832178 34130174 6899368 43885245 75163338 -101878980 8570935 44667012 92323020 89154221 106080804 89905927 -87838817 -73723473 
93551186 43935086 95436171 26515548 -87021041 84491767 4572980 -50906564 -87106441 -54660235 92522195 -103295824 -94511713 24814750 17080391 17786144 27976113 55523123 -80384973 79717294 -27238807 87369122 39641240 1270287 -10371801 -25030608 -52510997 -44989339 27107357 -51638177 -27799801 89777101 20984650 73435416 -56869074 -11634071 -56948466 -8517926 67870656 -103168902 25558817 -70211572 44057683 38289318 -65043418 -22078046 48458307 101763932 8927106 53516965 -28779815 
74692534 42130796 -105065001 -37688891 -80080103 44581100 83333357 1362469 44606810 -75188184 -4688905 -53913657 13564816 19251939 12792798 19793448 71469886 72865121 -7983903 -105254477 -8693897 -97581095 -52353799 -82301387 -4708233 48893779 106454989 38320512 -97857549 -2031806 80858751 88890914 -25125426 12984622 -62212634 24525268 -96777970 -72840079 81749898 42658758 -67041240 -17975820 76190259 88948765 -87845710 -22068425 -39736046 -93870554 5938136 -77839856 8371997 
-30380614 -84194644 55521283 15603764 -100321650 59624590 -90013088 -96587360 89237316 -18747866 99559381 97208964 -18611061 -65753682 -105795743 -54916658 -48791838 -53417004 -38973742 -103200542 -104757291 106970485 95649008 -33397604 61056836 -40347598 61673527 104702914 52209158 -50040372 -61393122 43148859 4363869 -78460046 -79921085 91340492 35003882 -10576881 48998468 -32901613 -2446438 -32288341 86194542 -92318419 -45148970 7322622 149976 9205666 -103451190 -35202823 69934998 
-37531031 -19008507 -15368109 -33532803 16762417 56588839 -99703052 54642112 67515239 -57136410 -32249252 -13931324 21323204 -85805475 -103858934 45050156 -4930832 -6123040 92878555 -72888253 -59500370 -3849144 72125329 -8968344 18163038 -107039389 91708257 -23295757 -48204800 37122382 -25694487 18729472 -12744394 51055113 -70599876 -36696812 -68349926 15188849 21960137 -19505921 -82053502 9219067 -99265991 -79934985 -41462359 10651522 66564638 -54125705 -92943452 -24592330 85102522 
381997 -66693151 40912759 103746595 91284594 27223437 45443944 -32578611 -40763422 83890112 -44163544 -27948197 28018534 -106107020 -20259370 -24037146 64389812 -87734773 70753088 48009053 77359829 -7040151 101803798 -27609359 32288549 45456726 59778565 96496718 102857249 -37904216 -50719752 -35447362 26718232 63318637 -12342029 -23908743 -51373518 -95179332 -63440052 2445634 101902428 -103918458 95479475 23381497 59798803 74586526 -42407218 -72255807 -69063194 -87324414 -67217311 
21121630 -74444258 51091072 -99203045 -37778456 33845642 -96103352 -24260436 40270270 -3655806 47696318 65808028 -81463800 -81404720 97478233 -15958486 -15472485 -88486472 -56019094 -38554507 -4124086 72454114 -96974269 -45409454 19986569 34514034 49759347 -26373749 -93424969 97028767 52769671 100111141 -95349594 -10806266 -33545973 22419594 1332580 64392550 58067763 19443349 106192862 -91522925 28587759 -90102210 2726202 -50215239 41493670 63116712 53609869 17708772 97369720 
99779966 40863550 -35209061 -105302273 69962910 -5059490 21337113 7177683 -47363429 65855883 101084636 -63963966 81111310 -49427624 -69072537 -20191906 56966468 67285724 -105451531 105169659 -64280876 78556097 -32387081 88294705 -42259713 75144231 -100905118 8692360 37353930 63651134 -51735516 -38390664 50453735 26467975 -31840835 22022673 54067627 104105840 14734655 33376802 -54643588 6455076 -25164096 21573928 64437896 3330901 -14183731 -31197961 89094473 -88483030 50914898 
102606392 106954142 -1849487 -57045832 83415064 -18648032 26408683 -74659650 73099946 -77997871 -86713810 -43139154 26064781 30238282 7876455 -60083274 -97666160 -65177907 105366237 60457327 67491684 -97325157 51619428 -23653769 -93223338 -76727649 -71908708 -67144658 -75733439 5608559 11864110 21169385 58368597 40345942 42907713 99193767 -3161617 57116374 -80130365 -41356641 -52314624 -85200139 99538114 -61568324 -14910603 -47948153 -59594338 -29764288 566617 19589692 -2879318 
-60762462 60731901 -88956632 48797925 6702018 88177663 -28500702 -47653449 -62983881 -94142155 -100329591 64718421 14379647 68105138 -47417618 -63843897 105816339 78835348 93106479 104737623 90909886 22059554 71561086 19875497 56109816 6762203 -103741654 -101924873 20765562 74608465 43482451 -33141015 48458680 -66724581 48008162 101125903 -43546569 15606623 103365614 -34785850 68973247 -87423249 38329124 56442695 24202490 80284454 49132388 38572070 -4792526 45837722 38096849 
88615634 -18556991 80098315 41461611 -49706691 -77302566 -82153775 -60976680 -100069196 77004440 7925405 -24537755 47637797 24123344 62727745 -10402779 25401604 -99779861 76645166 17312092 -102746835 69744506 -65846559 25167962 -86194822 51850966 78580163 103188012 -28513552 -61482079 -7180151 -41645687 40136057 -93504563 19457052 24596153 26634227 -67769288 18492214 -101793621 69735308 -86899725 28488570 -69931029 -7030523 47028305 47191571 46493404 58262690 -79759498 -12737728 
101500246 74383281 65824454 49331215 48052834 -23127900 -19297587 -21355582 11020280 39292414 40811801 76796070 -51647397 52133803 70962044 11333217 24086940 -13534278 -6022296 104745276 72855060 100030081 102468085 -106968055 -103564498 49370141 23476737 -49874723 104948899 34540616 67091737 -101054581 -20341836 86554298 -90936475 -89408072 -95009706 -4636948 -42096501 36297614 -64562386 -45703306 -42601228 95557999 20825192 6871150 20884125 -86184091 17644569 29510468 -94680201 
-81762977 50035398 -87556693 13697993 14429899 104833673 13633937 35359373 -57092837 32837407 20598823 -10470114 -106516566 -7327234 37519806 -65081593 -56537477 53620996 -103114895 -91873484 5166229 33644672 -69166565 52198038 -100477977 -52595215 -92705558 73369986 19441948 83297595 14709167 35117983 106183658 -2473938 50107805 -25282718 92025585 60861420 -94725906 -102593322 -61882064 56165170 -50717336 96299565 -27500597 -102396823 99535978 9171531 -56899172 13557471 -17582334 
62207246 -71594517 9157817 -68390545 97833548 19215930 89397201 19559094 74965334 -94060681 -52975558 -35650023 -36249597 44453917 86119063 -69426567 48269390 -84321943 -78178841 -41869271 -25715234 -46191524 -20735239 -43057501 -77579776 24704675 -71483939 28898218 85956059 -48969698 92053382 5445548 85391234 16521959 11161453 -58590361 19484556 3801524 28011218 -96317283 -67578668 8991529 -43890174 45825458 23574726 73893345 -57718422 -83336168 -96894704 58643358 86436727 
-21729948 -88486974 -24596563 31151006 80635405 -43499622 -39892538 -5054744 -55509035 -43592067 -71059724 3301856 48531715 -42705528 97314766 16569800 37469428 5273585 -52595006 91716744 81419871 84402051 -72429640 -51916326 -62714136 96527621 -54922951 60330788 -106159709 -33687487 -1829893 -78159534 -32639751 -60380437 -51130161 91198666 34105626 -3588921 -19831679 13093930 86307441 60977649 -48531982 89629659 98695212 80469286 89971811 -4637926 1843926 64992871 73209885 
102577401 -80927179 98715888 -51426254 452784 -25901336 56759352 44827868 -95185537 -14507674 -23159825 88683557 -34906022 -23847523 -106920871 45120280 83493857 85812316 -94133081 105750340 4445582 78153647 3618837 77776904 -97338263 -73267843 26818839 33758232 -80921075 -23032797 36167080 -107002186 54952425 -12752612 66217503 -94264986 17754675 -10831060 -33091459 -9097196 -97123122 -95245986 -56962315 -28267701 -72315975 -13573781 -53432337 16906888 18084550 -31997376 25712044 
14307890 104912888 -56639121 -58012112 -68433 -73820952 102876587 -38512702 57279591 -18224799 58784913 -35485086 -86140448 -48738819 41656173 -78891626 71116308 28050759 -50657109 34913164 806182 -51473615 44970793 -25089957 83759575 -32326127 66984026 14015501 82714504 -89920313 -28539950 -6478204 9327862 -38425529 76583838 24159581 -72048612 -95798611 -27580097 -70643336 -24143302 -11208302 21263041 56522529 -104371935 -10607405 -23574356 98414299 106985239 -87251473 82585954 
76003264 92486552 -94553606 16171439 2233428 -73108999 52421377 23810627 -33840315 89096250 -36418747 -58264221 -71208380 -91430549 -5488163 101942716 -70114556 43477617 4120572 -41224661 -4025326 -56025087 76043473 -5055771 106436030 69915185 -26203594 -42108157 -1888850 93731774 47819579 -94692928 -62915523 -40640065 -105646180 -7693365 -26530896 -2230894 -73547195 29440230 -15798468 -45059373 -57942006 -62884205 81530946 -86517962 -56343462 -97129843 -80932905 -58997680 8660250 
31835595 -106744156 -20380263 33860138 -94463428 60326791 -51504733 105056467 -47797037 39509219 67086637 -64433402 98384540 106025576 84468391 82785257 27737600 59580780 64555472 -1746570 50611164 32987082 -35948473 -31040262 96154871 33054251 25794816 41843429 -49672263 100085231 1646549 -65132725 18173011 62664151 41340453 -48518772 -6874311 106587541 -27108575 85894334 -85708703 37413179 -32695497 -96570966 6753903 9149106 79291752 24461207 4031225 -34935112 -97133957 
59748155 102450626 42681931 -7734333 92003486 9397998 -90264159 12430112 52867465 90449706 -21862885 41927280 -103988070 29987441 105126470 -76440073 74708604 -38218704 37090755 19512185 52968139 -75468179 54283497 -14600839 -53043615 -17188664 100044542 -27371837 11755416 91887478 -100217473 -105978697 88717015 104836073 38286384 6848924 74270413 54271500 -52980919 76248986 -34616930 76754869 -22452723 49455951 -34492182 -27754636 -94493325 23490778 -26017480 6777913 -68839631 
-84007367 -64404150 100171366 -13367631 -84949881 -37001391 53820835 -85523990 -31248707 91351129 94596526 100979769 62035414 104181588 -77509827 30922785 -82059230 74886431 73679387 87297813 -70972749 -73155497 52877815 8787713 49848426 -78768312 96793366 -15152231 -2732031 53633781 -92118600 46294512 -48753431 -21318945 78326605 40280153 101807301 -69605385 -44570424 35004360 -100497018 34781732 81014344 48603326 9301823 -84856836 15193467 -90395284 73546985 25107498 -41377088 
-10879860 -2957328 51474324 65203243 79667411 40025105 91780177 -74245755 11805483 -20388860 67900474 -6603367 -67929289 -27506980 82113844 -53848928 2909832 63257210 -15722793 39009202 25568701 -54820274 13307604 -46074619 -41295743 -44283973 -102734676 -33411047 -15829743 -91380594 -30540772 -37093619 3863981 -102217551 -100612636 -66096686 43400111 -85409727 3053905 81122318 -91980561 -89124645 53466894 46281715 67476032 86530988 -94145894 83250453 -26240351 -37136341 99048992 
-33407982 1653312 65679558 69608660 11108323 -36054914 71128012 -87502700 102126432 -105421813 29039962 -24913934 65971403 24972572 542905 39673527 81446857 63741753 -97892249 43355636 33613228 -104945243 -34269383 23564615 80094328 -64262521 29235362 102907295 -79880518 -32907514 -45419391 -59689461 56964419 39447367 -20394795 89938742 63381078 -32760156 70438258 92470685 37775087 -29516379 -29781388 24129300 23069376 11888699 36401932 -84441351 3990363 78699230 -44924881 
-59083239 94605863 40644975 17600884 -103406816 -36632237 -17045621 80809085 66054681 78554146 106758469 -62994358 97877392 68342561 94900782 -106350082 44252264 -13513637 -2736399 60148170 -16099198 24068182 18370808 -74889072 -107130315 -82239230 -5691796 -73463765 72586108 99811364 28632208 31129088 -102992321 102730152 -44879710 -90190906 94274444 84278428 82060117 -43190574 -63208218 -4136261 -49512204 84027989 2849373 -23183206 -13007260 78611022 86048748 58353152 101698851 
-74639023 104141129 3318711 -75238796 42368616 17226319 -53798664 -39383127 87235502 -37427452 36608681 -34148782 83417360 11220923 55718763 -900090 75774433 46501471 40325097 21556947 37795831 -73259073 -22108284 -36095039 -98846701 87247653 -28877408 -11959983 83018965 82770184 32699286 -78523689 -102159397 9057258 94760155 -89178768 89501601 10064 -82351939 50623750 -61410393 24491826 80765255 -5425281 88873678 -82764738 -77187154 -5477283 -36119180 -62221330 -3375487 
-4375032 14190685 64912584 -104994662 37049763 -72098478 -24475127 52530116 -29648304 -105006393 104540230 -42896346 -57236423 55276552 84945752 -57614350 71624667 59815295 86428526 -51427481 44883737 36051321 43012982 -75297456 -39435960 29552648 63365991 -60909135 67080000 -9946106 -41798708 -10592115 -15015065 50543501 64041557 -89611747 97047979 43007802 -22461996 -23525256 -19024035 -5464712 -51769679 -102300517 32707714 59043852 -56307372 -75547593 -48543607 16424956 -85502278 
87343997 61781724 -28866252 -55613250 -92734177 52321612 40186185 -80826123 -6439427 -20873834 -70580793 13613907 -40174772 -965030 103280043 -2331227 -66415066 104050977 88624926 66876635 -101041441 -66677152 34107968 11799030 77402121 -59755924 -25269015 85646233 -66851987 -54679182 -83546826 -106431719 -65284460 96719307 -35302766 -17192579 -899582 -66795949 92463307 21426555 -75598156 105699653 -8686356 -95919688 10743138 -3874692 -79585039 -499446 -100355397 -83790846 107353198 
-60606109 -39068269 -55145475 6909189 69158772 -49721734 -32679450 74742247 -77476727 -46593765 -23589108 66592153 88863188 -31573462 101785187 -78013005 47254352 51341846 36656116 63738598 94183443 -86860249 -83047470 29416274 61675699 10111079 60162380 71063947 -66080465 58210769 62915816 -71677340 -89581019 87495133 -70781647 82072831 2357365 -40976219 95154200 18982346 56626972 -106548451 -37551656 -23246110 63048130 49530113 -60718626 11961744 97116822 -7837460 -40319930 
98241267 -100128851 -6474449 -62423051 -89319094 -77461094 25758192 104124512 -51038127 -76212218 48469535 -87414226 67174813 -56930785 -38127936 43995253 11003716 -67062941 -28014711 -86147451 33371191 8733120 6944513 -35139358 14303302 26333151 -40998547 91222563 -60204045 93778498 -57731379 -29471673 -25952496 54537584 19040346 29621479 -33480848 35240875 106661531 -57706195 23742360 -102279707 26289417 -20168824 -5779604 43574560 -80918070 26743981 -52495158 -87809211 -40640476 
24595787 8757451 92686896 -13141822 -23431024 4438352 -89034960 90673058 84097706 -19602947 33697069 14355641 -87663991 -98571606 82528657 -73536658 -80702496 88978948 47188581 -55596351 -51938437 -85519927 104974536 76451403 51309657 -6637705 -7183997 94824291 96725978 49231427 37762595 -80585839 -18420385 -6728078 -42488477 -62381793 103589216 72150616 -2529607 -32082144 37993136 93119724 -23258742 3179793 -87978235 -69895715 -8469799 -97274041 22011722 26266848 -46337169 
52376704 3838370 -10033644 -16692057 -26945628 72895206 -104863686 24323229 40195579 94952903 -86139806 -95235550 91447511 -93044651 -88029648 -75424839 51878712 -60849047 12373215 102705905 -72833054 -33982976 34691727 -81460689 35264528 71475139 -102469209 13196679 -90226372 -64850415 -40514660 6593103 -86767169 -20970047 -45976532 89745954 -85720879 -33701341 -21907968 -46789145 62903346 -75637658 32643890 -70119446 44961056 26221935 -23074165 86494321 -29873628 93616910 -20906873 
-69231264 27100768 -47870468 42314991 -28722257 33376112 -31354583 52013479 79694011 42968183 50720950 -25646610 30616627 -84191088 35980639 92261952 21805062 99416895 101377075 -79410374 61388209 -58448300 39254623 29460685 -5169687 92400267 -6382067 23331002 83391554 -18319665 99416314 59814740 -25985474 -86882530 -50818305 22442882 42304653 -92435701 107244495 -101583862 -44979417 22396410 68478694 -34045113 -52448192 -97611477 55995050 45671039 59382001 -38286884 51663508 
-8326528 -48486089 91915020 20786610 -49928255 -13668348 -102372303 -88151734 -22998028 83290062 -107170953 30376567 90953164 35880134 55833834 14834166 -17626782 -74206805 72042796 -86611825 23700154 -491819 -11626660 -32215485 -68149574 -37201413 48015395 23179280 -89421586 -88864618 58851160 23980449 1261714 48291637 -52900548 103673104 35363446 -51157032 18656073 -104553705 -91600499 40332506 68319773 -26145249 1192983 -55208600 82764583 -41483568 63163870 79502639 36742149 
82973504 -66783160 19774520 -21424920 51683547 32754599 -36046409 -27429169 -11074674 -79469693 70495827 103759118 -60794938 18010623 -71339927 -70985807 -91333848 3691624 65118253 67454969 -37146892 -68273667 -88317633 64778461 -82628206 -64299866 144998 32725175 91239254 -5426617 -64114997 -92819174 51299541 -104122373 -759611 -31351584 -100126876 55676339 -57687411 -28668666 3286754 -98355488 8191135 -53613644 -47444394 104292436 7827479 53866423 -30221889 -57212827 -11945746 
276664 -71063174 -25109441 30739857 37458886 56172511 -33459488 103287044 96796731 -36422433 35267322 -74615437 -58184363 -47755331 -47679559 28323019 10685248 -95520434 -36913204 8097688 -27401307 33820174 -96342451 27231623 -40744321 100133348 -83759579 105544538 104660639 -78240578 55523958 47068132 -84226460 50527378 99636025 94092873 -67015676 -59654770 -12942723 8542629 -90321585 -103412134 -103501235 -96014122 33891898 14932870 6276597 -80684391 77366717 99569263 -29553933 
-20124567 33059828 -17749333 103911095 32758509 44387587 -106807319 32714407 14812142 -34265142 69542349 -90724700 -79561371 -95524309 58450714 -98174309 97856948 -37782774 84031714 26980087 -53184824 62102825 96922849 94579603 77387348 -6161664 -48399199 26935779 -20527444 -65680714 48368375 -96287068 -97503247 81450194 -69254151 24353809 -5306992 106359123 68306127 554441 -63971801 -41981308 -99330108 26543467 9874425 68536355 -35098022 41828032 24677239 27155517 80498502 
49033565 -2821136 76333760 53070798 97475888 -9243596 32480807 -5391473 28024917 31061175 -81958376 42592578 7003633 62117310 31096894 -97524969 10534041 91429014 -4267852 96878820 16690328 -92060860 -86859164 -54882364 94568801 35998057 94146106 -33239037 -100411185 -97599953 -24561800 -11114816 43318130 -88120253 38590256 -44316741 -38697883 106307535 29048237 91822486 104073087 82754844 106538999 -102024102 88337602 -67054402 -9386020 20408598 -67528890 39551894 -59432257 
-76606042 -104871426 -6600394 -73735764 -1047704 98410890 101771305 41096650 60254903 -23101792 100141639 18481834 42104870 63929450 -14342212 8020344 86212955 62894270 69941155 69868415 57559865 58582092 35575408 -100207759 58143286 41783305 -93158309 -52026822 -77198198 -107173352 -85707805 -33247148 8650321 82273499 -65505123 32566206 -34504909 -97408608 14365278 25761184 -97591548 49211114 -10637215 -107108756 -83783615 1199717 -11569003 -42293437 22665701 -41256339 -65440529 
-98162622 -81055065 -1930326 28520099 -46556363 -86316819 80259713 41243091 100943325 -63693384 13970467 70128610 19325472 -7461920 -94318731 76341559 2375957 -52868756 38386320 78970380 -105481621 -30255353 -104166206 -15831433 -61001274 -21735212 -62313092 44802970 -82262657 39472551 -81295997 23919574 -70793108 29989659 12031264 62052963 79132447 83138266 -36549332 86081578 54293642 -34401316 -9456192 91908259 44376196 -728390 93081933 92681751 93490663 35809498 70533743 
91415323 -26796243 17719796 35698565 -25116951 -79358617 5349963 232129 -54350122 -63280278 -88086458 -91943530 77483207 76548964 -9682899 -79723273 -15051278 102998714 -68494518 -88831096 -56039348 71117261 105638774 -77728984 -8704671 -65363915 -65668980 -81215812 -41120053 -106663081 -75207323 88216396 38490197 -16849962 -12393928 22095622 4689371 10570359 105901408 -88677400 74045399 54206557 -23988637 -67238928 -66736268 -68834917 100244335 99563946 15020582 19237051 1381452 
-87252284 55393525 10089743 -104328771 58800494 -38427382 -22103985 6476869 -86558501 75263788 94276725 -69002088 87501851 -46016046 32268135 -84908763 90777759 -75924687 57245393 -46842928 33373440 5059526 -94973351 -101413165 -102355556 89026524 50065944 68902221 52205373 60710423 -48834293 -9898668 -86872338 -39765757 -63030820 -85106337 28772136 75088099 94639983 49840933 6941777 -76829824 56687994 54433747 7923152 -95147210 -86933084 1695494 56782335 19157533 80519710 
81655989 44055109 -100843044 -104162871 -70637589 -83277105 -49115530 99450481 62651104 2361544 -72873166 -43904688 -85031718 -43399583 -52562951 36789769 97818107 36427725 -39095578 5682619 16526672 -31922671 2476467 -89359314 -107308479 -61334861 76927780 66720776 -30271331 43258223 -107090633 -54427170 -62437766 85025989 72295665 -46665413 107081826 -21794630 -21799740 -45873235 -33779581 -104920584 16010703 -72213139 73685052 40341664 25501304 106349380 63961576 3026859 -45991499 
-78394921 71317145 73734363 -46515578 -48299988 58284691 -100586686 95010692 -18269711 68535001 -29983865 61681615 51405 54554612 -9318396 6369992 25801842 -100840518 -50510900 39757856 -76570156 -55594489 -81662362 -97738652 61487458 84736221 53014704 306350 -11588470 -43177496 33023021 -17344830 -20906956 25173800 62203791 39430796 9791178 -90415899 -13287883 107338807 98321230 61077895 -55249641 38156200 -51371753 -3700430 -62913231 -66795867 -1656901 -52711947 85482394 
-47761771 -62631341 -18644544 31402301 -106947844 72599432 -69434525 -86191896 56145967 -78758117 -104020205 -3980084 -83522429 2772144 85453232 -32856052 44427583 -78172481 -61908062 99308266 -68005223 74686607 34970687 40789281 -10616242 -50054621 93040442 -73190634 -44938705 67250922 -59705925 3958884 487380 68279611 71597266 -73693422 -76327733 18904792 36085132 38823705 330215 69460249 -88850803 -12960136 -90087706 95085879 -96645619 99047126 39914551 -105724867 25694344 
25421716 105659081 -41286069 -89423111 -99258896 28618818 77190060 -76269424 37851698 41536441 -80893587 58646574 105911632 -39547968 -94200517 14017918 11898171 2002179 -49534378 56616998 -72323415 -54359175 105943187 47854157 14448473 76261173 -11572376 29076020 56058624 97315749 36768770 30248864 -79946454 40235230 28131380 40566065 -51591359 -100474845 61078119 -33968950 -25924712 34485184 56746249 67875909 -50916351 26930054 -89874129 68202105 82531314 72306275 -60177838 
-99207069 -64274630 41113190 -42398634 70273456 69026519 -29651493 -44732213 -38768530 33212448 -105917659 34486512 -75142806 -6322298 28194513 11138115 -37030305 -14482848 -54639345 -23779758 -55249848 46256898 50827702 -77060396 -54575036 -58114137 95623328 60193308 4771315 62898530 -43789027 -13725360 89058943 -103338978 81447162 -9282966 22408355 -90320281 105679093 78148958 -50007854 39455036 70940041 69483782 69672361 -77767929 -54200550 -85406583 -34121731 -52897642 70459447 
38677991 -17579163 -7335822 92193732 75709181 -11979847 93920509 7460230 -48598382 2779418 18591539 68488736 62239888 -53509300 14394216 -18810964 33376815 -100539097 -26756185 -67675860 75128709 56605559 95549192 -75897937 59201890 99547046 38746241 -93774203 -75200386 -51807313 -91862049 -48686820 14276939 43756927 -20417153 24877101 3481689 86087185 -36128959 39744841 13034810 1173334 48646841 -33129593 9323959 54782028 100890104 88262720 -47641089 77675589 -51384604 
-24450974 33799983 -43883847 50497917 81164825 67812570 -39780584 69708204 -19977943 57320003 13866102 1148930 -68076854 58048209 -42267113 -2556362 44324290 89305430 51806613 97879818 -99728541 64028622 -25138507 -24664873 -27019765 -35296538 35914660 -5545988 91369968 -28722677 101152308 26317737 -5740027 -94259332 47782062 40984709 -810414 -61085901 14350556 -58262606 38781979 -39255491 -104339925 -5084453 2088953 68309098 -35902785 6399181 97452152 -49328112 -45551228 
14387172 -31722851 -8022006 -74084632 105957018 12110416 66388967 31246854 -50713087 33361857 -29152807 14140832 -16774634 45339535 2714112 63668284 -13107833 -80495402 98304319 -103047819 49668898 -102626468 -65191469 6330094 -23572648 -68682313 10443212 65541886 -52890075 78914584 -106442881 -104478424 -41784177 -79986898 65500369 45580316 73455251 27338505 58435727 34823544 3612890 26901325 -68278871 39718774 61016077 -62065382 80715350 -22785618 -17989494 15064197 -67611152 
-13333254 88979188 -29107236 -23932183 100322279 -106279210 3700091 -7932526 47164305 14110551 -14274343 74196108 91924971 65210956 94674965 -58873976 6582034 27494544 2692194 33507325 -92338767 -14348581 65149844 105485712 13772223 -27625249 -16106627 -41241540 -28510109 81585222 -84901460 -38560717 86122932 9365860 33440259 46226499 3463733 -67755364 -24764499 59627006 5197745 -69864382 -14483229 17951496 -69604068 95938902 107315618 -72797534 45407077 10098056 -80951602 
-58988766 7206411 87386115 68504191 81995941 -15442353 10190428 50407862 87107076 -100684709 -100949419 85097375 -103165412 31123490 -64098835 96992584 -88484124 -40038714 -76050715 -78353908 62364393 -11342215 -59009710 -95369509 -48927873 -1885641 -106144946 -60821119 -106175328 -98853520 -47699772 3031716 -4197812 -20345730 46244592 -107277736 15620523 -106453524 2051865 4680843 -74089860 -57025048 -82424975 -53324885 29086835 20196109 -11388243 -80906622 45795736 -86001876 17018745 
76339770 19428510 -74301676 -6784542 -99083855 9556384 46234342 -26712548 67104021 -55473170 61137627 40164377 20741060 91479972 -22342336 15653084 -32941479 16350818 -86853159 -95512634 65804978 -10419450 -105501385 -103372951 83245813 -19422679 -5950206 -89452126 96361638 -95922475 -34534447 -27392064 -29880524 -32455606 49996378 95433979 -20763976 80090496 -71125595 20993312 -7374398 -89897752 7699387 -90382976 90665787 86469434 -24976780 -30452769 -75192277 7470719 -26572606 
-71354781 72499290 -16161964 79704671 77218643 -34456628 -67093724 93366968 56687489 170815 -62950896 -101572525 67811058 45930517 39920688 -36657842 -9313513 -66856317 -102223384 -48689671 95307622 9387285 16702946 -81596251 -27269083 -103305009 43852483 11768501 -93351341 -20655748 95540784 -51728075 -19778301 59836573 4537257 -104285838 90002798 -33469890 -50784171 67163616 -82530673 73831506 -17029161 -6181498 36806514 42172401 11544356 105428760 -70406044 -103967476 97944288 
-41447958 -47506767 -86777792 14865764 23471008 34204277 -78851707 -27015927 -19893022 102845371 77659952 74787740 -91502398 4333319 52537677 -6304133 74692125 48296785 53262674 104826795 -83901113 -47869997 -96109414 -25650912 48363733 -27525223 12347203 24226736 -93751347 72014672 -64390822 -39846321 7741884 48113880 -39811206 -21249333 617379 -8604365 91853779 95763329 73249001 -84192057 -11024544 80398551 -58107966 41159505 65937473 105075893 -83415201 -14907237 -33089414 
-30436570 -90542515 28017360 50229928 2591113 -54804531 9302766 -20023615 -49486510 -72598606 97076473 -67139512 -96896174 1049638 -10276859 14798208 84545170 15028962 -74876051 -74192094 -66574794 72215189 43867487 -6867085 -7258398 35139478 -102475409 -52386675 50073381 91503898 81521286 -80053023 80214520 5388921 -43523182 16038099 -64446801 2798701 84370593 -60453325 25047167 19250406 20508330 84073778 -91441097 65630146 -30949114 90511576 6875032 36047573 57416819 
-66135122 -3883719 30704618 -81825853 -96548567 57470129 4575040 -23563829 24625117 44082885 71435232 -7609455 40095241 -86790417 -89699656 77078179 -65950023 -49950967 -40639876 56620247 38817719 -21543819 -61750503 98143010 -102304848 90538339 99404752 34161846 88992947 -4034655 -90271909 37476507 56043002 -74007146 -38079387 32551486 84758877 53052120 90352129 -84366160 -50223544 60457294 5440010 63328306 31809841 11314307 36924711 48684130 -7022852 26669082 -36210078 
1596146 -49517872 11058799 62971767 26539082 -72391587 31566524 39268932 11363932 54652126 39325016 95786753 84887021 -43154149 2328460 40908262 -106304083 -70433474 58512298 46628215 29044339 -71579050 -75554895 80679428 28582618 33163846 35204172 51798457 53884997 -9829490 -60579577 -34044154 59947315 92712629 83665322 83962753 -22636124 -33439991 89605355 24028491 -59984807 13933424 -20537017 100471461 3901959 85159698 14388764 -1989945 52590185 92376599 76848892 
20943515 -20175561 -9776390 2705628 -54628894 -11379311 -62424857 -43484045 -7158382 -80654119 54429436 -96260110 29711685 77105079 -48104050 -20934830 107083593 51660779 19911571 -12356538 -16261056 88211057 -33197736 74836624 -90517686 -12253038 -64929600 8187147 -89056179 -17676080 -20762776 -18969381 -49078184 -5160092 -361581 -17598721 55778923 -71883897 37905132 -104648449 21496627 90138648 7228545 -4889919 86132111 105795517 -82023162 -17338983 -64438651 53966381 39737924 
30978715 47902768 87266061 75115748 27704780 -56575472 -6843684 51336586 53477336 -83864871 -23815056 -31188989 -23578849 -87120532 -51106764 91012803 50078042 -104790770 46930795 -31565775 101769576 42072817 19798779 -6965210 3334184 -47200403 -58326628 98073023 -72132182 -57980800 7294213 6372921 -85873391 -55126766 62801734 33700943 -62873916 -57420211 103058779 3449844 65455571 -100840155 15253627 -50002709 -106100165 -41615503 25490172 29906809 -37375060 -43141101 -23226567 
16137967 -17793023 -56803035 -21696348 -39117154 -64942321 -66614290 10457814 -100263413 -23513931 2364722 -23006648 -54966491 -37601630 -66918553 -9834060 44199758 -92564553 -35890304 -27973868 49935327 2035473 43343725 -87777890 225379 44221015 55403256 -28412211 -72540380 -94526426 78680391 -54207719 34199896 36850299 -2615263 -88537163 80754873 -66800519 -29931388 30720136 16853348 14257764 42360370 -103357777 81213863 78176719 12661891 57958604 -8277667 -106686980 73636014 
75150570 26053797 -55894038 -101945375 -59534610 -61969373 18625301 -42106915 -104986560 -104366350 100154828 -88322486 -48268041 -74116239 7850679 13529975 6984850 -105574255 35140839 -56036087 -35905772 -98525621 88732147 -76703772 -61279176 33516095 13570826 89812889 -7034971 48765922 -859154 -20669408 -3083223 23940126 -60187003 61320703 -69853696 -5095092 -39956514 -67461254 66989587 -67576403 25132448 90283178 -17221816 99827048 64312995 -16613365 -86826960 -101024644 -94410843 
-20754280 28550518 12671024 99175564 -104835560 24145707 -73509220 6189554 -62450666 78609284 -42032049 37708034 -7066896 -26463837 -55412121 2199279 75181976 -16621286 -7621326 798787 -12679849 -74498257 21307330 -90664645 -31822780 -90954137 -78448313 -16188326 -69107659 -89637585 10088899 99359591 -42874401 29075552 75406701 105073259 -76738614 -34709437 19101827 67560203 -89164201 -441668 -30192584 87012785 74561558 -8558477 -21464973 -101764320 27480640 -66845115 -28739956 
87654217 50189922 -105879184 -100292625 72593033 36232718 58780842 -65546297 -40764684 -75664992 93111340 -26718180 78863250 91078529 25162033 59076768 64961200 49949369 55319299 11819061 4174124 72573612 -25624809 -6990534 83609780 -78548714 44661761 -71904901 -23920750 -74498672 28000478 -86489379 -79731437 29088593 1312350 -48499195 34211528 59095471 34363370 98319647 -52672069 -38187915 -56323442 70009185 97279241 59206719 -20499669 106272221 106571061 25420804 32513411 
-81358856 54394179 84092788 13592446 41317701 -21842008 20804834 52303773 -75129788 3780292 5421906 92978783 -88126797 -29612145 81792332 -78927479 -74688117 -105417244 -61761920 -44974476 -67229476 -37732720 -85203967 84779722 21781845 47096127 49610505 67988376 -101435214 100841289 63543559 -81760540 93172289 80904335 -29905782 -26669775 17628952 2310272 76590267 -26545126 -99547849 -55527994 1251627 9357957 20892221 45541062 85951811 82806390 4320798 -86208316 -37605875 
4061568 24206514 66851323 -97819343 -4954951 -80567331 34927207 100800619 -16788953 78178114 48610919 -28144323 35382649 -27637421 -36075342 -66282686 -57131528 -44238351 105562035 -101213149 38370718 62833870 -4624139 -66541785 100791379 64700458 92064683 -73931191 -27254061 76151986 89598331 -89537541 -17391244 -76742891 -97005038 -77646117 -17931287 69713324 -82670342 -93737009 -29646714 -12610379 18557531 28866351 59063625 -72781427 4406321 57720947 29454812 -2852867 53516594 
25564493 15304517 81531167 5085158 93397771 8383419 53802498 39123719 -42480131 9377120 -69507527 18511956 40232206 -6881093 21786405 42523646 -62991401 -27004469 -59038443 16148492 -105818159 -69789661 -29360889 61738532 -47943774 37150717 83681265 -49752302 -60025955 -47841389 -41068641 -36682239 96499573 88027470 83358677 -105811750 -37399658 91028749 -15558584 -8233688 -101346305 -48919413 -85382679 -100642951 -96758472 28173154 18792861 -103101151 23555227 -9705953 55290648 
-47977152 -20646999 67509457 -48873322 -107362399 55815916 101296481 66985761 103681875 92902959 -56686688 -92412264 29050424 -5729633 66617480 -86055856 52402813 31499843 -18056639 40410428 94499312 -70413623 -70081757 59064611 87266208 559872 -41762321 89272996 79057345 -105265620 -19022404 -90351150 -85462871 -7093092 70196800 -71513713 -215681 -100129742 -70806450 64559685 99303845 -24305513 105588066 -20166303 -38271812 51839202 63953977 56595462 66706068 -96619488 17203835 
-1984702 101389020 -37111735 63848514 -85005635 16760994 -82335520 74021752 25828491 25280659 -6245249 80567772 8881636 86665811 -64220974 13274058 -59210378 23170484 -25971952 -71730371 88672096 -25708976 51171805 -59679026 33209767 73816042 1765571 16681292 79198906 -64258219 85797023 25981378 97541759 -67890400 -20414082 -80589024 -4571517 35555704 -6187904 -43678598 -94063312 95607135 -23668699 91414342 -19030304 -46864267 -47808041 26134683 14794899 43889081 60834493 
-100787771 90635701 29609303 -54455564 36852087 20234509 -89128145 -39797688 -47980084 -54781748 -84939840 67657559 50901602 54118172 -74095294 26663215 -3320972 46055517 47411776 -1660041 -69891495 -51653886 38434484 -73176454 37530508 -37863285 -90398002 -79541920 -65394901 -29346408 -104596101 27833422 16688240 49345424 48054902 -69985911 5221674 -15132755 -2428052 -4255058 -21607319 -53753179 -3207164 -529381 92454010 55875045 84636146 55625438 -11453490 -59394098 19308587 
-21594243 27248923 -45978770 -44129871 26157232 -85923265 30096758 -27374111 101571205 103751778 -56610717 94368981 -80363736 65894468 -106373989 14645881 -16637203 -86666631 -72927184 83580710 -6196597 -25671073 -37876243 -82874323 44803281 49435956 -47463605 -49769169 -35336854 -78340797 30364730 91971767 -55011361 -16141595 -102860939 52675541 58173141 95786022 99603000 74894284 88061430 3893536 -79896134 50007915 75204998 81619790 18211545 -25511430 66537745 -82177402 8676929 
-4448510 90424727 -83590728 87707541 19136038 -63865070 -13873615 51626201 -32914597 -84085618 -101348354 18780504 47598144 7200981 69455853 -55533689 72468299 -2380829 37010279 65848059 -15791143 -17538330 53396769 74422961 34858686 46923322 69185834 43780078 67733713 32762736 -89626570 -10914929 -89210527 41577155 93564036 -31066454 22278138 -29844242 -4272750 -34334091 81936016 79814732 -41003574 65769070 -94875122 981565 25155856 -84137088 -55393397 76362033 -61431128 
57574440 102054624 -10549564 -35453091 8641021 90692132 -54679529 10575084 102982084 62202022 48920371 104079106 9508692 104886208 97486219 48608739 4012397 28432506 96685916 80088799 -5951592 47645659 -44017045 -75869827 -63415246 15371364 -33180305 71734840 -60472541 35565680 -65528325 8470338 -18804842 65616794 -51830058 -92429809 -14501216 78514885 76451165 48045899 -7081835 -71505945 101379653 4654082 -104105554 76548964 21816255 3263160 -24049365 94335962 -87325571 
38151665 85441565 -87499044 -78983035 102742653 93129425 9321929 2016046 30806643 72152156 -54832920 18369304 48530476 -59565860 -18620413 -20795632 -53492648 27796946 8626644 -55968662 28376262 98153469 -81506473 -51036018 8520424 -86557156 57705830 -52569648 -95461660 43977345 31827333 -87610498 57793376 51774586 1737656 65332691 -100593379 52580377 72195184 92228527 52385253 58070940 -51798402 -42420364 -81806193 -103640444 -37253131 -89697030 76952507 1470840 28319434 
-52758536 99700796 -34533937 3407614 59817387 73449987 57680744 52714818 55373538 10590385 37957999 -34805166 106693483 32084655 52242425 -79748024 -81841588 -50060980 62213891 -26449272 -26909604 -46746411 -13499178 -32675228 -70916878 69996426 95338009 24591605 65227402 14603156 -66022291 -79510012 17389314 96645566 -70430899 -91907207 35445799 -5923228 -103406235 84634975 101713464 -97929090 92066574 21638234 4476433 33347436 54141408 78823076 -26297571 -2304545 35139024 
-38474635 78686755 52948940 -78162207 -89985310 -79872645 -84547305 -77107659 -31274873 26209019 104581158 75338781 -15632682 2060146 13091120 28422245 -66831177 -47402991 83736544 26409335 80604383 44048857 8270509 -76427223 75293219 -89149676 -93262853 -36732850 76333851 59098903 -21415068 -79150367 -2705951 -104404604 71553080 88876026 5842755 -69665339 -83564934 -63529176 -78749386 -12642944 38992472 103822783 -97046875 -59020322 -98451794 50546279 86947198 81412263 26382923 
-6983134 -83872510 9911691 92534465 14189902 22910845 35510424 11696319 87596881 22769625 107372644 77480965 61805141 4796853 -96341295 -26063852 6675020 82983941 -91586393 42604090 -80517250 99686448 20524538 -75881624 49021769 -64997560 -5928380 -32985038 -29590259 54453676 103512942 -88995048 -11780163 13528445 4945020 71805265 73806887 34617119 3022931 76448284 104303265 7885479 -36826247 -98420745 23365728 -84886460 -78568663 -73579420 -75742018 -93281944 28631760 
-87793880 -75253097 -94067002 92742623 -84640864 -43638526 72766898 101190734 -62454266 7609707 -18642217 14429045 -9252434 -45509625 15726491 -99683587 -70978770 -42233711 105062862 12614529 38374881 -67990273 -74347878 -4896501 18622645 38341249 -85823017 102768597 -105517089 58748239 -48875229 -39022556 -33303155 -94163152 35884617 10264770 6869936 84068306 -57314358 -5591041 55187942 -17872443 -54725524 -33416576 -27153310 -66251497 -82482777 -56363850 -81347387 67205192 38826840 
89986917 80399342 3614964 -40398659 -49661197 -106541577 53052536 12065686 33980819 -73841030 30795914 27340019 81542190 6692049 3601919 105104021 5138893 -79565139 13053962 6964660 -52406939 91008025 70720908 90105984 -103385503 -20491593 -58102266 48630375 -15204380 2212893 68292909 101959488 -38703374 70239997 -17037868 52919657 -36152102 72888602 -83903741 29412815 -106685793 -34069021 -39479488 26829162 -3556584 26840255 -15353403 76736453 -41511913 103010180 -84633637 
-86228565 33912153 76440260 4299351 -35244002 70392398 -31653152 72876940 -606062 59672701 -7712444 -59032426 -8222843 -41075237 45745536 57984028 -11750525 13089832 -43874164 35913393 9924602 -66857515 -36147865 -88856042 -100802826 60739860 -59194775 -26115633 -84943489 40345114 105590121 -104757213 85341213 -48510276 -84731208 -11264732 97125191 -11877662 -91582448 14218016 -41774517 -107281596 14877510 -52243002 71062363 -52791061 30373248 -29823543 -4600015 37591758 64976038 
31474232 21313458 41503348 -47411120 -14443414 74831292 -33646374 8514664 10466686 -29113786 96911412 -98942718 -60162786 63067332 -102668698 -97584936 33884847 -61068561 36479795 -26486359 24851076 -64564737 -56382342 -40586569 -80317865 19417981 40700600 -100388305 -77239654 -7259555 -35268797 -72526686 98130636 68611629 7537650 -86190533 -31113602 -41725925 66572875 -97037701 -77030075 8705320 12724047 48332088 -26074020 83996570 -52840780 -76883519 -31593894 106416473 -41585625 
85081556 3414769 12422614 -72449494 -22070723 -36876240 19799582 -64333373 -23495811 -5919372 -40531150 103619290 -35344563 26637026 -59863079 70828478 -8152338 1754503 9333035 -93214927 -29754212 14850682 -92733113 58329673 36212665 102930751 103106866 -104553227 25415998 80374496 -69060184 30180871 40747139 70002483 -56008293 48751047 -33274454 77632977 -99938965 74109405 47571215 -4402342 24427515 17070974 -20795866 -33019542 -90347173 -88555270 -57414738 -79729169 -18287816 
32403501 20594377 43621617 94618160 7755877 6709623 -85937998 -25963000 42119626 -100487545 18940155 -62739304 21424554 -72010325 -55615019 -22797367 100256515 47421694 -89289452 -40672149 -63048955 -3739666 -20624314 10618571 101562522 41750030 -68450743 4947556 -105868045 23198704 73558763 -72594077 29745541 -93988784 27953347 -53557079 -34503406 5444307 -42733327 75182654 96822326 87717104 -74438025 83636298 48206636 64683226 65632479 -77519120 -73708194 69264622 -69072185 
95741678 -73952697 -12654663 59441454 -26536509 -55976211 -24734176 -80588452 90537331 73987873 100712363 -107136448 49425634 25355060 -49853779 -105999483 -43011819 -102974581 36457462 -78033120 32512681 45139998 -37362194 -23353758 -72577409 -71242222 54662919 84640959 33411400 20725346 69166673 -76603035 -21318179 -60728500 -23537507 -38063919 -14245785 -71981853 88273231 60182680 60843441 86795406 -97070649 11197826 -100204233 -1399335 30116715 -5596914 -102394507 -18411958 67075667 
