1423381106826551095 1077 77
-8706 -7810 -5924 2716 5101 6127 -4728 1183 -2731 6375 -4589 -1526 3324 6178 4697 5581 -9432 7323 -7365 -2584 3618 8807 -9803 -9875 -1909 5801 8329 -7710 -7086 -5240 7696 -1894 -1031 -8426 8456 2761 2577 2595 1933 5564 -8392 1019 5945 9911 -926 -1510 7191 -9831 -2497 6032 8833 8191 6667 -4072 -1501 -2241 -1772 4296 -9718 -5661 4152 -1559 5278 4549 6031 782 778 -4393 154 -4324 -499 900 8958 -2398 -6780 -7183 -3297 
3864 -2694 3311 -7172 -3186 8517 349 -8128 6939 8547 9250 -6894 9131 -2453 -1513 1158 7402 -8135 4945 3545 2624 5552 1466 -936 6225 -5152 2531 6197 7314 4525 9566 9498 -4429 10065 -401 6520 5110 -1592 8464 9184 -5057 3494 4850 -6194 5503 -857 2390 10005 4887 2560 -8743 2615 -9552 -6442 -2676 10082 8910 -8554 -7563 -5425 5182 -7587 -2015 -8310 2926 -1391 -5497 5764 -2980 -2364 -7496 4616 5024 2472 271 1801 3512 
-6146 -8059 5546 -346 -5594 3288 -9473 4372 2224 304 5691 -579 5404 -748 2093 2623 159 6945 9239 4836 9029 -9362 9802 1191 -8688 3993 -7345 2163 -7553 8529 8712 9859 5211 -3455 -4703 2581 9572 -7495 3580 -7330 -6995 5585 -3525 1112 6175 -7288 3612 -9877 3275 -9872 4528 1389 7421 3041 -342 3140 -2151 9638 -8654 2856 -3280 -5267 6741 -6761 5569 -4448 8700 -6089 -4808 -2613 8667 -5831 1825 -5401 -1550 6707 -7680 
9333 -8157 -1145 -4918 -1508 71 7050 -9128 8848 -3443 666 1880 10021 9868 -8301 -3884 6823 -2763 9120 -584 8732 3712 2974 9992 7333 9293 -9526 2083 -8858 -2295 -7894 5756 -5494 -7929 -4222 3067 -1994 -8630 -179 2933 2656 4934 6459 -9852 6814 -3428 9917 -10085 4153 -4675 711 3834 -4515 -9459 5070 2941 -5565 3533 -821 -8208 7372 7614 4709 -630 -6939 -6557 9991 807 -8572 93 4701 -4158 -6780 -9342 3686 -7429 -807 
-6614 5971 -3612 9081 9278 638 8796 6541 -8281 2082 -2039 -3732 -7654 -4147 -9573 -2580 -8523 -8418 -279 4642 -3285 4723 -7759 962 -1158 1928 8771 5984 -8052 8218 -58 -8286 -266 -1262 4248 2181 2982 -840 5549 -3855 3076 2473 -9604 -171 -3091 8214 -729 -7630 9468 2044 -7561 -9811 -5948 -779 -3682 -9442 7167 1837 -3631 3663 -771 -3455 -4450 10059 -3565 -6612 5760 1711 -608 5460 9029 -4259 3803 -5387 -9012 -1073 3474 
919 344 3477 -8250 4801 -626 8800 -3588 4262 -2070 -500 -3189 1372 3264 9504 5977 1302 4389 -65 7460 -6561 -1399 -3518 -9819 7761 2204 5165 5448 -4030 7107 -1122 -6931 -7310 -1115 -8043 10015 4791 3055 1966 173 6068 5923 -5870 3475 1213 3974 -3918 -6884 -615 -6920 5146 -7696 -6451 9272 6396 -8688 3445 -4642 6490 -164 2027 6323 5234 8908 1870 -7493 -3412 5200 -2017 4701 -6186 1516 -5033 3847 -2473 -3558 -9411 
5520 1224 -1589 8870 965 7615 3610 1623 6975 -1592 -9955 6689 -7076 -9718 1229 7207 -7006 1628 8567 4759 -4132 3137 -8553 -4356 -8015 8649 9269 5742 5420 6744 -6242 1302 5099 1482 4535 -8283 7813 -1259 2366 3984 -461 6797 -140 -7677 -3113 -6002 -3479 6322 4218 4455 -600 -6989 -6988 8535 1614 -1647 8894 708 -6091 2983 -8880 -3307 2587 4576 8672 -9836 -3813 -4851 7106 -2595 -3985 7905 9536 9627 -5681 -8095 2442 
-3691 -9617 6069 6063 819 -2052 -6369 -7290 5737 2711 2424 8599 4621 4355 -7914 -5060 6149 -3602 -4890 8169 3068 6524 -2043 -9669 -7489 6417 1976 6217 -2103 -5950 -5322 2587 3495 -3600 -2599 8852 -4801 8038 -140 7280 1250 6659 6584 -9559 37 -2937 953 1843 7838 -7746 -215 -8818 4968 -2640 -1402 2843 -5353 6029 3498 -9528 3655 -7795 -2820 -281 -4448 6281 -872 7262 3533 -359 1243 -2610 6320 4153 -5013 9757 -9157 
-3053 -2855 -5052 -8511 -9146 -1632 9190 5871 7516 -3639 1438 8125 8134 -4115 8794 -2951 -2746 -7089 -1996 3537 -9199 4275 -10006 -6884 -3928 8830 5674 -2975 4375 6817 -7687 260 -8907 -125 6401 4739 -9840 4239 -3238 5071 -4964 -6263 -6970 -9041 6663 -3569 -5989 8247 496 8022 6615 -4214 8738 -171 3412 1007 9402 -43 5030 2972 -2931 1223 3072 -701 -6814 -1552 -6413 730 208 -8466 -7599 -5907 -8958 4200 3470 -1651 7961 
8133 -719 -913 -5949 -3943 9218 -7244 3279 7740 9189 6120 -3823 -4242 -9689 -8821 6559 -1269 8155 7782 1105 4858 7773 7496 -1111 -9941 -4537 1857 -5628 4381 -1398 4297 8728 -9537 -6578 -1398 627 140 -4297 -1468 3952 1093 9462 6178 8819 -5667 5959 -3351 -4653 1492 -8706 -2949 8729 -4628 1726 -8966 -585 5851 8934 81 -6058 3490 -6568 5696 6518 7045 1147 -6660 9321 -2117 -8294 -728 6726 2906 8025 -7459 -6891 -3619 
1791 -293 -5262 5655 -6337 7783 2398 -8592 9318 -1815 -2133 2835 -8350 -6470 1411 -6208 5281 5519 -9002 -9946 -4151 -2959 2011 -7418 5251 2786 -2708 1628 5595 -8068 235 -1350 7759 6958 3598 -9710 -3763 -6072 -2672 -33 3894 -5261 8829 -6996 -2569 8087 4083 3584 -4010 -1212 3653 6561 -6438 8725 -10067 -4667 -3073 -6612 -4089 -5775 3918 -2701 -6136 -8478 4689 977 -8416 9820 3816 -7314 -4398 -5970 -9492 6562 -1947 3656 -6776 
-9514 3334 -6004 -1189 4971 -3051 626 4631 -4379 881 -2558 9829 8787 6389 1153 -397 94 -560 10085 -9787 -7999 -7386 -3527 -4997 2052 1005 -776 6716 8953 7364 -3682 7097 -814 7750 -4422 3259 -3948 9418 -5194 -1154 -1524 -6814 -4374 -901 -7599 -9150 6617 -1233 8513 3297 9196 1609 8801 3815 9472 -7498 -7799 -8325 -8026 -3604 -3037 7680 5239 -278 4767 7199 -2360 1310 7929 -670 2800 -7795 6629 8307 7243 -8777 683 
-2113 1039 -4519 4125 -7741 4484 1205 2683 -2685 1440 9187 2167 -9517 -7766 -8806 2326 5859 4749 4655 -6807 9216 3190 -9733 -3063 -6037 -4727 2727 -6160 -9234 7938 -7365 6790 -8076 -3404 5582 7797 -5588 -6090 7946 -7129 -5178 1507 8116 4712 -2892 7009 -1138 8188 6108 -8513 -4642 6898 7048 -177 -7301 -5035 9231 7548 -1494 2043 -5197 818 6633 -5801 6324 1938 -2224 -5723 -5617 1054 -4454 3853 -5784 2384 -2207 -5376 -1528 
3649 -9695 5281 -4003 -4321 5389 6520 -2660 -5531 -1340 8510 6806 8706 5487 -2563 -2290 8657 4844 -9247 8458 6637 3274 1892 -3790 2434 765 -6212 840 3993 3267 -10022 4274 1042 1812 -3984 6787 -5395 3014 7438 590 6008 5692 -8811 -3887 -2397 -689 -9348 -7878 -294 -3325 -1777 -5477 -3327 5242 5627 8707 -3690 -8670 -3107 -3474 -8985 -7402 2218 6937 -5656 3601 8191 1585 -1117 6573 -3131 6273 -9312 -4256 9015 -191 -10078 
1843 -4081 -2622 7827 -4739 -85 -1685 -2994 1552 6914 -4836 8682 -1340 1381 -7879 5494 3096 -3997 -2880 2358 -9240 8099 6460 2529 -6328 -6065 9079 2888 -8424 -3885 5433 -2124 -4672 9496 -647 -2267 -860 -2961 -1053 -7010 4222 2518 1945 -2843 -1991 555 4838 -6137 10006 -8678 3880 8775 -1926 4459 -5772 -4714 -8721 -4328 -3610 7724 -633 5948 -7435 7019 3056 5511 -8839 -8663 5425 3866 6401 -9573 -4828 -5219 -5165 7637 8824 
5676 2207 -1205 -2416 73 -9180 -1542 -4550 -5561 5377 -2230 -1244 -2723 -4075 3100 -4020 2679 -2035 -3475 -9666 -9708 -5102 4832 -3682 -8761 -2958 -1391 8403 1309 -8634 -1210 -6633 3926 4917 4977 8033 -9693 2482 2500 8955 -1267 -7326 -3085 -5519 9874 2453 -638 -2699 9986 1300 -4863 -2221 -4771 321 -239 9508 -9910 -9667 -8926 -688 -1799 -1144 -3492 6042 -133 8884 7951 -6099 -1029 431 9585 -4034 -984 -9461 -439 5761 -892 
8960 2675 2101 -1538 -4959 -6070 -8473 173 -4518 290 6524 -7854 -4744 -4306 -7412 9229 9308 1708 4988 -679 7756 -6291 4176 8743 -5943 8859 -9668 -1756 -8617 -2942 6315 -6191 -9775 -8467 -6986 -9728 1127 6172 5767 4196 3185 -9038 67 -6686 -9711 -928 1226 8029 -6925 8661 -3628 5263 950 -7197 -2878 2899 -6946 -9142 -3884 -1582 -4706 -4328 398 -8747 -9843 3569 -4567 9616 6740 -753 576 -591 4511 6310 -9492 4159 -2207 
2996 9705 1337 -1520 8192 4878 -1454 9101 850 -9796 8023 -8590 7065 7753 -316 84 -5510 2691 4508 4308 1593 8736 4246 9781 9129 5195 -8125 -6795 9461 7190 3036 -1196 4924 1668 4711 390 -6726 5615 216 6164 6260 1063 859 4195 -9656 -7086 6404 1381 -1970 6320 4463 292 -1935 8762 8051 5642 5119 -5034 -2182 -4737 1213 9442 6031 3354 3412 -7636 -2230 4646 -7358 -2496 -6940 -5300 -5075 -1763 7252 -2364 6549 
-6589 -6489 6283 -3929 -7731 -8744 4313 -6859 7996 1011 7570 3862 -7518 8900 -2674 -9714 -3161 7799 2909 -8187 -8526 -7295 7189 -8646 -3451 4909 5472 1590 6057 -6495 -3508 -4667 1381 10001 5448 3261 -1201 9151 3146 6072 7395 -9315 -8966 1224 2323 9897 4095 -4213 3863 -6839 -6294 1647 -4510 -6690 7866 -6044 9479 -4715 -8644 4966 3831 -6934 -1202 1371 -5966 -6850 -9284 1482 -4036 -5163 -9301 -3049 -4132 -4217 -3107 -3453 9819 
2215 4190 7367 -6264 9716 -3188 6703 -6211 5505 -1014 -5382 -6766 -2645 7590 -2123 -6949 6909 -3134 8275 -9003 1103 6305 -10044 4819 -9956 5414 -1145 -9131 -8739 741 -3850 2260 1404 4840 6390 -1786 3336 7496 -7522 613 4514 -3963 4168 -1679 -5639 9378 6042 5471 -2153 5107 8182 -1490 7359 2652 -9204 -5156 -9202 -9877 6804 -3103 3074 -2861 -2479 -962 3604 -2102 -5261 -9017 -1125 3918 -3812 -930 5369 6287 135 2369 -33 
5144 2301 -5327 -5657 -1634 -6183 -5735 -6436 -3476 -9885 7685 -7029 2169 578 5261 5295 -4072 -2477 -5042 -2025 -8984 2224 -6256 -5096 6840 -1954 -3833 3012 4522 7739 5479 9103 -5797 3082 5229 -3087 -9316 -6124 4698 5071 6587 2221 4144 1463 -4897 -5599 1655 4029 6423 3552 -7061 802 8092 3875 -9156 -8947 -3504 -2996 1520 3228 -5780 -6993 -6347 -7217 -138 3868 -2092 5944 5750 1434 5227 -7888 3498 -9950 160 2891 2352 
446 -3765 6603 1019 -9319 -9869 -5167 4906 5369 -4771 2102 8481 6875 7474 -2124 -2821 -3771 -3134 1858 9437 -1207 2208 8650 8600 6231 1633 8524 -1520 6613 5700 -4974 -5132 -9352 -2184 7710 4135 8681 -6335 -1536 -6999 2262 4593 5628 7681 -6054 2929 -5737 764 3372 876 1841 -8326 550 -6559 5615 -5363 -5392 -9699 -6877 3952 -2424 -5987 9898 -2923 4914 -9750 -4298 -8844 -9273 2308 -3923 -2512 -8127 9350 -3381 245 -2335 
2297 -5282 8982 -6732 9938 1571 -2107 -2929 -8454 -3385 5274 8227 4169 -6165 -4730 121 -2224 1289 -9662 -8542 7359 -9508 -2829 6408 6220 8775 944 -2740 3391 5156 -1883 -776 -7535 -130 -8315 1547 5540 694 3359 4463 -6957 4340 6529 -5499 7815 5807 -4960 7336 4994 2879 6579 6541 -329 -3675 7876 5951 -9985 -750 -7523 -8803 6116 5466 919 6281 -9296 4149 6137 -5285 3734 -392 6115 -6207 4749 359 1016 -284 -7952 
-5173 684 2953 1643 9812 -8341 9165 2756 499 -7252 -2560 3610 4058 6182 6772 994 -3639 8606 3155 8222 -5806 9539 -5598 7433 50 -9733 8839 -3077 344 629 -7369 1863 -1342 5434 2036 -1474 9732 8094 6321 574 -1460 -1575 4528 1948 -7484 -4524 -8778 2040 6784 -8273 2104 -4293 -7726 1731 -9785 4955 2921 -8147 -5157 7931 -3518 2755 -849 4013 1437 -8967 875 2230 7972 7365 -9144 -8752 388 4998 4987 -6647 -5801 
9066 5281 9781 -7194 2014 -2927 6784 9197 6772 -1116 -9384 7363 808 1885 198 -91 -1500 3586 -5151 9586 7005 -9759 -1625 5291 4714 1177 2425 6744 4162 -6364 -9064 487 -2385 -6944 8686 -7031 -874 -2387 8317 1995 -8211 2869 891 756 -2652 -7051 5107 -5306 -7679 -5188 -138 9401 -7164 -7185 3250 -9989 -8841 -417 1212 -1724 8755 5356 -2595 -10007 7288 6337 -3285 2099 -3052 -3048 -6915 -8405 10061 3593 -5057 4950 -5785 
5173 5767 -1226 -2194 3578 2013 4346 -4443 -7600 7446 -7210 5848 117 5447 -481 3455 3102 -7002 -4066 5750 9449 1472 -2502 -924 1670 6793 -9953 7832 -8381 724 -5394 -5746 -2175 -5401 56 7699 -9171 -9198 -9596 -7087 -9584 1720 2311 9705 -6192 9812 7189 -693 5924 2499 -8779 3205 6458 7949 -6027 -7691 8782 7053 -4474 -4941 -1894 7641 5940 2883 6771 2729 34 -6139 9213 5982 15 -4815 -7150 -1547 -2922 -1510 -866 
1520 7805 -6007 -1104 7853 -1200 -3444 -3482 -5589 -2323 9795 -3353 1085 -7865 3625 -3127 -5415 4312 9217 5539 -5802 8571 2408 1279 -9604 8528 -8403 -5328 -6030 6099 6532 -4467 -301 9965 3400 -7738 9705 -629 -8617 3024 5280 -4541 -4923 1772 8883 3252 6261 -6383 8249 -6435 6543 5416 -8549 4035 -742 9743 4026 -9369 -2071 8897 5024 -2798 -1047 -4980 -8281 1732 1483 -5548 2057 8506 -5895 -6774 -5285 9385 2665 4472 -4764 
-4010 -1580 -5612 -4162 10033 -8004 -8296 -9351 1223 6709 4502 39 3546 -8725 1729 942 -879 -4590 -4003 -2117 -9680 -1448 8918 2328 5831 223 -1389 -1832 -9071 7321 2384 -3059 3580 -4162 -8388 1389 5067 4268 8891 8352 -9103 3028 4219 4271 9393 3270 3090 -902 -934 8152 -5321 9930 -6414 -1202 5544 4012 -7079 3646 6574 -4859 -882 4678 -4206 9633 -2746 665 4540 -4449 -4549 -834 -9380 5395 843 -1667 -5677 5592 -4914 
-1539 -6737 7011 7864 -8801 -3393 2242 -561 10053 282 7887 8476 7015 -2496 -177 6803 7570 1526 6973 -3975 4353 -2416 1620 5916 293 1001 8377 -705 -3522 -6110 -1922 -2183 -2939 -8109 4218 -3049 1275 1969 3154 -407 -8133 -4142 -5080 -5007 -2396 -2102 9981 7195 -1989 -8399 -3665 4729 -3896 1528 -7141 -4316 2126 -3353 5922 -3818 3653 -9886 -3945 5554 -8591 -9183 -7389 -3895 -9169 -7686 -8129 5624 -9210 3369 -3393 -4041 -732 
5907 5266 -5522 2489 7255 1743 2544 3833 -1149 -3907 3507 -8711 -1480 -9340 5696 -7562 4826 9050 -9948 2564 6586 -491 8644 5348 3202 -1046 -7956 1788 1389 1240 5271 -1395 8704 -9073 5333 6342 -9739 5435 -1912 -7252 1997 -5879 3812 -8850 -9670 -6394 7916 -8124 8581 -4999 1577 -6775 -7497 3223 -3391 6970 -5816 4557 1769 -1452 -1498 -1606 5845 7983 5563 9103 354 -3777 8839 -8835 2 -6951 9882 6412 1695 4297 -4465 
2802 -8636 5403 3599 -3400 2475 9035 -4404 -9896 6802 25 9869 -5254 6334 -6320 8687 -9524 6060 5240 6417 -6314 -6700 6355 -9719 1713 -5734 -7392 2906 2331 6219 -2411 -2420 9947 -2978 5757 3946 -2681 -3303 2819 -8460 1452 5340 4717 5510 -3431 -1000 4070 -1092 4039 -5100 8975 -8301 -8145 9065 4344 7755 -8838 -9389 -121 -9454 3844 8791 -8078 3101 -8168 2377 -7909 1916 5929 544 9353 -203 4438 -9522 4039 5586 20 
5893 -6089 9447 563 -6528 9443 3226 1069 -479 -1382 -7167 -7065 9147 7928 5076 -7616 -5628 9263 9537 -169 -422 8407 -3297 -7047 -9363 -5705 2142 -6746 1820 5644 3319 -1359 8370 -8602 -1043 -2622 5276 5960 3591 529 1997 3870 9959 5526 4117 -2066 2901 -10006 -8641 -3352 -8816 9689 -9041 1586 8408 2006 5438 7284 4954 7819 -2619 4126 -7708 -9728 7218 8375 6873 6789 7613 -1245 -9927 -2391 3708 6546 4989 -7281 6413 
1705 -8207 8715 -2680 -240 -7828 -9980 -5627 7946 -7215 114 7262 9963 7637 3394 -444 2418 -7213 -1307 -3760 -9385 -4984 -1433 5375 7073 -2613 4392 4562 -7108 -4012 4115 1123 -3570 5862 7527 4249 3455 3863 2504 9432 -5653 -2327 -7129 3930 -8101 1313 2952 7093 3864 20 -9365 270 -5016 -8632 -1263 -6830 -7099 1273 8633 -1320 4160 -1145 -699 2105 -5127 3560 -7448 -5927 4317 8198 6598 -8810 -761 6638 -2140 2221 1161 
5297 -3543 -5411 -8354 9809 5657 9904 5162 4686 2537 -8140 5692 2356 4161 -2767 503 6732 7684 8235 -9213 6876 7316 7024 -4078 4588 8991 -1294 236 -5315 7825 -5380 -7752 -910 7751 -1590 9649 748 -7348 -9839 -8244 -3278 220 -3618 -2893 -9526 7100 3445 7277 -9286 -8679 8702 3020 -9501 -9593 -2287 10056 1942 3579 3086 -135 -4628 4405 -2513 2286 1896 9789 -8147 -7903 587 1927 2579 -786 -2159 -875 6903 -243 -917 
-4829 5996 -3244 9301 -5779 -8506 7336 -1370 316 -2561 8044 -8153 2780 6021 7681 5167 -10042 1657 -2398 -7475 -8296 -1570 -2353 3516 -7614 -4821 3333 9191 8188 -6025 -6694 6287 9419 -9285 3152 8282 -460 -8288 3312 -7295 8127 -6859 -9479 6572 -7320 9155 6897 -9423 3554 -9729 1256 5779 5160 -5154 5936 7399 -6072 -7347 7142 -3183 -4619 -6981 1118 -7824 6527 6206 -4995 4945 8369 9653 7178 -4758 -3670 7134 5558 6398 7977 
-9679 6614 -4639 4224 4933 9359 6083 -1419 -6083 3896 8432 -7166 8777 -3943 1619 9145 9454 6820 3672 1253 8693 29 9293 -7773 7918 -6924 -7991 2749 4601 5330 5016 4216 8669 2809 8747 -1420 8576 -9842 7750 5376 1724 1312 8020 116 -4341 -9219 3967 1474 5149 -7263 -1551 -3189 5289 -6551 2006 -6594 8177 4789 -3188 854 3474 -6923 9586 971 4766 -9699 2632 7896 -7499 -7359 1757 -5616 -5813 6451 -3406 -2781 -9616 
530 -667 10003 -8083 -1219 -2022 3169 8637 1543 -7858 -6546 -1897 -1390 9716 -8536 -7752 -9918 -5510 4679 -7945 6852 7492 -7735 4461 -9605 -1769 8122 9179 7782 -5873 7377 -1703 7628 4495 5831 931 -9462 -1319 5558 -9287 552 -9123 1028 2924 6247 8943 -4656 -4968 9202 349 -6771 -3345 6619 6718 -933 -9755 6696 -7997 4412 -2881 4933 -46 1365 2460 -233 2025 -10008 -8817 3942 4565 -6470 -5032 9899 -25 1363 -721 -8913 
-1381 -6111 -7191 5956 8582 5794 5271 -2478 6531 -508 -9109 -7891 -7695 927 8547 -6068 1037 4565 3330 1694 -9263 6302 7059 -8659 -5657 -4619 -7686 -1989 -9073 -6796 -3854 -4321 4824 6398 -4766 9345 -3509 4580 -1047 5628 4468 9151 -3462 -964 -7084 6072 -1560 -9364 1719 -5004 590 6534 428 -4170 -4789 4671 -8210 -9859 -5809 1962 -2019 -6958 -9516 1158 -8941 -633 6697 -495 9613 5981 4911 7865 -792 -8551 8331 -5086 -4652 
-2843 -7496 4411 5406 -9315 -4119 -7792 9093 1928 5744 1669 1590 10037 1499 -4871 -3287 5133 6216 9956 6237 1279 2959 703 -5918 -3251 1901 8378 -3945 -5985 -1370 758 -1991 -8983 7065 6700 -9433 2253 -3492 10061 271 5146 -2850 -726 -1211 238 -1561 9480 3022 -8886 1369 2092 3539 -4928 20 4927 8274 -10018 -8215 -7107 -9263 -685 6460 -2203 -4347 -8777 7650 2682 8673 -5374 -1905 3286 -1871 3721 -5195 1249 9495 -9111 
10076 -8630 -5405 -1807 -6345 -379 3094 -6244 -871 -9130 2836 2272 -8475 -133 -1198 -7624 -363 8249 3909 6120 -4864 -9508 -3941 -965 -1097 -2146 6784 -813 1695 -3855 2551 1483 -6608 -9059 -231 1489 8351 -4914 1323 3227 -5609 5073 -1789 -7547 -7780 -3846 -6455 -8138 5863 7022 1173 2779 -1177 -9640 4559 6990 5840 3630 -4004 -8887 -1423 9450 -3820 10073 -8474 -1001 2209 -2617 -1153 -4832 9168 989 74 -5004 2525 3471 9791 
204 -1478 9882 4462 9571 1261 7242 -2436 -9442 934 9609 8355 -3465 8466 -4283 -9210 -6404 -3742 -2227 6886 -4177 7738 -3432 5609 -7327 -1278 -6227 -2779 9236 5165 3994 3511 -5651 2568 -4553 6672 -8694 7774 -9219 8522 2114 3018 -3848 3216 9605 -1836 -2824 -573 -5889 -8525 2510 2524 9424 3761 6744 -8920 -2837 8115 -4601 -2544 -6164 1882 -4181 4804 4898 -6769 -115 7338 -8203 6573 6185 -1244 8287 3059 8515 -2462 9707 
-3784 -422 -9768 8736 106 -527 -6404 -453 -8781 2052 502 -4421 -226 -6156 -8000 -6514 -1835 9142 1769 3984 2771 7578 -8275 4522 -3055 9156 -6510 -677 2414 168 -6293 8230 2482 -3349 5593 -9347 -5147 -4913 4095 4115 3531 5252 -142 -3287 9977 -1406 -6081 -2000 -1538 -111 -9631 -2556 -583 9241 9567 4396 -4277 -5697 -5337 -8149 -9346 8717 -1929 -9173 3421 -9165 -7806 1711 -6769 -6939 7827 -1597 -1068 -7512 -1295 -3100 -8107 
6524 -6013 5728 7376 -6985 -3018 4803 -3447 2373 6832 -5620 7084 -5576 -5088 6769 -3638 -5283 -5529 -604 -7020 7080 -5727 8038 -8159 -4524 -7043 -775 -9993 -2142 5944 3755 -3692 1913 -5857 -5212 -914 -9515 7175 -7436 2352 -11 8115 831 9751 59 6546 -6138 734 5274 8751 -2322 -7601 -1072 2742 6987 5907 3421 -5578 2663 8177 -6723 -1392 -4256 -6321 -5310 -2302 -6909 1314 9995 431 5800 -3433 -2356 2066 8887 -786 -7343 
-833 3351 5327 3087 -9308 1437 2627 -8205 4942 -1013 -8568 1588 8375 -9917 -6385 3785 8750 -7775 314 4267 -7159 -4103 -1430 -5417 6792 -4537 6855 8424 -7204 6796 -8021 -9573 5997 -6826 -2122 1925 -6264 3530 -1629 -2033 8498 -2905 -2980 -6231 -9175 -536 4766 -3765 -6125 2084 -7128 -130 -8931 -7141 64 -8132 8727 6963 777 4582 -7583 -3720 4810 -3928 -882 -1695 1398 3341 -2021 6291 -5310 9156 8132 -7290 -7689 -5531 5720 
-599 10060 3834 -5139 1316 -3135 6451 -3467 -9580 -1097 3597 5471 2227 -1785 4220 -6418 5358 -118 -2351 7787 8447 6388 5268 4270 -8028 5470 6848 -3771 182 2124 738 2524 6533 -484 -1703 -6279 5690 -5075 5296 4693 5592 -2689 -5542 -436 -3047 -3183 4255 6181 3564 -4259 5665 6182 -8205 -8170 3475 4511 -3653 9773 -8913 1044 -1409 6936 2745 7389 -9574 6678 -4619 1211 3733 -4960 -4342 3679 -9514 10004 -6454 -40 3882 
7488 5385 3920 1721 -3172 3246 2899 8288 3809 -6969 -7122 5149 -9520 -9112 -8654 8626 7432 1669 9470 -8966 4142 1690 -315 4818 -9092 -8990 8920 -3783 8608 -6390 2043 5148 2411 -5568 -7516 -6770 -5587 6757 -9288 -7958 -8612 3585 -5972 6494 -6925 -9012 -7935 5 -3249 -2919 -8630 9338 -3423 -7135 -6341 10068 3094 7864 -4166 -3817 5487 -9680 -1813 -753 4514 79 -9648 9408 -8669 -3684 7907 -1567 957 -8800 8122 1748 6141 
7924 -5589 5551 -5207 1432 -9688 -5982 9378 -2990 7033 -9657 5281 -2279 5951 8351 -1129 7266 6327 -6279 -2133 -9660 3729 -3435 -9377 1881 -2738 -6162 2918 4018 -442 9567 653 -6404 6981 1217 -8527 4057 5827 -9425 9950 7096 5449 3008 -3208 6202 -938 -5330 4094 7908 -4345 -4273 -922 -8929 5350 8838 -9887 1490 -9945 7076 -7461 -5805 8892 -2277 8885 2399 908 7302 8126 9422 -4820 -8768 9243 3687 -5287 968 -2970 -597 
-1311 -8247 -5354 296 216 -4152 4228 9227 920 -350 -6227 4234 2224 5152 -609 -9484 -6764 4022 1208 7594 -7883 8846 -3706 5620 -481 841 -2760 -6512 3406 8050 -7444 8390 5047 1308 -177 3520 -3248 7784 -2051 -1249 -7785 4751 555 -7884 -9549 -5671 2095 -2887 2658 -9962 8174 1170 -543 5967 5703 341 -4738 2761 -1811 -7627 7471 -2337 -7769 3374 4693 -1009 -9224 -2012 7700 -5817 3539 -3106 -4623 6076 8624 -1036 -544 
-7462 6350 -7713 -5654 -3972 -8399 9189 -7614 2346 -8026 -3221 4226 -8125 5727 8196 5067 4863 4281 -8387 -6876 -9616 -6759 8896 1887 2092 4141 5832 -5249 -9689 2653 9299 -6028 5954 -6050 5061 -8051 1130 -5206 7280 -3477 -976 9797 -6958 8904 7412 -8637 7205 1353 -1348 -7536 -9247 -8355 9551 -1972 9606 1343 8989 -5366 -7806 -8684 -5695 5718 -5178 -6725 -8105 3701 5900 -4317 -4806 -3707 9639 -8998 8093 -7230 3633 -3408 6517 
4743 -5285 -8258 2647 -8968 -6735 -9168 2133 1215 5687 4868 67 -367 9020 -9958 -9860 -8052 8557 -3035 6986 7403 -9227 -900 1397 -3187 5649 -5357 -8261 8101 -8981 8676 1182 -194 7251 205 1103 9956 -9807 8768 1976 -6755 -8607 7590 1596 9427 8754 2135 -575 -3798 772 4835 -3455 -422 -7296 -6003 -4827 -1737 -6125 -9666 -1087 9584 -1281 -1428 -4628 7923 -7812 -6069 4464 -8545 -44 -8854 -9518 4420 5888 -7387 -4610 -3811 
-9994 6825 -3883 -2840 6011 -6117 -9387 925 8292 9004 7612 -2306 -1661 -835 -10018 -4065 -717 6461 3281 1081 -3167 -9653 -1626 -5935 2316 7010 2501 4162 -5017 -2438 -9020 -1763 -3802 -3700 480 7760 1585 9153 3205 6239 5326 2676 -9335 3312 -5946 3914 -3850 159 -4304 2364 -6551 -893 6469 3296 289 -9191 -9730 3939 -6607 -1573 4415 493 -1899 -5532 -6015 -1101 7578 -9755 1230 8297 -8814 3732 8721 420 338 -3669 -7154 
6127 -654 7752 5435 2507 -6216 4948 -648 2173 298 5038 -6652 -2329 -9380 -4571 -4807 3211 -4217 2958 1546 8283 2841 -4895 -5986 3487 -7728 -1805 9015 -150 2357 -7346 683 -2866 3178 3912 2792 3471 390 -9776 9576 1995 7126 -8773 6076 -2476 3285 -74 7484 9459 -9863 4675 -8995 5238 6337 -1745 -254 355 -5381 4504 -6016 -3467 -4282 -7409 -4215 2869 6894 1454 -5101 -3810 -7114 3245 -8203 -5327 4619 3560 -8665 -4827 
-9674 -416 1195 -3233 -8244 -9589 4125 765 3253 9576 -2610 -4297 -843 4526 -9215 6670 -1129 1875 6042 -5873 3783 8460 6246 184 -6297 -1309 85 9373 2774 -8225 -7166 -1468 4050 8510 -6386 -3339 -5897 8251 -4688 -1717 2542 7771 -200 3867 -1935 -6753 2465 6111 -10055 -8351 -9900 8527 4153 1192 5485 -8938 1200 -9143 1722 5900 5227 -4124 -8565 9241 8540 5366 8135 5776 5788 -543 6226 8454 -6735 -1236 -9852 -9835 7467 
2590 -5509 9392 -8512 8222 -8455 -7628 -1742 -6092 -4293 -4291 3570 -6101 -7187 -9378 310 5721 5613 -4798 -2877 -2867 2171 3057 6774 -2722 2766 -3928 460 9111 -3204 9255 -1213 -6399 3898 2791 -4090 -6588 9549 4381 -7129 4751 4348 10052 -7610 3883 6437 -5356 -8114 3208 1983 2475 7850 9908 -9575 -6260 3627 4201 2332 -3359 -6526 8996 8954 3619 6274 3039 425 -1907 -8103 -3265 3799 2778 -4059 4981 -6662 -3755 -1570 3588 
-9376 -6250 -4612 5525 -1419 5372 -2020 7896 5574 2442 7330 -8533 -9935 1052 -7069 8566 768 9997 3889 5785 -6971 -6333 -4368 5493 8267 762 -4864 5828 1926 -6579 1202 -5255 7693 438 9111 -6232 8817 10012 8660 8606 -8526 -4097 7616 -5242 5748 -6918 2426 4240 7107 4389 8889 -5508 9182 2793 -3667 -2990 8803 -9487 -6553 4322 -3841 954 -495 -1722 6735 -4482 -9083 2749 9035 -6644 -8275 -6725 2015 2501 -10024 3068 -2060 
4935 -2547 1292 2399 3745 -7587 -578 4358 5804 -6459 -5177 2266 9547 6955 -5330 2657 -4436 6950 4132 8942 -9843 4963 5581 8169 7736 9 -7536 2716 927 -6346 5739 -17 -3187 5599 3812 -6149 1302 -1137 -6793 8973 989 6993 2450 4635 4181 7515 2332 5427 6726 -7931 437 -7709 -1844 -3313 8102 9270 9516 2944 -1730 8154 7521 -8166 3697 -680 5252 -3907 3871 -8312 -1530 -2285 7897 -4965 -112 -644 2111 3041 8724 
-4155 9222 -6748 -383 2014 4400 5990 -8509 916 -7698 6098 -988 4823 -2045 7002 -9753 5917 2922 -8844 7508 2586 4946 -2972 -6032 7429 293 4107 7725 -9229 7285 -503 -2122 -159 -3470 360 9807 -2077 -8756 -5849 1194 4479 -6991 -7250 2332 -5742 3976 7260 6341 9642 -723 -7789 -6016 6728 -7155 2511 -1411 4843 -2579 2465 5501 -824 1541 -7161 4501 8318 1291 8542 -8824 4564 9424 9949 7112 -8513 8046 9193 5991 6152 
8700 -8831 -7815 -910 4424 -4298 8768 8374 -3333 6021 -8642 -93 -7652 6497 -8974 4690 -1504 8049 -8825 -9012 -6370 5447 5752 2172 1334 -9928 -8630 3000 1087 -151 2807 237 9816 7714 1761 7609 -5150 -5426 6604 -8084 -3796 6015 -9544 -7471 -5649 -6259 -6654 -8971 -6857 -7437 -2898 -4289 8506 5771 1011 -8275 6360 -6569 6304 -974 9925 6692 1938 -7243 5910 -1677 -1170 7428 -4061 -7802 -7357 -4727 -6136 9262 3960 -3778 -3251 
2659 -9125 9813 4187 -6512 9822 1546 1349 5018 -1818 4374 7179 -4365 6908 1641 6504 -9537 721 -4430 -2734 -6689 -2820 9992 1646 -9664 1837 5973 205 8773 -5369 2377 -8521 -4341 -3740 -5351 -1091 -556 5864 2211 -936 8033 -7999 -2673 8381 -3732 -9598 -8971 8910 -7557 -6978 2089 8244 -10016 -4917 -3939 1964 2887 -1149 -4372 -253 -197 4189 9373 -7413 -9622 6873 7940 -7304 -3848 -9179 -7583 6701 -8608 4672 8866 -8284 -6420 
-9351 357 8260 -9790 -6756 8043 5383 -8935 6093 -7377 9565 4623 5573 -6782 6150 -5031 9748 9974 3344 -9674 5519 -212 -2206 -3634 7791 -3788 -8317 -7305 4388 1998 -4469 -4567 -2547 1474 9174 1877 1822 2079 -442 6569 2014 -5162 -6035 -2795 9462 8056 -8944 6241 766 -1361 2360 -8624 2933 3129 -1726 5917 4302 -9589 3922 6917 7498 -9903 -4905 -5023 -1770 -8171 2160 5387 -1108 770 2066 5706 7670 7673 -6817 -1545 -5230 
-1175 -5414 296 -8353 -2688 -323 -1856 -1841 -2943 3063 -1226 -9347 -9107 2060 9249 1362 2275 2869 -4647 -2985 6671 2367 9308 -9538 969 4118 -5805 -6915 5508 2115 8630 -7027 -371 8895 -4145 4148 -8849 -2755 9536 228 896 -8970 814 -1410 2146 -1695 8690 -9984 -5726 -4462 -8947 3873 5318 47 -746 -4116 6104 -4270 -1728 486 -1769 -870 4841 3725 8449 5649 2075 -46 5626 5519 5338 -9279 -6720 -1182 -3818 -3140 -7132 
4916 -8880 6206 2963 8053 -866 4101 8882 3024 8735 -8808 -6990 784 -2296 -2356 467 5773 -8583 4075 -3521 -3769 -8688 -5836 -1373 -7570 5985 -6893 5952 -1480 10043 -1453 -7643 7614 -1707 2012 -9053 -8690 -9156 4354 9376 -4419 2809 -8152 6025 -8378 -7143 -4959 -9107 6096 571 9886 -1943 8178 -5075 5582 9240 8900 5006 -4688 2749 -7220 -3623 -7858 4127 -1756 7101 2266 8783 -3609 9252 -9139 4447 9972 8923 5367 -6945 6922 
2922 6594 -2250 -3040 2698 5909 7385 -3413 5107 -880 2923 774 6401 6996 -6366 5010 3222 -5908 -9786 -876 4207 -500 9122 -75 6969 -3821 -9769 -1558 10050 7965 4875 -3112 1849 -3999 -3421 -5229 -2400 -3340 -551 -1622 2317 -6895 584 7202 1310 -2864 -2198 -5482 5094 -1329 -367 -2889 -504 -4919 -8067 -4576 8596 2202 -9247 4958 -3308 5467 -4240 -4225 -5793 -8107 -4983 -5161 3879 -2922 -1534 -7446 -2714 -5619 739 7078 -1598 
1716 4564 -9040 -3356 8359 2361 3914 5375 3943 1223 -2874 -8951 -7055 -5190 7839 -8669 4380 6143 988 -5661 7186 2945 4284 8324 4878 722 -6380 2396 5810 -4341 7777 -970 -2383 -3461 9211 -8396 9889 7829 -9646 9990 2543 -4046 512 9119 -5760 7438 2077 -5662 4207 -4862 3700 -7126 9237 -6448 1557 -9828 2477 7793 3474 90 152 6554 -302 -4600 7761 -6048 2237 -5320 5604 -5553 8100 -6788 -3820 -3064 1075 1686 2308 
-1054 7012 7183 3992 -1234 -423 -5251 -8006 -6496 8620 -6631 1875 -4339 -937 5958 3614 4125 3997 9236 9294 7254 9909 4967 5475 8095 -222 8866 6787 -6078 559 -3781 -2425 6210 8075 1322 8729 -4445 -671 10071 9535 -1723 8051 124 -2783 -1254 -4197 -2377 -5918 -902 -3260 8452 3863 -6332 -4396 9887 2148 -3331 -9085 -6732 7138 5673 2238 -5126 7975 -9630 -3747 4909 -6145 1734 -4098 1437 -4837 -9817 3704 -5929 -4188 -5713 
-125 4179 -2721 4879 -5846 -394 7965 8778 9710 8094 7205 -347 5511 4086 16 -39 9396 -3961 -4643 -1769 -8773 5400 -6423 8451 -8000 1356 8572 -9779 6378 -7887 3975 8924 1112 5408 -7981 2387 920 -7154 4467 -7206 3470 1824 6853 2166 9016 7243 9323 855 2669 9823 -7949 8776 2372 -8085 8501 7990 -4930 -6668 1570 -8829 1297 8674 -9966 -6873 -2441 -4504 -5571 -74 -2540 5684 -4826 6440 -8541 -677 -9377 -214 -4387 
-7732 -7882 6731 4101 -7463 -1729 -475 3950 2281 6259 5507 3909 -1284 9861 2376 5211 -1463 -7426 9506 1342 -738 -824 -4376 2323 -2184 -3639 4992 -5806 1897 472 -8857 -3316 -4117 1174 8012 -1080 -2826 770 -6 7465 -5384 4037 1481 441 -8472 1449 190 8923 6028 -4890 773 5209 327 -7290 9906 3612 -3545 5091 1573 -6292 -9086 -6252 1847 2378 -2092 787 6170 -6007 3362 -908 6190 -1093 7693 6097 -3272 -1343 -6384 
-6457 6578 6848 -8718 -8889 234 -9788 10043 -2019 -4649 6527 2722 -1264 -6640 9576 -6399 -7836 9066 -9832 248 7243 -9509 3879 6129 2081 5108 7851 -4618 -4612 6069 3221 -2786 3527 1033 8510 1971 -8302 -4773 1113 8205 -3380 1144 -9107 -8288 1711 -4098 -7653 2033 3496 -5009 -5756 1578 -6621 -9606 -9595 5052 -1142 -5412 -9886 7014 -5010 -240 -6211 -4426 5916 3908 -2568 -7818 -4885 -4736 7677 8032 6184 -10024 -766 -6899 -6428 
-340 -657 7133 -6721 6690 -4068 -3508 -5062 -4390 -9051 6444 2040 562 -9187 5023 -7061 447 7559 4589 -7635 7475 501 4692 -2432 -9111 1924 -4659 2772 -6204 -5355 2303 -9901 4115 -4495 -7800 4404 -5047 -69 -3338 -3753 3280 10 -9666 1452 -5593 -10013 7542 -5777 848 -8039 -2045 -7061 -5039 6687 2576 6856 5041 3071 7352 -4561 1720 -1941 -8840 -3856 -6178 9042 1236 1618 -138 -9848 -4829 -5158 9590 -9868 -7239 3104 -2705 
8197 1313 -5228 3317 -6470 512 -9319 2180 -5599 -5475 89 1581 -6878 9170 807 -6328 -7657 -8890 8292 458 -8168 1610 -7198 1774 -798 -784 242 -4278 -2828 1710 -5348 6855 -9094 5715 968 -8248 -8325 -1972 9622 -211 7870 -1929 7165 1087 8706 -970 -6626 -1027 5615 -1274 6815 -2746 7173 507 -8766 -2443 4130 -2920 -677 1938 3713 3638 6481 3825 -3155 -7371 8840 -697 7910 -5483 -323 -9575 5303 -5255 5702 3339 2847 
-9416 30 -30 948 8758 -1760 3869 -2686 1086 9348 1091 -7097 -3723 721 -3557 6600 301 -6052 7682 3874 6462 7414 5536 -6509 -5694 -2339 -2583 6392 4387 9204 5912 -489 4568 -289 1825 -1197 1763 7785 -9720 -2967 -7874 -6827 2019 -4203 3790 -5063 8046 2098 6280 -9990 1252 7907 9938 6434 -7180 2497 -4799 -5282 1455 -7281 7147 8721 -3629 -2848 9835 -5221 6102 916 -6607 730 4809 8539 -5606 -6713 -1599 850 9987 
4320 9009 6915 9339 -7144 -3895 9352 -7182 -8362 -2543 -7887 6855 3560 7828 8728 8261 7746 9773 9698 3077 -3994 -8156 1512 -3481 8315 -7062 9149 -4890 9944 -3582 -8091 -4974 -6165 -1848 -164 -8787 -3200 9492 9162 -6632 -8944 -338 5714 -4136 -6897 4981 -3323 4358 1903 894 -8906 -3448 -7246 -1267 -5869 -6058 5527 6993 1049 5609 156 1427 9044 3919 -7252 5836 5463 1335 -4434 -7406 -9655 -1625 -1808 -3167 -10022 -1481 -274 
789 -488 -5517 7533 2888 181 -621 1099 -930 -3537 5519 -8540 -7499 -4372 -454 3389 -2773 6908 -2393 -4668 4695 4730 7415 -7962 6254 8783 -6763 7143 -1056 -7539 3616 3063 -2062 8471 -1878 258 6247 -9109 -7564 1554 4565 -3952 4489 -2971 8306 -1492 2138 5252 6791 -3554 8830 -1237 9018 -1071 -9073 -7228 -2471 -8635 2 -8305 2953 -9414 -9152 98 -8020 -3399 1444 4630 -3854 -647 -6241 408 4392 -2330 4000 -5065 -3246 
7164 2267 8610 968 833 3041 -3114 3483 5819 -395 3347 -8114 1789 -7968 -8754 -3234 5078 -4337 -2103 9660 6739 -1122 -2882 144 -1290 -3697 -267 911 8978 -4114 3618 -4646 2805 -5678 9741 8981 -7204 -1788 5582 1752 7286 -7984 -5034 -842 3360 6230 -5211 8117 -4559 8407 -8989 -4645 -6960 -6661 6592 -2873 -8643 8687 7177 -182 -9458 4550 -2434 2951 -8410 -2255 5121 -2264 -173 4849 -10082 -3453 -8954 -947 -1897 -9783 -205 
1541 -5677 5941 1581 -161 2807 -7456 -7581 2918 -7289 -8197 9166 -5748 6429 9192 -4189 8270 -9211 -5276 8781 -4004 9041 -4889 -2960 -8869 7739 919 72 -2820 -4817 602 -7471 -9996 -9379 2965 -388 -2969 -4615 9464 -1368 10000 965 3747 -8165 9670 -2023 -5367 -8957 -9913 -8815 -9582 3307 -5268 -945 5353 -5133 -5582 2792 -7912 -9976 -386 -7008 -4637 5115 -1053 3442 -7752 7541 9972 6842 -1125 -1813 2928 -8109 -5720 1761 -8897 
-7007 292 -745 -4050 -6646 -8033 6811 -3622 8727 -6901 -9149 7306 54 2397 -5831 4994 -1134 -8498 -4912 -1932 3740 -3507 -8229 9579 710 2654 -8678 -6358 508 3840 -6022 -9237 -1879 -3433 1035 2096 8034 1965 -3415 8315 -9192 6180 -5048 9278 7611 5092 8141 -6985 7926 -7784 6334 2187 8988 3906 6816 2118 5054 -6549 3264 -5050 -4152 9644 1244 -4171 9401 -4460 2230 -1636 -3587 5466 -4273 7647 4882 5643 -1762 5795 3828 
-5923 -8442 -6632 7134 -9602 -6910 9296 3523 -6668 3161 7737 7781 -5933 5050 -5963 -4598 1153 -6322 -6817 -9114 -6487 -6257 -6050 -406 3636 -7543 4963 1382 -6337 -6886 4984 8511 -6681 864 -8229 7946 -2192 -5068 2011 4615 -5924 2978 5773 -3130 6686 -1654 -2476 2729 -7281 7250 4916 -6351 -849 5447 4605 4814 -1858 3809 -8949 -3862 3532 5170 -2731 7156 -438 -9461 -7576 5464 -4740 520 2031 -291 4663 1398 2512 10039 -5029 
-3118 -225 -6974 -383 4854 -5825 5405 883 -8577 -4766 -2608 -9475 -9629 -1105 8363 -4075 -8845 1849 6223 131 -7223 -8103 7342 7879 7707 4267 7026 6543 3890 9868 -4032 7070 2688 5752 8345 -2031 2427 9883 -1335 5204 6366 5576 7699 3367 -9120 2297 -8510 -1121 4675 -2712 3191 -5293 -6305 7924 -8656 -3622 5434 -5172 -3799 2488 628 2809 -6996 -8155 -8908 9003 5031 6249 -95 -3625 9640 -672 2821 -8799 3569 -6591 5086 
-7723 -9857 7326 -2374 -9399 -3024 -3687 2854 -7141 2110 9278 -935 6411 -1661 -8653 -2389 -9097 -5174 5645 -8855 -9347 96 -3081 5779 7723 9913 2735 2472 9382 5619 3201 -8697 -9038 1463 -6061 9026 6953 -7272 -2069 6952 2604 -8006 311 9179 2186 -5021 6306 9151 -1283 -7939 -8501 6431 7733 -5321 -1616 -892 8775 9919 -9356 6511 5364 2735 1507 9616 -9141 -8939 5265 8254 1971 -6863 296 -919 5424 -3766 -7063 4777 -5851 
2660 7332 1101 -1025 1324 2536 1360 -8586 6035 7755 2488 9671 -4537 -5662 3617 8745 4255 -9266 633 -7034 7731 1377 -9996 3238 7133 7840 -8074 350 -1082 -2006 -6898 -4631 2543 -2979 9415 573 6271 -3644 5675 1072 -2269 -9912 -7967 846 7590 -7650 -1309 9366 -3330 -2610 6845 -2514 9146 -5933 -6502 9059 3180 -6783 -9194 -9500 4799 -1274 -729 3088 1573 -2532 -7571 5986 -7223 -4914 3291 9503 9782 -814 9107 -2370 1171 
-3405 8728 2372 -8787 -4173 -5952 3090 987 3252 2462 8082 8435 8427 -8903 -7482 -9321 7678 -3435 408 -4410 888 -10020 7331 7335 9735 -9994 -9709 9002 2492 -3539 -9081 -4009 9776 -7977 9753 9142 -8016 -1036 8762 619 857 -10042 3002 -9097 6774 7906 8371 -7698 3119 -7127 9583 7857 -4496 -3902 -6696 8900 -5389 -6392 155 231 3493 7121 -171 -9439 -1365 6279 -5783 -7629 -107 4133 -7662 9698 7282 7946 -9666 3297 1573 
4046 -662 4244 6774 -9724 -714 -3256 2566 8152 -3512 5092 1541 3760 7606 -3467 -1893 -5377 997 1528 -3887 -6472 4903 4763 8656 9990 1505 -5595 -6490 9880 9374 -351 5475 329 9465 945 9119 7354 6779 -3680 857 -5372 -8389 8785 2304 556 -3135 -6949 -6240 8179 870 8228 0 -440 -7913 6085 4326 5418 5946 -1171 -9172 -1315 9960 -2262 8053 -338 8179 8315 1613 -7512 8380 8701 7758 -9694 -5460 7823 4480 -6504 
-6521 -7769 -556 3296 -6709 -5396 5971 -3611 9215 3392 -8278 -9700 10034 8086 -7741 -6280 557 -7191 642 -1172 7162 -5585 -3720 1622 -524 -9040 -9182 -7029 -583 4812 -4893 7372 -8410 7396 -5032 -386 -2092 -4464 -7913 3316 2889 7910 10059 -7193 -2707 -2208 3755 845 -2481 -6146 3957 -7176 4671 9822 -3264 9676 -3980 -8365 -4398 -5226 1253 2431 9578 -8177 7959 6237 5015 -467 4986 -3953 -9784 -8757 3635 4172 -8105 -241 7161 
9399 -6744 6340 8550 2238 4327 -10060 6033 -2583 -8569 3835 -6484 121 -2940 -5254 -6102 8270 -7110 1702 -1059 5221 -6082 -2658 -3864 6625 -1015 -2663 -1767 7891 -595 305 -4005 -8409 -6962 -8850 -3169 2978 345 -8367 -368 1408 -1072 6722 -7561 -9597 4783 -3637 3834 -89 -10074 -5674 5422 -2415 -3801 6936 3947 -5343 1897 -8727 -5140 -2706 7648 -5453 9186 4644 7232 747 7782 -4120 -3135 -588 9477 -2058 -6721 -4840 -4023 3600 
-9671 -8297 -8048 6232 1711 -3432 3399 8444 -7059 -1774 -2025 -7207 4428 -3126 4385 4493 2144 2451 2465 9758 6624 -5864 8651 -6837 6813 4770 -4465 -5320 -7591 4327 3224 6781 6912 -5453 5611 -2590 -5727 -9298 59 6505 3256 -9194 -3901 -2078 6192 -8812 -1622 4130 8461 -6984 5986 6494 -8315 -9216 -185 8960 4431 4099 7287 -1853 -4693 6185 2095 3987 -8597 -456 402 8886 -225 9135 -1092 -8821 -2982 5510 1852 6915 -2546 
129 9246 8721 -6045 8019 8658 -4631 -3447 -8566 6761 -3851 -6112 -1989 -4075 6930 -9905 3743 -7578 7585 6093 -7110 9482 928 3107 30 -4556 5221 3658 5244 -2577 -3391 -2066 4429 3698 -7254 -9105 935 -2942 -8627 8706 -1306 -9958 7026 6020 2116 5472 915 -7254 -6423 2794 5116 -6753 -2166 6500 3743 1691 -4769 -3191 1053 -7580 7503 292 -1893 9833 4096 8977 9725 6562 -7693 -6518 5910 4666 -6759 2531 -6162 -4100 6 
906 3663 2147 4009 5038 4588 -1358 4417 -1836 8381 1643 69 -8078 -6979 -1455 -4883 -2801 -5869 -9745 1882 -9646 -2588 -8682 -4563 5811 8131 6101 -4714 1682 -2201 3367 6104 1356 -2121 -9121 279 7141 2510 6965 5658 -9 -6655 2726 6689 1426 -1203 -2769 9340 4490 4161 -7935 -9308 1069 5721 -7784 -4829 -3586 -9874 9053 2411 -238 7547 6987 1371 9080 -4510 -1716 824 -6612 6665 3979 -7871 -9141 7100 6568 -7907 4239 
-5866 -1045 -2016 -10003 6135 7721 5929 8714 3463 -9698 9382 1498 8052 -2598 6010 6865 491 -62 824 2102 -2064 3643 -7592 -4442 -854 5193 9638 -9836 -967 5179 1215 -9174 3576 3789 -9976 9642 -8906 1354 -2462 6427 9208 -4926 4911 -9017 -8166 -1865 363 -5225 -5436 3693 1353 -8064 -9618 8390 3387 -8398 3443 -6818 -4051 -3593 2968 9117 -8642 -9802 -7451 1458 -3291 -9197 7549 7438 -402 1221 -4428 7229 -9515 -5921 4340 
-3842 4982 95 4130 8849 1146 8378 7561 6484 5712 5743 -9386 5849 -9342 7061 -6375 1983 4571 -8643 5162 2308 3400 -1802 9141 -7495 -5231 -1266 2153 -336 5459 -9731 -8687 6051 -1101 4487 -8140 -9666 2757 9785 -1074 5288 -954 7865 -5098 9448 -2354 3551 -8167 2902 6068 -5600 2813 4109 3768 5222 -2244 -8243 2964 3483 -2658 9453 4793 -512 -5785 6367 7776 5518 -2764 -2383 1084 3751 8872 -3 -9061 -5903 5463 6969 
9797 -1492 -3794 -534 -6708 -4600 3371 -9572 5837 -749 1748 9982 -5907 6422 -2775 1218 -455 -1378 9692 7509 5290 -6841 8227 3067 9520 3844 -8295 5240 9896 -5634 -1166 -9779 -8839 -8181 6712 -2527 3850 2949 655 -1827 -5735 447 -8232 -8727 -1577 3694 1876 -2263 2619 127 6735 -6395 2608 -7554 -5601 1376 8923 2958 9445 -9204 -1309 -1235 2290 9759 1492 -2957 -4276 -10049 -1519 -513 -1397 3050 -7561 9583 4949 -6213 -8150 
-8495 -2583 6148 -1978 -1596 78 9265 1893 -297 8157 -5351 6752 5580 -2841 -6198 5395 7559 -7652 -7406 -9992 64 -1272 843 8454 -2162 2926 7397 423 -169 -2911 -9424 6535 3078 -8297 6202 8623 -8362 -1070 3185 -4702 8527 168 525 -4128 -5971 -4787 -2247 2699 949 3714 3640 6344 -2354 8913 1255 8435 -8833 6897 -6192 -7053 -6202 -2663 -9370 4644 -153 -4124 -2503 9027 1844 -7027 -7782 -6016 -4784 4249 1615 -8519 1179 
1874 760 5391 -4570 7456 3484 1172 -10080 -8043 -6609 -8498 -3628 7159 -666 -836 -5223 5454 -5907 7639 -6707 228 5406 -7524 1722 3465 -8173 3071 -9330 1496 -5588 -9458 -3466 3975 8124 5038 -4611 -8866 4931 0 5280 -9084 7959 -8372 -9222 6968 -1749 -8971 -819 -2596 -6336 -2169 1971 -4470 2273 -6021 7529 -7913 6390 -6415 10006 -3509 -2155 -8367 -2907 -1637 4390 1183 9003 4601 5044 -2871 8209 -8297 9554 -5196 -2321 -3399 
8310 5129 -7372 5258 -6368 3209 -7880 -707 -1890 -3889 226 7085 6774 9006 -6133 -927 3777 -1679 3053 5688 -6917 7325 3110 4331 -1874 6562 -8588 2333 4110 7288 -2309 -5583 6221 4359 -6600 -7770 -6710 -5606 -2540 743 829 -9866 9660 4374 -3380 -3801 -8209 3393 8472 2837 3226 -1663 -7881 5163 -9437 -4045 2445 -7774 -4645 -7181 7407 339 2371 3413 -3238 -880 2320 -10021 5008 4892 -6709 -3657 8130 2800 7543 109 9494 
8878 -6460 -4683 -4316 -475 4927 -7402 -5006 9760 -9530 7167 3389 3580 -546 3011 3895 -9403 -8073 9382 -9276 2464 808 9599 611 -6421 9597 -7665 -3399 -3112 1272 -544 -5042 2240 -762 -1952 -8997 9764 8259 8869 -990 3998 9935 8237 -4384 -2935 -6672 -9587 -6870 -4641 -7879 -5107 6706 -6528 -9268 9487 -2932 8909 6058 -5348 -4016 -6139 5800 3385 4823 5364 340 8697 -4536 9198 5244 -7179 -8763 6024 4286 19 2963 8296 
-4091 7257 -835 1866 -9004 8416 9820 3091 -3180 4990 -3636 203 3407 -1935 4065 3856 8127 1810 -8584 -9590 8925 5893 -9012 -991 8323 4821 1109 4955 8722 -169 6349 9172 -4633 -8877 9580 7448 2704 9604 -2647 -3677 -5821 5024 -6009 -5911 8193 12 369 3964 9099 -8877 -5654 5403 6582 -241 4596 -8236 -7703 9530 2740 4251 6927 -5539 1682 6705 8231 569 -8899 -8010 -9502 -2609 -4525 2666 -3730 -3342 6513 1178 8945 
9618 2120 6272 -1436 6236 -7948 4940 4279 6019 314 -9898 8449 3059 7486 2743 -1884 -1681 9363 9433 3284 -5887 -4473 3173 5775 7726 3230 -7344 4508 2524 5316 95 -556 -6526 -557 8740 2186 3066 7904 -5607 8894 4262 -6227 -973 -1414 -797 -2713 8284 -5533 7029 4629 528 -8012 7729 4311 9211 -8398 -2859 -8379 5715 631 1525 -947 432 -10067 -8020 -252 -3583 -196 2318 -5412 880 -7544 -4607 -3089 4218 5137 -2877 
8345 -2592 -3982 2893 8674 -830 7372 4049 -288 6104 -4650 -8100 -1277 -8706 8539 -139 9891 -7562 -109 4024 -9930 -9555 -7852 2490 7875 3542 2627 3818 2062 -623 9200 -9923 1949 -1550 -3824 8637 -1935 1640 3247 2743 4373 -4777 4912 -5937 9865 4772 7735 9754 1627 7479 7567 6292 3928 -7733 7210 -4634 -975 1681 9001 -8184 8511 -1624 -3152 -5315 -334 -5575 -2852 3804 4671 2463 3532 -4433 2654 3862 6805 -10002 -4510 
8405 -9135 4356 1767 8938 251 3443 -7765 -1423 -6660 7504 -9801 5535 780 842 -1874 -6648 1286 -1931 6412 -5455 3109 8793 -5937 -7722 9892 3764 -6406 -5004 -7126 294 1938 -5530 9639 -9726 -6080 -7217 4138 -8461 2842 545 -4733 5658 2274 7390 -9771 2158 -5559 -318 -1342 -3895 -5869 4241 3046 1403 -4735 -3079 1889 8658 -9991 874 2567 -3102 5463 9679 4801 57 -6929 10067 6092 2992 4183 -9082 -4998 -2182 2641 8613 
-2967 -1053 -2595 4013 3645 4683 10019 992 -2333 -4568 8129 -9254 -5855 147 5711 6698 -6341 2915 -1268 -7672 -1940 3856 9280 1091 1908 -8267 -6609 -3447 7884 -3597 -500 8167 3659 3946 7414 3597 -7102 -3029 -2969 -6694 -3508 8173 7525 4431 -1221 -2046 7485 -960 2279 -2278 -6420 3540 -2259 -438 295 9783 -6945 -9582 -9145 -807 895 5058 5924 2593 -4381 -9002 153 5892 7883 -5060 6559 2140 -4954 -4641 -2247 674 -6829 
8274 2006 6132 -4041 5467 3166 3518 9796 7718 5077 -7611 3586 -5768 -5678 -6435 -3216 -4203 5481 -778 -6444 9061 -3930 8829 2988 1629 -734 9268 -3167 5819 542 -2151 -4496 125 8443 8143 7808 4719 -7960 821 7788 -4194 6739 -5456 2441 -3830 6141 722 6971 -666 3857 1332 8220 1922 3675 -4766 4065 -5140 -855 5075 -7451 8542 10008 8711 8352 7632 894 9473 -391 2774 6757 334 4508 5880 -9039 -8013 -2161 -6909 
-6945 -5385 1078 5902 -5385 3000 -761 8157 8218 2534 1930 6255 -2241 -6604 -4898 7991 -5945 -7750 8101 -627 3298 -4739 3484 6378 -1846 6137 4165 -7668 -5999 -4372 8602 -8560 -1715 -2975 6288 -3180 -8537 1175 -6799 -321 1670 1467 3623 6803 8835 5250 -4557 -1843 -2205 -4761 7343 -7084 2154 -1638 -624 -4176 -10073 5817 6195 7772 2777 -7664 4686 -7454 4377 9012 -2572 8828 3586 3191 7543 -409 -9030 -3524 1721 -5304 2781 
-3487 -2004 9127 5294 5627 3310 -242 2093 -7702 -9121 -7203 616 -2526 701 6795 -5381 9307 -5226 5239 7758 8139 3947 -1310 5576 -8835 3815 -8984 5370 8812 9429 -6988 -4693 4528 -2113 196 9524 -853 -313 -8634 -2299 6611 -2638 -4203 -349 2043 1231 6022 2241 1417 3276 -5735 -8115 -4867 -238 9448 4416 9672 633 1246 9416 -3011 -2686 -4052 -7252 2604 3334 -6854 -1191 601 -9452 9417 -1266 8959 8545 9831 -2426 2874 
2847 -7224 169 6736 -9576 -9202 674 -1332 5713 6509 -2269 9178 -6578 -2427 -10046 -9404 9145 2080 -1112 6444 -9044 644 -589 -6182 7000 -6273 -4161 2655 5333 -4041 -7151 944 -1406 -8626 -3961 -1014 8178 1893 -1899 -6048 9293 7957 1083 -8087 99 -7664 -7863 -1917 873 -2308 8582 -9307 4683 3530 7746 -9927 -6485 3977 6000 2346 6607 8166 1224 -2206 4100 9471 5059 1454 2144 2587 -1478 6347 9328 1187 -8637 5256 -4257 
2204 7739 5919 5323 -5026 2116 -812 3081 9490 -7204 -4662 -5050 9752 8051 -3999 3011 -1610 8258 -5248 5366 -5310 -9916 6702 -8263 2345 -8847 8813 -8730 -8996 9532 -854 -2876 -7865 -197 9745 6625 5782 4715 3955 -4472 6516 475 9137 4787 -3329 2047 -1336 -5874 5037 -6990 -5405 654 881 -3674 9126 -4760 -7145 -4535 7722 1615 -4565 5273 92 -7314 8177 5447 5306 9032 -1754 8773 -5052 6924 -1735 9157 6017 -8945 6980 
3565 7779 591 -8860 -3441 8845 1938 1531 6020 -3978 9080 1820 -7708 -8304 -5389 -3929 -3008 -9837 4667 6446 -8702 -5982 2974 8051 -2236 4760 3068 1942 -684 7903 4905 -2143 3558 8864 5988 7017 -1298 -5610 8682 2175 -3702 -8415 -3239 7300 1712 -3968 -8933 9741 2106 7287 -2185 -8122 -282 -6510 5736 -8855 4023 -359 7616 -5877 8871 -5425 6778 9121 6923 -4871 7383 -1755 10067 2824 2881 -8952 6450 3631 -1450 9505 -3869 
-8827 -4043 5848 -4263 -8866 -6123 -2423 -6124 5040 -5622 8232 -2101 -9376 2105 1396 -8881 -326 -9071 -3563 -7297 3070 -7048 -8258 -5421 -9049 -2136 -6174 -8641 812 6034 9601 -8775 -8558 -4599 5687 -4182 2680 -2223 -5235 -9655 8429 -9951 -1492 -3615 1334 8026 -8955 -6451 84 -6064 9413 -6620 3202 -556 -2330 -8888 6823 -1900 -2980 -8849 -4905 8069 4669 3415 -2136 -4635 4207 5777 -692 -8513 -1210 9542 -4118 8594 1930 -3145 6133 
-9371 -9102 7481 -658 5655 2569 2690 -6359 9071 1736 -828 -4385 -5773 10042 4589 6793 9553 6721 267 5950 8755 -5423 -758 -6414 -7369 -4420 -6547 5987 -6276 8227 -1540 -3409 1844 4621 5272 -4934 2179 2247 -1516 6237 -6866 -3578 -7615 1887 -9466 -1965 -4860 -8375 6501 -5552 -3211 -5058 -6680 -7943 272 -3833 -9221 -9584 -500 8927 5510 7017 6513 5214 5342 -8811 6679 8465 -686 2059 2415 2424 -5191 -1298 1946 -632 -3955 
-9569 4149 -7683 -5234 3102 6775 -3329 5797 5369 -5434 -3614 -1950 8447 6197 8122 -2300 8991 -3642 -5957 2456 -4915 -4450 -3979 1053 -9300 -8134 7191 -7263 -8740 7157 -4578 -4507 8413 -5550 4681 -3516 -3367 178 2206 -6140 -9806 -5045 3609 9037 -3312 -8497 1115 9381 -4731 -4986 3723 1295 -2774 -3558 5321 2930 4725 -1481 4056 -8146 7906 9750 4884 -6089 6641 4706 -4673 -5016 -2968 4859 6059 8081 -7793 -8547 3405 9427 7188 
-3159 4746 -6611 -1000 8430 -8441 8299 1268 261 7848 -7538 2745 5326 9021 -5421 -3115 -8105 -6183 -5475 319 -2039 4595 -8209 1291 5706 9264 5780 -5131 7955 -4646 -8033 4350 6727 877 -2578 8939 5377 -145 -5318 1747 -8762 1504 -1755 3724 6622 -6006 2790 2935 -2636 7174 -7543 2225 -2551 -7278 2040 69 7250 -5255 -1991 -3530 8281 -1715 -8145 -3340 4189 -2608 -2741 -5476 1479 -5087 -5180 -2761 -8203 -375 -2701 -5466 -7927 
6800 9218 1724 -6892 -301 1750 -1479 7385 6495 -1806 3336 5812 -7472 -1691 -7422 -3724 5142 -6969 -1771 4141 -3263 -5497 -8165 5371 -3106 8766 4365 5418 -9241 -96 -4138 1767 5261 -796 2030 -6093 -4148 -4003 -9016 2525 -8769 9643 -3458 -1137 -6407 -9508 1199 6718 -5508 -4166 1488 -8032 -6282 15 -8182 -1722 9801 6585 -6717 -2341 8121 -5825 1870 -812 7014 6238 -1980 9776 5396 -227 -2284 6877 -2943 -9336 3524 8381 3850 
-4548 1831 8494 2837 7241 257 -7308 4649 -2740 -9988 2123 -7645 -9262 2780 4513 3974 6504 -7231 9015 7736 9014 -7233 9761 -1887 5892 2865 -8891 4962 -2430 7733 7961 6632 7861 -3402 5585 3091 -9815 923 9553 -7994 893 -8982 -8873 5880 -3763 -687 -1742 -9129 8561 8508 519 4074 8191 -5826 -9318 -8694 4716 1206 6198 2653 -2761 -4240 -8184 1349 -4590 -2044 5569 6715 -6462 9464 -241 3340 1650 -3646 -2880 -2689 -7637 
9669 7944 -7434 2339 3709 -6156 5922 9734 -5456 1903 -5731 8977 5299 -9844 9272 -158 2776 -1849 4070 6557 -5550 -4909 4099 6544 376 -4976 -1314 4185 -5684 -5131 5061 93 4778 -5263 -6058 1797 58 4514 -1960 2634 -3701 -848 -3218 -9630 -2329 7046 1055 762 -3482 2947 129 4505 6929 5695 115 118 -4801 2237 -5675 5123 -8846 -3133 -4019 5345 7816 -3110 -8299 -9396 -4260 6564 2422 6670 6611 -6857 -6842 -4437 782 
-1921 -2937 -8706 -9534 1541 -731 -8435 9157 4807 4805 -4319 6384 1547 -1467 -6506 9718 1176 -5008 -1540 7390 -5783 3730 -9921 8923 7008 20 -9664 7654 -8657 5045 -4441 -8430 -4484 -238 7688 -9863 -951 -6513 -9948 -5133 -2606 5919 505 6376 29 4139 8902 -8844 4157 -3190 -5055 -3288 5706 9622 -2649 4992 1792 -6585 -7967 1559 -5038 -865 -3294 3587 -288 -6795 156 -165 253 -408 -9893 2437 -2657 -2388 9642 -283 -9125 
7055 -2390 1993 -7581 8318 8839 -1847 -4574 -7016 8742 -9874 -5059 5730 2601 8400 8715 -3072 -9308 -1003 7540 1916 7167 -9578 3243 -7261 -5103 5132 7089 -8675 3979 4670 1701 3321 -8890 -249 -6949 7961 6500 4453 6912 -497 -2410 4139 -2101 2655 -957 -3223 -4086 874 2715 6316 -886 2845 -2287 -2379 -4156 -3087 2662 -3284 10050 -9620 -895 -4299 -8619 4891 5620 -3969 1348 3572 5916 -5042 -5152 -8500 3297 9073 -8663 -6209 
-8017 8599 3125 -8266 1658 -4757 -9896 -3314 3277 8333 2010 9459 -6536 -4279 -7065 4028 354 8663 -8394 -9878 9563 9555 2969 -9658 -2752 1841 -2402 5716 -1348 10042 -5048 6196 -9707 3801 2455 9928 -1572 8078 -4578 7649 -3664 -5260 -5802 -3298 -3915 -1216 9603 1163 2061 -882 4509 1019 -7992 7556 3766 1400 -7656 2057 -5912 -8051 1313 29 -9499 -5052 -8087 -5259 8670 -2830 6921 -5416 -6829 -8886 4582 -8694 -7104 7277 4658 
-3039 -8774 8528 -8356 -3660 6700 1142 -9685 900 5342 5592 5806 -5969 -9754 2292 766 73 -1374 -2763 -5207 3539 251 3389 4570 -7715 -3379 -7090 -10067 -2308 -2222 6473 7308 3124 -2268 -5379 2540 -2355 2797 10003 629 86 -7105 -648 6253 6955 -5743 1974 -7952 -3246 -6758 5311 -9381 9271 -9063 -3010 -8779 7225 3176 -7651 3845 -8719 -7921 -8993 1404 -2148 -8242 1978 -7898 -8511 8874 -922 -9145 248 6014 -8404 -8678 -5773 
6187 520 -1981 -9596 2256 5415 -2892 7080 403 8591 -5509 3961 831 -1588 -3810 5399 -10079 -5101 8726 -663 -949 6332 9755 253 -698 -8004 7694 3217 1954 -5375 -4006 -9608 1770 4893 -7892 -7552 -1607 -3328 3423 7649 -3739 9280 -7587 2687 8370 4948 9669 1794 2242 3537 -2092 5003 5335 -3744 87 8317 3242 5290 5472 8227 -679 -4996 1493 -4313 -2166 9879 2508 -9299 7076 -2314 -2827 -9561 -4594 -8139 3501 -2261 3275 
-3893 1010 6030 6525 -169 -2660 -3744 3258 7627 -5684 4629 -4370 -3675 -6839 8457 3401 -4134 -1358 9849 -2788 3433 -5803 9520 3728 3874 -6319 -3797 -7551 -5834 5282 3862 -5536 339 4387 -2318 -6775 -3454 -3462 8008 494 -3912 -777 9364 -3565 4800 6340 6860 -3029 2715 7575 -2613 -286 -3394 8064 5780 -5367 7118 3991 2834 -743 3520 2940 -4230 1048 3557 8975 -8761 3485 3783 7269 -5806 -4656 7285 2608 -7688 -880 -3472 
665 -5736 -4185 -5534 8740 -5555 3704 -8200 -3201 9164 -2913 1390 2127 -782 1332 -7235 287 4830 6275 -9848 2603 7469 5324 -415 -8858 -2251 113 5781 -8179 2820 -2100 6065 -3134 9572 7030 8566 9013 -812 -7087 -1199 1520 5476 1823 10054 4139 7069 -5094 5479 -4791 -10024 4518 -9998 5300 -2638 -7542 -8520 4158 -2527 9813 -7520 -9130 2024 9635 6620 -1626 -5457 -6022 1857 -2377 -8278 4703 -3574 6080 6939 4875 3962 -7801 
-10037 8984 2252 -5724 882 7364 -9515 4968 7231 -9338 -7824 -4027 3456 2867 997 1362 471 -9928 -5494 7120 850 -6973 -1776 6621 -782 3800 -8870 9759 955 6357 -3056 1501 -6772 -6592 4720 -2139 1067 -3432 1046 -4691 3859 3649 -5451 -2191 9328 6986 -8856 -7588 7369 -3278 -6158 6308 950 3116 -1413 680 1384 1311 7319 629 -3636 6598 2240 -6945 -3000 5013 8587 6890 -2662 -3242 -3839 -2452 -2156 -5797 -1901 3396 2598 
-156 5120 4410 2577 -4325 -1085 2799 -8458 -9021 -5282 565 8766 -7756 7635 8801 4366 1805 9831 -1717 -3761 9529 4791 -1638 1653 -7502 6131 6440 -1488 3085 -7674 7930 4474 97 -5102 3274 5443 5247 -4022 -6286 -6426 -3752 8241 6599 5568 4543 -1061 5978 -8855 -2153 7704 3407 4654 3551 468 7299 -7064 -9040 4123 -7699 -8985 7290 -1100 7625 -1757 -6963 -3209 -9024 95 2660 -6685 -3547 3531 1139 9615 -2669 -5733 -2657 
9126 -1826 -1347 9626 -3466 4932 -2010 56 -3816 5304 -2606 -7806 -7626 9125 -381 -4229 -8811 -1851 8827 -237 -8273 -5726 -6119 -3470 4956 -9717 -2373 8940 7486 3555 832 -1366 3293 3733 3440 4524 2665 2429 9367 3271 9881 1548 -952 -9204 3060 -4638 -8973 383 -9193 -3092 6173 8 2729 -9441 -2762 4880 3127 9211 8518 3553 1005 5321 5392 1448 -6763 3989 8244 -6952 3720 9228 -9783 7636 773 6933 4370 -8233 5762 
-1999 -8408 -1646 3293 6957 -4642 5287 -522 -9897 -9344 5452 3847 3206 9150 4243 -2745 -9330 -6523 -1178 -3232 4913 -544 -7665 -6341 -270 6473 -9813 -8266 146 3884 -6933 2456 -8715 4139 6352 -3922 -1297 513 -2502 -9491 9862 -7682 -9917 1773 -964 6452 -2951 4834 -10021 7686 8056 -9890 -491 7193 -5174 620 7275 -4715 9154 820 2528 2225 -7326 -6351 -9677 -822 -4121 -10021 -9918 4431 -5809 -6685 8842 3420 4517 4822 2048 
458 -1821 -8320 8376 -1694 8789 -1521 8116 1800 5032 -2797 6445 1494 -5404 2649 -9923 -6574 3521 4958 572 -6716 -3008 138 7296 5293 2040 -3329 1879 -4631 3326 7345 10025 -7821 5293 -2826 -3336 -9637 5892 -1988 -6641 2070 4047 5032 1753 6951 4467 3810 -3338 -6072 4501 -7144 8257 2786 9019 -6474 -6415 -9876 1711 9090 2724 7523 -3251 2666 4334 8901 1454 3557 878 -8731 -6422 -7139 3719 -444 1861 -8938 -8577 -1998 
3283 1581 -1825 51 6264 2457 1252 1188 929 2773 -224 8405 -6706 5570 9849 -3442 -9235 8577 -7813 -2246 -1983 9878 5190 -1457 -4562 -6616 2730 4594 -959 9117 -1556 1306 -1615 -5708 3264 -6450 1657 3901 5204 10031 -3841 -8216 8721 -8887 -5538 2214 -3793 972 9448 4804 -9324 -8062 -8596 8553 -3413 7727 2737 -1517 -2862 6488 -5898 -5163 -6565 -3117 -2643 -7014 -6910 -5650 1842 3201 -9165 2921 -375 1599 8922 1716 6805 
-8690 -2319 -1091 5 9091 -5759 1568 -8688 6997 -1400 5711 7515 -2797 4797 6942 -7273 -4068 -3036 3882 -9590 -1405 9594 -1262 -7290 494 -5176 2763 -3863 8342 -7293 4313 3246 -6037 1120 -4511 707 -1852 -305 -4179 4711 1797 -3641 4196 -1673 7499 8645 -765 -5839 3071 -1943 2515 -643 2599 -9320 -6341 -8489 8961 -6089 -4274 3616 -1926 -3979 2693 9106 5870 -2282 2773 -9322 -4083 1350 -6385 -1993 9399 -6654 -3601 -4476 3778 
7605 -9398 5369 2051 -322 8792 -2957 -8796 5310 -2417 914 -6577 -2711 -6885 1022 4562 -183 5637 -3870 5986 -6988 -1502 -8401 -7132 -6985 7838 -6021 -4529 7176 2494 -5329 4778 9248 -6276 -9532 -4026 308 -10041 -5284 -8476 -1330 4949 -9882 5117 5789 8884 7476 6586 3589 -2382 -9557 2176 1537 3824 5780 -240 9262 -8927 8127 7206 -17 -1065 4187 2016 -9115 -1264 -9621 -5115 -6039 4049 -88 -1859 -3877 -7339 1804 5883 9831 
-9309 -4238 -7972 -8665 -8676 4533 1158 -8237 7975 -9614 7794 7505 -5979 7780 6522 -7704 1897 7148 7549 -5000 -6536 3649 -1758 5339 9312 5299 9733 3185 -2019 -7907 8067 -8378 -4835 2571 -1564 -6982 467 -3661 8959 -3600 -7184 3087 7312 5204 -8328 -9652 9445 1053 4152 -2461 6176 -8862 9015 -8256 5977 -8609 8217 -8768 -2093 -5029 -3463 342 -8226 -4312 411 -6699 -3003 -3094 2063 7245 -1161 2682 1159 -4585 -799 -9892 8396 
150 -307 -5384 1349 -6072 4910 -2071 998 582 2449 -7023 -4219 6961 -2611 -6330 4890 2699 9282 8633 -604 -721 -5823 -623 9013 846 -7081 -5686 5078 -7647 -6987 3082 -5048 -6983 -8630 -3860 -1333 -6093 4862 5092 6495 -2665 285 -3019 4224 3645 8811 -4023 -9658 6238 1774 7154 -1207 -4878 -1680 290 -4989 4195 7280 -7992 -7110 -5777 -9398 -4778 1779 -1178 8365 -5021 -8439 3238 -7153 -6901 -1194 -2171 2770 8067 7550 -9726 
1334 -967 8945 6357 -4013 -3694 2791 3714 4943 -3773 -7109 4447 -1627 -7101 -9534 9048 1845 5930 -1007 -4784 -3036 5658 1435 -690 -8126 6060 -2071 -8028 1079 -625 -31 6972 4963 472 -545 -9265 1315 -6917 -6386 -7113 3186 5066 9804 2800 8875 -5931 -2932 -251 -2883 2214 2841 -6016 -8800 6089 -4181 8484 9155 -9274 310 -8978 2905 4897 1294 7420 10065 -8735 -9774 -1166 -3926 8863 3201 2286 7296 -5735 -8304 8090 8889 
-29 9948 6920 5893 2550 1813 -6364 9500 -3759 7688 1542 -692 -6745 8083 -5812 5926 5461 4651 797 1513 -3638 -9557 -1250 1217 312 -6581 -3056 -2328 7261 -1632 5702 -591 7408 -4349 1665 5482 -9470 -3982 6329 4626 1810 -5343 6829 -2862 -9883 7905 -1345 7136 -4798 -10019 2773 2968 -435 5684 9304 -8874 -8195 3392 4578 6570 -646 -6712 -756 -4912 -4097 -4171 -9119 -8917 -4560 -4623 6677 -6473 -9033 8357 2074 -7494 6265 
-8599 -5987 -9118 -9249 6876 5917 9992 3276 -5473 -8461 -6384 391 -9961 -282 -7806 -8335 7214 8859 6691 -1021 5818 -9038 1780 5011 -4569 -9594 -2483 6503 -1257 4605 8290 8480 5915 1699 -9928 6332 -5301 -8961 3191 4122 -6486 2757 -1714 3863 -9080 8300 2323 5632 -6526 -6303 6561 -2837 -9444 4840 9112 5443 -5016 -555 2705 -4274 -7388 -3703 -2156 -7069 9292 -3071 -2629 -3039 -8510 6280 6423 5415 -2091 6293 8714 -1929 -550 
2242 7258 -6671 6773 -2419 1908 -2608 6234 -793 -7694 -9158 1785 520 3227 2084 10068 -10063 -9884 1386 -33 -456 6137 5475 1803 -10035 -1947 5680 -3137 -7885 978 -9449 -5523 -2268 -6692 9431 8509 -7778 9900 -3539 -1888 -7317 631 3792 8444 -8430 7020 -1824 6276 -7464 -5247 7644 -3133 3925 -7715 5331 1086 -3096 2983 -3448 28 6890 6184 -3539 5596 9927 -1002 1807 722 9970 8852 1965 7924 9977 -8373 8205 1102 5952 
-9586 -6992 8005 846 6115 9852 -7270 -941 -8695 -6869 3946 6763 9303 -6152 -680 10037 4469 7477 2535 -2366 -4843 5546 -7780 -9933 -7491 5302 -420 2348 -3537 1245 9412 1958 9670 -8409 -7040 -17 7639 174 -4218 10021 9373 1595 -8800 2375 -6467 -4032 -2788 -8326 3161 -9301 -5288 2575 9665 -751 -8748 -6406 -9380 4826 280 -179 5883 5303 -8649 5358 5719 1640 4125 9037 -5705 -9228 -9380 8281 -9660 -7816 -3058 -2402 -6626 
4835 -3131 -2448 -7658 -4820 -10040 -3809 6345 -2431 -4548 2353 -3689 912 -6452 -3161 -5672 -3396 -2846 4862 -1960 -5424 -1094 -4331 -6009 6484 -6883 -7370 5081 -4727 7896 -5727 -46 -3490 -3439 -2781 6872 -1780 9202 1352 9373 7409 1439 -6310 1890 2005 642 -9115 9005 -4106 -2840 -4264 1684 2507 1193 7231 -7204 -8793 -1783 -7690 -4599 9656 2269 5676 9724 665 -6561 9519 -5580 -3220 7240 4963 8744 -1095 8006 -1614 3494 8261 
5955 2349 -5605 -178 -7465 -1601 -2741 -1324 7784 9499 -8653 -4379 -2804 3298 7380 1746 8257 9253 -2657 4896 9917 5592 3295 -7505 -4990 -5961 8621 9034 -5781 7588 -6770 -8446 8804 8224 -2496 -97 -2150 7174 2622 -9832 9402 9540 -101 8657 -3118 3676 -7509 -6018 1374 6078 1265 -6034 -8651 2980 -3570 5073 -4242 -2407 -6643 -4008 -4125 -7076 -7535 -2635 -3251 3619 -6028 -7806 -1487 9803 -1049 -6937 6706 -8474 884 3514 -4839 
-1974 -1344 -1897 -7442 -4828 6218 7643 3308 4400 -6444 -939 7109 123 7742 -7526 4109 -5928 -9148 6837 5713 3574 6428 8676 -2688 -1781 7257 9800 -9898 -7190 5903 -6154 -2550 -3930 -6063 -7643 5136 1281 -2538 -2251 3599 -5061 4288 4870 -6653 5674 -9429 3767 -6850 8559 9979 -10023 -5527 7613 -4482 -1842 2092 9742 513 -4520 4555 4649 7518 -2830 -2041 4641 6300 9061 4629 -6695 4544 -1121 -7327 721 -7101 -5511 5458 8427 
-7541 99 8029 -5388 -9940 -9846 -6490 -284 -8878 8020 8999 -5043 4019 -6109 931 -3607 8092 -4694 -5573 4945 5912 2436 -7130 170 4011 1286 -6979 2461 571 -3022 -3804 -4690 -1506 8868 -6840 4762 1586 6749 9693 878 3030 1973 2078 9545 -5724 -8825 7548 7088 -6801 66 9958 -134 7684 -7153 2688 8202 -6635 9643 320 -1318 -227 -2266 143 -5403 -472 -2370 9705 4615 -3294 2496 -7262 -4748 -1200 -2246 10033 7125 2430 
-2466 9119 3104 6351 8767 -8152 8970 -9050 4145 -7282 1625 -1016 7464 -6255 3158 -2241 9969 -9566 4420 2691 961 1909 -4069 -9536 4301 -2972 -2483 8767 6335 9919 -3947 1246 -9687 6002 689 6671 1498 5659 -2597 -3274 -4121 -4485 3438 -8285 154 4181 5321 483 1568 2355 -6718 6380 -7799 1807 7561 6807 -6117 992 -7045 -1136 3818 7432 6070 -4073 -9058 -9443 -5904 7803 9409 -8373 -8985 -2456 334 -4724 -9194 -1085 8072 
5335 2692 -7823 -183 -6413 4246 -9487 -6417 -6967 1429 1632 211 -9228 -4449 -4543 -1837 -6774 -4670 -3167 -1450 2926 -4540 -6339 7340 -7442 5215 -5264 -5323 -1728 5417 -8193 6106 -8201 7816 9251 -2875 -5059 -503 -3179 -7146 249 5373 4968 3747 4946 3692 8269 5438 -667 -1228 -7960 -3239 6837 -6911 1388 -10086 8505 -9670 -9667 6341 9043 -4592 2754 6823 9801 -5171 -6069 -7925 5588 1202 -5161 2625 1809 6084 -3060 5803 3451 
7193 9245 5420 5266 -1372 -165 4475 9975 8515 5003 -1639 -2829 1878 -2462 7637 -5101 -5208 -7389 3617 1468 -6162 8532 -8328 -8968 7344 -1266 -9557 -10001 9264 7553 5732 1442 631 37 9333 1053 -8899 -4905 7703 7094 3335 1466 -806 -2482 -9453 -870 -6847 2910 1367 3284 2378 -4817 -4811 1550 8699 4809 630 328 4666 2627 -8389 8985 -6922 -3010 -1394 -3707 9247 2925 -10054 -9239 6460 -798 -4954 257 -8170 -5051 8564 
9173 -303 5897 -6355 7964 -5430 3893 -5244 -2303 -3090 -3440 5290 -6086 7399 5411 3938 -136 -9914 3778 -8276 -3280 -4376 -8179 -5939 -3133 6552 6023 7383 990 5605 -2087 921 9033 5230 1103 1375 -8686 -7307 -9939 2773 -667 -588 -751 1107 -5899 -3524 -8586 8898 -8164 5288 -1185 -3710 -2788 1370 9701 8668 -891 6847 6043 806 995 2812 -3151 3523 -2923 -9512 -403 5350 6633 1038 1235 -4232 -2056 -2222 394 9982 -1895 
-8022 -1274 5302 -8611 -603 -6368 4464 -4605 3462 4167 7546 -8507 9037 8362 2990 -7789 282 -6280 7270 4483 -9379 -9489 -4275 3093 -1080 -4975 8643 809 -9332 803 -4799 4792 9434 7304 -505 7252 3956 -315 -1910 -4242 -2705 2549 6026 -4526 -2828 -2117 -5585 -856 3039 -2441 3220 9110 4761 9131 -3868 -7413 1779 4852 4898 2639 9893 -4086 2677 -4028 -5813 -7338 -7248 -7738 -8790 2557 7653 3844 9895 -7830 8852 -9610 -3846 
-2970 -2849 -9553 60 2750 4448 6208 -5094 5667 -2708 4644 -8591 820 1480 -7150 -3973 -9451 -17 2216 9614 -419 -6060 6147 -4154 1050 5910 2405 -8674 4983 1920 -7262 -8930 10001 -8932 8306 -112 -9966 2005 6274 -5798 -10049 2442 -7592 6865 1792 6428 -9003 -2368 -4221 1392 -8821 -1994 -7392 -2057 7186 -6291 -8983 7921 7661 -2186 -9419 -7557 1726 9801 8847 1709 -1941 4025 3749 -6351 -3573 3328 6302 -1551 -8134 -502 3870 
1497 3918 -2761 9375 1695 352 -7686 -7583 2363 9099 -1609 3578 8088 5822 5487 -4068 -4188 -2011 -7970 -1178 -8485 -7213 -1005 -8726 -8009 1640 8021 945 9775 9515 2792 5428 -7680 5693 3854 -5909 1322 5632 8371 -6902 996 5644 -6383 5154 -5126 479 -5081 -7880 178 1701 -8754 5649 4182 1511 -3390 6118 8718 -7942 -2821 4869 -1382 -6976 -7628 -1483 -2551 2531 -1044 -5791 8613 -2768 -820 7140 -2091 1463 830 -4065 -2256 
1682 303 -5567 2114 -7540 -531 2821 -8534 855 -9554 6265 -7643 -5771 7227 -1366 3298 2844 8909 -6492 -8371 9268 -368 -8159 4404 6363 6302 -8871 -5838 -7026 -8973 -7137 9745 -4411 -7862 4800 4965 6716 -8642 2023 -2591 -7310 -2906 -9390 9852 -9624 7976 3903 -10044 545 -7595 -6380 -8040 9685 -4093 9008 -5119 4910 -3239 -2869 -2542 -3893 -1350 -4857 -5152 1588 352 4035 -850 499 7588 -4638 5193 3791 7542 -4448 8499 -6035 
8199 -1973 -9491 92 6915 -6827 8501 -6303 7235 3323 -8959 -674 -10051 8040 -2194 6784 -2419 467 1638 -6279 9050 -2597 -4033 8969 -609 -7386 3718 8026 10028 -7453 -8313 1899 -2245 -3422 -495 2497 7089 125 6427 -2220 662 5510 7309 1201 3195 9675 4322 -4115 -4850 -3882 -1082 673 5021 4789 2718 279 -4689 6333 5101 7524 -2689 7917 4474 -8099 -5387 409 8433 -5767 -884 9401 -771 -3112 4416 -1079 1664 5623 -1408 
-9905 -6111 4455 8176 7315 -2100 9464 6249 2500 5943 -2571 -7232 -8633 -4982 483 10031 -5918 -8420 3578 8139 -7001 -4106 6441 1633 3391 29 5863 -5184 -823 -5065 7575 8340 -7344 3605 8397 3121 -8119 -8426 -1273 -745 -2431 5980 -2595 -6558 -3663 9468 -4580 -4613 9240 737 -3465 -8320 -2456 7856 6306 1426 7923 -7481 -6408 -182 5371 5206 -670 -8665 -9272 8935 3584 4560 5459 9358 -1872 1991 5719 -408 18 -1812 4467 
-9995 -7339 3252 -5703 5175 220 -8601 5255 25 3080 -6381 3611 1672 -3494 -4305 -3793 -9950 9693 1646 1027 8829 2634 9698 4978 -3441 778 -5821 -7070 -7574 -5499 -4501 7976 -134 1181 -6050 -9441 2575 645 -929 749 790 3024 7933 9080 -5512 -8858 -7432 -6079 -10073 2325 3070 3504 2512 435 -2871 -851 -398 9427 148 9960 -1264 -9678 -5849 7479 4284 -2121 -1948 -7186 -1728 6738 7304 -9011 -4004 -3435 6315 -3488 -1686 
-9283 1774 6617 -9980 4997 -8601 7806 8916 -8650 -6016 6203 1488 2138 6010 -1094 -3162 1975 873 1243 8248 -8143 8650 -537 1248 -4196 -136 447 5308 6754 -1088 6288 -1863 4421 1315 1625 -3021 5773 -6822 5797 6390 7299 -6820 -6056 -481 3259 -4009 -9643 -636 7514 -4898 3704 -257 9350 -3784 -2278 168 -9512 -2248 -131 -9071 -4639 -3638 -3579 7746 -1368 4878 4678 -8304 -4322 7276 -8245 -3829 -4057 -8092 9286 7058 2913 
6146 -1749 -9836 2967 7401 5241 -2582 -1273 1730 -4515 9075 2888 -8117 6434 -7216 -2212 -6313 10020 -3823 -7393 -8640 2362 2201 1550 7506 -1031 -1847 5356 1988 -584 -7434 -8112 -3054 -5292 -7905 9109 -4000 8253 -4260 -6795 -6585 4353 -1979 165 5457 -1566 491 -432 4829 -2701 -6578 8011 416 -6492 5497 6419 523 -6934 2411 4219 97 8585 2528 -1281 7828 2570 -54 -1953 -7677 2605 3400 -1137 -4387 -7214 -1090 7376 3185 
4664 2644 1670 8038 7162 -7464 2806 1905 2481 -2237 838 9912 -9571 -3648 -3778 3097 1472 -1436 -443 9136 8541 5615 -7613 3923 -10069 5879 1615 -8399 8324 -9547 -5065 6359 6176 9496 3272 2734 7029 -159 2975 -294 -3546 5475 7706 655 -2634 2778 -3030 4933 -7076 9254 8376 -4220 5622 -727 8049 -9469 6526 -3934 -19 9700 9730 -780 4895 -3096 8791 -8094 7405 -4613 -5010 5048 -5525 -3275 8005 -7932 7982 -6821 -3589 
489 -5805 3745 -3722 6371 -5621 5050 3719 -520 -2977 4378 4545 9450 1355 4917 8451 7618 -2804 -5855 9707 8725 -6448 -9258 9009 -4473 -9068 5976 -292 -6060 2282 -8122 2687 5786 -6633 358 -7023 -8619 -7372 -3249 -9989 1579 1247 -7274 -6023 -3119 6219 -1650 917 9412 6687 2638 1139 -1747 6024 -3796 1822 -8008 -1282 3372 9178 -4535 -6131 -3414 -2450 9696 -4173 -9691 -7946 -5428 5213 -2799 -8591 338 9756 6640 4479 -8427 
2539 9201 -597 -8009 8137 -1147 4533 -7326 10071 6195 -7098 -8633 3317 -3805 -1052 -9176 -4892 6315 5327 -6971 -6069 -5130 7620 3452 -7988 5820 -2605 9798 -9708 3540 2738 5569 -9628 -2262 -4668 9010 -1821 -7224 2059 -3152 7380 -4933 4269 8685 -1860 3108 -6001 -3601 2473 5202 551 5502 7613 -8285 -106 8018 -9475 -164 4447 8369 -4608 -3326 -1964 5921 7925 -3052 -7435 5401 -1214 164 -6942 5021 -5969 2197 702 -3682 7887 
6334 2572 3826 -3975 1275 4208 -4276 -3667 -6196 -6880 2503 1640 7098 3345 3889 7736 -6613 2369 8872 9809 -4619 8830 -2844 -62 6286 -7252 -6657 -7918 -1779 6051 1042 -712 5537 -2151 -191 -9892 7548 -2431 4066 910 2505 6405 901 6362 -7162 8250 -726 -3858 6702 802 3191 5932 5689 3859 2526 8702 1129 2348 7852 -7643 -9260 2741 8059 -2266 -8255 2703 -1768 633 -4793 -3358 2728 -6460 8754 1441 5830 -108 -3209 
-3261 4842 1478 -841 -6335 -8360 5733 7793 7169 5221 -6735 6257 1579 -6308 -4897 692 -6076 4099 4482 -7515 -5793 -5390 -1489 -5589 -3892 -4811 -2299 -4909 136 1281 3272 3606 -4669 8144 -8113 -7642 -781 6592 3600 7599 7985 -5441 4362 5955 8293 2222 -6379 8317 9772 4303 9626 7852 2936 10076 -8901 3187 4905 2224 -6755 10020 -2064 -496 -8061 -1273 -808 -9287 3182 3859 8247 9438 8077 -3990 542 2083 -1135 3832 2970 
4906 -8019 9156 -5092 -8812 9135 -3398 -126 -8549 579 34 4384 -7117 -7535 8405 -9526 674 1042 4838 -4616 -8708 -8690 1095 -3905 1808 6345 -9455 9495 -165 -1346 -6143 8401 485 4097 531 2412 -1314 -5109 6764 -3277 2168 -12 -7119 -7567 -4131 7605 1441 8780 5141 -3636 151 -3729 9378 -8107 -9086 4299 7762 221 -323 -4845 -8874 5417 -8972 2700 -8284 -2278 -5919 -8919 -446 141 -9400 -9974 -7311 -5222 7346 -8204 -2970 
9392 -7249 1325 -10082 578 8465 -1699 -2818 7679 8106 8363 -1348 -9328 -2366 -9380 1356 -2022 5367 2359 -4333 8527 6621 -9991 -559 -8084 -2219 9378 -5797 -2223 5993 -7767 9267 -5331 -9843 -9475 9899 5547 3073 6976 2163 8446 -2463 4372 -1910 -3493 4706 -3896 -7214 -1694 3046 -4066 -1523 8747 -9936 7731 -9239 8549 -9009 -4896 -2345 4783 5430 5525 -8671 -4140 -1989 -5626 -1451 -6281 5709 -9301 7016 1300 -5406 -6605 -1521 4668 
-1410 9024 -3603 5009 -3181 579 373 8567 7101 -4112 -8457 6042 -3576 -7921 4005 -6502 -7817 -8365 8778 6083 -3961 -2482 4737 1836 3051 4298 632 -4304 6685 2365 -1172 3603 -3633 216 5513 7174 8191 -9827 -2831 7937 3984 9909 -1068 4994 2601 2455 4391 -4009 3468 -4337 4776 8627 3424 4310 3702 -68 -1582 1028 -8101 3237 -6704 -409 7679 -4211 9296 6564 -898 6753 6934 4042 1060 8253 1086 -5034 3287 4653 -2218 
2503 -6736 -1154 -6442 -5105 -9043 7946 -179 -9 9337 7957 2316 7809 2854 -1486 -1196 -2168 1458 -2385 -3918 -4599 -3146 5663 -7072 5192 -2076 7851 -8583 -2987 -4525 8779 1845 -7653 2557 1226 3312 2913 8670 -2141 -6261 -7810 1557 6653 749 3816 -4975 -7579 5749 137 -5547 -7711 73 10014 4504 2140 7113 -4830 -5640 -4452 7796 1534 7176 -8575 9124 697 8311 -5778 5961 -39 -8236 4509 9658 -3227 9098 -151 2773 2944 
9289 362 10059 -2904 -4005 -9536 5361 -8896 -3141 -3388 -4511 9956 -4690 -1800 -6299 -3736 -8979 5768 1694 634 -6237 7240 2683 -6691 5197 -1976 -3121 5603 6547 7505 -9577 4973 2219 -6200 -7978 2106 3602 4952 1856 8426 -1232 -7005 1205 -2664 10028 -8722 8792 1349 -9480 2370 2124 1195 -6363 -6021 8823 9713 4408 -6354 -302 -5754 -6726 -2300 -6180 3497 1805 -3952 502 4463 -408 928 -6239 6115 -3174 3402 4897 6018 -4577 
4323 8909 564 -6475 -7975 -384 -5426 -3803 2186 5764 8788 855 -7741 -4692 8180 3423 4215 5542 6435 -3759 6162 2624 8730 9397 -1483 -7906 -7230 -390 -9464 -830 4546 -5246 -8202 71 -3326 -9196 -5155 -6188 1523 2487 -7303 -4468 -5457 8648 -6687 5874 8991 -611 7679 3174 -9843 4555 -5925 2411 -6577 -2107 -6772 2858 2506 -4489 -804 1274 8418 975 -4264 1415 5371 -3784 -8723 -10014 -3132 6816 -2746 -7396 -3375 7818 -5806 
3766 8483 -4636 -9578 -1768 -3527 7943 -1194 9747 5961 4444 -9876 794 -8703 6386 65 6118 -4842 -8729 3362 9095 -3484 3236 5071 -2271 1803 -7808 -520 -802 -9989 9768 -4327 5289 6842 -7752 -3554 -5442 3063 4664 8815 8812 7405 7141 8387 5917 -5898 9932 8187 2052 -7783 -5852 9280 3697 -5058 -2635 5809 3571 -4314 -8255 5276 -9890 515 -4944 -5967 -4099 8079 10020 9883 489 2315 -9708 7663 -6877 -5269 10022 6030 -1269 
-6685 -6314 2252 1845 -5433 3950 -5593 3885 -3774 7318 4323 5149 -4279 -2676 1964 1502 6211 -3507 -5441 -5887 5384 -8344 -5545 -8383 -2604 4567 -8390 -5072 5313 1073 725 1030 6193 705 -7991 -7980 7159 -1069 1150 8718 -3889 8394 -5471 -4270 9644 -2013 -287 -5578 1267 -4688 8693 1326 -1414 4154 -83 -601 2261 2559 -571 -683 4733 -5421 5034 -8195 -3368 -2529 -9418 5018 -5225 8947 1722 -9247 264 -4433 -8514 8210 2951 
-3378 -9303 7136 2801 -3327 2624 -5125 -5168 -7640 -9140 6941 -5400 6833 8659 -5918 -8679 856 8193 -9881 -6569 1611 -8799 -8908 458 -4585 6916 -97 4026 3878 4904 -8460 -5837 -7693 2385 922 -7821 -8870 5153 4282 -5583 -1451 -7899 9796 4437 -705 2106 3747 -4788 -7821 -2424 -607 -9174 6722 3757 -5723 -900 -368 -6920 -8136 5256 -2026 -3851 6999 -118 -4318 -4598 7844 -9249 -2267 -4020 5202 -9231 -5047 -6422 -6342 -8207 -7173 
-619 -8968 7150 5700 7207 4755 -9527 4235 3202 4267 3777 8200 -7579 -8739 -800 6364 758 -1162 -9558 8416 6372 3221 -380 6309 -770 -3264 2050 -2219 985 -7906 5187 2633 489 2944 6018 8213 1308 6060 -843 2763 -6361 -8774 -2932 4691 -8111 -2610 1737 -4581 -4642 -6812 -3834 -2200 -6911 3236 7267 -1286 -5747 741 4362 2648 -6568 359 9400 3487 7898 2192 8085 6012 -517 6750 -282 5085 -5789 7398 -2111 -1219 -9329 
-6594 -4828 9207 1552 1165 -2894 8075 4799 9924 6928 -7613 4460 -6091 -7494 -668 4718 3657 9160 4416 -3050 810 9637 -7986 -7225 -8429 -6185 -8056 -2640 -8064 9010 4810 2487 -1364 3172 -2984 6779 2883 -458 -659 687 2105 -8855 -2009 6992 -9600 -5171 -2144 8987 -6262 -5953 -6330 -9976 4015 6331 -1677 846 -2884 -4490 1505 -1776 4014 7614 -1978 -7199 4469 5373 743 3059 -1191 2011 7913 -5662 -8772 -864 6398 -1766 5068 
9215 1979 -329 3896 10006 -156 -8630 3292 7309 2060 -5141 -5130 -2752 -4085 592 8100 -2715 -8310 3515 -487 -831 -2824 -1460 5527 -5370 9287 7001 -4463 2946 2839 -4789 2957 -7285 1841 -5061 300 -4857 5419 -8751 3024 -1146 4571 -6036 -1595 -6352 -3506 6421 -451 4647 -1335 6256 -1553 -94 -2043 -5849 2393 894 -1631 10047 2169 9643 -8092 -6982 -2182 -5939 -7609 6971 -7972 6164 -6664 -8663 -4458 -933 7480 1251 549 -6047 
7005 -1423 -5466 7315 -3752 -7248 -2714 -4011 -7540 607 1832 -1684 6723 -2878 -5103 -7445 1802 2978 -930 -9300 3451 9015 4791 584 -1689 -9521 3024 1423 9060 -6760 -6096 3662 1925 8200 -7960 -8156 7396 -3939 3975 14 -5845 7905 5360 9214 -6812 -2884 -2513 -1215 3750 -4793 3977 -736 -7698 -5350 -7436 -7210 9972 5026 -8474 -3245 5929 5340 9001 -7860 1820 9373 4950 4543 1076 2464 -5066 -55 1615 -5507 4396 2664 883 
8715 -6686 822 6089 -1976 3623 -1850 -4335 4786 -2532 -3243 1162 4469 4664 -3425 8539 2277 -3256 9110 -7258 3340 -8083 -5841 -3054 -9676 2851 4782 -2571 26 -1217 9164 673 -4751 -2036 1280 2091 -9710 9341 3227 -9105 6666 4380 8603 21 1343 -2123 246 -1950 5978 -1620 3906 -984 -1794 3562 -304 -918 -7837 7705 1008 -5067 -7549 9194 8324 -2014 6389 1936 9026 2785 -4600 -9515 -6014 6757 7868 5580 4279 -4566 5655 
-4411 -7615 131 1652 743 8997 -1586 527 -3659 -339 -739 9394 -147 2251 -8929 -8020 6038 8821 183 -5271 -5703 -8507 -4193 -489 -4647 -321 7822 -6324 -1383 -7529 5244 -1963 -7510 7327 -1041 6303 -7687 -682 1615 2399 -4512 8861 4458 -4547 -2243 6779 1514 -9878 6088 -1246 -4549 -8369 2972 3302 10076 -6074 -6681 -10017 -1514 -9821 2753 1099 -7279 6097 -5494 -3567 -7602 7426 -3097 -3786 -624 -5791 9011 1292 3974 8180 4438 
-9510 8792 625 8517 5123 -6796 36 3818 7447 9902 6705 -5269 -3826 688 -7829 7345 8315 3943 2949 2894 1797 3981 4380 -6639 -6622 9129 8371 -8555 1376 -6527 682 -3974 9205 -5325 -6125 -1182 -6117 -8681 -2136 8932 -141 5812 -6562 -5121 6591 -8403 2223 -4238 5786 -7837 -9681 -2965 1899 -5024 -4476 7762 3230 -483 -3664 -194 710 1936 1667 313 9647 9493 -1937 -6219 4421 -6491 9274 7477 -9682 -7081 -8179 3833 540 
-8713 -3955 -1604 2415 8138 -5844 7699 -9641 6371 3909 -3253 -5967 3278 -2077 -9348 9014 6875 8661 -8472 -7591 -3459 9984 9930 4599 4564 4390 -8032 8103 -7376 4838 -180 -2545 7233 1968 -6084 159 -7041 403 6731 -5340 -7118 3971 -446 -9919 -5176 3317 3883 5005 -4926 -6512 4746 -5825 -4969 -1438 -1073 -2161 9855 -885 2619 -8624 4218 9261 -4822 -8787 5094 7855 7531 -4726 3182 -3076 4593 -7237 6888 8391 -1396 5963 4225 
6822 2326 -6414 3709 2704 555 3885 7407 4095 -5724 -9813 -7841 -1964 -1893 -8709 -7790 -10005 6439 -736 -3904 -147 8830 -7452 -1991 -2785 9511 -9325 570 -4594 -2525 3856 -1197 -1523 -1812 -7604 6795 3704 1075 -6197 5460 6775 6990 -4758 8503 2337 -7436 3957 4091 1786 -2195 5691 -5587 2958 2961 6267 -2178 2160 -8902 9572 8757 -2810 -9463 1450 -6625 5363 6324 -6111 -3231 -5129 4417 -8375 -3069 685 -7181 3182 -6742 -1996 
-6138 -5443 10036 -2374 6005 6020 4329 -8974 -2376 -2878 -8254 -409 -7515 8521 -7147 -6777 4606 -6177 -9440 3024 284 -2248 9093 6964 9058 5522 495 5490 4955 -7023 -164 -5750 -6983 6379 4367 -4781 -4764 4640 -9887 6455 -6849 -8150 4729 -2532 2573 9335 2067 -7812 -4265 3967 -8002 183 -8506 -4340 -1766 -7129 -6702 4570 6031 6498 2840 6538 772 -9080 565 -7678 -3173 -8209 -3717 9366 8519 6725 -7536 -5221 5823 8614 7093 
3981 1935 5524 4324 -9995 -460 -4797 -99 -7863 -9066 -4055 4076 -435 -4033 -2424 5139 5243 3774 9390 -142 5142 -3458 -2874 1927 -788 -1803 8467 6093 9500 -7497 -2864 4981 6768 8425 -8482 2027 -8000 -1061 -3581 -9804 3140 -3874 -3082 -5163 4721 -1139 -243 -7041 -9912 4362 836 1345 1274 -9470 4690 -135 1035 -2846 5278 -7670 -4147 3234 -9939 2072 7358 -2834 1253 6209 -1706 9030 8080 2210 -8890 -2104 7050 -8727 6214 
854 348 -8988 6887 6922 -3329 3972 -6188 4504 3872 -7656 8880 -1927 -3689 -8655 -7508 -8345 7748 -573 -6720 300 -7915 -9580 3754 -4193 3920 3064 1286 -5386 4887 1366 1363 -4818 -1586 -2300 -5569 2397 174 9199 -7252 4858 -3898 -5382 -4578 -1810 -9053 -7178 -5621 7117 1897 -3034 9376 8110 5892 4870 -4495 -2736 5147 6253 -4488 2061 61 -3971 -2165 1650 -5699 5924 -2257 2090 4046 9255 6923 5027 -3423 8726 -5957 -6315 
-9652 -6208 4094 6487 2666 1425 -1781 -7880 -1133 -9689 -4966 3835 -746 6344 8558 1812 6364 -4161 -1362 -7921 5802 3411 78 -973 3429 8505 -4309 8898 -9668 -576 -629 2337 1449 -2435 7286 7515 9607 -4648 -2873 -2084 5184 8081 -7941 -9984 143 2879 3500 9849 2958 -3171 5414 7207 -8701 -9357 4967 4313 -9132 720 -2884 -429 2011 1685 9627 7171 3944 -5814 -1849 1151 2849 7193 -1718 -9771 2374 8520 -2977 -8265 1018 
2355 -1476 -8769 -3462 -1265 6280 -9390 2137 1137 -5198 5253 750 8927 -10051 2067 -3232 9589 5981 1368 10070 -2445 -6426 -5756 -6284 6280 -1051 495 6533 129 2656 -7422 -6273 9925 1346 8125 -877 1397 7218 6835 9229 6217 4235 2100 8045 6626 6493 -8060 6677 8407 -2320 6592 581 8228 7630 -9568 -6639 -2976 7478 62 8761 -8530 -9664 -8633 4092 -889 6743 7058 7803 7720 -8747 -2165 4912 -1816 2402 -5827 7048 941 
-3902 -7594 5253 -5815 4420 -9217 6795 -6448 -861 -8856 5280 643 -8446 -6382 -2618 -8438 -5805 7742 -7743 -1189 -6034 -2905 3209 -666 -5530 -1945 -9187 6265 5591 -3373 -1377 5380 7514 -9863 -1108 8761 8793 8655 -134 -4522 -9718 1148 -5449 -9274 3852 -7721 -5852 9939 -7338 -7348 4348 -483 -4132 9608 573 4226 -4888 -1637 -9113 -5567 -4051 8186 887 3031 -4544 8728 -1727 5169 7165 3769 -4984 -4831 -6435 3062 7543 3252 9003 
-9920 -8429 -2432 -1310 8853 -7028 -36 -3969 -7149 5089 -8000 5284 3335 -1021 -5340 300 4890 -3980 8507 -8871 1797 9824 6189 -7109 -886 8815 3556 -10046 -5157 -9159 -9680 5813 9778 7537 -9101 5829 4049 -4284 -3276 -5292 6366 5251 -5028 5106 4022 785 2840 -8907 3592 -4118 5347 -5892 7728 -1179 -5929 5591 5336 -1400 -4098 -10011 -7675 6295 -2225 -7501 8459 7430 6796 -244 -2490 -2667 7385 7356 -8709 -10055 4021 9354 -5538 
-4788 -7141 -7769 -7456 467 -4976 -4919 9208 2 -6087 5632 -6763 -8528 -1787 9224 -9224 5666 9279 2703 -9793 -5007 -3915 -2206 5101 3381 921 -266 -9015 -5643 -1758 4972 -7308 4382 -8962 9805 -9981 -622 9461 -4550 2461 -5974 1607 4510 243 6653 7298 3129 7268 -7319 10036 9674 -4791 -9823 -1332 4851 -2832 -6509 -4606 1829 -6924 7200 -8941 -2946 -9591 2911 5796 8181 -5512 8858 2963 1722 -9730 5226 -5349 -4130 -3086 9269 
1657 8940 -3276 4920 -6463 -6393 -5589 -8003 -4055 -4717 -4101 2259 8911 -1857 -1086 -5753 -181 -8749 -3348 597 -6670 3805 3309 -8536 -3676 -5897 -2691 2103 1323 -8685 -5330 -8909 -1430 5924 4521 -7788 5157 6726 4408 -9193 -7637 -6221 -9290 6183 -8952 -4313 4559 -3729 -6903 773 2764 5482 2301 7161 964 -9450 -9826 -3296 8326 7757 4101 -4648 -9659 4441 -1609 -5575 -8269 -8520 -7448 1531 -1366 -8639 -7682 -7494 9125 -6820 4705 
3200 5149 -5688 493 7211 8328 4226 1518 -4831 -4953 -4988 9289 6997 -6276 5619 8479 -9651 -2791 313 -2132 -8793 3383 -6508 -9315 -430 -9171 1330 -6357 -8007 3344 -9933 -3297 -1347 599 -674 -6413 8977 -805 10032 8777 576 -734 -8937 -4134 -8395 9967 3056 -510 3635 -1424 610 -6277 -831 1338 -1448 66 -9304 -4327 7551 5478 -1716 8675 2940 937 5102 -5863 -7909 9390 -1360 5027 5652 -1617 2325 -4375 -2011 -1133 -1743 
-6683 4776 5185 7732 2480 4847 4225 1143 -9654 -3935 4215 -6658 1288 -2569 -3184 -7556 9647 426 -8714 -7679 5928 2139 3302 -1332 2351 -6308 1564 -2443 -896 5069 -7808 2460 5422 -4261 -5616 -4598 9223 -8527 -3809 3646 -990 9253 2463 7089 -5778 -9132 2724 8188 -4139 -8132 -8213 -4692 -7613 8777 -9193 -9539 5964 4635 -3196 7052 -1360 -9778 272 1140 -3053 5494 -3387 -3294 -571 2578 3761 4349 -5892 1657 3242 86 836 
2270 -6800 49 6888 8752 -6595 9335 -8532 -5957 -5758 1690 -401 -1914 -6266 1094 -8659 -5985 -839 416 -1568 -3199 -311 9574 2798 -507 8406 5286 5498 2790 78 3176 -7270 3658 5948 291 -7384 -5355 8712 8172 -5757 -8636 136 2857 -6359 7538 6072 4567 138 1870 -7595 -2848 -2108 -9160 -5965 2814 -456 -8420 -5365 7416 611 5347 740 -7201 -7723 -5716 -2026 8364 -615 -150 7118 -1667 4600 8730 -4398 -7500 3576 7445 
5285 3859 6127 7649 4085 -3664 -3133 341 4105 -3870 -5965 1918 2730 6029 1544 -3621 3078 7031 1403 -2610 -2689 -2795 3298 -10076 8385 648 10046 -5906 1579 -8890 1968 1778 9241 3342 8160 3803 2322 -7988 9651 -7602 6946 -5413 -9104 -4616 -3392 -9654 -2675 9455 -5635 584 2880 -9106 6919 -2689 9928 -5377 -6588 7181 4160 5443 -4510 7956 6524 8135 -848 -4618 6706 -70 8209 -9629 7037 -7064 -9090 -9691 -4862 702 7417 
6028 6786 -4584 3868 -6114 6908 595 1307 7660 -9805 2354 -9927 -6973 -1255 3208 -7638 421 5329 -4653 5671 -6998 9658 7101 5190 10059 896 7362 1722 6788 -3017 -6599 7652 -7636 2973 -2183 5918 5652 -8184 6761 5677 -1708 9421 -9229 -4278 -4349 8753 -5221 -862 4970 6775 5225 -3294 -9714 5343 -4917 4207 -4530 -7585 4272 -4492 -7647 531 -5923 -4432 -2505 -3865 -7275 356 -3855 7400 -4803 2514 5391 6049 -4397 2143 -3844 
5049 8522 3029 8318 -6979 1548 2214 -4118 9758 106 8853 -3619 5594 -2362 -7697 -4325 -90 4923 -5784 9163 -5258 -5738 -4278 3254 328 -2272 8551 -5958 9404 3078 -7445 2569 -7561 -2115 -2172 5405 5421 8071 -929 8893 -7749 -6034 -1246 7884 5385 -5452 872 5145 -6070 4932 -7904 7326 -3386 -7790 -642 9941 6148 8988 -8353 732 -667 5190 -312 -9682 -2098 8044 8388 1611 -3939 -7254 7757 4597 -5494 -8581 5547 -5853 6634 
-7519 2900 8813 -4158 -850 -1666 -895 8465 -8384 -1315 2966 5830 -8579 -3710 8074 2474 -1221 -2708 1475 9718 9525 8366 -3911 5863 9774 -1166 5548 -3471 -7021 -5780 -2522 -7727 -2150 4627 -7974 -7522 92 -2549 4842 8550 3478 1225 -4064 1601 5615 3945 7430 -2054 6783 -6457 7809 8695 8640 -5957 4045 -1358 -3747 -4171 8786 5276 -364 -7080 423 9257 -4603 4802 -7566 3320 9295 -5026 6970 -9485 2094 -7292 -1035 7283 663 
4665 4973 -6331 10083 3556 -6927 7960 1709 6128 8585 9735 2373 -6043 -6759 -3385 -3890 -5585 2061 -5933 -3150 -671 4870 686 1967 7249 1471 -4314 -2813 -9567 4939 -931 -9820 -8717 4066 8581 5227 -8355 -5002 -9370 -2234 9018 3340 -4769 -8646 -8022 -1023 6289 5912 -8362 1479 4353 -2111 6790 -6991 5349 5939 4954 1690 1124 339 -1365 -6020 2525 9898 2110 9857 -9478 4818 4949 -8496 4867 2983 9623 -5458 -1529 5306 2336 
-8187 5431 -5317 -7086 8505 6704 -3561 -9162 197 1638 3519 -8977 -9127 -5191 -6548 -1256 3143 281 3620 1768 389 -6723 -6892 64 8941 1771 -6927 -5254 6751 -7640 2208 -8748 8561 5801 8714 1339 -1645 -9497 4650 8936 3779 -4168 4643 -592 -5674 -1770 -7672 -5308 -7257 -9982 -5481 -6266 8798 6411 84 7276 -5775 -1762 -1360 3232 1374 -45 -1817 -9630 5062 8899 5196 -3327 -5705 -3733 4205 9879 4351 -8678 -6542 2992 4047 
4313 6042 -8772 -8309 3026 -60 1227 2835 -7614 -4803 7451 6278 1101 -9009 -6551 -7599 -7005 4150 2223 -2956 -2208 20 -4350 5569 -3238 -1668 -1394 9781 2490 -6483 -3662 -2363 4364 -9609 6942 8875 1543 -230 -1925 3394 -7548 1854 284 -1379 -9062 4047 -648 7511 -9846 -3720 5876 7491 8275 -339 700 -5545 -9410 -2673 7484 -1404 -2889 -8171 -9932 -7183 -7263 -5774 -5122 -9517 -6217 2381 7949 -3479 9707 4674 3604 297 -5289 
727 5316 7622 596 8501 2714 -7319 -499 5080 -6532 -5990 9085 -355 -2663 5292 -2957 271 -3346 -5323 3559 -606 5869 -4648 -3141 6767 5507 -8882 7236 -4728 -10003 2730 3380 -2052 8272 3157 -6647 2763 -6784 5707 -6012 -9201 -9055 -4190 -1646 -6397 2553 9120 8452 3921 -2908 1687 7711 -6501 -5576 -9078 -226 2515 11 2452 1417 -6528 6989 8155 1226 -6194 3303 -3932 -8352 -6402 8782 5941 98 -893 1417 5106 -8050 -153 
-9523 -3884 -2819 2126 2617 -3705 9348 -9 -4430 158 1002 -4615 -470 1230 -7031 -9310 -1182 2470 6620 4266 3801 -8796 9829 -4325 854 -2009 -217 -7622 7239 2075 -3446 -3929 2467 -4820 7005 512 7137 -749 9718 -4502 6400 -9829 3932 -5036 2638 5568 6126 8711 2771 2472 -7032 -598 5041 -5432 -4585 6461 716 -7706 161 -8798 3380 7166 1994 -1385 -1425 -2209 -950 3902 5019 -8167 2574 2393 318 6437 584 -5768 -3255 
-5398 9507 -1422 2879 -6619 9695 -6635 10075 -891 8830 8504 3549 6829 3129 1996 -264 10000 2850 2443 2991 1540 8959 2182 -9110 4555 2711 887 2250 1568 6605 9565 8181 9405 5639 -8905 -997 -5673 6658 -3826 -6825 5981 -3108 -6267 -1091 6712 -2282 8712 -7459 -6309 -9002 9175 806 8856 -8349 -643 772 4472 7280 1025 -1671 -9408 -3513 -7975 1144 -1175 1020 -293 -4338 -8959 6331 1724 8002 4421 -5690 9964 -2912 7679 
973 8273 2262 642 4399 8975 -8893 5673 5285 -7089 358 -6589 -9629 -6827 -5010 -6253 -7573 9833 -6859 -5638 -5391 242 -4780 4511 -4160 -4742 -4441 -9400 2867 -3126 5727 -9885 7799 9070 9268 -7809 -24 5524 5827 9758 4889 5909 -2653 -3936 -3750 8418 -9773 -6182 3238 -4690 3844 -4755 -176 -6142 -5302 -159 8999 -3177 -7844 9903 398 8477 -6086 1546 7102 -3039 3111 3269 -1478 -1343 3368 9473 4643 9567 9425 4892 4034 
-8325 4733 2268 1291 4296 -6535 3049 3722 -2184 2714 6487 -6220 -4614 -5590 3233 -7892 3080 8419 9630 6741 1551 6424 7203 5304 -1125 -5080 -357 9749 2480 1683 -9156 -3559 -3270 4536 -4363 -5300 -3525 -3164 6355 9693 -3234 4320 -4143 4520 -9994 2235 4350 -2403 -2222 7490 226 -7825 -7284 -9792 371 -1237 -1626 -208 -3263 6253 9381 -9652 -5096 4104 8001 -2415 555 -7373 -9976 7038 -3573 4876 -9633 -6806 3961 -1649 -4789 
5608 -7798 -7516 697 7439 9360 -8227 7118 -6400 -2439 2457 2449 -3013 8621 841 -7498 -4398 4142 -5731 4871 -1038 -7198 -3270 6075 -605 -9957 -792 8544 2351 2455 -3026 9867 -3449 63 7029 7990 5079 -292 -289 -9324 649 3640 -9064 3976 -7597 6305 -2194 2220 -3792 -1918 -2583 -3562 3165 -7528 -1477 -4441 -2020 9772 -5397 7898 -4161 -4546 -9572 4888 6821 1218 -4478 845 -5474 1628 8771 -3697 8367 941 -417 -9047 1378 
-1370 2003 -6642 -748 -7247 5746 -4089 -5783 5029 -3306 3930 -1718 6417 -7381 -1895 3588 -3628 3087 -3887 7528 -3350 3658 -4021 4839 9755 -9364 2335 -3357 1298 1746 -9255 -1512 -2841 -1710 -2916 4294 8037 -1520 4031 -7084 8470 498 -7647 2743 9954 4569 746 -6498 -7826 849 106 -8249 -6164 588 3636 3642 -7855 -1546 -6673 -7846 4950 5670 -8676 -3169 4335 804 2606 -10053 3713 -2271 8744 -9132 -4187 3128 7540 2043 -8160 
3891 4649 995 -9113 -3326 6785 -548 2045 -2902 964 3768 9568 922 -3402 3735 859 2968 3462 2697 -4884 -6060 -1735 5959 -2464 -2700 9164 -7860 3976 1438 10026 1652 -6259 2436 -5520 3364 -6725 -9640 6258 -5045 -7953 -2163 8688 -6130 -2590 2553 3903 1545 -5157 9558 407 -1761 -511 6527 -8371 7008 1793 6069 9315 -1472 1930 6259 4968 -5819 2860 4961 -6334 5224 -6815 5707 -5076 3342 4029 -5750 -4857 -4470 -128 -209 
5187 5242 -7174 8939 -5409 1578 -3657 5359 3026 -4454 -3678 -5104 2509 9707 -1223 -9094 -2190 73 -8977 3132 2473 -2157 6979 -1246 4262 -488 7801 -10076 -1650 6755 3809 -1219 -1196 -829 -9763 -440 7165 7537 1786 -3008 8518 -9326 4443 -6918 8949 -1007 1264 9238 -1402 6184 6290 -5616 -1317 6538 3163 9755 9370 527 1306 2593 775 -1356 177 6065 -2585 9337 -3780 -7255 6522 3344 -8757 -3626 -7938 -8973 -8283 -936 -4941 
9471 2160 5260 -5546 265 792 5154 -5974 -9146 -7170 962 -3678 8115 -3558 7175 -6903 9908 9092 4526 -1845 -5331 -9799 7473 3327 387 2666 3758 -146 -129 5237 1851 3107 7799 -8382 -8775 -6666 -6844 984 2305 -3169 -8609 -8270 4944 4734 -8841 575 -9687 -8502 1530 8698 8725 6112 2931 -5412 5838 -3855 8252 3841 2992 -9777 8645 -9992 9794 9749 2499 7291 -9733 2500 -1637 -330 -5520 371 -9089 1303 5909 4069 -4983 
-2447 6894 -1750 -8588 -6709 2631 -10077 6181 7696 1090 -7068 -7568 7626 3388 -350 9282 -671 2877 7114 3620 -8167 -98 6086 1017 6031 9056 9996 -8305 -2766 6372 6847 -394 8407 -3909 536 -6797 -4439 -3701 -5331 5001 -8744 950 -5855 -3623 -4286 6375 -1154 -4253 7968 4090 1583 2772 -7109 -2680 1615 2206 5498 -6438 209 -7527 -4988 -1567 1340 -7793 -3640 8154 2491 6222 -9990 9443 -6657 -8375 -2990 9081 248 284 1839 
9136 -2767 4797 -7193 -4446 -588 -1514 -2846 8003 -9127 -4953 -8246 7301 -5191 4091 -9335 -4076 -9247 -3784 6843 3921 9559 4465 2064 -4704 -4129 4448 -2638 9407 8200 -9664 -3885 -3148 8045 4985 4039 8202 -6826 -2758 2350 -9770 -2230 -722 4522 -3038 5481 -7664 -8403 8069 5474 -283 10004 6955 -5258 7825 9583 7418 -8970 6662 -6147 1712 -3722 -2009 -1003 -6997 9573 -9758 10048 -3230 -4975 -8395 -8124 2731 -5539 6856 -2623 -7605 
-2423 9458 6584 7671 8342 1990 8332 8438 2633 -8383 2974 -8373 9279 743 1305 -8253 -4280 2825 -4940 -5496 43 7440 8708 -8178 8769 -5025 -8381 3121 9603 -228 -802 -1889 -9273 9501 -8217 4750 3502 6484 -4472 -6857 1451 -6605 5740 3499 6797 2765 614 -9382 -9483 4258 8101 7643 68 -7338 -3887 -6591 678 -4813 4960 -7348 2442 4633 -8127 4673 5068 9816 2345 -2027 -4466 -1346 5888 3196 9354 4229 3546 -1281 9740 
-6014 1171 4360 2220 145 -2851 -9969 6038 -9311 -6558 -9777 -8298 9314 8734 -4593 -8726 -998 -2963 -1765 10015 5803 -2916 8196 -7296 300 614 -7780 -546 -3661 3667 -6467 5969 -8364 -5494 9601 -5606 -289 5517 8145 403 -2014 611 -6260 563 -3277 -2721 -8575 -5445 -1082 1216 9800 -9956 -6588 -6294 9433 -5464 -1676 7714 7288 5399 8436 1188 -5822 3271 6170 -7444 -931 290 5213 -9170 -2679 -3799 6767 5906 9314 -5042 -8206 
731 2579 -4448 -9623 1456 3752 7623 1641 4236 4829 4446 3500 8024 -2973 -5174 -346 10008 9055 1430 -228 -9959 -9855 -9618 4 24 -1945 -8760 -3730 -8001 6960 7469 6422 5504 -6329 -2022 -9443 -40 5872 -4881 399 8025 4174 -5391 -3524 -8777 8073 -5152 9745 779 -9257 -8506 -385 -5210 -1080 6449 6650 3215 3571 7818 -4018 -485 -1181 8833 9609 -5115 2929 -2725 -9295 -3984 -7116 -3217 926 9919 -6234 -6350 482 816 
6980 9427 -6285 -10000 1895 1754 8592 -6057 4633 6539 -8472 2268 -8903 -5542 -3262 2137 4128 966 3820 4394 -10003 -3157 -2357 876 2743 1187 -931 -9972 -2212 945 3118 -9020 3498 -2371 9558 -7617 -9765 -2965 5226 -4902 -9304 2603 8585 -9085 -4948 -682 4670 -952 2500 1803 -8544 1924 114 695 882 8421 -9342 -1738 -5954 3052 -1982 -2009 1959 -4166 -724 1646 -1025 -6865 -6759 -4488 -2645 -4673 -2711 -7448 3683 643 778 
-2764 2209 8445 -3763 -1629 -2619 -8393 -2326 3899 -1183 9948 -2189 7782 -3035 4249 -9704 -6193 2907 1176 -5401 7786 7911 4471 -4609 -7169 6789 -7508 1008 2581 513 -6960 -3018 2844 4861 2036 -8023 4577 -1897 -3301 -6735 -8385 8289 8853 -102 -9735 -2586 8251 -5368 5150 -2038 -9049 1073 -5564 3172 1870 2451 -9758 336 -16 449 -8420 -7168 2491 9902 -850 5322 769 -6415 -5825 4498 -8799 2727 -7640 -1974 3084 -2110 6038 
4735 485 4175 3657 4897 -5890 -3152 9229 2001 -4668 9963 9196 6592 -1372 -9387 -9543 -6025 3845 -7419 9784 101 -6251 8462 -6484 2569 -4482 10065 -4052 8682 -4127 -3468 -50 -1928 7464 8604 -3459 -5698 -8033 4904 -3923 3537 -1902 -6441 -4517 3724 -8014 1748 -5438 -8884 -7889 1103 -307 5917 -6610 -5243 3198 -1399 2068 2188 5671 2292 -2423 5360 -3235 -588 857 -1418 3776 8009 -5830 -743 -3584 -10067 9553 -2621 9759 1441 
-2081 -835 -7696 -8421 1650 6799 -7985 -7811 7100 -3754 8976 -1226 2100 7927 8510 -6265 1132 -2522 6658 -1999 5565 -3567 -8857 9604 -549 -8097 -9644 -2838 -2342 -3735 -3394 -2428 -6708 -1678 6214 -7726 7286 -2099 -2826 -7565 -7023 5041 -7825 -2238 8361 -3271 9741 7552 -6357 -4769 8409 -1523 10004 2389 -5333 -9187 -2008 -5756 3947 -9655 5957 -8447 -3858 7186 705 -6759 -1730 -7566 6159 8615 5218 -2795 8574 2164 -4816 -809 2101 
-3423 2369 2314 1706 6000 -4765 2496 -7374 3368 9215 -480 9048 9645 3470 6834 3314 -2802 6710 5730 -3022 -5478 -4472 4342 -5027 1838 7635 -2088 -9248 -8565 -9668 7935 -4260 -6282 7323 8566 2879 -9807 -761 9609 -733 -6144 -4455 10058 -2461 2388 -9749 -4579 1804 6625 -7107 3184 -4148 5862 -1556 9867 -3675 4255 -7038 -8490 -7966 -8784 5596 -9711 -2668 9750 3679 -4039 7860 -2650 -8342 2224 -6067 2801 -2363 9122 -7614 -4738 
-3456 -4574 -1320 9535 4588 8727 -3949 -223 5427 -7056 6678 -6955 5879 8099 8162 1485 -463 9079 -5690 -6130 -8442 3570 8244 -5318 9367 -3465 -1006 8988 2053 9120 257 -3180 6252 3192 -638 -7625 3224 5523 -7603 -756 912 -3427 8009 -773 8768 5751 1993 -7313 4291 -8066 1357 8165 1738 -9019 6400 7298 7940 -5960 8046 -7005 9128 5509 3099 2262 8407 516 5577 -7612 -6432 6946 2167 -7088 -5705 7124 1651 3301 -7751 
3575 -5994 -9194 5089 -5827 -1066 -1424 -7019 -4880 -7995 9025 331 3313 7472 2327 7698 -4746 8490 -8684 -4471 8831 -7646 -594 2624 -3638 9759 -3808 3880 -3667 8325 5961 6823 894 3119 -3251 -2169 7539 -6142 7286 5988 1405 -4739 -5140 -6428 -4791 -4495 882 3009 4638 6706 -2786 4827 5739 -5106 -1900 5156 3322 -7530 -7151 8511 1464 5123 6767 -2542 -3474 3014 -9911 8530 -6459 2570 -6365 1191 7687 -2260 -1487 -6746 -2131 
8411 1496 3782 -2924 -796 5881 -7646 -89 3250 26 -4412 3536 8677 -4219 -5228 426 842 2308 1863 1932 5569 3747 -6904 -586 -4824 8198 -7139 2755 -4446 8971 -8810 -4999 6329 6790 -9082 -7985 -7719 -2692 -1944 -7895 -6956 317 3809 9780 2446 -7452 4493 2795 8140 -4535 7218 -139 -1941 5561 7719 -4682 9477 2587 9573 -8377 -305 -7639 7691 -2856 6158 -4446 1467 1287 6901 5248 -3036 9017 -5211 6149 -4549 -9029 8076 
-1742 -5089 5153 2751 -1142 -5005 -7862 -7223 9739 -6954 -3525 -5142 -3317 10062 -3084 5226 372 10067 -5451 -4745 -6980 -4703 3262 -7694 -9873 -3193 6981 752 -1696 -2155 5140 -4363 -3443 703 6153 -7507 4562 -7110 -2057 -2329 7731 -8786 142 -7311 -1529 -1194 -1966 -8417 5944 -7471 -3788 -6275 -4900 -5831 98 8723 9492 8943 -3106 -10024 -260 8660 2009 -9692 -7714 -7839 -9202 7305 -7385 -1759 6094 -8747 -2277 3657 -2055 -7354 637 
-3090 9847 10070 -9774 -2553 360 -5228 9976 -1447 2405 -4223 5995 -2126 -2789 -6280 -1607 230 7049 1856 -5389 6347 2456 -5446 4400 -4903 -7407 -7645 -441 -6129 3103 6073 8814 -9104 -9060 415 7493 -7318 4638 8709 -8165 -3916 6577 8678 -7909 -3379 -8553 9880 823 805 8001 -6400 9306 8480 9471 -6406 1892 1553 1973 -4964 3667 3802 -2786 -198 -4758 2061 5614 2374 2034 5056 -7154 -9726 -7634 3123 7354 -1321 6571 -5690 
-31 140 170 684 -8644 8014 1967 10012 1249 5578 -3250 1682 -6181 4414 2828 184 4762 8639 -7001 -2754 -8402 10082 3676 -4285 -687 -1682 4975 9290 3634 575 -4985 -2411 -8025 -1129 -7077 -1123 2756 4444 1160 -4515 8225 -3587 5093 2887 -670 -5252 -1904 -9645 2098 9913 -9510 -3102 7893 7707 -4941 381 7173 -1448 4973 4391 4269 5579 -8177 -4106 6974 -8608 5206 -6042 5598 -6681 7294 -8805 4085 -7484 -9442 -195 3803 
-6848 9021 -1962 8076 7336 -5515 3632 8128 22 1173 6456 8288 -621 599 -4692 -1751 3513 -3624 -6004 8142 2307 -9792 -5593 4737 -4632 -192 -8436 3606 -3911 -2420 7924 -9950 9113 5686 271 -2589 2786 9525 3140 5567 -396 -9862 8306 10002 7140 8342 7599 -8976 3345 637 -2151 8057 -3653 1935 10068 3487 -8994 5778 1031 -3685 2129 -4477 -3990 6986 -907 3258 5263 8689 -2960 875 6907 -9318 9854 -3330 -187 7534 865 
6834 -2665 5257 4782 -379 4734 7852 -5187 5846 3923 -9225 -4970 -7786 -3942 4372 -2877 -726 -2207 -2179 -6086 -2076 3215 -9688 -8082 -5536 -6825 -2925 -8997 -2670 -2249 8667 4000 -8550 1465 3515 -7736 6651 -2688 5340 6181 3975 5444 -6545 4624 3446 -4309 5223 -3684 -9250 -3591 -2005 6890 3448 -7636 9547 -5091 -692 -9937 -3939 2768 7699 916 7934 5115 1453 4227 1654 -7098 5340 -8375 -9169 -4083 -8195 -4672 -4925 -8091 -5633 
-6569 2147 -6252 7519 -8653 4100 5854 -3720 1981 -1099 5160 -3112 -3960 -5905 -7080 -4027 -1949 8836 3637 3070 1341 677 -8471 -2989 4190 -9858 -1627 -6141 3022 -6337 -4163 -719 1985 236 4967 -2450 -3017 -8867 875 1712 5373 -1275 -5973 -7382 9838 -5448 -5854 2995 -1268 4596 331 -273 -7211 7971 -7014 -1259 -4176 4744 5179 -5945 -9457 9874 -2534 2817 3645 613 -7963 -8279 8355 3335 9097 7522 -8777 -8373 8843 -3012 7581 
-6032 -8945 3880 -4630 -6832 -7922 9363 -294 -4836 6145 -8363 391 3776 4430 -8605 -2868 -2525 -8642 2086 -4720 -6073 6699 -4096 -6983 9710 793 6188 83 8248 8917 9646 -9982 8438 9576 2419 -1552 -8630 -6943 -5175 3986 3314 3991 -6975 -8859 10044 3218 -8297 8326 3252 1441 -2571 5192 -4224 -4353 9785 -4832 18 -2209 -6447 7344 -5172 -7387 -5018 8920 1441 -2108 1222 -2083 -7610 -9994 -6836 2451 -5940 -2103 4490 -1156 5111 
4043 1186 6949 3867 2880 10056 8068 -3711 8281 -1897 -3785 5069 6281 1213 -6654 2563 6162 -5325 -7678 -2392 -8203 -1903 6911 6676 1891 4467 -7780 -5221 5475 -9176 7041 952 -8374 -2965 -1059 -6616 -3291 7293 -3051 -8034 -9146 -8774 -1505 6439 -9761 -356 6950 1823 7569 -620 3775 -4976 -3775 -5364 9466 -9106 4296 -6401 655 9200 -3812 2104 -145 -110 -8795 8872 9487 -2980 -6393 556 -4900 2473 5114 1956 2789 -4718 -5567 
-7978 910 -4482 9334 374 6430 -1625 6725 2486 -1432 -7907 -2920 -8292 -1148 4456 3268 -4427 753 1721 -7554 8758 -5660 8888 8624 -5394 5244 -8019 3262 711 -2359 3938 -325 -6350 -109 1323 -1489 965 -4267 -6918 586 5491 6009 -1866 6676 4275 -3124 7986 -4228 9830 135 -4550 -2187 4318 -6708 -2812 -9737 -8774 7028 -3606 3142 6207 9177 92 152 3432 -5964 4671 -3422 -1360 -907 -5188 -4003 -6307 -1456 5040 4868 1501 
-4440 -9767 -211 5203 -9510 2631 -7516 2725 -6152 -6951 -4631 -3674 3261 9507 -3153 -5459 -3047 -2852 -1272 27 -833 1424 -1612 9879 8055 -4587 -3320 4192 -6522 -8460 -8242 6177 -6302 3114 -8997 8457 5814 -2412 -9336 -8497 -5187 -4042 -7051 -6277 5151 -4683 6712 -769 158 -9827 2256 -3094 8404 4666 -1758 -9553 -1756 -9109 -9885 2132 5233 -3790 4419 8530 -7779 -779 9350 4174 -4497 -5584 -3121 -7573 -8915 5405 -1896 7290 -1585 
8728 7064 -9256 -2525 -5424 -2736 2331 -2947 1433 9344 7051 -8256 4740 8295 -3310 -9009 1721 7816 260 -1982 -3972 9005 -4675 9907 6036 4012 -7597 6824 -9630 -2012 9454 5006 8724 7197 5748 -2929 1662 5017 -917 7509 -5895 9371 6921 3279 -2925 -2405 3407 3039 4567 8382 -8578 8507 -5074 -792 -2654 7392 -5214 2976 5440 6035 -813 2632 -7261 5125 -9567 -4181 -9526 -1801 1130 -2323 2940 -9475 7172 -5864 -53 3864 6283 
3938 -938 8853 2047 7231 -7541 -1605 946 9260 10073 9086 541 -4155 1618 -4738 -8852 9650 152 5352 -2541 3550 3581 -10022 -1201 827 -9511 374 -413 6985 -8661 -1518 4740 -8625 7623 2716 -1165 -2822 -3053 -4147 -9431 5603 -7725 4468 -4649 6550 1769 803 2062 -4026 -8488 6420 -2763 -6714 8777 1394 7663 2707 -2191 6219 4754 -8927 5866 -1284 9936 -6993 -484 -4190 -820 -4237 -9845 -2558 3288 -2919 -890 -4540 8125 721 
-3604 3424 4231 7316 8872 3338 -2822 4654 -8793 -1322 -9131 -9794 -899 474 -1005 -5063 8648 -9326 -1831 -2251 -5099 5345 971 10014 -2081 9492 7331 4405 4683 -5415 688 -7659 2023 5887 9310 -5491 -2121 8001 10012 -1527 -8752 9889 -7026 -9875 -9495 -5584 5667 -795 4547 -4943 677 -5622 1962 -3184 10063 3557 969 9707 2239 -3111 -3151 3118 -3479 -5299 5720 7531 -3943 -4615 7456 -5781 -4705 -711 -4331 6252 1715 -7298 -3299 
2890 -4391 -1427 -9158 8681 -5025 -5219 -5712 -4936 -1669 6891 -2091 -4128 3294 -7024 -4887 -5233 9097 -9837 -6518 -6716 6466 9560 4890 -7643 -2756 -10032 8467 424 3636 -6632 2490 -762 -1602 10022 -6836 -8025 -8893 8852 7562 429 -817 4929 -7785 6011 3222 9091 6654 3576 -7310 -2683 -9282 -9815 832 1683 955 5288 -4530 -8128 -1954 -9563 949 119 -4965 -4964 6428 5939 3765 -2935 8185 7009 4073 -6271 705 7176 -490 9379 
-7112 -3558 -4192 -150 198 -6726 -10062 8605 5214 -7903 -256 -4139 7167 4585 -8184 -2270 -7007 7723 -7449 5231 2808 9550 -501 -7692 4013 2125 185 6511 -5301 5953 965 6574 -8716 -2685 -6363 -2892 -1141 -9744 2111 7526 319 -5195 -6918 8341 1208 -7308 -10035 1888 -7147 -9627 -2568 9375 4654 569 -6464 1284 -4932 -3243 -8124 3995 -1698 -1200 9561 -8727 5739 2077 5469 -1531 -1522 -8020 -7909 7263 3871 -9801 -2859 -1902 2911 
-9835 3171 -7199 -8252 9154 2700 921 -6080 8549 -3749 -439 8480 9128 8210 3854 5020 -6045 2858 3612 9605 -4628 -3837 -1496 2807 8866 -990 2339 3134 9740 -3970 -5018 -8042 1466 -9513 -9885 -9351 4970 4913 -5939 1907 3411 3032 2628 -1614 -1591 1399 2877 -7141 2681 -5963 9956 -3221 4731 1224 -7134 -6907 4080 2294 7394 3585 631 -7677 -1725 8025 -4250 4717 -6987 -3329 2501 -5623 -765 1089 -1713 -5297 -9837 3713 6715 
-8356 -2537 -3941 -6245 1801 2465 7293 2911 -2026 1932 5870 -5982 -8636 5088 -7748 -9209 1283 9286 -5610 9545 1119 -5788 -4736 -9798 3074 2278 -2291 -8323 -8534 -2415 1327 9869 -6603 -728 -5712 -2047 5023 9457 3506 6723 8867 1373 7777 -7043 -744 -5188 1021 2396 10016 2140 364 6089 -2776 -8284 5979 10024 1682 -10071 5303 -4910 -8308 8927 4801 8036 798 -3515 9639 4350 6897 -8169 -5339 -1785 -8607 -9983 5900 -1498 -8342 
-5291 5421 1735 9387 -6656 315 3825 -243 1399 -5140 3186 7068 -2291 9896 -7890 3849 -6606 -3971 1592 -6546 4635 8821 -4771 -2092 4756 -3501 2461 6158 -9545 -8496 199 3854 4554 4339 4668 -3965 -1260 405 8420 -2591 5038 -9605 3161 6182 5080 -5250 9019 4308 -831 5348 -7824 -1016 -5593 5093 -5655 5031 9664 -3562 -6749 -10011 -4038 -9052 969 -5473 -2064 6403 9337 7475 -5985 -4999 -8636 1315 -2005 -6356 5037 -1476 -3936 
-2490 -4655 -3472 -7935 -1869 -9691 -9600 2094 1292 211 6022 2755 1095 -4607 704 -7627 400 4894 929 918 -9068 -727 -7864 9275 9586 -2462 -7692 -7516 -7050 -4812 -7236 -6498 -7847 -2770 -4454 7094 -3113 -6664 -5110 -8601 4173 1235 -4037 -9892 -2081 -7989 5967 7617 -5186 -8296 7852 2522 -2418 -5212 -5480 4522 2412 -6052 9529 6237 -9452 6926 4717 788 1792 2166 -8296 1327 3113 -3197 -2434 -8595 -9770 2623 -4449 3400 2478 
996 6703 -7370 6657 3699 6189 -7237 7850 7852 -7930 1625 -9488 -3238 -5316 3726 5818 -8812 -54 -1106 -3908 5515 -5155 2888 -8783 -7025 -4276 8567 -2184 928 -7118 -6663 -4617 -1272 -2716 7181 2449 9525 4500 -5337 -6614 -5746 -5265 7187 -6449 3117 5581 -5507 9550 7996 -9116 -5245 -10035 -8347 1821 9298 4446 -2551 4689 1648 -785 1563 -3819 -2013 -2650 -9268 -4240 943 -4679 -4144 4498 2515 -9346 715 -2154 -5189 681 3971 
-1508 2579 5351 6919 -8278 -6009 -8841 3253 -2540 5091 4513 2455 -5429 -698 -3674 4888 -1010 -7469 -395 -157 1206 1989 5012 -4401 6861 -6499 -2932 7448 -2248 5424 -6669 -5759 4216 5150 4143 6187 -5679 -1735 -2515 -6870 -5313 2118 450 7268 -3065 -1273 -5012 -3875 988 8206 -4166 -7408 -4210 -8371 1924 9408 6727 2862 800 5801 8789 8042 -8711 -9001 7100 5649 7847 9834 -5290 1982 7116 -1200 -4060 6994 4426 -4109 -8421 
-3817 3825 4364 9633 -6860 -1379 8765 -7515 3993 -8536 -8773 1463 -756 6291 -6424 -2639 8845 9813 7810 5417 -4530 5927 7086 -19 -8163 1050 -3406 -7478 -2348 -6290 -3755 -2665 -5577 -9027 -3715 -2279 2822 -2781 1888 -6335 1692 2602 8145 961 4929 6818 8172 -5263 -910 -3827 1285 1665 -4772 -9915 -227 -2205 -610 -4453 9034 4698 -5990 7733 -203 -6107 3011 1433 9394 6187 8938 5568 3442 -4938 8082 3444 -4194 3384 6402 
-9347 -4665 6513 -2952 6982 4795 9513 -2314 7109 730 3462 -1957 -9175 1065 -8757 7294 -4263 -517 -6639 8452 -1351 7147 8999 -4108 648 3914 10049 3858 -7933 5455 7325 -7146 1919 8725 7534 -7821 8745 6960 -4561 -6580 10054 9424 -5919 766 -1754 8601 1126 1808 -8689 9612 -6387 3541 -7736 -9375 -5577 -1588 7703 317 821 -6073 -2613 -6002 1254 -9521 7069 9569 -5853 4745 -4722 -1264 3733 10080 4814 6734 -8051 7460 6369 
-8265 7582 7266 6114 -7382 -9543 5640 7443 5486 4372 -1322 5809 -8580 9094 -9224 -9726 -1110 4675 -2425 -7069 4595 -7963 1742 -6030 631 -4857 6152 2190 5970 -8563 7020 -5287 8535 -7950 109 -1857 7988 -1677 -5672 1077 -2336 -7933 1460 -2376 -3472 -7854 4240 -1508 3044 9308 -7576 -6539 -9488 6548 2002 105 -4160 9485 3659 -7343 4686 -7355 -3549 -1486 1484 9094 8034 -5243 1988 4013 7054 -7478 7045 2625 -6305 4992 501 
1318 -4246 39 -915 10038 704 3559 -455 6598 -7406 -6775 8092 7528 -8809 5162 -6216 -9110 5131 5562 -9121 3186 8254 7783 -8840 -5543 6719 7702 -4595 -9504 7904 -9697 -4341 3559 4345 -7119 8743 1119 -5903 -3081 1625 -9124 6232 4844 -6089 9650 -6812 -4443 3315 -2399 4646 294 -8584 -7299 141 -9220 8725 5731 -6454 1301 -2169 4465 -5023 -6523 7248 -3024 -987 -4133 6338 2085 6804 10035 -4433 -8228 -5879 -6833 -2635 2649 
7703 -6998 3377 8110 -9947 8214 7189 3717 374 -3205 2807 -5087 7744 -9370 1666 705 -6495 1529 -2420 6389 -1149 2487 -2406 3866 -5616 -5816 7406 -9403 9837 9432 -6299 3739 -2545 2263 -9304 4642 2229 5468 9792 -266 -7144 -9246 -764 8604 4749 -7310 3487 8967 -3429 312 6897 -2031 4681 -1635 3124 -6886 -268 2246 7578 -5015 7244 9756 6092 1163 -1246 6173 2604 -5352 -6330 -8549 -4180 -7317 -2037 6110 2081 -7520 33 
3690 -7808 6690 5530 9168 6393 -1998 10010 -6076 -3599 -785 -8597 7431 4879 -6100 -2823 -1896 -5495 8755 3341 -5614 -1476 1549 898 7349 9486 1832 -1030 -5827 -9582 9901 9030 -9291 -9878 -460 2824 -4913 7497 -4149 -6706 2456 4791 6021 1947 1245 -8863 -8634 8127 8540 -8367 810 8750 -895 -7521 9759 -3823 -8996 -5796 8531 6325 4531 1285 2662 -7690 3883 3318 -3463 7363 -8935 7365 -8053 6341 -9201 -7149 1027 -9040 6618 
-4964 2371 -1093 -6062 -3827 131 126 6015 -7284 -5563 994 -3295 88 -6085 -2502 -1679 -5468 -4083 5103 475 -6659 5711 6511 -7674 -2893 3319 187 609 6568 -5635 -2968 -211 -9648 4645 -4836 -3070 -3847 -9910 8760 6720 -3341 -3572 2545 -5530 6970 -793 5458 -2619 5761 -6457 2831 4442 -6467 7484 -9707 5493 9441 -612 9910 9090 -6953 7166 -870 -979 -7976 -2167 3983 -6598 1365 6959 -4761 -1951 -5971 -1156 9115 7403 -5018 
-2852 1013 -9340 7236 9197 -7837 -1888 -2937 -2413 5882 241 3140 6805 -3125 -2766 -7984 2807 -9471 2380 -6973 -143 -5936 -4501 6005 9975 7138 -9377 2586 196 6226 -6875 5090 145 2383 -4333 -2572 -7259 -2008 7823 -1148 -5669 3011 -5129 6614 4862 1486 7170 -794 -1319 -3043 -2661 938 -2385 6720 -9267 6158 4929 8809 -3215 6279 -8276 -2864 -3715 5591 2331 8585 -1264 839 -8128 -8410 2298 8983 -1629 7085 1383 2334 6483 
-3631 8014 -8348 -4931 6331 -2137 -9289 -9940 -8005 -4588 3350 -3406 2425 220 3417 -8931 7754 2560 -7613 -8832 3249 -7959 -2582 -7118 -4095 5725 -1855 62 -8814 2680 -5003 2817 -6746 8757 3203 -4341 6826 8415 -5939 4248 -2896 -6205 1578 -6818 -9680 -3282 6095 6292 5238 -7112 6238 2266 5953 -4745 1384 -2195 9995 9778 9386 2113 -4294 -1198 -2594 -1793 9793 -5984 3424 -8537 -7351 5015 -4439 -130 -1600 2650 1721 -5562 7596 
5298 -9553 -7721 -2748 -1354 2764 7152 -7868 5866 -2155 4363 1368 -2640 -7925 393 -3524 -5062 7457 6654 3021 7496 -3440 -8570 -891 -1093 4972 -9641 -1750 -4329 -8148 -8321 5592 9404 -6233 3499 9290 -5834 4965 -4686 -466 -1260 -8704 -9329 -5028 8946 -396 1901 -4071 -2993 -6979 283 1723 -4652 -4040 6963 -2679 5630 -9948 -5934 9754 -4279 3403 -8836 8036 7244 3536 648 4243 -8312 -1300 6388 -1302 -8615 7338 7146 -3372 -6446 
6525 -7859 4014 9761 -1269 2657 6074 -1834 -7980 4486 2126 9874 -7224 931 4870 -4439 7692 6694 5206 9955 2594 -4021 4754 10032 4398 -8709 5371 -7286 8557 -5090 -1766 2669 709 1668 1745 1322 3036 7088 -8853 -1328 -3255 6233 6560 -6618 690 -2089 4356 -4637 2175 -1824 -9467 -109 -4398 7451 7716 -8214 -2736 -340 -1641 -3836 -8340 1325 -2129 681 8123 2512 5175 -8953 352 898 -4179 9329 6192 -1432 -9172 1826 2478 
9764 861 7447 -7680 274 -968 -1589 -4404 8827 -6791 -3774 2004 -3561 6012 -7834 9929 3331 4950 6203 -10047 -1453 9694 6594 1544 -571 4152 -2207 -2414 8420 -1114 -8478 -5331 -4042 -8516 -4263 -1545 -1214 3010 -9785 1200 -2851 3828 -2436 -2614 -7437 4472 334 6188 6821 1002 -8570 5129 3563 -8576 -6370 5246 4224 -713 -1241 7533 7305 -3925 -7373 -5008 -5936 2670 8502 -7182 4048 4185 4981 7324 -8482 5279 1294 -1462 6313 
-3475 8901 6941 751 -8101 8242 -983 2211 -1537 9750 -3769 -1042 -1532 7910 -694 2374 6276 -5278 5639 390 -3615 -2486 8984 26 -1947 6639 729 5340 1408 -6273 -6096 -1937 8571 2649 -8525 -9318 8850 2418 -6341 3897 5165 -2056 -5748 -9788 -9726 6437 7059 9964 5159 1845 -9301 -56 4968 8300 7821 -7907 -2233 -9915 1907 -4796 385 1104 7942 -1223 -1316 152 -4958 7833 -3796 -5499 5774 -5001 -3768 2289 -5920 4772 -4598 
-4075 -9731 -7521 6347 5406 4976 -8034 -6279 2189 381 -641 -2208 1234 1140 1288 6307 3823 -2692 -7356 4435 2384 5238 1423 -8650 420 5206 -9198 -2525 8568 -5811 5173 7023 -5979 2142 7603 -5446 -7544 427 3888 6451 6634 -6990 1325 4512 7482 -2140 -7294 4142 722 4919 8164 -4796 395 -3393 1939 -4409 2094 9669 -4949 6625 2847 -10002 -1919 -5630 6597 7250 3292 2433 9969 9079 2484 7240 8315 -281 3515 1182 -3932 
-1613 1363 -7014 9450 4633 -3746 9534 -4921 8459 7359 -717 -4565 -4800 8428 -7599 1518 -8469 7391 -10079 -6591 6882 -6480 9845 4296 4340 1893 -5210 -5738 -7114 -6967 7237 -4978 841 6213 8101 -6863 -5805 -8592 5024 -6075 -9112 6504 -490 -1522 3427 6230 -6670 2996 -8697 210 -3456 -4733 8949 6626 4424 9445 -6619 -4224 5582 574 8538 -70 3002 -6769 -2228 -7257 3656 -6009 4115 -8352 8589 -4060 7416 -683 -6040 -8026 -6701 
-4786 5702 2924 -8702 -3457 3657 1647 8599 143 3676 873 -10062 -9964 477 3104 -6739 -2722 -8348 -3496 -4347 -4656 8698 -5411 4444 5339 -6463 -6692 6198 2921 -3701 -5624 2029 849 -10059 -2216 -7301 -3950 -7403 2026 -8007 -6892 -6858 -564 -5365 649 -8982 3597 -3003 8674 3934 8322 -1284 -4313 -7723 316 -9753 -7712 -8376 5791 5831 2251 -7531 8116 6933 -1120 -8049 -2707 -6939 -4717 3108 -6882 5600 -7962 -5905 7187 -4690 -1590 
885 -5158 6720 -5769 7238 10071 -275 -9780 1052 8661 8237 -3310 1950 -6491 -8500 3234 -854 7090 -2428 -4611 1104 8341 3139 5473 -4598 6789 -2807 -2722 -9526 -3416 -1453 5520 -6673 -7551 7213 7270 2230 -4256 2709 -6861 -6364 3665 1900 2158 8213 3499 917 8368 -2365 -10073 -523 -101 -1430 251 6032 4568 -864 -9426 -4997 881 1987 1968 1464 4088 -6673 -8697 -4470 6083 3462 -7315 -6437 -9276 8866 -1053 -8159 10057 6767 
-6754 -5686 1473 -8466 3905 4396 -5391 5958 2043 1859 1841 -7668 -3304 -3332 -7286 -8809 9769 -2189 -9345 9712 -9795 9439 7002 -1471 5943 9442 -9365 -560 8053 -8063 -2547 -402 -8055 -5646 -5576 -9104 -7905 6539 -8779 -9531 -6639 7132 -5173 6595 9056 -6755 5755 -9956 8065 4320 -9398 6926 2533 96 3588 3563 -709 -6405 -6434 3106 6723 -6498 -9749 1468 1393 6889 6750 -2877 -7563 27 407 -6762 9468 5277 -1966 -2617 -5218 
-4561 5500 2725 9920 -7219 -7654 1470 -9225 -1020 -1132 5657 -2408 4041 -5150 5802 -8889 -9182 688 736 -7934 1074 7186 -4616 -8662 -1609 -1762 -9039 -4882 -9201 -6264 3953 -6263 -8807 5276 -888 -3221 -7516 -7568 3398 365 9764 -2450 924 2784 -7580 9077 -2384 -4215 -2644 -1155 -2904 8622 -7293 -5523 -3281 -6266 5856 -995 6569 -2214 9663 -6332 -3177 -4771 -4475 2985 -6043 9079 5720 -5081 -6612 -7770 4191 2655 -8782 3741 8324 
-8128 -5416 1014 2402 2886 -7939 -9104 1816 -9703 -3387 -3540 -8949 -6114 -1642 -8896 2207 -2436 757 6252 8059 186 -5168 -7553 1034 -6953 -7952 -2454 5872 -1688 3541 -8268 -1681 -6793 669 -3905 766 5374 4742 4600 -4684 8947 154 -900 -8542 -3144 5455 -7693 -8528 -4241 7312 -3254 1619 -8995 -8893 3771 4641 -9564 -5422 143 -6742 2464 -7803 -9620 -4316 -617 8921 2162 1483 3806 -3158 159 320 -6317 -237 8071 -5381 -7005 
5556 6310 6832 -193 8063 -8149 1539 -7506 -9044 324 49 -995 9893 -8148 6680 -6708 -7158 -2005 7848 8776 3827 -4277 7319 -4382 -1776 -8056 4768 8097 3052 -8698 7677 -5668 7351 1529 6722 4748 6299 2348 -969 -7836 9183 5441 9795 -1772 -6766 -1862 8603 6687 8307 -4609 6546 -6621 -8914 6836 5419 2673 -5044 4535 -3209 9191 -891 6127 -5868 814 525 8938 2772 -7567 3765 6400 -8484 4164 -2361 9997 -1204 -4689 -7503 
-7558 -1031 1148 -8097 -1564 4332 -3280 268 -8852 6118 -6346 5507 -2022 4879 7182 -9089 1217 -5331 -6994 -8553 -9680 5545 -3950 -6249 9251 8197 -2223 -7757 -2721 -8049 -1234 -7605 -2563 9842 5151 -9153 -7058 -3878 -4135 -6983 -6172 1015 -5171 8313 -1997 9666 -4348 -7066 231 961 -6035 8868 3159 -1886 -3222 1854 8188 8987 -4965 631 9790 -8917 -7804 -5447 -4278 7865 -3382 8449 -610 -6624 -1566 -3510 -2639 -798 933 5630 -3985 
-6983 3522 -922 -900 2202 8170 -9934 -6737 526 9809 5096 -645 -2000 5343 -1935 7558 -254 3655 -2795 -3535 -7195 8917 -8832 6021 -2517 -1707 9942 9681 7864 2932 -1243 5104 -5442 -1951 4612 -9576 2431 -590 -10077 5716 9565 -2372 1756 6421 3952 1973 3478 8708 -9369 5902 -1163 3709 1126 -4501 8893 3703 -7661 -7672 1648 -9969 616 -5598 -4207 4169 5088 -2714 -85 2355 4693 2447 -604 4139 -8235 -5515 -5882 1079 9949 
-2848 -9294 -3804 5580 -221 9618 2546 312 -9588 2304 1450 821 9763 -4190 3913 -10086 -1798 2568 -8968 -4605 -7598 449 -2946 5506 5494 8503 5030 7874 -4360 3330 -2860 3804 -4101 209 -6596 -5002 5255 429 637 2821 -2832 -9907 2622 -4510 -6070 -1454 2247 -8727 -9864 -3327 -3051 10079 8906 9580 3858 7532 -4323 1598 -9746 -9955 2553 -5958 5707 -3862 732 7652 -5119 4522 9238 -8219 -5982 3814 -6287 -8784 -7237 8491 -8953 
3555 -5549 5814 2262 -4161 -990 -1862 9290 6072 6157 7735 -2643 6549 -4531 2231 -5518 5240 -528 364 4602 4498 -3116 -2849 -337 4490 7919 5492 -1063 4080 -2683 2227 -3878 2328 -7786 5973 1115 3284 8857 1222 6275 2207 642 363 5383 -96 -7101 -4698 5115 4697 9417 8229 28 9083 -768 -4610 7902 1019 -2251 -9029 -46 8048 47 -3157 8948 3549 -6565 -5221 102 -6521 -8175 -2501 -6638 8182 -3963 1200 -8573 4258 
2829 -889 -6453 2638 614 -7823 -9265 7868 2441 -8601 6892 4488 -505 -7980 -7443 -5173 3239 6484 -8588 -7485 563 3958 -6755 4547 2518 533 -7462 7598 5167 -7946 -2874 9057 -3794 -6662 1367 1881 4727 8948 -2403 5299 8672 -7677 7491 9604 9165 -6101 8791 -1211 4621 1740 9834 2706 -2465 -9376 9793 5655 -7557 -1858 3167 -7367 4903 8545 5629 -988 3259 -5124 -6691 1655 3811 2379 -1494 -9180 3025 -2543 -659 6359 3558 
-537 -6237 3547 590 4765 4557 -6228 -7583 8286 6094 -1739 -4379 -958 8920 4854 -1166 -6332 4459 4638 1946 -8072 -1023 -317 3899 4623 -2001 888 -6565 6133 -45 -2601 -8943 -7481 5069 3953 -6977 4816 -7574 9136 7995 8008 -2118 -7911 2358 -2564 -2055 3531 2979 -2341 6151 -4650 1401 3295 2630 5608 4029 5790 9295 -3317 7652 -8223 -6920 4693 327 2541 5678 -9814 2101 -8731 -6527 -8754 3975 8422 -2726 7767 -6857 1644 
-5533 9965 -3297 -4647 -1507 -4078 9901 -3773 -126 -6456 6212 3383 8997 5503 -9786 -5571 -7245 -2961 -5477 7720 -6156 -7099 2468 9831 793 138 480 -1678 3045 1132 9768 9764 -6999 7351 9472 -5346 4765 3926 -739 -3562 6236 -3788 1527 -7342 -1014 8576 232 -727 -5518 3666 -7377 -7452 6713 -9427 3055 82 7787 -5988 -231 9246 -4800 8915 -1924 -7125 6319 -3933 -2716 6599 -1013 -4207 5061 -4339 -6355 -8291 4922 -1099 5064 
8392 -7471 -6579 1777 -10006 -7154 6005 -6063 -999 -6935 -8036 -9689 8792 -8381 4966 4000 3375 -3701 2894 -2537 4434 730 2086 -6618 6028 5301 -4645 -7108 -8266 9087 3370 5201 352 3536 4010 8210 -965 157 -3742 1653 -6067 9653 2053 -3824 4922 -999 -2008 -3927 6491 1879 9296 9735 -2362 -1524 -6294 -9989 -6104 2455 8853 -3725 8181 1100 -9301 3901 -6826 9602 -8011 -1177 444 -5959 493 -1113 -9422 -6868 1980 2929 -677 
6453 -58 9135 -5516 -3355 -8707 5179 6437 7559 -927 2488 -388 9455 -8067 -5748 -3051 -4491 4946 -5243 4455 -6011 7001 -4725 6092 -282 -6501 3996 -10015 5979 5785 8465 7923 -8860 3409 -8683 -5546 1176 4342 -588 7900 -3148 -8609 -1151 6610 6868 178 2453 -1081 -2295 -9040 2938 2821 -3674 -3931 174 127 -4417 3562 2168 9738 -3177 -1207 5289 -7097 -9589 4629 7285 6653 4780 -6971 3445 2819 8725 6821 5497 9180 8797 
-5399 519 -7169 9635 4789 -3755 1378 -7541 -9631 -5361 168 -5588 349 296 -4839 3644 -5009 3325 5429 -5938 -9197 5339 -754 6497 -3463 -1813 -472 -903 -8954 6583 8882 3775 1575 6065 7114 4036 2491 7594 4391 9202 967 4072 -5837 5636 -2642 -2146 2897 5451 -9184 8826 4004 9433 4878 -1498 -7664 -4079 -3905 -3887 -2665 -3611 -604 9947 -3474 -430 -2021 -2672 3273 1173 -9275 4353 5205 8936 -5219 -8079 -788 -8150 -8693 
-7747 5818 -5570 6295 -8960 946 -3327 -15 2146 -5165 8639 3531 -8410 -4329 -3274 -6302 6684 2674 -5509 1762 2678 4638 2515 -576 9670 -4952 8983 8175 -5443 -6013 -4528 -8073 -7162 158 4463 9158 -8914 -5928 -7590 3676 1381 3927 2960 6510 4376 17 -3320 -2802 -4923 4266 -1051 -6168 -9781 5628 26 9958 8464 9952 -7854 -4971 -7042 6473 1201 6570 -840 8365 -9780 -5714 5522 5357 175 -5120 5825 -2928 -8342 -6344 -1667 
-4446 6053 6783 -7441 9310 -7458 841 8704 960 -6095 8452 527 7688 2190 -4795 -6544 -9425 7727 8134 -9459 -8583 -3556 9105 -7050 -9653 -4058 -9712 3814 -2635 9985 5960 -1554 -9094 6935 407 -4488 -1904 3258 -2713 -2753 3561 -2438 4965 5039 -9638 7644 2101 491 -7577 -2483 2342 -4475 2822 -4990 -4588 3112 774 -5613 -2841 -325 -5167 6202 -9558 6863 701 -7914 -8302 1161 -9385 2611 -7639 835 -9688 -891 7799 6209 7260 
-1109 -3393 9329 9565 -8577 -3785 8792 2176 -3285 6720 4762 5943 -2029 -7625 8218 -1601 -954 -6101 3181 -7771 -3031 8437 387 3684 -747 3392 2861 8472 4360 1167 -7257 3163 7112 1063 578 8566 3885 -9435 7086 4543 -3354 -7881 6468 -7637 -6492 -9238 -5965 -4123 3581 3703 -1439 8184 -5169 4529 -5113 3034 2831 -5782 545 -1865 -7912 -4816 4053 8118 -2633 -1560 -7997 -3359 4290 5357 -9085 -9407 2766 -7528 -1581 -9070 -6650 
-1057 -4700 7410 7090 -9339 3098 5434 -8896 -4272 -4095 -6296 584 -4947 8090 -1577 25 -7280 -5595 -3792 7491 9547 -7174 6571 4907 1385 1818 -3481 3072 2052 -7133 6939 -9375 -9096 8511 -6131 7567 4268 -2368 -3955 -6142 10001 5737 -9384 -2127 -7958 2682 8529 -127 -4382 9168 -4442 3202 -7209 -8499 -4233 3996 9120 1702 9681 91 -7699 3196 8449 -5933 9195 -9305 -2017 -7779 3640 1672 472 -6894 9333 -1135 3225 5889 -6603 
3766 6812 8298 -194 -1823 5169 4681 -1228 8343 2728 -8863 5227 -5559 -6823 7703 4679 7323 -4302 1333 1258 -2007 -9078 -2089 -4219 -1716 -8063 1935 -5727 1573 -1414 4735 -6073 5050 -7520 -9602 5413 9526 9946 264 -5104 4929 -3637 -5414 644 -7634 7917 4345 -9733 8017 676 -5713 -6668 -6697 -5625 -6993 -471 8249 8439 -4490 6673 -7043 -4803 5412 -5679 2521 8955 -1119 -7393 4882 8436 -4233 -3949 5695 -4355 5553 -4612 6347 
-9711 -5873 -4400 -1956 7716 6081 9445 -2253 -9433 -4662 -9489 -7633 -5172 7499 5966 8404 8753 -5168 2799 -2925 -3462 -1388 -8663 -7947 3091 -3255 -2613 -88 -4355 -546 -8828 125 5172 -7742 -4936 -3236 1677 8167 4380 -6690 -10069 -8397 6450 -2207 -1488 7329 9223 -9916 9691 -1341 -5865 3803 558 5242 -6570 2776 4728 -6765 6609 4149 -3699 5129 6872 2232 -4389 -8564 -4936 1271 -7615 9573 -9616 7329 970 1803 -3145 8888 -6629 
-7315 688 -4540 -647 7533 -1895 5007 -5968 -2371 4399 -7144 -1410 8065 -8501 8470 8592 9043 -4429 7505 -5768 -5473 -2030 24 3109 1948 -2615 1618 4364 2540 5638 2882 -8158 -1682 1234 7543 -3293 9132 -8437 -3534 4976 -5934 5811 -2184 -400 3676 1805 -8920 -9306 -3647 -5345 9538 7078 8805 7978 7155 3201 3952 -5625 4496 1342 1047 -2105 -4524 6706 9534 -8123 5697 -2279 3673 -5160 561 3699 -6158 -8450 -7715 6401 6662 
9976 1707 -9234 9791 3923 3396 9756 -1143 1572 9274 10017 -518 -2646 -1762 -153 -1502 9348 -5225 -8319 -8816 -636 -2445 -9890 -7784 8478 -9259 -9567 -2624 3778 8766 -8670 8574 -5145 -5166 4307 5585 -529 -9948 4309 -3861 -597 -6067 -3910 3258 -2048 1030 2467 258 -7220 1205 -825 -4155 -9315 -7645 -6085 4826 7048 3308 -4889 6918 9767 1389 -7048 9066 -560 -1383 7690 -2517 3474 5318 6665 8067 -8268 -444 6583 -822 5331 
-4887 -6847 6638 2097 -5788 -1670 -5753 6432 -7538 4193 96 -8160 8758 -7633 5204 2764 -3807 -2736 7573 9976 -6413 6490 -8754 -9515 7244 2967 -6819 8822 -5545 3744 -8020 -8049 1617 -3922 -608 -4186 4247 626 5019 5000 711 4682 -3168 -9330 -2568 -7470 -4944 -920 7801 131 2739 2078 6318 -1791 6906 4961 8175 2521 54 5357 -5137 7722 -3852 443 7398 -7637 -9342 -444 2905 6411 7738 -8806 2524 4743 -767 5647 6768 
-27 -2744 -2731 8074 -3732 -2777 7952 -8391 -6700 8559 3342 -3063 8439 -115 2913 5608 -9486 7034 8407 -9925 9095 -8030 3467 -6013 5851 8643 7429 -933 -8127 -7284 -2707 8923 8267 -7645 -3044 5926 -7104 499 -3527 -8867 5622 -3466 6497 -1903 8023 7668 7164 9237 7936 -6804 2746 4522 900 -2294 -7762 -7929 733 -1019 -7017 3855 4508 8036 -2681 4236 -4587 10041 2830 7976 -1949 -2403 8623 -4628 939 9117 9757 -9452 -665 
-8740 6068 5000 -7853 8753 3651 -8041 8300 -2294 -1034 -3872 3894 3573 -4922 1996 -7721 -4611 2523 -6170 4551 -858 1734 5285 -1919 4029 6475 -6570 -2043 -775 -460 -2314 1218 -8864 2452 8297 7483 -8840 -160 4181 -1723 866 -6567 164 7966 -2151 837 -2520 -9829 -703 6104 5090 3665 3864 8577 -6914 -5648 5649 7102 2200 -2635 -3350 582 7617 -1068 -3922 -6704 6355 -8227 -789 -1403 8706 -8577 9375 -8600 -6123 8185 5234 
6990 3348 6185 -3025 4200 -2422 3803 7912 -3197 3298 8899 2257 7642 -4440 2123 7864 9331 324 -832 4735 -4093 4833 -7698 -635 2865 8 -8694 4373 -5614 -4074 -4697 7056 -368 7584 628 -169 -5102 2261 -671 1904 9877 -1574 -7370 7399 -5743 895 574 420 1008 -7200 6745 9143 -7132 -7941 -5557 5437 -9376 7556 8174 -5377 -7162 -5783 5646 -7518 -6322 3922 -1307 -2129 -5897 -6654 -7931 -1693 8907 -5565 -1114 477 -6873 
4560 3095 2270 -1208 7194 -3272 -4976 2290 5088 -7994 2222 -4553 -1852 6139 9970 6927 -3125 8724 -4426 -7481 -290 -737 172 -7490 5873 -6494 -4447 5378 -943 5560 722 323 -8060 1664 5582 -2284 -5473 -4683 2090 -2813 -3233 -5692 7118 4836 1183 -5625 5233 -9918 6009 -5028 9780 -8991 2542 -6454 6072 6687 6681 8716 9574 -6574 9631 7960 -5971 -1602 -9848 402 -2889 -5180 -3441 -5243 -450 3100 1165 -4086 -9620 8706 1260 
6982 -5644 298 -8789 2717 -7504 -8721 3576 3739 9087 -4237 -8546 9880 -2477 -3473 -7916 490 -2680 1006 7910 -5616 9803 -1256 -9449 6811 -7729 -471 -431 -1120 -909 3081 6939 -9661 -4069 698 944 -8755 -7231 6843 -1725 2138 8331 9163 688 4787 3058 -3573 -5218 4734 9932 8250 9232 6346 3576 -4578 -7938 -7689 7149 -1958 -3107 -8132 -1317 -9237 2654 9103 -9539 -931 5472 -3561 -9377 2884 -6411 8584 -4000 -716 -1046 7457 
8158 8743 5667 4358 -1079 6813 -720 -3698 1546 -4989 -8486 -3407 4938 -10076 4287 -280 -2097 -3253 9083 2372 -6176 -5199 6057 -1204 -2143 8277 -4217 -8176 -7400 -3120 -3036 -8446 6115 -7248 -5737 -4374 -4340 769 -3838 -9046 7089 -2212 6572 -1014 -8699 -6849 -5521 -8162 -3042 -4137 -8274 211 -9427 -2077 -1391 -6591 -3650 6915 -5324 3651 1543 -7415 -1073 -7633 3481 -9071 -7668 -7328 -542 3430 6310 -3978 -9306 -6169 -4204 1761 7078 
-2286 -6404 -9571 611 -6132 -1500 -8479 -1457 3404 6377 -6061 -3825 -4184 -6167 -7988 -772 3484 7443 -8949 2800 5918 9199 -106 8221 -3517 1437 -6016 -1979 9355 9143 -6803 9694 -5814 3174 -9018 6675 2218 9015 -7750 6711 6143 3654 3857 1145 -2566 2745 -7646 8872 -9981 9303 2726 5413 -4908 5213 8958 -4427 -3577 -9635 -9211 2143 -4373 -5849 -7919 -2377 8773 3068 -1098 -5516 -708 -3909 2904 4619 -358 -1807 6678 -8076 427 
8472 6048 4805 499 -835 3542 -1644 -9128 6709 2464 -9167 -7394 4492 1824 -8309 -7576 5044 3230 3273 -8767 -2612 -2115 9846 -3244 5087 -3511 -8541 1218 9690 -3438 8664 387 -5845 1603 5606 -2930 6408 -9183 -1733 4875 6366 1327 9202 -9847 -60 3247 8805 6474 8142 -4745 -8790 -5282 -7767 -8940 -7198 6028 7701 -5704 7359 4660 8799 -4295 -4980 -4371 3240 3397 8252 7805 562 -1245 8749 -3658 5371 -9917 2579 5700 8856 
7108 -7558 -6795 -6747 1168 794 -934 4813 2062 6258 9140 9740 -8039 -7469 -9617 -8701 6451 1442 -5148 9662 -1952 8546 4348 -386 -9537 -6575 -1637 -3136 5347 195 6902 -803 5954 -2537 8512 2950 8916 -4025 -4033 9517 7144 5327 3930 -7905 -3687 5137 -6116 -2807 -3204 -6586 7589 -2077 -9579 -3360 -6331 7138 2008 -4975 4965 -7786 6182 -3850 -9301 -9439 2998 -818 -8272 4970 -1307 1691 2215 1823 -2176 5083 111 -7520 628 
-1850 7342 7255 6452 -3740 -9091 -4658 -9483 3482 9523 -8280 -3487 -1101 7218 -8970 -5793 -2214 -3001 -4067 5805 -4114 -5874 242 -7066 579 8940 -4449 -5086 -5768 -191 1132 8500 -4865 5537 -7228 5058 9478 -7984 5307 -4799 7038 -6336 2628 2308 -1778 -3350 -4849 3253 9105 -2091 -6110 5741 -2078 -5503 1651 -3411 725 10010 -5610 -3174 -3318 -9025 2300 7100 7545 2681 -3789 -1493 -9793 -3829 5171 9499 -5952 5107 -5799 -2119 -7127 
-3617 -6109 -7182 -2225 997 -2510 6045 5675 -324 -3399 5616 2331 -8767 398 -790 3664 -8658 -6668 2588 -6801 -4257 -2148 8122 9722 3570 7921 5479 -2218 8297 -107 -7714 -6139 284 3865 -8552 5259 7345 9305 4395 -9850 -495 5222 -8039 7888 -3406 8573 -9222 7589 -4019 -8175 -899 -6457 -6459 2212 5469 1178 -3366 6123 4332 -4712 4090 3287 3291 -5567 7411 7751 1212 -2309 -2625 3695 -8779 -8089 9009 9144 507 -532 3780 
3472 -5510 8565 -7683 166 -6566 1033 5617 -4650 -563 -1357 -654 7521 9594 2139 5295 5427 7248 -3548 -1010 -1590 -5383 380 931 5450 2420 -8596 -2589 7950 7354 344 2166 1418 7666 9989 2055 -6153 -8915 -5008 -3205 -8934 -7863 -6712 -7500 -8472 -6181 729 -2923 7011 -4421 1463 6726 -8522 1054 -5727 -9452 7127 8871 2423 -3128 9871 4839 308 7145 -3601 4598 515 5212 -2041 -1725 9929 -8124 -6930 9004 4083 3009 -2435 
4535 4775 3354 -8798 -2948 9282 5768 901 -4963 3134 -8794 -5319 -4698 -5246 6773 6559 3838 -2603 -8432 -3592 -6562 -9851 -3709 4415 1317 519 6571 8198 -2240 6767 2204 3695 -1269 -9244 4710 5353 7885 -241 -4889 9627 3697 3320 -7760 -4669 -5249 5132 -3344 -4896 9110 -7488 485 5329 -7792 1047 9426 596 775 4830 -5995 707 -2397 -3930 -7678 -6969 -930 -3118 -9176 -5092 2504 9152 3935 -6528 9527 -3927 -3436 -480 4037 
197 2847 -4590 -7008 -3302 3635 -5612 -9798 2714 7890 6042 6372 7800 9030 -8619 -8316 -872 1161 1921 2735 -2053 -9292 937 6793 8343 -7348 -2695 -3824 -6485 1838 8754 8987 2489 -6328 -8476 8238 -4238 7362 4108 7368 2540 4516 -9282 -8665 623 2466 8268 9692 3164 -692 -4895 4176 7193 7640 3674 -9306 -9990 653 -790 434 -3911 -3324 3150 -6004 761 787 4677 8671 -4864 -5 7716 4059 5105 2310 3571 -1963 -8589 
2247 1806 -6707 4430 -1742 767 -6025 -5993 5817 7964 -6323 -123 -9468 7979 354 1142 7136 -5606 -9476 2599 5401 -2038 -3120 2260 -316 3782 3033 5762 599 9751 6178 738 6277 8208 -4171 -3269 -6256 6079 7312 1474 7849 4998 3312 -3010 8591 8117 9439 5141 7478 -1981 5439 4666 1416 -2404 6369 -2734 -7148 -2370 1880 -10006 9654 872 6219 6829 691 -9719 5087 -5404 -8451 616 1056 8602 946 -7051 -6232 -5966 -5572 
-8933 7400 2033 -4648 832 2278 -3128 -2240 -9456 6090 -7939 8475 5143 -419 926 270 -8444 -9903 5964 -6486 8367 9408 -3838 10067 4836 -4950 -7631 4265 9526 -3855 1145 2724 8863 8614 8885 900 7211 -3174 461 -4093 -3142 -1438 -22 1358 5152 -3841 -6334 -7937 -9098 9931 8747 7591 -4978 9385 387 -9069 1257 6025 -6969 -1675 -6796 -523 -9360 -4565 -1778 5712 369 -8948 -3035 -9570 3318 -4769 -5817 -6735 -9189 693 -2335 
127 -6894 -8338 8158 6311 -2778 -2748 9537 2471 -4001 3239 5774 1884 2011 5009 896 1974 -3195 7199 6796 -6152 7077 -5793 8081 -1928 -388 4854 9103 633 -4632 4420 9316 -5639 -9918 1603 3586 8895 -3846 4478 -3917 -4507 -8558 3234 8765 2328 -4096 2824 2035 -3366 -7855 728 -4166 5720 9808 -2734 -2693 -2845 -8049 8280 8996 6178 -9369 -5302 4201 -2244 9806 2814 -6461 -8040 -4816 5570 -6150 9649 3882 -6045 5425 7218 
8060 8299 6162 8127 4231 -5913 -1569 1237 6196 7335 -5215 782 -8736 5882 -4650 9629 8483 -921 8053 467 4589 -8681 8772 6128 -774 -5256 -3723 7098 -8858 -9958 -3061 -9827 457 759 481 -2941 -8047 -1865 -4789 -411 -9507 -1869 -2967 1420 8637 3383 4292 -7234 -4007 -4292 514 -1354 -1149 7080 8644 3582 5161 2935 -4769 -1518 6555 129 9846 -550 9286 -8971 7816 2776 -7265 7991 -2066 5370 -7827 9789 -3660 4189 -1030 
-9010 -3974 6735 3108 2429 4499 8915 -4210 3837 6556 -9547 9784 3078 -7601 2973 8926 5724 1299 -9239 -895 1022 -7647 8343 -8998 8448 -8867 1512 2462 8644 -6533 -3804 -4425 -8398 6183 -8871 3165 4710 -2071 164 7739 -3737 -8203 6099 -2132 4933 -5130 6007 -6355 -1247 -6018 5210 8138 -3189 9802 3747 -2828 -964 -8473 -5540 -3101 9983 -3305 7090 8177 -1848 -9398 -2506 1306 3454 3865 5444 3050 6714 1561 9229 -7425 -1788 
6725 -1095 -9978 4286 -2440 1431 -7463 5777 -7342 -4877 1998 5340 -125 830 2623 10004 2491 470 -2238 4041 1393 8922 -1401 -3446 6906 7220 -4355 7659 -4400 -7688 -5153 8570 -9266 4865 -9003 1801 5282 -8041 9343 5220 4847 -3281 9637 8993 7342 459 851 340 -176 775 7307 7599 4013 879 6811 1174 -4274 -1486 8635 3295 -5451 -4582 9056 -1321 6557 -8262 -4105 -5401 320 6359 1596 8776 968 -3437 -4343 5892 -953 
8366 -8006 -6110 -3544 -3852 -865 4520 2318 -8725 -4566 4691 3638 -305 256 1046 -1091 793 496 -1022 -1769 8433 3069 7512 6678 5944 1144 -9645 -6269 7300 8722 -2329 -3423 -5895 6202 6970 -8000 -624 3512 5183 252 6094 -6887 4056 -5128 -6777 9003 6764 -2453 9223 2265 1799 -6477 5614 -6405 -3528 3430 6693 6703 4434 5905 -11 519 1783 -5693 3780 -1748 3345 -9932 6137 -7401 -5338 3626 8639 8387 878 7058 9247 
6035 -604 6025 -1537 9331 -9911 2842 -7399 1400 7324 -6012 -9309 -4012 6950 -1939 8331 -7911 -9436 -5977 6508 5322 -6132 4414 -4427 1177 -1704 1174 6361 6621 -1393 2887 -8686 3535 7217 -5121 2147 -9722 -1060 -1081 2888 4452 -878 7926 8209 6628 -2754 -2566 2820 2964 5155 4651 -1109 9884 -1283 1364 -2468 -1539 -3032 5066 3213 -105 6929 -4695 2714 6194 -6060 9345 9830 4228 8328 2744 -1481 -7176 834 6048 9399 -3769 
6801 7320 3732 -8338 5673 -688 -7866 10006 -9218 8227 7820 350 287 1135 9865 9549 -765 6989 3812 -862 -3810 6929 -295 -1088 -9033 -7228 -7349 -5487 -1943 -7372 5181 -4252 8429 -420 -8316 6422 -1343 2907 3068 8899 -3373 -7142 97 -5213 2816 8249 1305 4760 -1514 -8029 4268 10079 5677 5879 -9400 4111 -1026 9881 6736 -7980 4178 9902 7567 6171 -4670 2643 -3862 -7837 4987 -74 4695 9390 1774 -3266 5318 -1253 -8497 
-161 -4857 -3053 2868 10002 -4422 8005 -2030 -3415 8777 237 -1431 8470 -8871 -9138 9426 471 567 -8265 8374 4103 -297 -7594 4509 -4501 -2282 3437 -8414 -7819 -8955 2619 345 -99 3587 7812 -4878 1651 1074 -3939 -9983 3073 -9832 6764 -8149 -3635 -8341 -8308 7715 8929 5746 -410 2723 -1289 -154 -8360 3100 3260 6753 2757 6858 9404 3992 -6429 -6086 3576 9914 2743 -8221 -3274 -7292 -6266 545 4131 2209 -9228 4082 8735 
-8992 -7117 9211 4665 -8089 -2069 -3188 9216 -2345 7689 -9520 2626 8368 3452 10024 5502 1808 -2298 8050 7316 -4899 9520 -6859 -3919 1398 6530 -5592 -2274 7016 -2188 989 -10002 -308 -2735 -8548 2898 8564 -7068 7786 -3619 -8171 -4605 -3152 -1480 2602 1685 -8155 3309 9416 1537 -1355 -4659 -5387 721 1926 7843 -7446 -2534 4360 4651 4604 -2890 6102 7754 8635 2748 -1107 -9512 -9811 2538 4412 -4071 -9930 -6215 934 -6731 -6420 
6903 7265 9091 1638 -1282 -2890 -7010 -3337 6591 -2363 9724 -5540 -8594 -9999 -2615 6555 7795 5283 -8647 -3034 -8543 -1426 2685 2869 -3153 2438 7892 -4221 8477 3011 6307 -3618 6179 8063 -6885 -5629 5813 8020 -2813 4430 6215 9617 3628 -8555 -5820 -2399 1245 -8023 8975 1286 -5434 8865 -6326 6199 -9977 2607 -3792 -9730 5152 -5560 1707 7327 6236 35 -1705 5938 7704 3240 -5480 3310 -9687 -8764 3251 5304 4208 8179 -1124 
-9613 3922 1599 7621 1521 9133 8375 4953 1097 98 3555 7128 -6828 9133 -7524 -5739 -3913 4796 4224 -5056 6370 -2705 4441 1465 2902 99 9700 8958 2110 -9456 -5301 -1402 -10050 -4146 6408 -3882 -4383 10014 4852 -9918 6533 -3777 7354 5955 8712 -540 10051 -3454 9339 2049 4935 -1733 3032 -264 -7518 7347 8400 -613 -9348 -6415 7273 -5575 8227 -6180 -2274 -3171 9944 3903 -4975 9362 -6916 -5441 -860 2772 5508 9025 1718 
6258 -8889 -2571 8496 -789 8234 -2060 -9320 -9076 -7376 -4393 4898 9325 5246 6253 -9662 4618 -5248 7410 -6191 316 41 2412 9457 6287 -5574 -9160 -4709 6377 -5314 -7794 -8380 2566 -8727 7309 3739 5715 -2250 1043 -1304 9743 -1191 7445 -4507 -4792 8837 -4989 2466 6257 -3598 -5670 2855 2707 4032 131 -8112 3497 2215 911 2914 -5948 -649 -3590 -8618 6556 -8766 3757 -5411 3193 1928 2346 3100 2715 -2482 -4534 -9651 -9945 
9636 -321 3377 1789 -6691 4549 4115 -384 -3454 5734 3246 -5647 -4656 809 -8855 4558 732 -4186 6099 9090 -4226 -10028 -5128 -8140 4039 -9552 7581 -7445 -7515 -4120 -2373 -2340 7837 6411 -1609 -7275 -2180 -7891 1497 711 -6565 6587 7620 -7558 4768 8374 998 -611 3143 -3917 9937 -9091 -7069 2522 -3969 -7086 1888 6483 2443 -3819 7440 5732 -990 -3736 -5143 2831 3818 -2366 9575 5153 8865 -7713 -4562 5826 8347 -1933 -9723 
-86 -8069 4517 -6993 -559 -5643 -5926 5857 774 1590 7954 -968 4150 -9317 -5541 7243 -623 -6547 3772 -6027 -7785 150 -33 -2728 2947 8103 -8104 556 -3131 -6979 -4423 -5473 -1319 -7825 9949 6473 -3618 2543 217 -7630 2255 -812 2500 -1609 -5145 -4576 -5421 5224 4961 6442 -3618 9849 -2802 583 5448 -4312 -4085 -6968 -4091 3613 7069 -9827 961 -7115 -2828 8202 1306 -6470 9150 -681 -5097 5084 -6341 4578 4028 8008 9271 
3815 -9011 -3551 -9418 -7712 -5515 -1595 9722 -464 4860 3019 -116 -7355 -2425 -7324 77 -727 2622 3317 -1080 7786 386 8364 6896 -3470 2790 -1798 8363 -7056 6906 3621 8040 -3768 -6846 2000 -10002 1239 -1874 7687 -7254 8599 258 -2358 -8804 2885 -10022 3047 4898 -8291 -9658 6172 4414 -5007 -3864 -5293 1243 -4779 4133 -7597 3163 6126 -6012 -5178 2081 -478 -6783 756 -6050 -6762 -3819 -5062 3722 -5175 3047 -8922 6663 6761 
-4229 -1021 1416 3464 -3007 -3568 2981 -9085 7546 -2469 -4986 -3739 -4655 602 5081 7318 8702 4776 2252 2325 6084 -5440 -4842 -1752 -8239 -4557 -4416 8901 3131 -7403 -2876 9662 -301 9761 -7316 -8432 4317 5149 8129 -9471 8068 466 -4481 -1706 2631 6927 -6935 -4009 -9424 -7279 -9360 -4259 -7953 -1966 -7590 7465 -1329 269 -8244 5975 -7491 -7974 5072 -3245 -6303 -7007 -7647 5206 4172 4608 -4865 4069 -2411 3906 -5289 3444 -5146 
2581 -6692 4569 6928 1774 7002 5987 193 -1866 335 -8585 -9341 6997 3572 -6502 -6926 1916 -1821 4265 6058 -8663 1668 -5876 -3712 556 -6411 -9227 -6137 5546 9329 -5587 -162 -3425 -6735 -3323 -3912 9053 -7959 -6564 -3213 852 -9479 1507 -9186 980 -5798 -8130 3160 4537 8296 -242 -8242 -9181 1616 9216 -1644 3977 7528 7129 -7129 -6417 -4566 -4452 985 -9813 1955 -2672 -7555 -903 -6915 -5371 -8695 3989 -3760 -1989 -7293 1436 
6497 1269 -5646 1370 -7414 -10041 7278 3856 6101 -512 504 4620 2897 -1020 -7572 458 9615 -4736 -8011 8140 -7201 4049 5778 -7814 7432 1351 5709 3454 -5535 -467 946 -7162 -3862 -4022 7113 -7394 805 -9076 8833 9679 -10012 9210 -9567 5483 9039 2183 5539 6 -492 -2334 -6141 -6472 -2742 -4929 6410 2736 5734 2460 -359 -1672 -9124 -7747 8941 -7816 -9139 7151 -2419 -3217 6910 -7815 2774 -5486 7558 -2249 -9142 -988 -2853 
-2231 8869 6719 7860 -8891 5311 -216 -7380 3439 2967 -6327 1503 2820 -1323 -7938 438 -4586 -7381 -4417 -9265 -3371 9360 2092 -1608 -6430 -2869 6137 4895 -4127 9665 -4924 3828 -2914 4773 4245 -4781 4816 -7939 3085 2601 -9281 9823 959 4478 5283 6426 9960 8278 -5764 -2708 336 -1111 -253 -2646 -5347 -7015 -2810 -1664 922 4517 -7878 -3857 -5789 2187 -6186 10062 -7417 -5233 -408 -6933 -8892 9320 -8611 -2765 -1885 -1093 -5655 
-5256 2004 -8912 1433 6495 1766 -515 6822 -2984 9971 6867 8629 -9762 9239 9379 1141 5790 6357 -5959 -3834 9672 -166 -6855 -6752 8033 2809 -4073 8099 -7375 -1981 -1098 1811 9794 161 1795 4611 3628 6798 4256 -110 2125 -5058 3717 -2613 2512 -9833 -8051 -1754 -3859 -383 -4199 -8333 6090 8588 8834 2863 -1127 1116 8236 1319 -890 -5112 7937 5442 -918 7084 7236 1578 1091 -8421 -3214 6318 -8661 3514 2442 -9050 -7609 
9695 -7630 5798 10019 -3646 5767 646 -4494 570 -4161 -8290 3514 922 -4086 8049 6093 4775 3813 -2262 -7235 -6798 -9014 -4904 3902 4785 8586 6659 -9901 -2074 4144 1130 -2188 187 8541 2999 -1953 -8978 9156 -9380 3215 5422 -6157 8187 -4645 2870 9378 3324 -1216 9667 -7292 -7125 -4853 5391 -9011 -3764 -2103 8616 -1271 7342 -8584 -3138 -7825 -337 5231 2661 830 -4349 -1233 8158 -2121 -1786 -9507 6332 943 -8753 8084 -3914 
646 8317 3643 7223 8101 5012 961 -9069 9936 -8077 -2714 -8982 5281 8727 4081 4568 1017 -9734 3086 -7056 8148 3333 851 2848 745 3455 9115 4081 2902 1031 -3681 3589 -1653 -8138 -7091 -4749 6081 -4560 -7650 -4955 4005 1537 -2888 -1066 -2853 -9057 111 3484 5810 -9778 5969 1215 4915 9322 -846 5064 5737 -9369 3741 8680 -4048 -693 9443 8303 2099 -433 7585 -6968 8437 9411 4878 9379 698 1455 -5652 7813 4371 
-4906 5437 -9343 7349 7336 -7611 5728 6127 7713 -8398 -9382 9699 3318 4326 -8816 -8390 5267 -2299 -6851 -6059 -3085 8810 -4863 -3758 -2049 -9287 6764 6742 -89 2893 -5523 -4728 -1379 -9987 -7572 -6576 -4036 -6091 3464 -7507 -9267 748 775 -10057 1201 1846 8121 5787 -5255 7382 2050 5963 2734 4802 5439 -6090 -8633 9355 -2547 -4980 8369 -5410 549 1697 6244 7949 -5411 1407 -7323 8293 9817 -9335 -3259 506 8361 5933 -39 
7362 -8459 -5698 -6059 -7039 529 -3680 4572 -7874 2280 -9730 -9115 8814 4754 -3139 1501 -10065 7225 -7762 1402 7511 -5407 4380 3463 3394 -9119 1073 -4763 10015 -7163 -2034 -852 8152 4982 5478 4021 -4301 1575 8170 -506 -9947 6325 5407 -7852 -3381 -6040 6672 4395 7657 1001 3612 127 4970 -8960 2374 -3841 -7459 3622 7707 -4852 7437 -2082 1930 4693 1353 2851 1860 4324 2496 -9836 4514 -4208 -8429 -8932 -7926 -3565 7715 
-2832 8275 10000 -4208 -834 7298 -6659 -2596 7554 -592 -8144 2826 2968 5865 6647 -1601 -4501 7518 -8698 -2786 -5363 -7608 -3688 -2988 -5089 -7994 6354 -7415 -3285 -7559 -425 -2428 153 -8981 -1552 1562 2954 -259 -1203 -8712 -827 -3604 -6790 491 -3019 4792 8868 -6295 -8774 -6067 1397 5613 7226 4382 -10083 -9845 -6785 8633 4656 -8051 -9136 8019 -9044 -10046 4615 5560 -7331 7191 -4033 1265 2144 -6002 1573 9765 -7294 -6183 3429 
4962 -6535 9009 1262 -9526 6676 2297 7640 1281 1978 8485 8003 -8 7615 -5335 -5196 -1151 2322 -110 -4894 3501 7905 -9787 -8977 3038 3638 -4490 -4799 -6309 4257 392 -1855 6314 7797 6579 9526 -4150 -7883 9273 -7255 2086 3508 3636 -1892 -4166 -5877 709 -4137 -2976 -9062 -2825 -4538 -1394 564 1994 9297 8598 -7826 -4985 -266 -1303 -6143 8510 3169 -6980 -4857 4610 9452 -1841 1393 9943 -139 7154 7569 7739 -4150 -7885 
8940 2033 349 -4997 -1125 -2283 -1085 -1093 3972 8183 -9430 -7086 -8123 8225 3135 -5715 4843 2296 -8422 -5077 -6795 -7990 6748 8973 3406 -2260 7008 -9964 5909 -4438 -6395 -34 8640 -5807 -9796 3733 4077 6056 794 5673 8775 2532 -9453 -3017 1582 -8734 2745 -5739 9418 4964 -3647 -115 -4728 -7158 9233 -2731 -9201 -5080 -2594 686 8403 -9500 5230 9844 -1499 3489 -5008 -5657 -7906 5940 2593 8682 -6923 -393 -640 10070 -5075 
541 8089 -6438 -6303 -3830 -1593 -7352 -185 -8231 -669 6558 -9695 1702 -8641 -3517 7503 -5202 -3708 3609 7448 4374 -4767 6926 3237 4433 3766 -4760 5238 -1357 -5291 -149 -2410 -8671 -6438 1102 8554 -8239 8452 3318 7302 532 -8458 -8684 -9213 7842 1599 -2161 9977 -8514 -1595 6502 -564 57 327 -9934 409 -4808 -2509 3826 -6801 4179 6758 -9111 -3680 -901 5811 -6534 9755 5999 -1107 -1330 -6815 8122 -9703 -7952 5665 -9422 
6532 3749 -61 2088 4496 644 7357 -5280 -9580 -6183 -2166 -4899 -5401 3918 1153 1548 2334 -2238 -2798 6440 7727 1835 9989 9157 6965 5862 -8571 5993 9535 -3093 -1549 6451 -9567 8208 -7636 5464 2784 8868 -8066 2236 -1301 -3852 -3087 2756 -9632 2838 5238 -222 -4843 1178 1960 8713 3836 -3604 -955 -8441 1297 -3993 -7055 2381 -550 -2863 3626 -38 -627 6980 -5346 -9171 -7122 297 -5979 1906 -9893 -5176 -6735 -7435 -3562 
-911 5348 9499 2298 5526 7673 1145 -642 -591 5766 8853 1779 2931 6359 6221 4432 322 -4482 2736 4633 4584 9607 1434 -4842 1011 -6169 -462 -8062 -6117 7549 -8037 4948 -7680 -7232 -7498 -6425 8636 1993 -5766 -8307 5615 7727 -2009 -444 -7667 -8340 -858 -601 5381 -3672 -2967 1583 -9902 8604 -9708 -5020 3843 -5554 -4238 3286 -2462 3895 1945 503 -1258 9145 7027 4318 -3813 7456 2398 1210 -638 -8740 4089 -10064 -54 
-8462 4993 7658 2744 -4807 1885 8966 -257 -398 -9955 4567 -3664 -5141 -5693 5065 -6909 -2854 -2965 -8634 4192 2144 -13 -9635 -5770 8988 8773 -4668 -584 545 3702 -8615 339 8842 -3489 1740 -3487 -9562 -7363 -4385 1669 4342 -1280 -4931 -6648 -2319 7187 -5470 6176 9754 -382 6075 4067 -8191 -3637 7498 8987 6149 -6478 4440 -6054 -4125 -8511 7753 1604 -8720 -7654 7661 -1919 7495 -2265 -9779 3814 -222 -7786 9050 -8009 1303 
4266 -571 2383 1149 4559 907 8593 8614 3479 -1414 3501 -208 9454 -4242 -2897 -1915 -1862 -9899 -7305 6159 -3931 -6634 -4352 6052 8888 2237 -607 -2092 7823 -8117 9565 -8817 -6213 7342 3840 8390 3020 4006 -224 -562 10045 531 -1834 6555 -6747 -2993 5789 2522 -2971 -2914 2354 -1015 6713 -4287 -4484 -7397 826 436 -6770 -3767 -9967 -4725 -2786 -9032 -859 1696 6460 7898 1837 3577 -4925 -9560 -4173 -5177 -9190 1454 6748 
925 8678 4332 -4694 -4018 -7131 -8135 6968 -3429 623 -8199 -4536 3317 -5707 8113 -4490 -6676 6852 4949 -1109 1334 4052 1105 -4238 -7799 -9579 70 -312 -366 1389 219 6192 -3245 7121 -7631 -603 9162 -8230 -1602 6339 -9973 9991 2507 -7394 -979 -5575 -5848 2627 9387 -8285 4886 4295 3035 8423 -619 -3479 9313 -9694 -9170 -6399 3828 -3718 -7411 8929 2860 5904 -1885 6793 -4640 6800 6321 7926 2214 -6153 3994 1153 6003 
-7296 -9563 -2984 321 -3982 444 -9741 -5892 -9886 3693 -6477 -9233 3418 5498 -2592 7255 -7229 682 8576 -7015 3073 -6904 4032 9697 -7371 -9084 -3012 -3177 -2259 7848 -4389 4341 3446 -7470 7006 -8521 7278 9875 291 -9182 -8808 3552 -3976 860 6871 -4103 2631 -2071 -2797 9010 6944 1527 -6855 -7652 -2191 2668 -1058 2371 9295 -2617 -2724 -3800 2676 -8968 -1250 -1120 -6860 645 1436 -1789 6563 -9014 9341 2722 -7430 9593 -5914 
-6779 -7269 -3534 121 3157 -2728 -2924 -2011 7260 8611 28 9615 -2550 7384 -5700 1845 -4025 -5272 -5836 -7769 4030 5227 -9237 -2077 6917 1048 -4382 -1908 -2617 -3940 -3206 -4958 -3146 7684 7317 -3123 5667 488 9096 -7122 -8529 4590 9767 3765 9370 5593 7092 9010 1315 -2917 9017 -6445 -8042 2642 -6987 -6224 9894 -9618 6586 -2143 -8838 7955 -9258 -7102 3861 -6924 8478 2771 -95 8934 9588 -2066 3413 916 -3201 2754 -4420 
8410 5851 -248 -7434 3843 -9342 4575 7514 -2423 4990 9528 269 -7775 -7825 -8627 7099 1522 -8572 -6550 -7067 4424 5714 -8493 -3894 9228 30 -390 -6745 9695 6296 -1963 9853 9831 -6485 5643 -4213 -4561 -8738 6790 -8654 8419 8570 9 -2448 3853 -3916 1612 2431 955 688 2369 -9388 8931 -6629 -2272 7839 -9617 -51 -1974 2164 -9349 -1286 -304 8146 -9155 -7293 -6103 3311 4616 -9899 -8902 6403 9965 -6419 -1534 2463 -7302 
1882 -10010 4961 7924 2435 8911 7147 8039 -8892 610 -2162 2873 1907 1480 6797 -8169 1294 -7986 -8525 5645 8934 -4865 -1384 -778 -5754 -1987 -7926 -6615 -644 5601 9059 6793 2195 4559 -5288 -5100 6118 1841 -9962 9265 -5424 281 -3360 1261 6333 4042 -7947 5265 -9251 5469 715 9742 -4778 -7315 1530 -3762 6525 -6093 4746 -6471 1574 -1710 1476 6540 -7421 7645 -1455 2176 6316 1734 -8876 104 -377 -2056 9518 -9772 -1544 
-5436 8714 9088 -9233 -328 4089 1962 6962 -5647 -5878 -5066 -5006 -8862 -458 -6101 5392 -2679 7282 7576 -3556 9492 -2137 -6550 8414 -4477 3706 -632 8680 4248 9154 -153 2332 5230 2025 -8114 -8170 5315 3981 9670 -3173 8332 -4803 -4506 -5672 -2645 -8844 6709 -9504 -5474 9603 1440 -294 -748 -1190 4904 -5694 7976 -547 541 1974 -2447 -2927 -1916 -6575 3245 8771 -6622 4307 4730 -1024 -9885 7212 8220 8605 -9210 -8252 1797 
8382 5302 -2370 -8468 -4323 -7435 6522 -3848 -1757 7086 10078 -1155 -7116 2081 -7538 6162 7437 -7111 4188 -2290 1230 -1564 -8611 -8231 -3707 5337 8934 -2010 1561 7081 -8317 -8634 7870 8575 2029 -5843 9469 -461 4036 -7352 -8487 -8884 5421 -8688 439 5717 3384 6975 8745 -1497 7612 3786 -931 2412 -2455 -3622 6651 -2895 -8319 1870 -7735 9193 -9934 -5269 5693 -1141 7661 -5155 4828 5697 -5408 -4795 2365 9451 -9634 1581 9981 
3991 -6074 -9105 4958 -167 4454 8365 -264 8889 9040 -922 1768 -5685 -2526 1265 -3330 -2632 -2609 -6455 4993 2435 1785 -4134 -8181 -5916 1769 7286 -7219 -9817 -2526 -2980 -1815 -4998 2271 -3606 -7833 6751 8101 10079 5672 -1838 -2598 -9030 -9725 3016 2330 5847 8244 10039 -8104 -6350 -6843 6669 -7796 926 8635 7813 9174 -3200 9028 -8551 -3614 1035 -5095 344 8012 826 8223 8414 -4429 -5101 -8256 6499 -4786 6924 3355 -9912 
9205 -2474 912 2891 -1928 7853 9045 -528 597 8774 -9435 3879 614 -6659 -6246 -5892 2814 -732 -1748 -8577 2674 6749 -2598 -5344 9888 770 4155 8927 5850 -9859 -8273 -2218 -5313 6734 2484 -6557 7804 -1653 6478 -610 4698 -6747 -1876 -5424 2569 -1801 -4543 -2379 -9535 -2050 -8518 -8473 -998 -8275 -9155 -7584 -6112 5494 -7616 -8446 -9007 -8683 -57 4958 1036 -329 4702 -2007 -6788 -5311 -4840 -6967 -2550 9033 2575 -3365 3367 
1960 -5308 -5140 1465 4438 485 -9562 -6661 -10078 -7896 -9492 2777 9638 8146 367 5776 4737 -6083 8855 7301 -6350 7765 4857 -2414 -3394 6198 -6622 -4844 6264 8166 1105 -2192 9756 6706 -3136 2497 1002 -1436 10033 9208 -2461 4864 -4511 8998 -7907 82 -10008 8470 632 8553 5950 5939 8294 3865 -3764 718 5812 4042 3582 -7255 -4021 8587 10079 3876 2867 2467 -8449 5256 9198 -4046 8617 9924 -316 4001 -376 3708 -8116 
-9850 1103 -3314 2302 -4185 -8650 -6106 -5466 -3767 6647 1905 -6893 -4197 4258 -8780 -7617 1057 -6396 -1478 6929 -132 -5616 2673 -1778 7306 7712 2484 8559 9770 8546 1333 -6449 6361 -9360 -1997 -7206 -5644 1309 -2459 6693 6307 -6347 6018 5140 -724 -3648 2776 4126 -4088 -4473 -887 1891 -3550 4117 1263 7982 8035 -8756 5328 2901 -4027 -3601 4400 4560 -8121 -1972 -8444 7179 4032 1692 -8926 2930 1182 4132 5256 -2714 902 
-3777 802 -5092 -4702 -3542 -3981 2149 9228 8487 -10054 -4115 7748 3718 -5582 -6300 -4713 -9060 7157 -9248 -8576 6349 -9833 -6137 1792 -6825 2555 -3976 -3805 3023 7999 7807 315 6947 -4774 8655 -5591 9383 -8596 4839 -4653 6843 6521 -2414 852 -1963 8344 1997 -4519 -966 9810 -642 -5478 3259 -2635 -2831 7091 -2697 5005 -7925 -10085 -2576 -2435 1322 1334 5540 -6665 -7864 -111 -6681 -9165 2038 -7448 -6023 546 3381 573 -1056 
-3523 -2916 5227 -5324 6604 -5686 2094 5037 1160 -214 7792 9130 121 -2990 3520 -8191 63 6457 4879 -2417 -5001 6694 1840 1235 4100 -1968 -562 -385 -9285 7084 4792 -5341 -463 -1595 -7339 -1106 2968 -2491 -3116 1984 463 1937 9552 -9807 -2473 -9720 -7613 8397 9997 -2289 -420 9611 -5693 5997 -1495 7401 -2500 -8153 -5884 -6069 7749 -2999 794 -5488 4976 -3850 1479 6965 -3028 9819 -60 9136 -9174 9217 -7746 1300 8824 
-5590 -7551 -198 9989 -5296 -1126 1873 -9461 6941 1389 -7546 -578 -6581 5587 -90 -8761 -5442 -9323 -8889 -7437 2723 8323 -417 -6860 9389 -6055 -2672 -1539 -865 8652 -7476 3763 -4071 1371 -5185 9947 1190 268 -4348 7644 -7743 579 -5645 8454 -3846 7250 -3112 511 -5189 -1036 -8327 2336 6788 855 -3800 4214 -1946 -9842 256 2153 -7753 2945 4391 631 -2197 7910 9395 -4752 5552 5020 -9875 -2316 414 340 8717 -8844 -6556 
6793 274 -1845 -4223 -6812 -1529 1068 -8880 3733 3446 -4744 -2149 5290 -7203 -1166 3616 7867 251 -7620 5255 -262 -87 8092 1643 7818 2436 -4314 -3843 -2928 2047 6137 1036 -6033 6035 1260 -7140 2240 -9463 6990 5051 -827 -308 -2479 -1708 5823 -3128 -7262 -5089 -1501 -6372 -8029 2613 1374 3854 5857 9484 1888 -8542 -2581 -7865 6410 485 9690 8128 -4293 -1903 5682 -8988 7356 3907 5178 4569 10044 -9374 2056 7824 -76 
-7234 402 3961 8756 6217 -434 5942 -9018 -1955 -7175 7649 -3575 -1095 -844 -8765 -6729 -7079 6843 -2797 -6347 2805 1104 -7685 1308 6334 8516 -3470 5601 -8569 -3434 -4202 2755 -1309 -9777 2166 4815 4056 -2651 4768 -8309 -9094 4229 -4992 9254 -9270 7484 1786 -2251 4606 749 8820 7132 9902 733 -1393 945 587 5171 -439 8629 6408 3990 6758 -5788 3145 -8632 -1587 -8135 9216 9872 5292 -8474 -8076 2022 -5316 -8822 3888 
-7848 -5702 7004 4593 9208 -8625 3780 -7278 -1223 9796 -9325 -4197 -2182 5095 2710 -3646 2941 9479 3736 -9237 -1430 -4885 -5646 3877 2397 8637 753 -6935 3719 5157 877 8202 9811 7719 3553 -1123 -6366 -8092 2069 -878 -4510 -4108 -6847 -2746 -2902 650 -9876 -2036 -1194 3919 9614 1531 -8527 -2330 -2033 -3062 -6600 -2535 -4914 -1463 8768 -2164 4671 -7531 -3531 -3100 418 -10054 5287 7712 -9439 9565 -6053 7439 6448 -8206 -5421 
5931 4592 -9148 -3349 3929 453 -4981 240 6476 1736 8549 -252 195 -7163 -4607 2150 -4896 -602 -194 -2916 7221 6861 -3586 -1744 5722 5908 -7797 -2560 9226 7366 1310 -2377 -7816 3841 6555 3668 824 -647 9365 9125 5089 -7327 -9309 -7885 -648 -9615 2398 -919 -5853 -2299 690 1068 4950 7154 7257 -9673 -6551 7420 1459 -6512 -8384 -6695 -1636 170 -3128 -6870 -1332 9379 9719 -8238 -9413 8491 -9245 -7080 4937 -9954 5657 
-5491 -6688 -1224 -4295 6289 5614 6644 9882 7765 -5388 9651 -1619 -4223 -3903 -8042 1082 7608 -6416 3312 7803 9961 63 -8114 5862 4200 -6543 -7409 -5179 -779 -8230 9643 -9868 926 -5929 3410 -1980 -7699 7457 -3072 -4860 4171 -4039 3243 7578 -8409 8607 -4330 -7686 1373 -243 -7499 4390 1431 -2559 1626 -682 3226 -6037 8854 -5463 8860 6958 9310 -6962 -3401 -2341 7851 -1258 5922 3207 3235 7865 -6566 1969 -16 1631 -9505 
1730 2498 -1874 3653 8929 6111 6457 8615 -7786 -7717 8215 -3714 -8542 6040 8599 9464 -5641 -4693 1791 -7226 -9476 -8132 534 -3405 8354 2543 120 3269 -5114 -1208 6981 9990 -4690 -9421 -5553 -8542 4783 1945 1089 -9903 -5928 1882 -5380 -798 -7584 -1038 7169 4090 9521 -1029 4013 2652 -4498 1719 2870 -5230 -9773 -2717 -1032 568 9574 6722 -7940 3958 5119 -2586 2899 5880 -4355 5858 -8133 7195 -3701 6647 -8302 9975 1429 
2015 -7999 -8094 -8857 7789 -8977 -7212 -763 2560 -4056 6818 4906 -1941 -2897 3725 3508 -3604 -2592 3762 4506 365 -6159 5167 -2030 -1027 2152 4745 -8782 2425 4289 3602 -8741 -7267 -6066 1019 7179 -545 516 -1191 3029 6781 1587 4329 -3505 8122 -3346 1610 733 3873 -7176 -5352 -8924 -1056 -597 -5238 5418 4362 6081 -9312 -10041 1092 -1574 -683 7617 5428 2818 5093 5600 8817 -9365 2725 2100 8769 5103 5656 -5412 5492 
-9038 -2471 -4217 -1367 7431 -6604 -2075 -3875 658 -8875 -9895 -7014 -6664 -1119 4908 883 1831 5808 4764 -9652 -4131 -3427 3750 9045 -2344 6073 -139 -6637 8214 -4704 3676 9103 -9336 -2789 -9052 2326 1514 -1961 3884 3717 -1741 3308 9251 8212 1344 9774 -5978 1033 2101 -4880 7809 3542 3631 2301 6531 -4257 9378 4471 6463 -9705 560 -2503 -5812 8753 -9775 -4772 1172 -6032 -6397 -8996 8054 4469 -7213 -799 3891 5399 -652 
657 7603 -1227 -4339 -2230 9716 -459 -7210 303 -1560 5430 -9921 -7364 4490 -462 5355 -7295 -2612 -312 -4229 -3200 1244 -6354 -564 6271 7031 -4034 -8985 -8691 -2167 -6763 -5508 899 8582 7171 7677 -7998 -957 5371 8072 -2402 6328 8333 -9262 -407 -6962 2193 4567 -971 2872 6675 385 -2860 4857 3976 2602 -719 6480 5372 -9368 7522 5562 -2815 -8329 3054 -4429 -7822 5964 9277 -9626 -3001 5314 -9515 1584 8215 9022 -3437 
-3569 -6719 -7272 -4558 10042 -2116 -3073 7901 -7974 -8070 -357 -2582 8790 -2193 5055 -978 2054 5855 -6679 5947 -4207 -7885 -354 8018 -9923 -6122 999 5856 -6452 9947 6117 5738 6963 176 1200 6288 -794 9337 3642 -423 -1624 2 -10050 5746 -7315 970 3483 8437 -5281 -6489 9977 -1300 -1438 -9186 -1206 -7425 -1454 6534 -9413 -7141 -5629 3901 6511 -2425 4396 2003 -5061 -6319 1936 -8613 -5639 4923 9857 -8969 -2824 -4669 -7312 
2465 7832 -1544 -985 9869 -7097 9476 -9914 -7358 -9550 5462 1431 -8775 787 6263 -9522 -3279 -3193 -5447 -2938 -865 -548 -4209 -7499 -381 3628 -9020 -5038 1853 -2214 -3237 3853 7610 8150 -2573 -4072 748 -6383 6325 -8499 -9595 5371 7612 1251 6959 -4277 8394 -4820 -2333 -7732 605 -9063 -913 188 1325 8152 -5381 -9973 -342 6773 5346 -700 8633 10051 -6824 8271 -4080 8154 -3337 -7789 9693 8825 -6633 -7241 1614 8357 2198 
-6501 924 -3024 1803 -307 7843 4694 -8098 7169 4742 7208 -2483 1912 5959 3711 6177 -10026 -4983 5553 5576 2195 -8225 1150 -9930 -2181 -6186 229 5915 -2681 -2724 1474 -5917 1871 764 -2014 6205 1537 346 -8042 -7354 6137 7477 -6761 7035 -3075 -1704 7408 -110 2496 -480 5690 -7050 -8663 8659 -5051 9515 -560 -5255 7287 -118 3006 -7272 9535 3136 -9272 -8873 8103 -3743 3280 -6056 -4953 250 1048 -9065 2917 -9965 -5166 
-5303 -5371 5646 -5775 6340 -9395 -1288 -728 8314 -7875 -1792 -7971 -2384 -7526 -4038 2911 502 908 9289 -6314 -1804 -4234 7492 4886 -5137 -8024 1904 -236 7595 -1090 -3932 -4948 -4484 -7794 -9172 -558 -6897 3867 8890 8697 8128 -3811 -9445 5913 -18 -1291 3801 -9427 6623 7578 -7516 2454 -1516 -401 -9357 -9078 2322 269 2548 2366 9936 3802 -7997 5238 5280 -5145 -9513 6843 -9308 -5665 -8075 5400 5572 -5779 4982 5948 -4595 
9358 7762 -5482 8798 -6449 -9862 2893 72 7980 -555 5008 1726 -495 6847 -1413 -1101 -400 -1688 -306 2295 -6202 8405 4328 -6416 1724 -5754 -10084 9757 7395 -956 -7306 -4215 4611 -1471 -3115 -3117 -1224 -453 -907 -9663 301 -6773 1070 4353 -4195 3701 7262 386 -254 -6217 6844 -7767 8456 -5610 6279 3384 -1787 -9631 4691 1775 3771 -9916 -2442 1154 -1906 -6970 4942 2018 2167 -6979 4212 4251 -6156 8133 7848 8170 3746 
-8660 -7804 9091 2803 -3233 -3469 5416 -8377 4475 -8834 -9852 -2747 3086 2602 1351 7496 474 8464 -2755 -3758 1019 -5388 8452 -216 -4299 7989 -1189 -3751 -5768 -7006 -9094 -7425 1019 -2406 6163 7268 2420 -7276 -10071 -7692 -7781 2452 -7500 9007 -3937 -3295 1567 -7976 -574 -5379 4729 831 -582 6497 -4006 -9963 -4525 1020 -1963 6380 3273 8519 5 1687 -8296 8225 1469 1025 -2914 4643 9892 916 859 9805 5181 9261 3229 
-6927 9684 4002 -8210 -7609 -2907 430 3682 -9923 -4712 7702 -7503 4737 -2482 4863 4310 -2702 -6870 -3971 191 -776 5782 829 -8459 -5190 1559 -3606 5676 97 -4427 1438 -8808 -6498 -6170 5299 4238 -6239 -4182 8892 1677 -2285 -7532 -6042 -3496 5882 6601 -5060 4384 3787 -4253 7630 4093 5320 7978 -8117 4585 -9324 4547 5705 -8804 3905 6107 8558 -9725 -4744 -2649 908 7746 -5089 -7822 530 -2110 -9581 2791 -5384 -5068 -2400 
3953 -3381 -10067 -1037 1734 -5379 8007 -687 6322 9335 1804 9969 -6355 -7265 4668 -8075 8450 9079 -8341 6681 5488 -7482 9705 8357 -1384 6048 -1816 -3857 -752 4131 7548 6263 4113 7069 -394 4521 4281 1620 -4376 -10079 8967 -8462 526 -3454 -8282 -9811 3123 9744 -483 10057 -4294 -3656 -8811 -4056 4964 1410 964 3655 -2525 1880 -1721 -7476 -9563 5804 2987 1060 3330 4507 3899 4040 6661 5426 -7796 3338 7990 -141 -8691 
3391 -5060 -340 -1905 -7507 4079 -4592 -2337 633 -3988 -410 5369 4623 7394 4575 -6058 -2057 -7695 -8735 -7545 7385 -4261 9418 1889 -8499 -3710 -6681 -9685 -639 1612 1338 -625 2300 5311 5892 -6450 3614 4471 7642 -9444 2298 -3432 6502 -3167 2383 -6224 7407 -3462 -2309 -3500 -5367 -5388 -146 -8086 5177 -1376 -7792 -7734 3290 7857 2911 -7621 5895 6103 -3921 7097 -4643 5841 -2578 -5056 484 3064 2075 3055 -3527 -168 -7298 
3147 4639 8364 -1165 -3351 3009 924 3498 6238 -8872 -9889 1266 886 6848 -7492 -7220 -2025 -5867 -9264 -4553 -5716 2747 -234 -785 -3163 666 -2823 -2418 850 -3607 -7917 9031 -7997 -2846 8457 -1595 6301 6458 5707 10022 -9015 4134 2630 -6121 7731 4934 -5646 -2644 3726 -8353 9808 4552 -4843 733 2586 6000 10021 9418 -9047 4759 5756 -9716 7914 5230 8392 -1825 -665 -5954 -2361 -6902 -1448 7777 7234 -994 -7070 7239 9254 
-2872 -9342 2559 -7522 6083 2379 4818 2681 9580 918 5497 3810 7227 9534 585 2843 5305 5102 -8533 4347 3136 1016 309 9784 -4460 4293 5398 -5148 -5226 -6755 -7996 -2710 3259 -4561 -8225 6501 -6841 7 8217 1920 8942 1336 -6162 2705 1626 7210 4474 -8017 4922 -4581 6111 -8581 759 -8751 6591 -1747 5665 -198 -8387 -4636 -9684 5472 4934 -3660 6488 8265 -728 268 -7459 7809 -420 8216 7055 3515 -8016 -765 3901 
-8522 -8590 5221 -8039 -5653 -1308 6908 -1024 1105 -253 -2742 -1897 -2598 -9261 912 8939 1643 2015 -7364 -6781 -2351 1987 4762 6198 6446 -8233 8038 688 2263 -5658 -6574 1945 3335 -9001 8986 -5235 9912 -2029 -2758 -8716 3232 -3726 9005 -2051 -7033 -3102 -5433 -2100 -9440 10008 -4820 -9229 5110 8312 -957 -9481 -8726 -4969 200 -9184 9824 2182 -4870 4826 -4246 -6262 -8315 -6631 8656 7339 1618 988 5296 -4448 -3294 -1923 -5036 
5840 8393 2900 -3310 1952 -4377 -8383 5928 -3876 -5344 -9319 -9754 6306 7677 4710 -9481 3933 1057 7742 -7184 4204 -5096 -5395 606 -8179 3221 -2890 4307 -3784 -5380 1930 2721 -1510 7126 4283 -5929 -840 -767 -4458 -10000 7239 1022 -7903 -6773 9125 -2035 -9210 7621 -5664 170 4043 -2632 -9560 -5774 9716 4399 6667 -7334 -9296 7849 -7738 9597 1208 -3895 -782 -9627 214 -2529 -6100 6166 -9308 -2441 2341 9520 -5784 3936 1669 
5125 -9972 -5957 1351 1757 4061 -2383 -9346 2543 3870 6540 -5087 -2121 9957 6667 9902 7057 1464 -7580 6705 9631 9088 -1480 -7433 4817 9980 -6321 -8886 2174 360 1928 -9118 7450 5826 1597 9704 2323 6372 -9712 -6321 3508 1725 3099 -5655 -3769 -8327 948 6137 9142 1858 -8256 -1790 -7972 3790 -5156 8990 7171 951 542 9758 2168 2067 7467 -9790 -4447 -3993 -8414 -8326 -297 -294 -6027 -157 4044 -5678 6305 2642 5508 
9796 7429 883 6308 -8891 528 -5603 545 -1012 1357 -9983 7946 661 -5319 -7307 -1384 9701 -3140 -1033 8822 1287 9170 6996 3454 -8444 6422 1656 -1936 -1426 -9928 -7144 -4820 -2382 635 3177 377 -9559 -6170 566 1260 -8686 796 -2088 -7924 -417 -9515 8206 -8512 3437 1241 1316 -5429 2516 1649 7483 -3031 8760 -5201 -1340 -1751 -9036 2783 -4438 2920 2287 -6109 -5231 4230 -4599 -9271 -1185 7417 -7778 -1407 9847 2308 -7012 
5104 -10057 4198 -8162 -7086 7499 -132 2825 -3617 9318 -361 -4716 -9062 8062 9951 -4958 -2321 108 7523 5331 7157 5045 8175 1558 1994 -3508 8463 -8830 -4363 -1750 -8822 -9696 9209 -1254 -3477 -5961 -2819 -6138 -6345 8273 -7205 -3629 7307 436 2665 5801 7938 -4118 471 -5593 8427 -8956 -3009 -3115 4409 6948 -9050 3563 -8751 -4487 6640 1440 1118 -6127 -254 -2439 4305 589 9240 -7764 -4381 -6058 2246 -2652 397 8639 -8128 
-9718 -5867 1360 -4311 -8458 -4359 6447 6422 -1808 6935 -6467 1802 4073 -4592 5879 -7735 -6905 -4015 9178 -9024 -8376 1265 1622 921 1097 5940 -1182 4471 4006 -2523 7440 6262 7705 5504 5567 -8036 1395 9861 4114 -7070 -6849 -702 6563 3920 8047 -3869 -8011 1 -3931 1685 9561 -1306 1688 -2324 -8258 -9102 2627 -7536 6296 -9371 -9866 -7765 -5886 2622 -5889 -291 2234 -9717 -1394 -6702 -5529 -824 1060 -9550 -3426 6965 308 
405 -9621 -3954 6723 -4030 -376 -6291 -4341 2945 -7114 6971 -5691 -328 -8767 -461 -604 2903 -7381 -1098 -3174 -7559 5818 4758 -1648 -7725 -6734 5989 -5265 2787 -7180 5307 5065 -7963 4790 -7622 5530 -8531 876 6134 -622 -1334 5844 4891 -6999 -3021 6508 5560 6734 9370 -8874 9916 -9424 -9508 -1183 9733 9593 -5053 -3405 -9098 3028 4590 2280 -643 -1615 -5502 7491 9905 5121 4590 -7639 1333 -6798 -3740 -4848 -2966 943 -890 
-8673 -8110 -7398 2705 -1572 -727 -6715 -271 -7183 -2449 3597 -4074 3709 9702 -8079 -3261 2255 5218 -6874 4838 -661 -6879 -9122 6496 -10035 -3911 -5405 962 5369 -6416 6325 -7689 -3127 -4327 -7462 3610 6054 -2125 -6648 835 -8918 4746 -309 9593 -9102 -8303 9009 -1224 -556 5800 -262 3392 -6783 -1023 3825 8546 4406 -2872 6110 -3807 -6169 -9399 9013 -7739 -4539 -9902 -4344 5135 8194 -1952 -8812 -6275 4346 -361 -5276 6567 1607 
-2424 -114 6791 -1044 -1763 -2049 2235 6793 -1356 -1084 -9215 -7071 10023 5411 -9287 9407 -7333 -2740 -1799 -4470 -9426 5104 -8920 -6451 8773 -8157 -5246 -646 913 -9602 8364 8026 426 -2727 -7694 -9505 2225 3315 -1239 3839 -1956 -8782 3124 -4569 7454 8364 8429 8728 -2465 1025 -5015 9317 9591 -4382 1321 -9093 -1924 2202 -4871 -2593 9893 -3477 -4586 -1237 -3290 -7957 8017 -9723 9145 6749 660 -9524 489 581 -1020 3417 -8706 
-9380 947 8298 -1067 1087 -7988 -4486 5609 -7737 541 1384 6537 -5168 9338 9846 6893 1689 3591 -6814 8997 220 1461 8794 -5203 7132 -9030 -938 -6135 6234 -7514 640 488 3744 6847 2464 9200 2209 8184 7063 7561 4459 -1983 3738 6499 2314 -4440 -3233 -5020 -3898 7055 -8792 -6709 -1136 -110 -2593 7702 1415 9721 7200 4231 3803 -240 -1520 -5151 5277 -5622 -2089 -7374 6524 7283 6631 -875 -1294 -5482 -5847 -4774 6581 
-5708 -3535 4892 -9579 -1406 -3447 5145 5418 -2905 5354 77 1861 -3858 -5443 -8066 5570 8420 2877 8358 5294 -8134 -4264 -233 -10081 -960 1653 -5953 -586 -6025 7274 -9242 1214 -5384 -7748 8664 -2052 2839 -530 -7939 -5542 -1949 9860 9667 -8395 -6754 -1517 -6989 2868 -9667 -3157 3303 -1007 9730 -348 -1498 5500 7667 9246 -7553 3120 -3407 -6631 -5520 3086 -3800 -2304 8237 9395 -4140 5619 -4226 -4724 8837 5055 -8510 -7860 -1055 
-3264 3606 -435 8862 -7478 -6379 -1135 -1318 -4342 4703 3893 9407 -6406 -2638 -8825 1388 6007 -8633 1329 -2274 -5258 6577 2040 -31 6369 -2889 957 8765 7939 -7783 2148 8904 1158 7948 -7997 -1207 4085 -8364 8999 6584 7119 -3357 5438 9517 6689 6162 -8139 -9736 8287 5607 -6525 1639 -2010 -6326 -6013 -6854 7420 1634 119 -8252 2926 -2456 3714 -9621 9199 -4633 2572 5897 4276 -8540 7693 6506 7181 -9590 1506 3035 -5230 
-7772 -3148 -8936 8773 7538 2651 470 -5658 1440 -4412 -3208 -9741 8766 -8800 9136 317 4862 -5897 -3924 8843 1736 5903 -5806 2550 -3029 7616 4576 6995 -2399 8696 2619 1404 -2831 8357 6049 5476 9203 7118 5534 -6399 6382 4006 217 5163 -5959 -3521 -4943 1907 -6195 4762 8221 6749 -3128 -374 -326 -9706 -1126 6004 1324 4906 -5801 8107 -26 3764 -5762 5593 4049 -6672 -8764 -6396 8646 280 -6402 -471 9950 -4964 -822 
-4018 1404 4447 4317 9861 -7408 -940 -6023 -3157 -4741 3974 6244 -2762 9612 -8181 -101 1016 -4231 5174 5630 3144 2423 7374 -3694 3111 -7375 9953 -8056 -2912 1964 6105 4062 8995 -4886 5959 4030 -8174 4287 6121 -185 -441 -8331 5202 6667 -6110 94 8180 1550 7883 -4257 6731 1935 -9907 -5462 7163 9432 2841 -7114 -9425 4302 -5704 -7673 -9121 8691 -7005 776 -7466 3194 -6064 -9728 702 -5838 -9817 -8149 7277 -7635 -988 
-7182 -7342 2109 807 -5618 8380 -8019 -751 9563 8828 -5627 8776 -2479 7868 -6482 -4289 9098 -541 -3818 -7632 4953 1067 7460 8473 -5699 9999 1939 7455 3070 95 -5755 1010 -2709 -159 9744 1891 -125 -764 4694 -5640 -374 9820 -1783 -8584 -9092 -7111 3206 -9173 -7628 184 8224 5058 6667 -5333 941 5724 -6985 445 6797 4843 -5531 10 -2945 5105 -8420 2591 9463 9230 3156 5343 5019 -2860 3140 8292 2895 -3890 -3655 
-4588 -6779 -5401 -8529 -5223 5517 6678 3702 6058 -9023 -3712 -5708 6613 -3986 -562 89 -6889 -602 -64 228 7829 -1743 -6725 1532 2852 4274 -232 3565 -5307 1957 -5846 7644 -1343 6531 564 -8443 7648 -1554 2640 -5794 -4359 -6263 -7602 6081 262 7434 4750 5356 7557 -808 -2200 -4085 -9189 -8030 -2668 5776 -5588 9935 -5255 1988 3996 -118 5854 -8040 -7578 3461 3405 -687 -7199 6375 -10076 -196 -8660 -2414 -40 -7403 481 
-7592 -5139 8011 9514 7896 -7228 3437 8672 9003 -4088 -2613 -8349 -6971 8756 1008 94 3676 -5473 -8747 7234 6673 -366 1248 4803 -9050 -2782 -6622 -8259 6768 -9233 3957 6716 -940 -7707 6603 4417 -2117 -8316 8910 9370 -8120 6620 5150 7107 -5109 5383 -7428 6004 528 -3249 4142 -4844 -4315 -7117 3859 7865 4237 -2882 -3664 2924 9617 8455 4549 -4135 7973 -9407 666 4816 9758 9089 3012 1815 -2962 -9844 7577 -185 -1007 
3143 9216 -3389 648 -8932 6748 -3366 -2636 -4786 -1603 -8 4912 -3565 9216 3284 -7549 170 4944 -7329 676 -8157 -1342 8521 -6338 -6027 4552 9518 155 -3208 1925 3309 -5978 8622 88 2773 3250 6806 -5702 -4744 4461 9287 6924 -1997 -819 4417 -9068 9857 -858 4905 1874 5285 6120 7851 7321 -3121 -8501 2891 3095 -2454 6098 5448 -6801 6320 -7546 5850 -5986 8135 -2436 -3549 2180 18 9644 -8616 7637 -815 5729 9027 
4974 6346 -7597 2379 3863 4507 -6682 -2214 -9752 -9827 -7479 375 -2288 254 -769 27 1693 9800 7295 -624 -35 -8828 -8836 -8837 -2603 -6797 -4852 300 8459 -5295 10028 1156 4610 3735 -5322 -9783 6789 -1845 -8777 -2424 -7422 3959 3785 1432 -7481 -7459 4518 4838 4294 498 5046 -1485 4950 -6842 -9241 -3330 394 -536 -2134 8371 1876 -7081 1817 564 -6536 1246 -1503 -6585 4358 6944 9297 9245 7521 -3024 -898 5157 4332 
483 -5316 4686 -6225 -4208 3329 6279 8404 -4395 9400 -1731 -7135 4868 2832 1503 5643 -4402 -1920 4235 -460 -2769 6053 4074 7427 1443 9418 -2311 8240 -2938 -5465 -5751 8422 -6749 -6586 2850 7306 8196 -4834 -6252 7278 1282 -3498 -5407 -1663 5325 -7773 9771 -5816 -2060 -7378 -1206 -4170 -6577 -5826 -9304 -2822 -1807 -2644 5206 -510 7211 -1071 7117 675 5156 -3462 300 -14 5395 8579 9301 -3503 8024 2256 8202 -4403 -3705 
-8604 -1053 -2417 -9722 8133 -5277 -8490 -7352 -2675 -1126 7855 -129 -964 -6347 -6488 5464 -1802 9901 4352 -4836 -10053 -3308 -4772 8871 363 -7703 -3121 7628 8579 -7107 6686 192 2112 1695 -4463 315 9416 9798 -6242 -3239 3294 8819 8303 3838 6019 -3239 10060 6317 5592 9209 8140 382 7851 9753 3906 3883 -9254 1310 -243 -8300 3621 8368 -7248 4437 -170 1528 4088 -1527 -3114 -2284 6345 -37 -10037 707 2750 9306 5761 
-8615 621 558 2780 1250 -40 1274 3873 -4152 6563 -9110 -5333 905 2248 5803 9816 6498 -9326 -6286 -4717 9549 7657 5163 -7705 -9149 -687 97 98 6365 -3441 6841 3041 -9869 -4178 6949 771 1005 -2500 -1245 6784 7637 -9048 3768 7301 -1087 -6309 -6165 4402 -3543 -2273 -4379 -2697 -3742 -7423 3733 4928 6700 2340 -3541 -3522 -8839 180 -2772 3321 3209 -8333 8390 -5602 8444 -462 -1381 7024 6721 -4127 4019 -7403 8204 
-2819 -5525 8225 5771 2285 1097 5255 -1198 4697 -4370 4365 -6072 -5517 8546 -5997 7139 7557 -8646 6719 -1101 5541 5046 -9541 8241 273 -2140 -275 9436 -8652 -5480 -8528 5354 -8718 8488 2710 -7295 -786 492 9804 9267 -6331 2113 -2682 -1255 647 -8526 6003 -3849 935 -1584 -5567 -2053 6639 9819 6362 156 -9225 -6412 -7950 -7940 1331 6625 5460 3664 6262 5376 3078 -9926 705 9140 9757 -6510 6132 4368 1241 3554 7345 
-5219 5262 6448 5118 -524 -1034 -1820 4582 -7154 -4011 1137 2999 5086 1154 7438 5578 -2180 387 6116 8050 3211 -4746 590 5387 1566 -8334 -3396 4447 -8620 -8736 7239 6878 6174 -1370 -1925 -3160 -4382 5255 5233 -6569 -8778 -9739 -5505 -3585 8545 -9587 -4153 4608 -276 9108 7024 3240 1932 5065 -644 -943 5177 5304 -3798 7623 8577 -5097 -172 8116 -8278 -4782 8550 2834 -3489 6947 -8929 -1627 385 4579 -5632 -1746 3154 
4633 -8793 8777 -5045 3370 5146 9721 -5140 -3136 1526 -1008 -780 -7008 -3602 5974 -1545 -1430 9805 9496 -7878 -4922 3233 -4933 -3644 -3927 -7875 -2734 -9295 -6348 5122 -666 -2270 -6174 -7837 -6693 4239 978 -4508 5716 3154 -7170 6762 5077 -1035 1428 6941 9935 9031 -9227 6407 7664 6013 -8959 6333 -9083 -5749 397 9730 -3460 6810 -7083 1739 2759 8874 2164 -3639 4921 9605 -2349 5841 -2266 -1432 4587 8964 -3048 -6564 -1325 
8376 8723 5476 -1380 847 4846 -6649 2098 -1046 -1727 -3111 -8896 -3827 7840 7738 -7131 9546 -1604 -993 -6226 7578 -8921 2869 490 3465 -8797 5630 7633 -814 -5761 -4334 -9327 -2973 -8715 1483 -7516 -1033 9117 -3875 -3989 6007 8100 -6708 -9274 -6238 -57 7010 7749 -7914 6139 -9058 6045 -9317 1152 -3182 -10077 -3330 -6052 -2422 -5231 -1839 6146 5241 -328 5167 -2554 7489 -6338 -9555 3990 9701 -9622 539 169 1803 -2783 3729 
7167 6079 -6481 -8711 5677 -4187 5620 9596 8310 -3318 -23 -379 -3407 5577 -9826 7340 416 1041 8896 7655 -3583 -6867 -9269 2059 7779 3591 55 -4924 6795 8362 -3900 8493 982 3706 4307 -2864 6712 -4356 -9181 -4617 -7019 9036 -9088 -3101 5647 -4967 2167 1092 7313 4211 -1916 4094 -3502 -9466 -7438 3258 222 -2272 -6281 -572 -8752 421 8051 2617 7352 9874 -3467 -6571 4965 6291 8221 -298 -1406 35 -1301 9030 -1783 
7298 -3473 -9409 -8034 -2296 -2326 9022 -4993 2191 -229 -321 3348 5764 -8374 3768 1019 774 1722 -8634 -7465 5511 8616 -1844 -7387 1018 -6157 -4754 5289 -3010 7723 10049 2962 6255 -61 -3850 6910 -7106 6560 -1030 7789 -7082 -1944 2879 -3409 -8772 -7182 3784 -5586 -3546 -2427 1627 4051 1047 -6123 7238 -5315 -2998 -7007 -4129 6945 -8067 -3906 -443 -1652 -9821 1972 -5553 2485 4690 -5993 -1387 -6910 -994 -1509 6225 3402 -6645 
9998 -8332 -7523 -1227 -2372 3030 6828 5249 2815 -4669 -9016 3653 -1559 -9325 9925 6953 -4424 994 832 2512 7778 9923 1679 -5308 -752 -2311 -909 -8586 -8247 4183 -2553 -1638 5532 -9014 -3512 6785 8004 -9277 244 -504 3429 -7536 9735 7587 4060 -9974 4968 2995 7738 1453 4175 -7802 -6156 3644 6941 5324 -8329 -2755 -2709 -297 2956 -430 -4822 2759 -7447 -148 6796 1327 7280 7382 7574 -878 5650 7985 -3958 -9620 -1013 
-2096 5893 3078 -9824 -3344 4620 639 927 9180 4456 -5276 -4867 8133 3285 7546 -2912 -4870 6542 6526 140 -1419 7946 -595 7815 -5328 10044 5763 3926 8471 -2729 5588 5674 -5199 -4953 -922 3378 -4638 -5367 1596 8162 1187 1670 -4732 -4051 1018 9900 8723 -54 3928 -2036 2940 -6415 54 -2128 -1225 -6540 1346 3646 -8497 -6566 -2302 2569 -2025 6346 -8889 3876 -8114 -1585 -4476 7634 4889 -308 3632 -5866 -6527 4635 -1625 
-8609 -7082 -6559 2114 -7307 -480 -4929 8633 2942 9088 9197 -2199 -3543 -5959 -2726 -1818 8425 -4854 1793 9936 -6446 -4746 -9268 -7733 -6619 -4315 -2121 5601 -4219 -367 5340 -7655 8127 1765 7225 -9595 -433 7651 -9207 -2310 -7653 8009 2776 -8779 -2282 4544 6564 -9278 -3225 -20 2535 7358 -9727 5083 6648 -7475 -4563 4916 3126 2133 5712 -9224 9105 -4871 -6687 5294 2958 10008 2129 -344 7035 4742 -6919 5241 9963 9228 -8750 
-5121 -5203 4131 3226 -7079 4954 -7477 -9247 -1739 8460 1028 -3634 -7842 -9071 287 992 -8357 -1812 2889 4379 7267 -9 -6466 -7729 7222 -7 -5335 -7074 -8843 -2366 -2130 -2107 -1524 9562 7287 -2838 3531 -482 156 -4118 2040 -3503 6105 -3249 6018 5969 3308 6656 3314 2793 6945 1328 -2271 -1325 3076 9528 -6151 -3543 8818 827 3428 -1023 -2554 -5295 1034 -5689 -2996 432 6801 1149 4308 3019 -6097 632 1753 -9887 -2081 
2594 -7614 -3320 1420 -9628 -5102 9899 897 6389 -4082 -4531 -6576 6530 8867 1176 -9201 -3611 -2660 -7772 1974 -3117 -7777 4706 -1992 -4397 3409 7937 -9427 1159 -695 -5697 -5227 -3846 -2432 -1792 4823 -5579 -9523 1587 -3178 -7237 8678 8765 8416 9324 -28 1577 -4675 -7086 -4585 -9980 -1412 -6315 -7835 2829 -9784 -1702 -8008 -8617 -2488 -845 -4149 -7484 9672 -3894 -1634 -7249 140 4531 -4293 -1749 5859 8950 8746 1249 -3319 4262 
3600 4018 -6339 2412 -2399 -8350 -5141 9440 -3962 2231 5907 -2954 359 442 3139 175 -206 3648 -5042 195 8860 -1159 9126 -5780 8446 722 -618 -8072 -9339 -7953 8401 -2906 3636 -8142 5557 1773 4513 8272 8113 10010 -3010 -9268 5615 -8607 -8568 -608 -4581 8880 -8623 4694 8529 -3796 -6421 1169 -2086 8831 -6742 8774 -8585 -8077 -3219 -1777 7363 8550 -3710 -2801 5092 -3363 4957 2867 -4027 2617 3304 -9220 4692 3906 -1922 
6241 3804 -2528 1155 -1336 8872 -8417 -6942 -152 -9997 5066 1464 5305 -4329 -8206 2874 -8571 4561 -7920 2656 5848 -4784 -1966 3733 6622 1148 4182 -3746 -5471 -1433 -751 -3477 -325 7021 7737 984 -4921 448 -4282 -2238 1574 -76 6571 6277 -5338 7703 7691 -6376 -2667 -710 8619 871 9152 -4973 1249 -7063 6443 -7169 4020 -7678 10026 9977 3872 4641 -217 -7080 -1656 7935 -1315 6393 -7047 -3671 3404 952 2140 -9028 9903 
1859 -3920 -1615 -7522 7895 -4216 2051 -8786 8128 7238 2335 5555 -8813 1854 -8588 -3092 4566 94 2260 8896 1133 1681 8449 9630 961 3977 -7866 8265 -934 -2944 -8469 6193 3572 9017 5524 -1656 -4267 4630 -7072 -1563 -5470 -4274 3176 5834 -3202 -8147 2732 2545 -8009 9852 2181 -4486 -3062 -3696 6152 -5965 -4890 9546 -6959 271 6905 9952 1449 5852 -4789 -4595 2274 -1193 -3069 -5612 5347 -8296 -4396 4701 275 8410 -6209 
8356 -8920 772 -2597 -8116 -7969 -6583 -3377 -2345 4024 4935 1545 -32 -8458 -8452 -6566 3770 -5501 -1351 -6485 -4856 9489 -4270 5036 -7496 1252 -8180 -4404 7179 5591 -844 -5903 5986 -1138 591 -498 2899 -6364 -1142 620 8504 -3848 -596 2920 5313 -9359 -6757 3922 9347 9496 -381 8136 3588 2842 -8574 3273 426 -282 -5969 127 416 -1611 8603 6542 5210 -3456 -5418 -565 -7944 9249 -7764 -4557 7688 -6096 -9345 3335 9708 
-326 -3956 -7781 -5257 4880 3031 -3467 2352 1120 2033 8959 -7208 6428 -9488 2461 -5119 -7818 -1989 -3399 8587 671 7462 -2014 8290 989 -404 -2300 -3377 -4324 2235 -3282 3722 9484 9172 -6147 1911 5937 -9979 -7110 -3434 -2636 -5328 3627 7076 4501 5923 3208 -5634 -1474 5968 -9176 -7918 9558 -4745 -4106 4522 -175 -4586 -8992 -8110 -453 -5266 -1359 1935 -2271 1847 -1941 -2912 -5457 3674 -5723 -8134 -9392 3876 3745 7553 -3725 
221 -4353 2377 -8995 3464 -7263 92 4699 -4982 -936 -6416 -4481 1632 -4894 7872 6623 6167 8442 -3323 6345 -5362 -3000 -1656 6655 -6893 -9983 406 9685 -8989 2729 2488 -3364 -8908 -1311 -6047 1036 4542 -9172 -5300 -8831 -3229 1228 -4343 -2648 2848 8539 6961 -4835 -2878 -3258 7352 -3257 6986 2689 413 7387 -5273 7658 3145 -3356 5691 -6694 4939 -6615 -8089 -7836 3456 -9167 9773 2280 -8661 9241 -1569 10023 -4586 9684 8168 
6704 2529 5967 -4736 -4971 2326 3493 8796 -4518 2020 1017 6588 8635 -3865 -2632 -2005 -6526 8651 2409 -4849 -2922 -4622 -7293 -8088 -4731 5782 -8461 5769 18 -4439 -1786 -5743 -5447 717 4641 -8617 -8187 4849 -1297 -6687 7955 5999 6423 -2851 -4504 3703 5010 -727 -5893 1960 3512 -9455 -6602 2257 -1409 -3976 -8520 -7464 1050 7291 -985 -4313 -7971 5418 -3537 4331 -2975 1722 -9190 -1932 8984 -7680 1174 8656 -3475 -995 -3156 
-2714 6673 1004 8648 -4430 1169 4838 45 4981 9083 -5684 6926 7540 9998 6098 -396 1078 -5675 -4439 4582 4504 -4039 -2266 -2922 2861 8407 -9458 5787 -4023 2414 -8381 6829 2585 4662 9870 -5690 -443 3515 2589 6136 -5728 -3482 -6037 -3609 -7779 -4998 7096 -6773 2827 -6648 -3962 6045 1063 4136 9559 2051 -5707 -7075 -2808 1318 -5697 -481 7988 6414 -7319 9320 5387 6460 1155 -5342 2332 -4171 2315 8042 4593 6248 3665 
-3727 -9997 4302 -9359 5991 4947 -4677 -7042 -205 8223 2999 5420 5173 -9112 -9615 -488 5011 9729 3403 5352 9855 -8054 9187 6655 -356 9447 3928 153 3658 -4237 2765 -288 3233 -2819 -6951 -3138 4042 -2920 5335 -9066 -8830 -9837 -9609 8796 -5018 549 6073 2245 5453 8675 -9274 3006 -3615 -2658 6504 3096 -1785 -7745 10021 867 -2338 -768 918 2826 5244 -9497 -10078 -4932 -1672 4204 7142 872 3230 4220 -10029 -4668 -1157 
3473 -5652 3297 -3900 9784 -1110 8792 -200 -2353 -1402 -3874 -8428 3456 9475 5107 2415 -1899 -6437 -1956 2693 3990 3543 -2901 -1994 1564 -4789 -2014 -10019 -6653 -6940 555 65 1608 -7318 2129 -540 3955 7913 7569 6331 6383 -1522 4821 -5808 7172 8959 -1008 8559 -18 2093 6584 3558 -5135 9530 867 -3235 7223 3533 -9909 -796 -4882 -99 8977 -910 -5633 -9555 3735 2016 -8922 9127 4360 3864 -9056 -3797 3726 -8505 -5755 
-175 -5118 1799 2393 -2005 201 -8321 -1341 4588 6399 -5071 1455 -10033 702 2785 -3933 -6549 4503 -2941 -9237 -9871 -5509 -4067 381 -2794 3985 1778 4381 -9097 4477 605 6073 -1799 -2223 -8541 8763 -9348 -696 -7542 1986 7421 -1875 1396 -3693 -2450 9518 1017 6980 4701 -796 -3932 8202 4490 1422 2954 3249 -4713 1036 4351 6076 -5572 8222 3573 3862 -8665 5064 -4065 2647 8259 -1197 4152 5837 -9252 3613 8374 -2105 1420 
-6148 7559 1591 -6179 3255 -2485 -1147 -411 9847 4884 9016 -1825 2111 -2651 5326 -1604 8614 2887 -8465 -7605 -3332 -1258 6784 -7782 7367 8335 9187 1055 6565 -2155 -2574 -9706 8954 -3258 3384 -1139 -3951 8903 2893 -9675 -6844 2613 -2376 -1673 7809 -1403 8722 198 7803 7357 7809 3335 -142 7831 -8486 9125 125 -358 -6774 -4192 3427 -9418 -3201 -1567 3766 -335 -5661 7596 1560 -9498 2961 3866 -8763 -4493 -6234 -8781 -2761 
2527 2351 -5222 8235 8918 2450 -9876 -3965 1323 1546 -9695 -8933 -5834 3962 8924 4112 8451 5204 -8655 -1741 5099 -6066 1368 -6670 -6591 9302 -3170 2616 -5702 389 3155 2416 113 7173 -7095 -4938 -92 3383 -3830 -9119 -5591 9366 2754 -5963 -1480 -901 -5376 -3618 -1910 -3013 -524 -7404 245 5330 2661 7576 -7320 6506 164 -2519 3507 -8727 7171 7993 80 -4535 2909 2788 -5531 2998 8793 8198 -7003 4888 -802 748 5619 
44 -3113 4557 -965 -6484 -4898 -1697 -4689 -4689 4704 2159 9154 1873 -621 2803 -3515 -9608 2597 -5411 6548 7684 8688 -5662 9307 8980 -2194 7474 9555 -4068 7621 -6673 -9818 9831 -5906 -1194 4324 1107 9962 -9514 -3458 -2879 -918 4627 -3215 -2243 980 5759 6227 6966 -3758 7292 -5547 -4006 1766 5316 9415 7128 -5722 -2938 -9699 -7600 -6476 -3634 -569 -9413 -3783 -3291 7538 -9446 -7999 -3388 846 8904 -3645 -2428 -1381 6331 
-75 -5572 5799 -2921 -5015 -3319 6601 -1974 8297 -4526 -509 -2447 -6650 -10058 1530 8878 6429 7460 -8201 9116 -6165 9271 -612 3069 -5754 -8300 1247 -4255 -1490 -9810 323 -9363 8259 -2003 5054 -4761 10015 9032 9760 -4700 -5183 8620 41 -6570 2891 -5965 -1184 301 2837 -8812 1199 710 1494 2719 4044 1197 -7345 2686 7798 1050 3436 148 -5548 2882 -5402 7713 -5205 4847 -2954 -7653 2469 -8993 -4677 -4132 -5436 8176 -2986 
8790 4470 -665 -8176 -9860 7564 -6058 6356 2148 -3308 -7405 -1285 -192 -2083 7555 9110 -1812 -5413 -8893 -1390 561 9916 -8321 -8316 3693 9470 8810 6393 5617 4992 9214 5328 -5108 -9774 8033 386 9074 9493 3274 7034 -5890 -3669 -1512 -4844 442 1501 2574 -1313 9260 -2476 6844 6632 -2533 -9865 7661 8673 -6357 4777 -639 -2493 2464 222 4657 -7523 -2245 -3439 -7960 4720 1995 -8416 8577 -3402 3437 -6508 8894 8724 9226 
1025 -4186 -3891 -6463 -7413 -1647 1039 -2072 -9983 -7107 4595 -2002 1242 3734 3692 -7587 -6176 -4828 975 -1066 1310 5647 -6026 8460 3727 -1061 -1308 -6364 -8186 -7374 57 8275 -1028 8594 -7347 2485 -4411 -9240 4012 5596 -6910 -2936 -5400 -8575 -6431 8617 7664 5431 3413 -4831 2488 1922 2262 1888 -1292 638 -5681 10015 -272 2379 -8136 -9378 -3273 -779 9237 2450 -7786 4873 -6747 1686 -1927 671 -9030 -847 4730 5096 2187 
6061 -4329 -6909 8240 9111 -2844 -4358 8564 -579 -7490 -241 -5297 1221 -3224 -8034 651 1639 -8144 -4816 -6767 1334 -274 -4683 9334 -6780 2086 -8500 -1237 -8849 8929 2587 -7824 4084 -6707 -4514 3082 846 -6696 -2717 -9751 6684 639 6504 4662 5117 1499 3559 -1744 9679 -7259 -88 1317 2556 -9108 9035 -6188 8779 4806 2500 2539 2992 -6191 7398 7603 739 6120 -7195 1067 3171 -7505 476 927 3228 -8856 -8920 8425 -9819 
3799 9450 -2274 1786 -4707 -4038 9790 7778 -7218 144 -7972 176 -2538 -9090 -9246 7050 -5512 5815 -6746 1165 -3238 589 -6916 -2465 -3668 6587 -2119 1485 -1062 -2159 -7832 9814 -7007 9672 1048 8026 3917 -434 -9288 3190 5341 6623 6518 5556 5501 -1844 -7536 1942 -4025 6291 -3916 -3186 -3845 -1404 6672 -7922 -3880 -4253 -7713 5899 -5766 -6500 6325 -5023 -10036 4205 -8463 6202 -5606 -3809 -8792 531 -2706 7444 4692 508 -7915 
-8775 -1568 -2357 2048 -9069 -812 -814 8905 -8475 177 -8102 -7173 4206 -1963 -7753 -440 -8265 1133 -4396 7519 -2661 5288 8964 4463 5870 -2574 -5224 -2326 -2335 9124 -5845 -4119 -7742 8635 149 -990 1968 8556 3122 4603 2665 2514 1574 -9408 4447 6881 -4505 9437 2491 4935 -9715 5196 8427 4901 -7788 -2895 -6682 7827 -2375 -4255 -2509 -7574 7459 966 1101 -8928 1949 4462 -690 817 3838 -4769 1112 4651 2411 -8383 6524 
5584 333 -3666 -8221 -8403 -2882 -5237 -4499 -8481 9096 848 8501 7547 4506 -57 -2834 5653 -1407 3792 6712 7852 -8382 8962 2626 -8032 3643 -8506 -3403 8546 1111 5011 -2420 -9650 718 1369 1526 -218 -9062 4663 6777 -5806 1837 1608 2784 2846 -7361 10054 6791 9294 -1792 -7181 -7110 7175 -5514 -1600 170 8761 582 -2568 -959 -1958 -9810 2180 -4148 -6406 -5630 -2791 8632 8936 -5789 9402 -8151 3144 261 -7008 -1631 -9695 
7114 5296 -4587 -6431 -3178 -3992 -5131 7615 6609 5613 2651 -1743 -7379 -1665 -2723 -9618 -3533 2774 10037 1308 -7062 -3718 -231 7393 9475 7719 -957 -9092 2424 1220 -4213 5511 -6251 -9022 -3419 5945 -5566 -5104 9952 8480 4688 7914 9443 -7557 -1020 5761 -9357 -9684 9706 1258 6619 -6080 8774 6230 2440 1794 2202 -567 -5523 2479 -1538 -6373 -8684 5835 -6929 7809 -3589 -4877 -322 8277 -687 -3001 2866 3984 -3854 -3825 -4236 
885 9894 -9431 -9702 2666 2028 -784 9310 8134 -9204 6646 -5328 5584 -8095 3308 -6131 -7047 -5391 4672 3328 -6697 -2962 -6187 -9149 -340 -5243 6239 -6381 -763 -5186 -7790 -4986 -4776 -833 4279 -130 4091 4308 -1237 -1030 -978 -8989 -3316 8368 -4759 -4529 -1387 9293 -6715 -9183 6716 -8881 5976 2051 -6367 2161 4849 9542 -8373 6900 7872 3321 671 -8940 -3732 852 9542 -1293 -6214 -4242 2172 -4739 1528 9615 9887 328 -8115 
-3061 -1504 -972 600 -9623 1215 4479 -7012 -8587 1933 -6763 -7355 3410 1466 2579 -1409 1000 529 -4648 8090 -5755 4618 374 -4426 4835 985 -3440 4218 -8312 -6271 5960 9038 -8890 -6469 832 1076 -4540 -3980 -7944 -9913 8558 8995 -1593 -5716 9291 6279 -8278 1628 -3814 -4770 -2866 -5004 9690 -4167 -4520 -2895 -2370 -8914 4831 3656 6308 1307 7624 5186 10006 -2361 7250 -9996 -3619 -8063 6219 -9141 8519 -2245 168 9335 -6242 
-1774 2028 -7253 -7582 -5037 3030 -2975 -2214 9851 -2279 -5428 -9224 -4668 -8626 3787 -2718 -1521 -5309 4272 -6535 -149 -5293 -10041 -7910 2898 -8289 9284 8219 5524 5695 -2544 205 9864 3414 -4061 9035 7983 4984 924 -8038 -9143 4080 -378 7917 -9139 -9700 -2207 -8585 2910 6198 8165 -1559 3196 -8922 3506 5429 1946 1264 -28 -8168 -602 -5703 1996 1599 -759 7447 -1820 -3130 9376 -8124 6410 1445 9912 -4945 2801 4554 -9945 
-3593 -344 -3686 -6069 10009 -8388 4292 -1494 -7730 1877 -7709 -8194 -4318 1140 5303 4654 2569 -4109 1124 -6817 6066 -7509 2440 2833 8672 210 5464 -5100 -2871 9550 4089 -2812 1560 8068 -4130 -8386 3367 5627 -9497 4347 -9677 -9637 -7167 -7687 -7811 2532 2699 905 -8726 -7120 -4404 5215 7468 2912 -2767 -2134 -1336 -6228 5204 -9043 -8707 6626 -7159 4561 7495 3643 4867 3238 2898 -2559 5611 -2361 -9161 9886 -6491 3116 1017 
4314 -9959 -2815 -939 -9549 4281 -4666 5411 9146 9317 -3154 -7381 1089 -7205 -1351 -5609 -5978 -7239 8384 -7253 2583 -6210 4476 -6055 -8104 8303 8478 3499 -6363 -6148 8500 722 1964 -4933 6533 -1 -714 9775 1796 -5070 -960 8003 9923 -8249 2090 2922 -3528 5226 3333 9254 -8285 -7567 -2298 -2166 3667 8791 -2194 10038 -5871 3475 -7911 -2047 8994 7127 5212 -9506 -8157 5610 5329 231 -3154 -7733 -7496 7884 720 7595 -9345 
-7141 -9811 2383 9189 2241 -9891 -2516 -1813 6594 -2884 -4506 6270 2805 6059 9068 -2613 -7765 2372 -1138 -6470 -1928 -5622 -2256 -1045 2755 3855 2620 2591 -9185 2885 8687 -255 9771 -2798 3724 1221 6015 7404 -1177 -8490 -8470 -6770 5970 -1148 3862 1861 3083 -9292 8855 -9145 -9529 -8215 8778 5464 -5006 2719 9686 -1618 -5759 -6317 2391 7 6969 -2588 -726 3677 -1933 -4861 82 7988 -7070 7781 8845 8266 -1359 9886 2948 
-934 -8493 9957 2691 397 -9176 -3814 7220 -2910 6691 1105 -4867 830 8102 -287 3955 -4963 -3530 4717 -3241 -4600 -4581 4036 -3491 9848 3621 -704 1621 2629 4300 3847 1795 8600 1948 -6235 -5030 5931 -3957 872 65 8542 -9130 2878 1167 -1533 596 2507 4075 8705 6759 204 42 6404 -4525 2603 -696 -5050 9708 -402 5999 -980 7956 7447 -7614 -692 -171 -8263 -7505 -7637 9749 4785 3269 4433 -1066 -9483 -5057 -448 
7749 2964 7641 -414 5870 -3750 -2742 -8010 501 -3914 -2590 -3451 255 2798 6847 4093 8833 7992 8734 -9798 2777 7377 -6885 3180 5238 -4596 -8444 -1088 -635 -7512 -932 -4854 -5844 6162 2271 -982 -6597 -4920 7495 -5833 4655 -131 6676 -869 -9275 2231 -2178 4298 5766 1281 4117 -4905 2481 -9186 3478 96 292 4905 8724 6025 2863 -901 -1465 -1713 1314 -1222 4852 6586 -6316 4573 -4806 -5224 -8216 3821 -9951 -8851 5076 
-2573 -7996 2977 7892 -2791 2222 9859 5634 3613 6398 271 7225 -7509 -6241 -2399 3459 7033 1392 6776 9713 -1347 -5597 -6392 -7529 -5540 5079 -9480 -5537 4726 4195 -1413 -486 -7180 4492 -3576 -6483 7993 -6558 9015 -1305 -5500 9467 -4836 -8001 -5416 -9239 3142 1269 -1189 4637 -6670 -5190 -8334 2454 -7399 -9844 -2004 -6984 -5829 -3680 7001 155 6327 2219 3183 1317 -2068 2389 5833 4538 3871 1646 7433 5654 -1328 -7340 5196 
4061 5040 5748 -7625 -6617 680 1599 -406 -3989 -4030 3977 3500 -2590 -10030 4564 329 8805 -221 2001 -650 1117 -3345 -4178 6712 5027 -5581 7152 -1778 4923 589 -4881 -38 -5573 -10047 3211 -4837 8240 4538 1333 -1105 -5963 -503 2713 2062 4468 9606 -4737 2047 7924 492 350 7074 -8834 -7643 9873 -2638 -2000 477 8791 -9997 5119 7914 -3842 -4631 -22 3226 4999 9362 552 -3030 2624 -8254 -7110 5499 263 -4605 3172 
-2101 1657 6497 -1867 -2446 7185 3307 9080 9329 7152 9780 8290 8053 8431 -10049 -1190 9189 1780 2875 -1300 196 -3307 -3056 4723 -1510 10067 10013 3790 -553 2394 -591 -8998 -7368 -9991 -4790 -1861 4588 -2521 -9995 896 504 -5979 -9480 -8818 -5835 -9490 9554 -3007 4312 2366 -8991 218 -2200 -6166 4602 3739 -4445 479 -7898 -3296 -441 -9643 8984 -5877 9720 -7177 6421 7831 -8966 -2265 8402 3222 1744 -486 3518 -10070 -5560 
7104 9223 1914 1729 -2663 6943 8581 -2607 5748 1939 3665 -8546 -4248 -233 -10066 3669 -1312 3441 923 8715 -1149 -4695 1485 257 -6219 -3696 711 -6154 -795 7060 -7351 -993 1813 7659 -5318 7253 -4140 -9846 -961 -6095 6419 -1722 8047 -3824 -595 6627 2644 9031 1849 1888 -595 -6087 4364 -4986 -294 7171 7697 -2344 1457 7916 970 -5761 7096 -2166 -1262 -10058 6437 5771 2178 6579 9210 -9803 -2936 5364 -4140 -3312 -8018 
-1276 6176 4563 -2282 -9715 -8272 -9835 3196 -300 -872 3793 3113 3862 6666 -3970 8139 5738 8598 4045 -9373 -2613 -7543 2502 -4714 -9217 -4357 7587 -7435 -6090 -3897 -2423 -6359 -6076 1056 276 -6784 2093 4688 -9494 -8983 -8770 8588 -7576 -9901 -4317 3045 2003 4841 -692 -1075 -583 -9721 -2843 -8997 -4989 -6009 -2965 -9899 8251 8275 -9376 9322 -7179 -7472 -7929 -7919 -8071 -4841 7077 8502 -2063 9528 -10029 2 6932 4781 3742 
5228 -3592 -3198 -7670 5218 4411 -8283 3698 2717 7873 -6307 5694 6538 9698 917 1860 3778 7656 -9157 -8481 -2889 3609 5999 -3834 4984 -9742 6813 4683 7594 3070 -4129 -887 5056 2554 3383 9480 4784 6985 4761 1996 2877 2299 -6960 4173 5574 2030 1516 8131 2609 -1214 4540 7639 -2204 2143 -2556 760 5352 8152 -5862 -3322 4187 2719 6899 -423 -7591 3100 -7552 -1399 3911 9301 -7157 -2079 7253 -5428 -5226 -913 -7808 
6213 -6614 9397 6156 1262 9536 2711 -8846 -5083 -2526 -1400 -5260 -9206 -8824 5534 -1750 7397 5982 -3333 23 -3658 -6210 -5243 -4761 -9997 -2206 -1543 5903 -7749 -6352 387 -429 8215 -1365 -3282 5877 -6544 717 1880 6358 -3349 -9310 9648 -155 -3108 298 9042 -9393 5335 -406 2366 -4716 7284 -3497 10059 8891 -920 -516 5874 213 -7784 -4816 -9307 -430 3877 4137 -94 9899 5364 6950 -690 -893 260 -6974 -4650 1630 -1492 
-96 -6693 -7892 7417 24 5203 1013 9961 -7635 6238 5554 -5946 -7755 7554 -4168 4408 9278 -4336 -7429 -5044 -4284 -6624 -4070 3726 -965 -127 7017 -2078 -9342 9591 -4983 4315 -1518 -425 7457 -2694 4243 8969 -2945 2556 8393 3694 9284 8610 -4572 4524 -9102 9686 5726 -2008 7129 -233 2581 672 3000 -624 -3831 3021 9611 -5994 3209 -7182 -862 9503 7324 6938 4158 210 -6419 -5663 8323 -2918 -40 -7679 356 -157 -1545 
-5193 -649 -3243 -8703 -8533 -5414 3375 204 6382 2571 -7803 1590 -6246 7568 -4270 780 -5566 -1870 -2915 9247 -3676 5616 2572 -1345 1643 3712 8574 -8719 5961 -810 -46 -6517 -5504 -1842 -3786 -2629 -7022 -344 4116 2258 -4788 -3395 -1071 -9376 157 3376 -530 -2931 -445 9421 -8763 -7333 5499 850 6873 4112 6347 2628 282 -7474 -6398 -9536 -4302 -7048 6425 5321 3947 -8396 -5364 7731 -5523 320 -7395 -709 9294 5519 -1055 
-5666 -2223 -3255 7330 -598 7424 -3796 1485 8390 599 3148 -155 -7713 -2731 508 -2054 -9055 5651 234 -5292 -9452 5109 -1097 1390 -3165 3863 2194 -2316 6648 -2457 2520 6435 3696 465 335 5236 554 -2317 -3468 -9166 -5747 -4737 4482 -7685 -7466 -9790 -8841 -8804 8281 6270 3271 -10071 -7761 -1103 553 809 -4524 794 -491 -8906 -9714 1935 -8427 4791 8857 7242 -4055 -986 9700 -9704 -8650 7083 -3766 -8926 6126 -3839 -9152 
-9643 783 -8619 -3810 4338 -8433 -2830 436 1892 -8343 4954 8053 4790 -8446 9694 -7756 -5877 -5230 -5645 9549 5417 -2233 -3544 8010 -2376 8494 -4157 5078 4523 -9995 8504 -9602 -2300 8404 -4252 -3315 407 1207 -7307 -8326 -5042 9104 -9540 6034 1356 -9858 6086 4718 3409 7698 616 276 -7194 1834 -5510 -6854 4376 3317 -7605 -8672 -6936 663 -8867 -4604 8362 -788 4994 -731 5269 -8017 7230 -716 -4002 -9138 -7567 -2032 -1546 
1297 -2796 9462 -6758 6615 -8034 -8832 -3130 7562 -9717 1954 -2841 1586 -6946 -5083 681 -9942 -9290 6405 10048 169 -3523 1200 3282 -7515 5781 2278 7349 7237 8994 4306 3894 4747 -2849 -8263 -8312 -4664 9544 4318 -11 243 6055 2664 -787 3090 7383 -7416 -8526 -1658 -1245 -1294 9792 3803 1868 9887 -5265 8148 1556 -3444 -2817 9215 5411 -2672 -5810 3798 7992 3241 -3488 -6071 -10071 996 -1492 4818 -9532 2257 -9190 -3928 
3988 7564 -9703 2232 -4366 -353 6713 -803 6481 1893 5568 4174 33 -3302 -7007 8239 -5134 -4847 -7303 -8619 -2763 4202 -187 -5648 -8769 8648 -851 175 -1800 -3790 -6365 -4672 7107 5852 -4807 -9074 3304 -5179 979 10082 8352 8456 -7305 -8424 8786 -1914 -2876 7559 -2129 -7388 -6036 -5527 3921 820 6909 -5566 7512 5282 7468 5376 2070 -3544 -6357 4897 -5915 -3702 -9996 8047 -3154 8371 5043 -4232 8137 -5545 -8402 969 -8270 
8378 7729 -1417 2633 8352 -1959 8260 8615 -404 -6628 -52 8626 6712 7432 -282 -5797 -7365 -2572 -701 -6962 -1505 3491 8840 -3493 7197 240 -707 2112 -9076 -7944 -7878 1841 -624 -2938 -4266 738 -7743 -1916 9415 -7002 -3681 7819 5550 -4717 7708 -7736 7597 -8019 3097 6157 -3286 -1917 -5426 -5734 -7122 -7221 8705 -8559 -86 3368 -6751 1972 -6216 6890 6897 7897 1720 -6218 -5246 9239 8230 81 5601 -4276 -2251 -3465 8152 
5035 -9286 -7946 2285 -4104 -2265 -1871 496 -3369 -3971 -6184 2154 -1805 2531 -9960 6822 2067 1094 -4273 1096 -10068 -5865 -6090 -6285 3251 9019 -9946 9473 5688 -4315 1554 -3090 -1640 7387 9543 -8669 7118 2038 -1050 9023 5287 6231 2347 4902 -5367 3285 1003 -1478 -9634 6150 10068 2851 1147 -6323 8558 -4673 2566 -6084 -6192 -4036 254 -556 1492 5390 3660 257 -9518 8860 -7922 2288 -1829 5700 4 -6140 509 4876 -9314 
-3525 1082 -4794 4453 -1522 1052 515 -5548 6110 -9212 -6849 -8110 -9017 -9690 -9270 -6764 -2969 -5825 7931 -7292 -9794 -8691 -8048 515 5717 -3942 2352 1230 -5383 4635 696 -8909 -437 -1836 2557 -5789 -3841 -2309 1387 -7913 4187 -567 -4278 8021 2441 -6750 501 -352 1965 -4113 -2127 7578 -4622 -1628 -4662 -7061 6015 6762 -7672 5062 -6080 -4765 3521 -6431 9075 31 -1929 -6745 4047 -9551 -7252 2264 -330 8023 2760 5308 -3848 
-9342 1992 -3213 -5431 9197 7434 -1744 3865 -1036 3933 -8094 -3715 9744 2263 5742 -7062 5789 -2253 -2857 5660 -6184 -7146 -2691 6407 2769 -7023 4020 4787 -303 5396 -8793 -9893 5281 -7966 -699 -7520 7050 5296 8731 -5509 -662 10017 5836 5944 -2956 -645 4879 4698 -1050 4056 -1297 8897 -8825 7543 2883 -424 -4911 9920 6932 -6713 -6680 -2001 -4352 7349 4126 -2006 4208 5970 -5866 8652 -3094 -8085 -3540 -5139 8844 9069 3541 
8099 -813 9703 -1156 -2736 3253 -9902 112 -176 3473 -5202 4882 654 6889 8113 -7097 -6620 -9840 3104 1644 -1628 819 -4139 6533 -4571 -1612 6818 -9741 6660 4069 -2963 -6782 2119 5098 -4905 -2216 -5688 -9036 6615 135 -2451 -5430 6481 -4534 9232 6165 -1972 -6795 7083 3674 1245 3249 -4722 -5999 -9050 2327 -8929 -8867 -9966 8100 -10049 6518 396 -4981 167 9561 -5565 278 2341 -5698 8893 401 8639 4336 4165 -2390 -9459 
-3500 -9340 -1893 9769 -5911 -6496 5621 -7551 -4268 -208 7517 -7982 -331 8840 5300 8271 2121 -940 -2174 -2406 -9622 5946 -4402 68 -8418 -6831 4038 -7063 7889 9688 -843 1616 490 4795 9203 -7946 -5915 2812 -2601 7464 -3601 -817 -6793 1930 8172 -8217 49 -2985 -1200 -234 5778 8948 -3099 -767 4367 595 -8138 -7579 313 430 5517 7226 -352 -5844 4911 5407 167 -923 8819 2428 -5405 -1255 -3601 2966 -870 5498 -4830 
-9319 2078 -4900 9787 1395 2440 786 -8431 3686 6661 -1600 -1953 -5256 1373 -9251 -7381 2723 6191 2472 -851 7770 166 4621 -4595 -2239 4072 1807 -600 9552 2434 -7872 -8266 2985 -6798 -7613 5978 -2455 9868 -275 4766 -6384 7090 3192 -3933 -6107 1113 -5911 -2166 -8453 -6172 -69 -5500 3011 474 8227 5069 -673 -3777 -8111 7721 6455 -1142 7769 6630 7296 -1760 -2344 7357 3873 7967 -5508 -101 -8914 8408 -4227 -3326 -6365 
1218 1477 -3493 7325 -5408 -1933 -7967 7823 9967 -2817 7291 -135 -996 -7996 -9214 4106 -9780 -952 -7285 -5418 -9586 3559 -1589 5263 -1456 3391 8475 -7837 -4137 -8502 22 6577 -4062 1160 450 6140 1017 9383 -5586 -4385 -8945 3428 -7092 -476 -6417 -4952 -7352 9268 -1973 311 3076 6073 1347 -4925 -2553 -252 3433 3444 -8476 9930 -5897 -5627 -2400 -862 -6802 -3255 -1319 8970 -4436 6408 -913 -5303 -1629 3562 9340 -6831 -7254 
-4498 -9582 7159 5919 8676 -4384 5572 -6232 -3360 5492 -9828 -5755 -3583 9034 8001 3825 -4967 -1291 708 2529 -3054 -8719 7322 -2296 3001 9300 -8269 -4443 -8465 -760 6721 7919 -9103 6757 8309 7163 9182 -3287 4952 -1396 6432 -5600 1436 7133 -2376 -6893 9812 6834 -570 -5434 -6024 -2296 1170 1249 1918 6775 8863 6812 3397 2276 8145 -8124 5798 1048 6667 -4473 4851 8691 -5140 566 -740 -8664 -7015 976 4291 -2120 4131 
8958 6456 -10075 -686 805 2092 -4057 -2377 371 3784 -1615 -893 3400 1640 1928 7095 9516 7025 -923 -7205 1291 -917 -8770 3216 -2405 -7833 8796 216 -1856 4108 2925 4170 -5823 -5742 -2887 -329 6440 3462 5279 -7496 -2666 5454 -3501 -6959 -3187 8096 1949 -6108 -5790 1982 -3076 -4265 1958 7085 4998 6696 6462 3361 586 -9198 3412 -3282 5547 -6594 6321 9248 4929 -9548 -1647 -6042 1974 4619 10050 -8424 3341 -821 8977 
4058 -6560 -8820 2247 -1814 6446 5944 674 2893 -7503 -3285 -6409 -1844 9712 9236 -7263 2538 -1474 -1150 2224 -3257 -2365 -6087 -88 -46 4247 -4478 -8003 -9276 -4723 178 6267 1037 9444 -332 -3211 -7943 9258 -7993 2798 -3403 1452 2022 4351 2445 -2104 7188 -3703 109 -4091 4721 2052 -3068 -9925 -2963 -1851 -6494 750 -6089 -3392 5078 -6964 4428 1102 5531 6450 -707 9866 -9390 5636 -4020 8069 1252 -6982 -8706 -5363 -7369 
9012 9360 9238 1016 7106 -5737 -5120 -3560 -6911 -7999 -7911 5180 -6265 8366 2575 -9391 3414 9372 3273 6710 -3126 -2301 -190 -3615 -8593 2702 -6119 5876 562 3486 -6835 -6381 4590 364 6957 9663 2458 9935 1995 -8295 -9363 -1019 5701 9900 3434 -3400 2884 -6939 7257 5223 -6413 -7298 -4809 4497 -9920 -4929 -3174 9199 -8688 869 -5182 -2784 1301 8609 7923 -1484 -4561 -9174 -7201 4164 2680 -4884 3748 -4022 -7757 -1747 -1734 
-9254 7657 4190 -7169 -9736 6875 9844 5422 6613 -104 -1693 -984 -1308 7982 -1360 5371 4353 4756 -9685 5777 -6495 -5845 3646 4016 4176 -9815 -5230 5529 -9724 -1222 -9892 5780 -7599 -6933 7517 4942 -2417 7833 3580 -5687 -6530 8316 -2896 -7408 -6342 -1608 6689 -9277 5853 -7412 5155 -8957 -7608 5143 -8038 -5896 -374 3275 -7210 -3143 -7657 -1970 -5476 -3852 9836 -2886 -4405 -8534 -2985 -7013 4733 -6531 -9167 -3046 9424 2952 9985 
2665 756 5934 4086 8362 9593 7424 -9843 3711 605 -5907 2500 6310 -9880 -4180 -9408 -8007 -3082 -595 -9058 -9136 1769 -5324 3021 -8571 6996 -4609 -760 -2749 6399 -3521 -9029 8591 77 4181 -9596 -6325 6586 -6651 2624 -5542 -6666 8063 8313 -3753 8079 -1789 -8876 7414 10016 -9480 -5669 -5307 -912 -903 -297 8757 -2503 9267 -3519 -4739 3418 -4731 8285 5042 -8159 -8835 6665 -5978 -7272 -1474 7164 -2064 1229 -5026 7351 9362 
-4096 -6274 970 5629 -3499 3188 -171 1051 614 8147 9750 -9489 -4320 2421 9490 -568 7305 8097 -1454 7142 -7517 -8406 -9689 9109 -2976 -5784 -9650 3594 1068 -6633 1910 3330 7192 1144 -8324 -1105 4465 1698 1906 -4653 -440 9228 1996 5381 4799 6390 -4282 7074 6686 8463 -5440 4072 503 -9731 497 1018 5462 -9461 -6293 5983 -3778 7129 -4441 9383 2788 6486 698 -9011 4985 -8045 5081 6384 1795 7565 -9034 -987 7195 
6134 4280 -1258 3119 -6607 7584 -1708 -8025 -5333 -3584 -8382 563 -4607 -3765 -7344 -970 -8185 3915 8198 -9290 -563 -7584 -6625 -4971 2475 -1177 -6516 4176 516 -7377 -7663 5051 1853 -8105 -6805 -522 -2566 9341 -4218 8050 124 1267 -9288 -7064 5766 -6149 -5111 -3322 9203 8990 4414 -1824 -9197 -4099 9617 9426 -3414 5990 2390 5340 7236 -1634 3376 1860 6572 3236 1210 7251 6555 7302 4313 7642 -1456 -2769 7178 -519 211 
-2067 9265 -2296 9267 3776 -5605 515 1373 877 -8254 -950 9328 -6271 125 468 -6132 -5840 4444 8324 -481 -8596 8840 4679 3684 -9709 -1636 6894 -1354 6864 -2419 5297 6163 -8221 -4674 -7599 -8598 -824 6951 -5283 -9310 -5326 951 -7379 4673 -2964 7578 -6328 -262 -2830 8026 -9416 6856 4847 -3101 6032 890 -1595 6756 3491 7031 295 2166 -792 -3486 -818 4485 502 -4380 8899 -4070 6230 -8200 5920 7199 -6353 -6626 2350 
5716 3094 -8853 410 2212 3276 -1234 -5365 -6484 4120 -6998 -9539 -8252 -3627 -642 -7449 9862 5132 -7528 7919 -6236 6682 -6924 5325 6904 598 -8826 -2513 -7196 -497 9434 -2339 3968 3150 -5283 -8804 -4323 4901 5185 -8840 -8520 9334 9957 787 8316 -514 -119 -3192 9006 -441 -5592 10009 -1006 2709 8745 7587 3885 7944 2545 -7254 3091 -4935 -4041 5712 9325 5542 -8970 6111 10039 1637 -6131 8681 409 166 -587 -9610 -34 
-6761 3197 5210 4191 8260 -4639 -1291 6626 -9151 -2008 4317 -2666 9128 -5506 9297 -4702 9060 -3531 5828 5166 -4790 -3087 4231 6272 -8287 8711 -1887 4894 7630 -1838 -2357 8481 954 4488 -431 -9335 -2199 -1343 -4511 -571 2922 -7292 -8841 9149 -7170 -9751 3223 -5256 5253 8457 8969 4740 -9263 10051 2322 -9129 -10007 -951 -8876 -191 -339 9442 820 -2591 -6681 4146 10080 5548 -4422 -9974 -1783 9385 -4242 6336 9466 1636 2582 
7820 -8278 240 -35 -2790 -6008 5094 222 2763 3631 8921 -7723 5760 -8582 -436 -216 -429 655 3537 6050 -9628 7238 -434 -8638 -851 7682 -8334 -8903 -8598 4656 5161 5348 5129 -8797 -6356 7846 -6096 -9672 -8098 -9979 2675 -2062 5360 -3489 -778 -9311 -4329 2871 -6896 -9918 9756 7519 10034 8384 -5798 7355 -4267 7853 5990 5647 9356 -7266 1787 804 -5090 -4262 6330 -9471 9645 2293 7013 5075 -2232 2422 6836 -567 -8886 
6384 2503 -6001 6682 -4127 -6607 -4397 1532 8301 3499 -6106 -1380 4785 -8370 -5697 -4345 -6266 9412 -1807 3736 -1213 -863 -2299 5700 -2006 6790 3100 -2250 3759 -6091 -5278 4984 -1959 4949 -5872 9662 692 9314 -5297 7757 -4603 -7839 9438 8963 1827 -9227 -8944 -6060 -9869 6080 6596 6688 4346 -6634 1318 3326 8118 5233 -9725 -1933 -5597 5438 5256 -6278 -7923 -2708 -7793 8243 6412 8935 3430 6811 6587 876 -2309 8441 -5905 
-5422 -545 -8064 -10031 5850 5746 -9108 8301 -9733 8404 3632 -2484 9018 303 7770 -8796 5947 1481 -5526 4038 -5701 6239 8468 -3388 3983 3987 -837 -7840 -2609 -4917 -247 -4729 -276 9151 9575 -9771 -9477 6349 -5375 9311 -5196 -6212 -6899 -1831 1726 7825 -7643 -2614 -6402 985 -690 4887 -7316 6639 -5680 3784 7964 -1785 4995 3152 -5948 -7470 952 -8849 -9880 1632 -4108 8734 -9830 2458 8797 6715 9020 -3130 1842 1162 6459 
2095 -1058 -9499 -7048 9366 -9535 7405 -1376 6773 -7429 -546 -3513 1500 -3309 -1632 -6263 -3065 -4144 -1406 8793 5785 4032 7696 -9234 -1643 7723 -5661 4894 3105 -2197 7867 -289 589 -1319 5579 -5024 -3366 9231 -2666 5342 2532 10043 -3712 -7635 6933 7123 -9212 -4059 6833 -3549 -8059 2992 -4420 -5170 5094 -5703 -4656 -2425 -7821 966 -5525 1375 -606 -5023 3812 7781 2506 -9934 5395 7948 -2635 -9402 9932 5621 51 -4704 8117 
2341 -1487 -9611 3158 -60 397 -2839 7503 -5748 -4864 5409 -9598 6813 -9126 2069 95 -8673 5765 2833 -6195 -2433 9012 9006 1225 -9090 -5827 4252 -7121 9538 4542 9243 9189 1207 6355 8058 6420 9503 -7550 9616 7932 -4870 9526 -6311 8682 1320 -833 8567 2602 3434 -5770 7365 -699 -9292 5606 -8823 -8991 3427 -9463 3544 -9383 -1874 4534 -484 -9814 -9865 -630 9615 6584 -3005 -9548 -4057 -4385 6523 -1078 5466 8864 6462 
595 3674 -1639 -5055 -1344 -8609 -4828 3075 7766 -5562 2357 -9953 -3240 -1376 9666 -415 1621 6369 -8109 -726 -859 8538 6629 3545 -3268 -1396 1860 -1478 3556 -8689 4678 6385 968 7544 1961 5117 -8350 -2944 -4836 4945 -4516 -1197 -2466 -5196 3844 -3443 -1053 9187 4165 -7146 5962 -8823 8786 -3535 -351 -5883 -1885 -1407 1998 4284 3331 -7657 3014 -9888 3346 117 -1415 -445 -5222 -9021 365 -1609 2694 8068 -7889 6476 -1554 
-2619 9908 -1614 -7661 9627 -1803 3554 -8080 1496 -2375 2862 6701 -3268 -7330 1135 -4347 4068 -8028 3412 2784 -10034 6371 5123 -8231 -8137 5702 9357 4152 -6679 -3913 -9327 -9844 6395 2175 6254 8536 7501 -1466 -5196 1128 9914 2104 5547 1149 -6842 2571 2537 -8084 -1310 -2855 8327 -6676 -1358 -5092 9709 1231 -7975 6742 3343 6679 4600 -7996 1503 8110 9224 6926 9873 -6127 -5476 -2443 -8852 -1011 1332 -4015 3477 7617 -8711 
6033 9685 -9458 -1664 3048 2953 -7335 -2621 -456 -760 -844 -8694 7454 -9021 -239 9924 4657 -961 2379 -4956 -1285 -5348 1618 -6868 7685 9313 -6365 -1601 9769 845 -7110 7371 4258 7124 1191 8387 9991 247 2538 -338 7070 -206 7283 759 -6799 -1610 -7056 3520 1523 10074 4978 -9193 7387 -8455 -5249 5601 1443 2275 5537 5015 -5747 -2729 -2813 5097 4982 -9230 -3517 -8954 84 1546 -4703 -175 -1706 -7296 -5063 3026 6141 
-3122 -7447 -3097 5666 4655 -8760 9615 5499 -3032 -3437 3852 2081 156 1409 -600 114 -9080 -5365 3384 9260 -4319 1811 -3764 6411 -7376 1208 31 -7971 7092 -2974 3872 9939 7452 -3532 9640 -1471 -5374 981 -9306 2746 -309 -5034 7781 9722 -3708 5667 4907 9850 -6871 8934 5018 5800 -7696 6441 2394 8671 -4415 -1429 7877 5644 -5759 3747 -8873 -4582 4970 6623 -8439 645 -5924 -2175 6349 -1856 3240 312 -4899 6925 2083 
8284 5449 193 -3826 8210 1881 -8418 -6002 -1093 -9329 7856 1528 -8723 7294 -9945 3558 72 8163 -6636 -4764 -6236 37 -5201 6158 -1896 -9641 -6825 -9152 7066 1285 -2325 -4360 -9074 2183 264 1964 -5333 1451 4153 -1389 794 -1953 7394 7089 4051 -8777 -5104 4399 -9759 -3603 6510 695 677 8341 -5579 7026 3295 2353 -964 543 7888 4005 -8884 -1489 -352 2168 -5721 9410 -5847 -1317 -6772 8819 -2744 6951 3825 5052 -6287 
8010 8662 9024 -7860 1117 -7437 -2613 7685 2428 -5207 -7732 -9783 4016 -2480 4639 -9922 1123 9548 -3516 -8278 4225 3695 310 -1213 8129 2575 9482 9854 8147 -4925 3225 -8814 -6384 2495 -4427 5405 -7525 -5922 -9760 5680 -863 -4867 -3582 8813 4030 1142 -8413 -6986 2944 -4406 -9624 8890 3718 -7364 -1506 345 -5230 5155 -2873 -419 -5875 8336 -2665 -10002 -3983 604 -7616 -6502 859 2426 2164 -6009 -5405 -3605 -3303 6026 9441 
-4067 -6125 2814 -4186 8655 9867 -6641 -5786 -7630 -7944 -6877 -2439 7537 -6946 6199 5267 6733 4504 3930 364 6955 -9406 -7446 7741 584 -5690 2369 9972 -9470 705 8717 8483 -4173 3378 -4714 -833 -2115 -6216 1451 -2859 3549 -73 -9657 -2308 3528 5037 -4332 1398 9379 -2361 -4969 7898 4065 -9609 -1998 1945 -9093 4986 5253 -9475 -824 4280 9462 -9537 303 -7449 -10028 2488 -1990 3389 -4100 9068 1034 -8115 -8666 5212 -1371 
-1734 784 8961 -6254 -9419 5117 -7650 9063 5885 -8840 -2566 3897 -7067 740 -7884 -6975 1682 -9059 3172 -119 6266 -8918 6574 769 1260 9183 1453 -7658 4190 2730 6667 -8455 -8868 -8059 1673 2036 6525 1815 -6139 -6633 -1326 6095 5407 9045 -8024 4124 -2582 6504 -7933 10038 9726 -8884 9457 -9967 3577 4726 -8128 -9565 -7263 4334 7764 -9690 -5371 7790 8678 -933 1686 -4905 9658 -4508 -9167 7481 -4740 318 529 550 8910 
1102 6137 -920 -7108 -4288 -1761 307 1411 7280 2337 8516 -282 1953 8777 -7077 1156 -4094 -9569 4860 8705 142 -2870 -9730 -1405 7409 -4277 -9395 8330 -4453 -8066 -5013 9456 1309 -4971 3130 -2489 9337 3234 3837 -3542 -8493 5884 -7613 8296 6289 -3212 7838 -3479 -5380 7881 -2714 -10040 -852 -7315 2613 583 -4768 2059 3667 -3837 -9722 -7617 262 -2448 817 8803 788 -1718 -6934 6900 -6495 -9926 -5006 -6963 -1087 6340 -5643 
-4446 1017 5815 -4888 1888 4670 3081 -861 4622 157 -397 9930 4809 9267 7867 -9482 2868 -5986 8107 4740 -330 5869 6718 -4636 -5199 6193 1947 -6642 -2907 -7233 -7912 -8275 2477 9212 4744 40 8830 10075 -3255 -1767 4565 -9250 4207 -6608 8641 -4777 1965 -6142 1774 7576 -5034 -6589 -8816 4909 -9636 -1238 -1388 5606 -1106 2889 -5595 -7385 4460 -9216 -8854 2125 1901 1444 -7514 -946 7830 -9360 1800 -3215 6889 -6065 -9266 
-913 1505 1387 -7258 -7276 884 -4596 4989 -6987 -9285 -6288 3031 1064 9066 6174 7703 -3217 7536 3445 7971 7358 514 8782 6564 4045 1072 7443 4497 2487 8666 1866 4620 9648 607 4549 -5777 4995 8217 -6274 7278 6559 -155 -9898 4868 -9049 -124 3088 -4511 7101 3025 633 -9306 1289 -9988 -9770 -7449 4721 -716 9950 -7062 -5687 -4396 2120 6915 -103 2637 685 -3046 2883 -8945 -1253 6360 9663 -1955 -3267 -3291 -3028 
7405 9975 6093 -1402 381 8169 -6924 -6473 -2652 4525 2501 8974 -7593 2154 8823 9686 -8146 -5793 2672 -3532 7376 -9409 7786 -2766 -8432 -7243 -194 8164 4134 5869 1144 -10084 7846 7692 -3106 4783 5783 7452 9492 -1985 4244 -6385 -4918 -8860 -1904 659 7166 -9669 -1837 4284 4071 -5726 -10052 5138 5618 -2066 3238 -5521 9864 -6044 -7500 -4619 -673 -2972 9866 -8011 1899 5960 -7581 5129 5510 4980 -8651 -6063 8456 4838 2985 
-3112 -9268 5048 5529 7760 8889 -3108 -8531 6357 6622 -9275 -2548 2996 6138 -3913 8037 -3284 4118 -7185 -5958 -5111 10007 6362 -6231 6739 -6912 4868 -405 -6372 -2376 -5591 -2406 -2451 -9697 5517 -4599 -963 -2345 -2104 -2970 -1236 -9051 90 2314 1918 -232 3810 -7884 9871 9797 -8271 -8852 4750 -7845 -9066 2954 1518 9339 2023 6327 -37 -4119 -3356 -3349 2106 -8134 -4801 3871 6899 8961 2078 8719 1774 6934 4662 7333 2007 
-456 -6999 -4249 -8552 5548 5735 5521 7823 4554 -7489 -8392 2180 8765 -1524 -841 6525 5012 1873 8714 -6093 5470 9550 6149 8205 -4076 1565 -2976 8099 3956 -3794 6245 -5114 863 6703 -5965 7963 -709 -1941 4340 6580 8709 -4703 6031 -7829 -1220 -7442 -9332 6098 9285 -2942 3857 -951 -9516 -3618 -6079 -612 8331 500 -8988 -3919 5828 2811 1852 -8367 -9544 9377 -5681 -6349 6345 8758 -3992 -9638 4673 9911 4570 -8501 31 
-7333 6656 -783 -7779 553 7651 -10061 4704 -1017 -9879 1924 1400 -6005 4031 -2451 4325 -6310 -6844 755 -5800 -1276 -2232 -8023 -9662 621 -5400 -5674 4585 4061 1698 -5387 -3512 -13 8576 1397 2682 591 -7740 -6680 -8431 5695 975 -9145 436 -6059 -832 -8995 -2503 1572 -6566 4935 796 7532 -1198 -5984 2650 -1638 -2770 4882 -2107 -1913 4284 -3793 6917 7837 509 5131 5401 9508 -9807 -4732 -6614 9696 -7113 9431 303 -7276 
6171 5889 10022 -1887 -5776 -8335 -2383 -884 817 -1869 -1392 1136 -4556 -4771 462 3558 -6976 -6882 2359 1998 3278 6855 -4959 -87 -9100 -9401 1899 1617 -7051 2975 1367 -1102 4477 8953 -5427 5890 -3443 -7589 6362 -9792 2180 -5524 -3674 -3854 6217 6142 -2034 -8785 5146 -7473 5779 9832 -1255 7380 -1862 9761 -10007 -3479 -1003 3134 3157 8594 3664 -7066 -5643 -3199 6186 5155 5553 5441 9682 -1858 7036 -9916 710 -8106 -7323 
-6151 -3717 -9243 7219 8475 -257 8764 -2334 -687 4956 -8963 1273 -3251 -7725 -9760 3608 -4132 -8514 3060 5988 9029 8424 1098 -4427 -9915 8265 -6580 5275 8310 9511 -7570 7227 -4801 9839 -2318 -4101 -4553 -7646 7949 1338 7265 -9903 -7366 -7389 -1987 7587 833 6469 6013 -4558 -9607 9323 -5398 -6439 9353 8751 -2216 -4289 5513 -2314 1949 440 -9711 -4229 -800 -3842 -4545 9627 7402 7162 -2149 -2628 2889 -7078 -7333 7244 -1932 
-6720 5851 -2281 5494 8987 -354 3702 -3151 -1357 -5761 -4896 5046 -4499 -8126 4626 5498 4354 6803 -8856 -6304 6816 -1200 -5932 -7556 -6899 -9990 6722 7126 6431 -4874 -4136 -4668 1765 6372 7945 5762 -7769 -3834 -6333 4395 -7242 1091 4028 8217 -5651 -7610 -6919 981 4549 7538 -115 -8344 7940 7686 -7230 -680 4457 -9224 4770 648 2125 8798 9284 1909 -10027 8172 9994 -1627 -3933 -6654 4301 -9036 7731 1887 -6399 8228 -8852 
5661 6506 9072 7327 3520 -9342 -1357 -6986 9986 9807 7809 3112 -8422 2143 -5305 -4670 -6800 3672 7635 -6332 5224 7905 -2016 4695 -3334 9547 1626 -7041 8959 -1754 9090 5821 3155 2187 3890 2689 -5928 4327 -1847 1114 4032 -5037 1047 5397 9279 1725 -9072 -8954 9661 -9972 8431 -7952 -4853 2161 -7959 3345 764 -6401 -4597 5954 -4910 -9504 4996 7735 2904 3162 9416 9647 -8662 -1832 1311 -6591 -3323 1085 -4785 372 2067 
-6852 8481 -7031 2475 5769 5612 -1034 -2134 2550 2678 710 7574 5473 -1896 -848 8681 -8751 8681 5091 1794 -9211 8069 -4048 9849 9558 -9032 -766 4098 7254 -1423 -9277 9679 8517 -9672 1849 -3120 5019 4942 1973 1504 -8933 9345 -3809 6434 296 -2301 3360 -677 5060 -4269 1612 -311 994 3167 3745 6924 -2932 3748 -2381 7152 1839 9728 -4505 -5266 4171 -9763 3784 5871 9448 -1259 8643 6098 640 -7278 -4431 -1091 -3386 
3430 -3747 5522 -5481 -1282 -6895 -5714 -221 6879 8804 -1282 -2779 -5348 4901 -570 453 8868 -4688 -4607 -4826 1390 -9235 -686 -9826 -8198 6232 -4093 3437 -6491 -1246 -8666 3570 542 4281 -4194 3612 -1784 -8294 -7045 -7094 -8744 -1146 -5522 -8607 -8788 -4832 553 -2796 10 -5906 -8446 6916 -8956 1990 7503 6986 -6637 -233 3385 9342 -8714 9099 -4600 1706 5417 9089 1589 -9371 -3280 -402 7958 -9909 -9856 -6119 -7018 -6736 -7735 
-4006 2988 -4218 9231 -9450 -2009 -3779 9562 1558 987 4634 9367 -2554 -915 5369 1625 -9322 2344 6502 -399 9438 -7171 6022 9098 7216 -5678 -9369 2454 -6985 -3159 -8630 -5470 -3557 8182 -5118 303 -4938 7411 4108 -1268 -3461 -7530 -8852 10038 -1669 3040 2745 -8823 4497 -3841 -282 3489 -4652 6659 2042 8116 -691 -3969 7631 -2136 6733 1174 8593 8298 1720 -4362 7694 4177 -9729 6988 7465 9191 -6925 2127 -1625 -7461 -5283 
9054 8289 3916 10086 -602 5576 3018 8084 3310 8917 -7470 -9312 -9333 -8339 -9556 7151 713 -4739 -8720 -3750 -4214 -8008 7327 -8599 667 -1107 -1487 7529 7417 -3277 6175 -5946 -821 3897 -1103 -6902 -1329 9952 4873 -686 9268 2507 6091 -9621 -5042 -5265 9538 -4816 -5952 -8324 -3806 -2270 -9126 -1124 7865 2645 -1465 6904 6464 -4560 3251 -548 -6212 2074 -945 1466 -339 331 9787 -7664 -5768 -5014 2396 -7314 -7296 -9527 -883 
9129 5096 -7217 -2957 9643 -1159 8365 8359 -2348 -7549 7673 -2956 -4617 -3820 -9359 5090 -7133 -365 -6065 6239 -6127 -214 -1583 -7481 7316 -3134 705 -1669 2062 -9725 2747 -5302 7687 -1861 -4463 1562 9257 -1702 3894 3333 -6437 -7886 2680 -2225 6345 7227 9817 -6158 5880 -2206 -5496 32 -793 6393 1170 -6689 -4529 -8917 1756 2580 6154 1870 -223 -7738 1093 -3965 -7088 -9832 -3974 7666 -1516 401 3155 -932 9042 7966 -9533 
1107 -986 5039 -4910 -9448 -917 -8552 -9220 647 -2997 8947 -3320 -3768 8271 -9094 -3007 3236 -3475 -3964 8375 -958 -9007 -3800 2901 -3524 4836 -2050 -4727 -7193 -5240 5635 -3998 -4456 2750 7250 -1799 -8437 -7223 -8873 4486 4961 8250 -4031 -6336 -7356 -2439 698 -3074 5122 -2360 108 -2679 817 -2321 6324 9420 714 -3575 -5444 7721 992 -5103 7102 -3341 9775 -5944 8308 -4279 -2697 4544 2244 582 -9330 9689 1336 144 4197 
-139 -2020 -9184 4484 -7599 5152 8404 1262 4262 -4919 638 8604 4200 -26 4241 -5729 -6216 -5385 -1448 702 -2876 2930 -3016 -7648 -1057 7389 5556 9808 -9891 -993 -4973 -8371 -7316 -3250 3990 -1311 -9164 -3132 2732 -62 1506 -6517 -2158 9361 4457 374 -1694 -2499 -6292 -1382 1891 3329 9941 4077 3277 5643 -6467 -4061 -3755 6871 -300 -770 6568 -8687 -296 691 -2594 -1546 6631 4704 -6307 870 4443 -3850 4551 -9165 -1077 
-1884 5949 8471 3672 -2747 2994 -2046 9782 669 240 -1917 5639 2556 -5514 -8641 -5500 -5119 -2629 4000 81 -9354 2797 9883 -7102 4979 8887 -3956 771 -7139 7645 -4331 -4322 -3738 9610 9547 -4419 8283 -4783 -9364 9863 -8836 3323 -5853 1183 8734 7612 137 -7994 -9172 6445 -7730 8787 7114 -2132 -590 3252 -6812 -9407 -1883 -1652 4744 -528 5999 8242 -4784 9568 3901 -2092 -190 -8361 -7809 6448 -2446 1851 -7126 -9204 -1765 
9302 7465 6387 -9156 5919 635 101 -869 -5362 5436 9117 4474 -3963 5669 3213 -10066 4462 3620 -9340 7551 2535 -4837 4505 -3789 -2368 -4666 9668 9489 -9046 2255 9584 -9213 -9648 2436 4466 9546 -9365 -4603 -7906 -9051 2945 8726 -465 10058 -8942 -8619 -3437 -9400 -8623 3346 -5248 4480 -1314 -3822 4589 7912 4851 3362 967 -2390 8828 4780 7817 9841 3372 -1039 -4496 2755 -6053 9693 10033 -5738 -6498 2744 -9459 14 -5689 
-4601 -2746 7639 8555 5335 -3318 8922 3981 -6056 3756 4933 -7231 -1589 -6396 -5481 5429 -6829 6398 4962 8517 9506 -2143 -8428 -1419 -2705 -8999 8146 -558 462 7833 1112 -3838 9525 -476 777 -7221 9965 4867 -5328 -7582 584 -1716 -2445 -6046 -1315 -6406 -9594 -8819 -8786 -977 2211 -2209 9350 -225 6862 6877 -6681 3062 -748 8260 3541 7723 8739 -1885 -512 -2977 5766 -10060 -3285 7141 -9313 6266 -318 5242 -652 -4224 6253 
-6410 9843 -4500 -2137 3567 3745 -887 -5603 -622 -8736 585 4685 980 4456 -69 1269 -9532 -3891 8947 -5047 -2666 -3991 -397 -4516 -1130 -9187 2673 5693 3783 4046 -3648 6432 1329 -2899 5222 -6440 -6047 2865 -4418 -3331 -6224 -6937 4299 -8372 5385 3092 1178 -7842 -4613 8728 -2092 347 7154 2695 -8240 6029 -8538 -3393 -6784 5293 3482 4744 -2451 -4135 -2371 -8709 7028 7519 -9376 6172 -2283 3533 9158 6415 6269 -2897 -7359 
71 -3796 -2883 9303 -2426 8784 -6549 804 5989 10069 628 8469 -2767 -7229 4364 -2812 4758 3934 9831 3858 672 7222 -9178 -3413 -8933 -8526 915 -9781 -9414 4766 8657 -3096 -8090 7448 5151 5961 -6541 -1422 7324 -988 -3133 7458 5781 -9226 8105 -2173 -7306 -5328 8255 7640 -7164 9762 -5881 -9485 917 7243 2378 1850 8319 9968 6725 9672 -2758 -2248 7508 -5438 -9588 -8734 -185 8698 -2363 -4674 -9073 -5686 -6428 -1647 1988 
9470 8895 797 -7839 -2641 7139 -6431 1805 7326 -8230 -3840 -7666 5371 8512 60 -4970 159 -1885 4640 2839 -1177 4048 -8655 -6517 -6597 982 1938 -368 -93 -3320 -1851 5348 -5826 5298 -5341 444 -3269 5164 -6526 2115 9552 1089 -3710 8085 8066 4258 -3518 -3250 -1784 7476 3956 1837 6772 -6081 -2190 5216 1510 5856 -4606 8901 -519 9053 -9711 2048 3402 4081 -8901 6241 9014 5892 -122 4458 -430 -405 4528 997 6580 
-4700 3580 -5976 2124 -7848 -650 1484 -683 -8546 -6147 -1210 -875 10061 7903 6046 -661 -8699 -9368 -6164 -2006 -4009 8718 -10043 -9826 529 825 -6560 -5065 -5608 7898 -5573 -753 -9952 -6128 3048 7715 2523 7352 -9336 9505 -3011 -4745 8899 2534 6161 5641 2620 7960 -7940 744 -339 4456 -3412 4064 2766 -9561 987 8634 5934 8127 -9650 23 9229 714 -608 -1291 -5722 -1147 4264 966 4506 6075 -7752 -5663 -4978 4459 -1415 
-201 197 -8216 5289 -3119 -3580 -3312 1985 4608 4526 3481 4999 -2926 2301 -9025 4731 2232 4317 -3692 -7903 8562 -6787 -7546 -2504 5067 -9900 5602 -4334 6055 5247 -8694 -342 -6132 -4097 -6145 -1947 3785 5296 -5226 -2591 -4679 -942 4401 -4012 -385 -9183 -4794 1939 -7267 1751 5130 -7765 5463 7072 -319 -2717 -8289 -2 7949 8396 1387 8247 -9009 -5782 -6025 -9296 9789 -2600 9010 -2595 -2282 6607 9284 -2925 4881 5898 9324 
-9659 -2278 5803 -7433 5814 2650 -2181 212 -4589 788 5628 7575 5421 3844 1862 5549 -5636 -420 -8675 8174 -2105 3011 -1309 9889 382 -1486 1333 7898 -1913 -195 8929 -9493 -9039 3724 65 -136 -7961 2406 6523 -8898 4948 -515 3934 6879 294 2697 -2143 -6493 7987 4010 -947 4391 -7121 5847 -4728 9362 -1309 -6820 -6345 1662 -2500 -9661 -5315 -8103 5171 8301 3381 2081 5559 -3689 -6030 7527 2146 -3998 -10031 -9454 -7725 
-8682 -5237 8191 -5435 8079 6158 9030 -3140 -9756 -2653 2651 -2879 -2140 -9400 8543 -5065 -9724 -5895 -456 535 7086 338 1473 9954 -1733 8229 -3584 -9727 -5112 5352 -3375 4846 -8081 -163 -9026 3224 -6854 6809 6695 4406 -709 6571 1094 7320 2305 -5609 6207 -6956 -6281 -7026 -5402 -610 8060 6752 -10053 -3146 -128 1839 6727 5810 -3913 7529 -2524 3523 9316 -8134 -1244 7174 892 4210 1438 2166 -8385 -5734 5351 -3354 -1842 
65 -6018 2607 8962 -5514 9851 9832 -6865 9980 281 -7794 -2473 -8281 -6140 9102 4691 5198 -6656 -1631 -8728 -4547 492 -9925 -10062 9170 4427 -4278 -2995 -5775 10017 -4135 1397 1956 3707 -5751 7954 2790 -6309 8149 -5376 2404 7560 1899 -596 507 7771 -3556 4738 -4604 6944 3773 -2699 9819 1732 3575 -8742 -1969 657 6187 -8339 -7132 6490 -3786 -6310 -7576 2121 -9941 -8161 9888 3214 589 -1759 5547 -5663 4110 -9429 -1906 
-1852 7979 4727 -8566 3146 6677 -315 9666 -6096 3384 1796 -8512 -9042 -4840 6838 6719 -517 5542 4871 -5697 -785 -747 4382 429 -2391 8487 9730 -5266 5243 -3248 -6471 5589 8092 650 4830 -9133 1769 -591 9323 -47 8735 -5339 717 2418 -149 1517 7509 435 3490 -2189 -5818 -4572 -9847 -1554 2331 -3629 -1465 8650 2461 9119 8563 -6100 2019 4420 -8097 607 4289 -7890 -734 -6345 9690 7108 -2735 -8547 -8054 3442 8400 
6894 -2093 2165 -978 4983 9114 1431 -9405 7842 9645 613 -4182 -3136 -123 570 -6401 -9603 -4634 2196 5450 8396 -4141 -2104 -9879 1132 591 -5175 6651 -973 -6020 -7662 6634 -7896 5011 1040 -4923 -1683 -3011 -6353 6031 -2748 -8811 3924 -2823 4997 -8877 1728 511 -8421 6437 -7637 2626 6312 6438 -3846 1184 -8037 -5768 -8499 9829 8957 9328 -6515 1063 -3547 6212 908 -4622 8496 -3271 3059 3281 -9121 5601 7833 -1274 6670 
3354 2222 -4484 7638 9233 -8182 -825 -4637 6983 -5023 1005 -1376 6520 6947 -5680 -7184 -2079 312 -8254 4853 -8133 -1920 1673 4289 -4901 2062 30 -8965 8606 -3079 2732 -9028 1399 5067 2403 6785 -1563 1357 -5172 4315 8370 -8341 4222 6788 1073 5028 -3265 -2104 4327 5732 5991 2028 -5919 -573 -4695 -1697 7017 1389 8598 3392 944 2616 9055 -8897 -945 -4917 3861 3068 7571 490 -462 -9607 8264 3642 4149 2579 -2673 
4806 -8353 -5866 -4441 -241 1978 -3304 8464 4875 4606 762 -1180 -2707 401 -5034 -7841 547 1534 -6777 5332 -507 -4302 9769 -3446 -4151 2832 3587 -2722 2034 -8871 2385 4449 153 8435 -3915 -6086 831 5596 -1470 -1670 8776 -3534 4706 7082 2243 4875 -10025 -8690 9527 -6628 -2096 -6889 7433 -9435 6007 5549 1902 4800 -6004 -3085 5477 -7644 5465 -4629 1559 -2338 -1202 -7941 -2154 6889 -1739 -7073 -1292 7411 -8930 2312 1225 
-1407 3866 2529 6530 -7866 4944 -8784 -3728 6587 4820 1327 -8023 4035 -3687 -9529 -4055 -9023 -4069 7782 7969 3467 8284 115 -8180 -8693 8391 2053 -3057 -4022 -5118 80 -185 -5981 181 -8712 8714 -6812 -3872 -6324 3459 -503 9343 -3133 -985 -3426 7427 7600 9153 -7925 -3188 4324 6772 -682 8978 -8626 -5473 -5739 2661 -3045 -4026 7632 -3354 -8493 1523 1905 2183 -2961 5784 4416 7681 7869 6062 -8246 3810 2949 -8925 -8949 
1881 1279 -8212 5073 -3321 -2697 6147 475 -8199 6591 -5209 -4736 2917 -2019 -3646 -778 4068 696 -6444 6148 -8773 -878 -8535 -3684 3616 -3174 2306 -4247 -6759 8356 -4614 4977 -2304 572 7736 -1287 -7804 8457 981 9942 -9873 8830 2998 -2352 -2739 -7959 -2487 -9813 7897 4368 -7158 -4478 -3360 6899 892 6749 -9527 3429 7706 1653 9171 699 5121 2855 4943 8518 4862 3112 323 -3310 -7252 6328 1841 5038 8082 -1522 -1868 
-4927 8450 -3735 6253 2314 8363 -3426 -7267 -6559 7511 -9161 9485 -8794 5288 -1303 5229 1354 6464 -2488 118 -660 888 -8341 -1246 -5650 -2555 -2853 6632 -7344 -5219 5449 5634 -2978 -2135 4531 -2445 -2628 -4942 1629 -7704 3496 -8519 -8478 -9434 -304 7769 -9494 7944 -6584 -1707 -5076 7185 9286 6369 -3117 6560 -9804 -6086 -1168 9059 5274 -5886 7939 -3156 -5847 -2335 -1596 2816 9254 -944 7286 -274 402 8199 -7811 5842 5122 
-4809 6969 9771 -5812 -4410 -2775 9699 -2166 -5150 3067 8238 -8716 9011 6883 -7667 2332 -8543 3124 -7464 -3815 -6617 -1826 -3740 -7174 5850 4790 -6766 1245 -7543 6678 5759 -4562 -6014 5266 -610 4973 9647 1066 -138 -7330 -9952 9312 -9271 -9857 547 7506 9625 7597 3789 -2198 2675 655 5904 4105 -7012 -1829 4706 6734 2254 5607 -277 -1327 5871 5965 8873 2881 -9497 -3214 -84 -2025 2487 -2620 -4741 2705 9269 6931 7742 
3899 9337 8679 6049 -6490 6833 5043 -9255 -1877 -2187 3815 6372 -4503 -9254 5471 -3245 -2362 -8986 5443 -1477 6835 922 -2160 2367 -2858 -8729 4638 9514 4952 5393 686 -9449 -4751 8583 -9130 1743 9286 822 4618 2940 4712 -601 6700 -9170 3260 -8447 -2107 3535 4274 8751 -2676 -8822 1669 -5161 -8661 7389 740 8112 2484 9647 8483 -3043 -2547 5909 539 -8656 5262 896 -7901 9672 -1188 -4696 8005 9144 -7321 269 1031 
-3463 369 -9038 -6254 -7917 9328 -2358 -2920 3487 -7284 7939 7384 -9367 2074 -132 -5261 -6240 8530 5791 -7668 9843 9929 5008 -501 1545 -4526 9099 -3272 -5459 -2817 -1466 3484 -8463 655 -5689 1648 -6045 3446 2068 175 7742 -1377 -8526 1673 1203 3041 1360 3435 7471 2169 7408 8207 -3971 -5216 2109 2555 1531 8308 6798 -770 -5151 6088 -1843 1930 3382 -6534 -7795 2523 1028 -6528 -759 3821 -8555 1786 7452 4927 -4678 
-1567 -2111 1479 7267 3511 5898 4550 -9023 -8865 336 -4651 -8808 7056 9045 -2920 2040 -867 -6780 -5524 795 8961 59 -2094 9374 5129 -9340 -6764 1934 5724 -1744 -6358 3396 -2921 -729 4643 7194 6294 -779 -3326 -2861 4513 4453 7305 -2542 -337 9552 -501 -6985 5923 -4993 9534 1971 3336 1406 309 998 8404 8334 5432 -7209 -3909 -9218 9768 -3222 -6848 3718 6366 6039 7229 1574 -9874 -4403 -5934 5470 7279 7384 -9906 
-9176 -4097 -9280 4421 1997 -1643 6239 -4536 1155 4584 -6031 -736 2165 4802 -7840 -7189 4356 4126 -4700 5678 5369 5244 2150 -8867 1632 -2072 6948 -239 3275 6140 -964 6733 4490 5553 7882 2556 6742 -1445 -1266 936 -366 -9426 -8036 3383 -6136 -8871 5830 -3460 4786 -5928 -6634 3747 -1920 6731 -6921 -2527 4456 8651 -2870 9071 -1718 2749 842 -9879 4930 -2748 5231 -7730 -6073 6987 7286 9231 4629 2842 4468 6808 1524 
5875 -7067 4689 -4523 -8718 -854 8566 4317 -3872 6925 -7023 -8277 2972 6456 -3156 -7131 -9097 -3048 -8620 -3662 -2870 1572 -8465 7876 7244 442 2738 5755 -6392 3029 -1043 4515 9183 543 -10081 -315 2535 -2800 9591 4888 4638 -1059 -5271 5594 -5014 8428 5735 10009 -4082 5437 5676 -5544 -8572 9787 6233 5107 628 1625 7591 3812 -3459 -4334 -6794 -5306 9628 -3051 1651 -2091 -9058 -2834 -5628 6393 2645 -3730 -557 7234 4508 
7089 -4436 2649 3608 3330 -1910 -8857 -1317 5620 2345 -3795 2971 7024 9714 10053 3632 -2285 -7523 -5199 4129 -7341 -8017 -405 -6480 2429 -8792 4445 -1613 3734 3232 5512 -7999 6923 7350 -5240 -1154 -913 -7677 -2734 8144 5476 6613 493 -6751 4575 -4643 -3905 -1608 -1429 5359 210 1734 -4461 2268 4539 6684 -8340 -1568 -2806 -7733 -2845 -8991 -5154 -3449 -8449 -6710 6131 -2914 -9333 -5915 1796 3483 -5888 -6265 1577 7845 874 
-7887 -2302 -4196 -563 -1492 1360 -3161 3738 -3945 1441 -7007 8643 -1036 -4549 2745 -9651 -8884 5133 -8134 -2400 -4709 -4076 9429 5659 6651 7230 9948 -765 8713 -9550 -9987 -5258 -9411 1995 -6993 -6753 5359 6071 6207 -7768 -3618 -10060 -6086 3106 -5780 -3146 5833 8319 -1985 110 4776 -3033 1106 7346 9514 -6999 -4106 -728 -4208 8142 6173 -6854 -2609 6380 5719 -9186 9532 8121 4499 1518 6436 3264 -9836 5061 -2944 -2198 -4257 
-1920 3668 -5055 918 -4410 -9573 2826 6808 -3739 316 -6478 3479 1015 3189 3234 -5576 5667 -2842 6660 6254 -4700 -5866 -8518 -5253 5755 -4430 -10025 -1278 -4801 -616 -158 7071 2535 -7046 -9887 -9099 -8912 9363 -3957 -3252 -3225 -6976 -1696 8856 -6094 -4505 -10081 6042 7399 -8946 3648 -6761 -4030 -6800 8827 -171 1046 -185 4630 -1780 -9920 408 3448 -9200 -4630 -5898 5961 5484 -2599 8549 915 -6711 -3611 -5295 -6713 7463 1080 
6728 6777 879 2484 -1951 5794 8758 -3929 6654 9651 -9214 -3686 9538 2113 -6297 -2154 -4509 -2482 5846 9040 5739 7046 5883 -5036 2645 -9516 -8761 -4494 -8020 7193 7906 -7139 -4228 5133 -7134 8383 -6187 -1587 2393 -8997 -7433 -2629 -4954 3448 4849 851 5366 -7302 1201 3110 6592 6795 -4298 -63 -789 3397 8665 8317 -5109 -6158 464 -9295 1666 -6546 -148 -4041 -8101 -2736 3864 4749 -6889 -4858 5878 8991 306 5749 -5488 
-4883 7839 -8436 -629 6444 1630 -5201 6656 1469 -4045 -4848 -4281 -7044 -580 9664 3876 7211 -2265 3884 3194 -1441 480 9587 476 -4289 -1300 -90 6472 8804 5937 9670 5613 -2242 -6813 4519 -840 -5814 -7691 6221 117 4466 -291 5850 2634 -1430 -9572 350 -3209 2541 5446 -1252 -6520 -5191 4198 -1335 6943 9470 7812 -6757 -6098 4500 7104 -91 -7097 -9995 -6779 -8955 -8983 -6832 2089 -9607 -6344 8633 -6291 -7670 6169 -2358 
-4099 5648 3857 4261 -3203 -3878 7460 -8973 -3673 5310 -8845 -2484 4096 -7135 1648 393 -4614 -4307 6750 -5112 4608 9190 8041 1532 4246 5306 -4463 -3054 2328 1426 -7163 -6872 -3116 117 -6622 -9401 5651 7141 -2886 3958 3751 -8554 -992 5109 2373 4297 -8707 705 -364 -4930 -1946 420 -4177 821 6077 -2983 4549 -568 9677 -5030 7718 -1837 8452 -1423 -8331 -2313 7554 4841 -1745 4155 -8355 2627 -7296 2039 8440 -1278 5979 
8572 -261 9123 3514 -1271 -7324 10076 7037 -5115 7929 6281 4728 -7688 6708 3040 9695 -1126 4248 7481 7015 -6108 -1142 2196 -9903 -6498 -1021 -6382 -3010 -338 -1432 -7985 6937 7890 8139 986 -4679 -10050 -6109 -5029 -5782 -6383 -704 6383 9113 -4735 -7433 2363 -9739 -7606 5485 9949 -704 -1449 -1649 8599 7807 2705 532 -1581 -972 -5632 585 9127 -10020 -7968 -6582 -2710 9348 -7924 -2689 -5888 -6940 -1108 -3313 9748 -7424 -3524 
-4610 5926 4090 4187 -6149 -283 -9189 2178 2284 4809 1893 -2779 9080 -9538 -8106 -8023 -4466 7691 4043 -7037 -9223 -4338 -7317 -1727 -3108 -1012 2846 5180 648 -4272 4283 -8611 -3406 -5850 8318 6845 8179 2164 6707 5882 -2606 -6407 -142 -3466 5963 -820 -2201 -5411 2119 -4749 -175 -8064 -6268 6691 9112 6960 466 6464 -9451 6769 -2864 6245 3106 -8338 -469 -9539 -3793 -797 -8450 8135 -6374 8563 7519 -3654 -7309 -4791 5689 
9915 -4991 3827 -5319 184 9753 7675 5413 -875 -6628 5572 1035 721 720 9681 4648 -9197 2956 -5550 -4284 8405 9716 -726 -2710 -4486 -7547 2514 10035 8424 8339 6174 -714 -3533 3965 2906 4660 6171 8821 3964 -4294 1721 -523 -8746 7573 5692 -1564 -4293 6620 -3484 2413 -4278 2008 -6188 -5612 -2704 806 3911 1934 9865 -6266 -1091 4490 5062 1355 8751 -3122 6892 -6017 -359 2672 -80 -138 -1052 7602 4578 -10049 -9284 
-7136 -2934 -6666 2532 4220 3750 -4008 -2826 -9769 -7020 -860 -1400 684 -5878 -8033 -5214 -3183 -342 -8571 1451 -6065 -7190 5460 991 -4933 -3498 1234 9426 -2623 408 -7806 3542 56 5111 6350 6072 3255 2074 385 6439 -6730 -4467 10068 -9986 -2928 -4357 -9188 -9467 3890 -5710 -7480 8193 -5659 1613 7700 -9864 8815 2410 -4916 9768 -9540 5644 -2556 -7569 9022 -2159 86 -1273 2739 4169 -4890 5521 -6584 10081 -1787 -9861 2193 
10076 10004 -6808 4388 7100 -6511 10054 451 -5172 -4802 -5121 9374 -6233 5678 -6966 2077 4719 6866 -1452 -3653 5307 -2708 1118 3495 -4281 -115 3009 -510 -6230 -4604 1647 -5658 7377 -805 5961 -4762 2231 354 1146 8890 5019 1982 5925 8367 -8043 -3723 8806 2205 -8889 7439 8547 -3556 -1861 -9332 9252 9297 -7482 329 -6710 -3536 -9212 -9146 6325 -4994 -9203 -974 -547 -4189 5958 -3879 6743 4143 -788 -8294 6212 2523 -205 
-2413 6379 -3575 7156 -4391 -4725 -4768 1018 2934 -7973 -959 -9319 -4420 -8050 -175 -9709 4535 8603 -5576 -1511 -7356 7837 -8687 -3794 2529 -8882 -81 -9034 4415 -4455 6384 7653 7852 -4090 -6185 -3254 5167 -5054 -4588 1884 -8898 9848 -6506 4097 -7220 411 -4616 -9554 -6212 -9470 -9493 6512 1501 -5650 5322 -6353 -4336 -10032 6813 -5302 -2994 -2265 -8509 -7003 9584 -4365 -5530 -9610 -1537 1057 -5965 -5954 2067 3362 -2151 -3875 -8581 
3962 -1973 9484 4889 399 4917 -8785 8461 8603 2269 7037 -6514 4780 4217 4704 -9414 -2099 5841 -4417 -1958 2694 -8320 -6026 -8168 4283 4548 7538 1646 -1259 -2126 8006 9976 6255 -1321 -460 -4690 9061 -5650 8926 5629 2576 996 -5182 3014 -7191 -8306 -8335 3665 -1239 -1813 8508 -619 9061 3760 -9631 8220 1905 7930 -11 1038 -8945 2890 -2432 -9534 -1652 7901 1100 -9424 4726 -6507 8984 8562 6992 -5104 -3190 -6716 8906 
5163 -4270 -2157 -8411 4567 4779 -943 904 4795 -3949 7463 -9425 4389 -7922 7925 -9266 1949 -3980 6162 7309 -9568 3996 -3658 -5147 -8994 4855 888 3396 -2255 650 7060 9184 5538 -1081 4781 -5133 7754 -8042 8511 5413 -5497 2844 5027 2956 -8858 -3517 -9279 -7067 -3918 -8432 -6204 6675 7879 4341 6548 -7502 -8132 6441 8891 4502 7708 624 -7821 -5824 -8251 370 4674 -2598 8401 -5174 -7498 9339 6052 6231 -3072 5799 -8273 
-4268 -2792 6869 -6556 4391 8105 -3199 60 2756 -7701 3246 501 6786 -1809 -8754 8441 9752 -5890 9334 4172 -9336 8877 1208 122 -8874 -160 7069 6642 8158 -9974 2931 -4315 -8801 5955 -756 -3764 1201 -699 144 -8990 -1727 -4294 1506 9810 -8829 3839 3249 4932 -6556 -3913 -4134 -3228 -8750 -4230 -1331 8386 -3069 -6386 -8438 754 805 3836 8 6160 7879 5260 1016 -1135 -6759 -2005 3896 5679 -4002 -7136 6098 -5731 -9040 
-3445 6520 986 -2848 1523 -1691 -8603 8935 2850 2223 -1419 -6003 1170 2393 172 -7838 -3175 7116 -7709 9542 3071 -4758 3115 31 -1589 -1309 -5056 7341 -2140 3526 5153 -320 5163 6277 6362 2545 1507 -7056 3847 -712 5506 6203 -4287 7051 -3313 8619 7238 800 -5409 6309 -2165 2202 -2041 9884 -648 1338 9313 5486 -6891 -6656 7931 -8394 -1751 -8756 -7446 -5105 9591 5468 -666 9658 2889 4217 9902 4369 9283 -6915 -7982 
5344 3222 8143 -3807 8018 -1792 7964 -430 -4574 8710 -1665 -6776 3724 -6123 3518 9954 -5040 -9352 -4606 5136 -2269 3742 -8351 -5096 -3476 5823 -6038 8158 -5385 -2352 9165 6192 -6706 5957 -2249 -6932 5748 -4056 -4881 -6162 4122 -2044 5853 6375 7106 -7598 1481 9675 -1944 -7798 -8659 3614 8697 -6226 -5625 -9733 2045 -3541 1718 5996 -8745 2828 1817 -6678 -1683 2424 8129 -8212 8467 6760 -4849 6139 1408 -8894 -7196 -1028 -1578 
-8087 -6142 8687 1618 -8925 5441 -9839 63 -9652 -1499 1376 -4308 -7253 6129 -8459 -600 -9664 8419 5016 5323 -8083 -5243 8550 -5287 7629 -2825 -6050 2034 2585 -2293 9886 4337 9770 -7584 -3489 -662 2266 -1943 -5302 -8477 -1475 -6335 -2954 8471 5083 8785 -5067 -4781 5463 8248 2588 -455 2327 3317 -1537 -7276 8114 -9854 -4485 -389 -4627 -247 -1585 266 -4525 -5944 -6617 -497 -1685 -1992 -3866 7260 1671 9874 -3820 -4654 5809 
-6938 4370 -6099 7104 -3644 9019 1432 -8952 -8568 -1444 1536 -1248 -7394 -8733 1175 -175 -3584 -6643 -9881 -6602 850 -6175 -5494 -7493 7191 6874 -5028 2362 -4521 1403 4307 -9638 -1942 6177 2808 -6756 5072 5192 3609 849 -4208 3292 -9758 -10073 -8568 -4013 -6031 8257 -8623 -8814 -4338 2819 6797 3297 -9964 -2011 -3038 -8385 -2744 -812 -2819 -8199 6629 -2755 -3519 -2558 1258 3729 1635 7471 -4378 -2539 1583 -3282 -1702 7832 7361 
-483 -1015 1156 8650 4536 552 -8675 -9407 -7007 -7307 -7421 7030 2347 -2844 9317 -9028 -9214 8567 10027 -4248 8563 6195 -9438 6851 -2721 -7524 866 7196 5017 -8194 -1296 -4956 7495 -8499 2041 -14 -7932 6383 -7359 -1115 -851 2340 -4637 -7642 8098 8907 2637 -9419 6941 1788 3316 8725 4585 -2979 2797 -3767 -1735 8461 627 -630 5957 -9842 -2793 -5237 -4651 -9543 -8681 -1782 -7102 -8492 196 -4888 2232 2324 3153 1578 -9641 
-3573 8520 7754 1681 3212 5742 5139 -699 -921 7345 5029 -5714 7620 -4426 170 7680 -2189 -7083 -7276 -1765 -4125 -1638 -1055 5412 9397 -2488 8327 7674 2011 3783 3800 -7179 -5208 6811 -4131 8118 -2365 -3490 5390 -1692 2817 6828 -8955 -9709 3884 -5441 -1098 -2869 -7638 -9734 2348 6513 -747 -5363 1171 -8704 8073 9812 -2391 -653 -3984 -5201 -1289 -8361 8216 -2194 1600 5189 9215 544 2536 9172 -8720 -6006 707 6353 5385 
2427 3397 -6349 -2199 -9799 -2317 3572 -4343 -6890 1053 7960 3147 -9394 2430 4882 -9438 1335 -6365 5693 6091 -8435 -5552 -6954 2923 -3356 2674 9261 5037 -1986 5503 -167 721 -6024 5861 3664 -399 3660 -8368 -371 2150 -1797 6947 -5586 -8693 -5115 -4211 -5235 -5533 -8095 -1850 -7458 -7938 -4973 -7493 -1717 823 -6100 6365 -7513 9776 8802 -5820 -7711 -3288 -9055 -8553 3126 3980 2015 7659 2604 2164 7696 3223 -1109 -3721 -5488 
-1550 9218 -5159 5716 6758 3757 9610 5566 6793 8297 -4003 -8247 -3643 5908 -1242 8246 -4663 3126 150 2111 5968 -9400 3812 -8374 -2638 3977 -2495 -3811 -5345 -349 1573 2728 -7700 -4190 816 2735 -2286 5153 -313 -3472 -4329 -8761 7542 7621 -5771 -1731 9941 10056 -7863 812 -1502 -8276 4112 8191 3860 506 3510 4773 -6243 -8681 7466 -1883 2531 -2003 -2105 2106 -610 1946 1731 -3630 -940 8449 6933 -8851 374 -328 -7262 
-6213 -1171 -3925 5409 -2126 7917 2371 -5616 -6335 -2961 4857 2167 7766 -3095 527 -4808 3884 1636 3585 2633 6602 5122 5369 5911 231 -3688 1384 -5783 -7670 6763 -686 -1792 8782 -4624 -5200 -2729 303 -4369 8694 -953 -5107 2012 -7360 -7930 -9163 476 -6771 1244 -5114 9656 5124 7061 -3231 -4327 -2695 5313 1918 -233 -8102 -9569 1964 -3865 3068 6179 141 -2080 8180 8315 -1444 -293 7692 -3448 -2395 -4962 5733 3037 -1240 
4298 -2458 -7779 -3029 -5179 -4013 -8487 4806 -5495 1391 3052 3265 8571 5381 -5487 1461 -7751 3894 -9589 4662 -2464 2672 -9197 3352 -7448 -5376 9289 511 61 -7145 6031 -8439 -1831 -8216 -2221 -769 4531 -698 2218 -7278 -1622 -6697 -8304 1612 8823 3607 8538 -3905 -762 -5550 -6313 -7031 5367 5367 -9222 6846 2600 -7099 -1263 6947 -4107 8065 -4151 -4454 9841 -7740 -1872 -8632 470 2507 7914 7779 -2294 -4568 344 -8893 -810 
5130 6987 6786 -3329 -4347 7374 -8658 -1637 -7126 -3917 8572 5157 -8266 3641 6012 -9487 5120 -9496 8979 -9842 1398 -9295 -8113 -2720 9178 -6865 -3510 2569 -9827 2137 -3587 -6318 7897 -6829 -7077 5134 4260 -1226 -8228 4538 -8878 -7869 -8301 -9680 -3520 -2716 -5437 -2407 1648 -3563 -5870 3776 -1120 8943 7297 1496 4550 774 -2775 7594 -3589 6140 -2731 -5668 7184 4966 -7018 9223 9733 -6358 4534 9728 6101 -1885 6952 -6892 6795 
2385 2659 -9156 5603 1070 -727 653 -6930 1098 -9987 -6904 2162 -6725 6220 -6639 2099 9465 6957 4801 -790 -4345 -8058 896 -5290 -6464 5432 -4026 -1636 -2409 1455 6726 2727 9180 396 6368 826 -1129 1225 -9707 8911 5356 -3778 -2274 9264 -2045 7819 -5738 -3976 -7331 2580 2283 9376 -5577 -2405 -3076 6132 -9276 5862 2542 6343 -7490 -3335 6446 7306 -1029 2948 2246 -6131 4467 4853 -1215 -840 -6662 9076 7263 -385 -5070 
2254 -5302 -3869 -7054 -5972 -1089 -5556 4556 -1665 5445 9125 3528 3058 -3384 -5256 4680 10046 -1470 -6856 2618 -4540 3587 7815 9160 -693 -6166 -3034 -1398 4516 5899 6231 8878 6178 4883 -2131 5734 4299 7882 -10067 -3245 -8537 -4830 5530 6605 -5608 -5512 -9930 467 10016 -4733 1292 4843 2183 4971 4414 5407 -8205 8411 -3550 -7885 -4646 7106 591 6769 -2758 8208 -1882 4513 925 -2306 3917 8193 -8953 779 -7392 1366 9789 
3535 4619 7020 -2788 2693 -8602 2540 -8052 886 -9259 -9646 8279 2782 3561 4529 6859 5342 9398 5338 -9669 -2316 9237 -8450 -6825 -6058 -3304 5427 -7873 -7347 -7295 -6584 -5709 -9449 -6595 -9677 -4369 6381 -6229 4002 6834 7512 4613 6965 -6690 4987 -1598 -9943 976 -5438 -10006 -2483 4072 -2513 2462 6274 2616 -1165 7292 -2382 965 10068 6707 -7013 1831 1568 -340 -1133 -8174 5467 5475 -1171 2902 -4543 7565 650 -2463 -7690 
973 -4507 7666 4413 -2321 1436 -453 4884 6894 -7249 6179 5231 -3131 6911 -4873 -1215 750 5069 959 8559 4451 5188 3280 -3411 9194 5512 -9289 5067 4697 -2091 4735 -8555 -6232 10057 4908 6754 6512 6157 -7675 3505 9429 -6942 -6509 -10055 9083 6577 -5365 2527 -3196 1856 -3087 4699 -1090 -6386 -2126 -1697 -2278 8618 5383 -66 -2815 1392 7965 -9178 7179 -3723 -7505 -9704 3190 6071 10005 1613 -5832 -6700 1398 -1128 -7822 
-3492 5215 1572 -536 -5959 1921 690 10020 2068 4608 -9178 8922 -2724 -3669 6638 -3757 847 8491 4457 -8259 -6284 8152 -6906 6192 6437 -6796 -3043 8518 -1028 -7530 1587 5188 -755 -6095 6171 3008 -3523 -9237 -892 -4829 3049 152 -2380 5048 -4406 857 -5762 -1139 -7676 -8282 3018 -5925 1906 -1078 9307 -3152 5279 -9082 -32 4239 5956 -1453 -2385 -5344 -3842 2429 1369 -3252 6328 7885 -3655 1169 -7694 9502 -990 311 -1518 
-6339 -4981 8103 -957 -6542 5932 1900 1272 -3599 5925 -8587 9884 -1706 3530 7289 6395 -2416 7869 -10038 -3437 6809 -2181 -3603 1410 1665 9737 568 4385 -60 7107 8294 -8496 -813 5009 2318 4189 1122 -6072 -8947 -5382 8560 -6847 -5834 7324 7343 -457 9888 -6794 -1658 7580 -5515 1677 1600 -5301 -8686 -5781 3989 9127 -8995 -7114 3665 8655 6347 8868 7042 8578 -6497 -9072 9944 4313 -63 5111 -2084 1134 440 -6595 -8468 
-235 -7154 -7805 6505 -5875 10080 -8256 6038 -1880 -6827 -9485 -8300 9840 8674 3583 -9665 4959 -1703 -418 -2626 -254 -4297 -7331 -9964 8052 8313 3808 5386 8454 6565 8949 -6363 -1266 2500 2775 -4640 -8371 -4657 -2381 -2558 7963 -2125 -3422 1305 6412 3995 4937 3108 1812 8156 -8242 -1354 -3985 -9081 -8225 1338 -553 8380 -9118 6716 -1201 -7283 -3612 -3241 4031 -4917 -51 2804 3134 6941 6954 2436 8256 -3314 -7169 1683 7595 
4978 5 8987 7395 9875 1368 -1904 -7751 -2264 329 7335 -6348 8347 -8896 1041 3651 7953 4897 -3531 8643 2745 -1272 9580 8551 -2465 5373 -9116 -7470 -8703 -9219 2179 -9978 -2345 9536 3496 2174 6169 -9233 -9438 8626 -6656 -4921 3926 3890 8485 -8386 -9829 -8198 7550 643 -6862 -6734 2121 -5673 -6067 -6246 1439 9300 -10 -3485 -6707 -2426 693 5588 14 -3335 8911 -7843 5099 -47 -6119 -5967 141 2506 -2080 6974 -1036 
3872 4299 -1274 7937 -8182 4573 -5651 61 -1380 9212 -5173 -1471 2160 2001 5229 9957 1490 7212 8278 -6049 -2431 2403 -5771 7860 5471 7498 5439 8184 -3471 6474 -6990 4666 -6663 2472 629 -6747 -5926 -5842 291 -2697 -6384 -9830 5743 -6869 -5301 297 -8207 -5384 6326 -5547 2985 -9689 -318 -1625 5742 -1976 -965 -3882 -349 6793 -8360 4327 290 -6784 -8228 7036 6051 9888 -5148 7152 5809 -2710 4575 4680 -3049 8494 7042 
-7661 -3844 -3012 -1767 -5691 -8054 -2798 9383 -7359 -3790 6352 -7840 -1355 1869 8928 -2243 6719 2988 7622 -1071 -4952 9842 -9188 2280 -721 -1377 3818 -6489 -9742 -5168 6941 1526 8425 -1748 4763 -7929 -9440 -2847 3777 -1489 5872 -190 7987 55 -9607 2353 1559 5588 4086 -9354 -2779 -4035 -2967 6381 -3623 3839 -6273 -6038 -7047 -575 3290 6311 3143 7997 -9771 2377 8069 -1950 -5960 436 3223 7853 -3246 -6747 -8387 -2773 -7857 
6822 -1282 7133 -6530 5787 6069 16 6784 -7958 -496 5482 2249 -3114 -3110 8177 6391 8807 -7741 8588 -7496 3121 -7042 10010 -9791 9546 -3508 -417 2978 -5392 7265 -4720 1656 4763 -1296 -3406 -8969 -7946 -4202 1223 4919 642 -193 -6145 -1117 8202 -5869 -487 -7836 -5387 -6058 2001 6731 6492 3240 6083 -5348 6830 -708 2565 -2399 -2577 -3973 -5375 5402 -7833 -9172 4370 -1907 7161 -4417 -3808 -9899 8088 -6342 -7419 -9058 -9782 
3389 7033 -2474 66 1000 -7029 7389 5171 8052 -6646 4248 1570 3750 -540 2315 -7916 4340 3386 6078 2110 -9791 -7912 4459 -5388 -7769 9265 -4073 767 3639 242 -7634 -9488 849 1276 8036 5717 2755 -654 1758 6800 8650 4805 -2499 9182 -8286 2146 9882 -9270 4941 -438 -652 9090 9574 3643 463 -4216 -1436 5221 2573 -4596 4036 -6192 -7476 -4387 433 8514 3462 9623 492 3519 -5702 8677 -10081 -6086 -2887 7111 726 
-4722 -655 -9561 9345 -9859 -6917 -6694 -7196 1005 -9994 8115 3417 -6021 341 4169 -380 792 6854 4847 4395 316 1170 -8949 5528 3500 1804 -175 2355 -1296 -6668 6395 8312 914 -1490 -7539 1727 7061 -2434 4582 -2227 -1116 -4030 5951 -9928 -7791 -1262 -3412 8651 8160 -3896 8754 3860 3164 6625 -8003 -7191 169 9250 -9444 -3268 410 -9766 -5928 7739 -7597 8941 5551 -1361 4454 2083 -1733 -3009 3986 -1617 -9983 5831 4550 
-7601 -5774 -756 3322 9445 8281 -2154 2941 7988 -4066 -7311 6353 -3170 4928 163 -53 6509 -3096 -8133 -7177 6860 7565 -9770 4030 -933 -5565 -2101 4386 7758 -2096 -3797 -8824 6889 760 979 -4787 1614 -4584 485 -9763 7392 -3464 6694 -1942 5700 7377 -5575 3744 6198 1538 3191 -5683 4419 -10033 -565 -9860 5378 -1767 1543 -2371 -2930 -6845 -9510 6312 190 9343 3809 -7733 -4143 5313 3902 -213 -8942 -3303 5686 413 -6140 
-1678 1371 -2396 -4455 -8826 -8839 -7534 1494 -5093 -1122 5660 8767 -325 -4809 9405 3085 6166 -6107 -1924 6852 -5089 -10031 -1026 -9928 8171 3987 7485 -9825 -5256 -10009 -5649 5926 -6387 -8365 -613 -7572 7952 8512 -1805 -7755 -1107 -8755 3693 8673 9877 -4044 8183 8060 4642 5536 -3440 -5154 1998 -559 -5050 1341 -7679 3372 3289 -2608 1648 -382 -5315 -8544 2127 -388 -6081 -9496 -2693 -4898 -5583 1207 -7809 -6738 -7231 5395 1960 
6648 -3348 4103 5680 9792 -3579 -6270 -7818 7057 -5875 1752 3124 3486 -5146 -7817 -7471 -763 568 -6399 -9412 -204 9123 8423 -5757 -8938 -5617 7944 6793 -9495 1595 -5775 -9045 1987 -1845 1443 1405 -7242 -2870 -8249 -1299 9677 638 198 2010 -9629 257 -2140 8785 -2941 -5722 -4236 9993 4426 7656 -4992 -8791 6028 -4353 -5215 6925 -7314 -1722 7889 -4609 -3421 -7165 -2471 -6404 2286 -1733 -6567 8235 9247 -1047 264 -5590 -5565 
9448 6551 7804 5548 -7509 -8451 4447 -4061 4648 -7066 -5963 3397 6770 8280 -5035 4438 -7748 3403 -1431 3132 -8071 9734 9169 2321 -2846 9614 -4710 3351 -8292 264 -9419 -1751 9731 5076 -6917 1671 -1649 938 4693 5098 9805 699 -5420 -3942 7141 -8845 -7215 -7477 6123 5410 -2517 6799 -6986 1704 -5270 5030 -2289 860 -5997 3157 -6555 6480 -4509 4720 -3621 -5171 1873 -9819 1822 6218 -9282 3939 -5132 -1600 -9003 -5368 2620 
-9958 -4717 640 -6502 -789 -9958 4293 8865 -5054 -2091 972 -7808 6709 -253 -6563 9762 -6786 -774 8119 3340 10013 -3730 -8093 2000 -1020 6187 2078 4713 7186 2118 -4959 2090 -2810 -3588 3954 -7461 4648 6432 9671 1476 8136 4314 -8400 -490 -7703 1652 3409 -3042 -6983 -2998 5285 -968 -3616 8378 -9630 6592 6461 -4313 4358 5472 -5178 -841 -8043 2711 1375 2180 9569 -9539 -4056 9050 2897 -6297 -7916 8231 5838 -6072 8399 
-6311 1207 1908 -1812 7743 -1232 9855 1293 1159 -1288 -9357 9940 3066 6171 -9826 5457 2974 3894 -9230 880 9065 2505 -169 9820 3246 -4831 -932 -4679 3092 8752 -6220 5710 7361 7950 -6274 -3586 979 840 -8976 -770 -5567 -4660 4192 7523 4537 -317 9847 973 -8333 4449 -206 3630 6751 7142 6464 1797 8988 2604 9966 -3649 4693 3022 2392 499 -5205 -4016 4529 8850 3552 -5449 1757 4081 -7875 -830 7604 -9790 6413 
8066 4878 -4447 5658 854 -9557 2657 -6496 2285 8530 5726 7001 3841 -10053 9400 -3097 2587 -1062 1864 -8231 4921 4360 -5328 -3966 -1920 -2405 5715 -5933 468 -5430 -6836 7057 1690 -1018 3950 3363 -381 -7502 -6093 -6362 -967 -1987 1214 -5060 6277 -3146 4937 -9695 6877 2057 -6323 -53 -1250 -10084 9584 -788 8796 -7581 3327 1281 -7111 9490 9174 -5187 -4621 -8497 7328 -8438 -3336 -5612 7935 6241 6826 -569 -1744 -2224 9909 
-7561 4421 1269 -8343 -1164 -699 7221 5503 -6670 2640 -7454 -2606 5162 -3968 5052 -2611 -4116 9621 -9119 1195 -7153 5066 9530 1944 4337 -2750 804 -2991 -9004 -909 7863 2149 2544 6830 7548 -4041 -1096 -9279 -1505 7478 6297 -121 -9389 -801 2054 -8464 2283 10052 9080 4201 -9440 -1386 7241 -4263 -8131 1730 -8611 -7686 -2010 -6615 8854 7423 -7701 4843 -9312 2327 203 -2820 1587 7899 -7737 -7850 7155 -2729 5387 -4985 -5105 
-4895 -3310 703 7522 -2205 1725 1550 5694 -7699 -2475 9368 -8130 -6646 9285 -9253 -1522 879 -10050 -7448 3878 -563 4313 -4654 -9868 -3872 8564 -3846 4537 7527 -6117 1856 -1856 -6520 2422 3328 -4345 6604 4845 440 6050 3655 9477 1435 7112 -9399 1480 -1308 -2245 -2692 6878 9349 -9496 3476 2146 2047 5842 6388 -2220 437 -9834 -4595 4806 -3793 -8251 -2916 -9676 -4887 -8243 -7133 3030 -2406 -2130 5084 7434 -2171 6782 3768 
3539 5505 -3620 -449 -1815 1026 -8935 4642 -7220 4029 -6925 5216 213 -9920 2758 2416 3233 -9477 -208 -6162 -8119 2972 6974 -4686 893 2887 -8245 5955 4565 643 6162 5600 1014 -5412 -6267 -2419 5266 -5874 4210 -4189 5594 4685 9591 -7019 -3882 -6384 -8988 -755 -1897 3957 3209 -1408 1251 -4505 -4504 5205 0 8497 -9007 8873 2524 4972 -2039 816 -7627 -4311 8006 770 7174 -4498 -6764 -7825 4431 3587 2141 816 4668 
7200 2 -5742 -1132 9575 -10037 10063 -3363 -8522 -978 823 -2482 -2390 -9452 1044 -5344 -6131 8582 -4730 9497 -5934 11 2251 6804 1323 -22 8911 -2247 4655 7307 8377 7991 -339 -5324 -7397 -1492 -1672 6008 7314 6754 -5987 7252 9843 -3735 9743 3476 -7382 6187 9994 -2856 6193 -9526 4330 1001 -2871 3009 7999 1040 3509 -9139 3362 -6061 -9014 8712 7762 2903 -3613 -1034 -6438 -5585 -2839 -8580 6632 4646 -8224 3045 -514 
-8637 -9983 -2151 -9739 -3017 -8415 9980 873 -7425 -1353 -7656 5978 -4784 -80 -6658 3163 -4829 8370 7462 -5115 -8704 -213 6466 -7557 -31 -7421 7894 97 4301 -793 7675 3538 -985 387 4984 3339 -8643 6841 3025 2491 -4737 -3657 7772 -6873 -7539 -1815 5688 -4530 3856 -8192 -3234 9351 -9764 3001 -8227 -6904 -6791 5303 4401 6086 4170 7359 1071 4105 7651 -2061 -1331 -4074 -240 7129 -8587 7435 -5376 -5379 7917 -5185 -3968 
8383 -806 4653 -3674 5010 -9176 4814 -9742 -4464 3001 -4261 -6591 -6060 -9235 5773 -7622 -8830 -2460 -5104 -6169 -9129 6207 -4485 5375 -4056 1652 -10071 -7612 -564 6177 -5868 813 -5253 -8719 6548 1647 -5374 -7407 9234 5144 -6936 -3589 6666 1719 -3742 7793 -8351 -7789 -6554 -5882 -8823 -8535 9548 2175 -3660 10082 8657 6819 6191 9044 8915 6901 455 9073 1315 -8911 2127 -5055 7178 7250 85 -934 7221 6846 -9993 -6786 -6202 
9842 -9299 -1758 2094 -8670 -7475 -7673 -1477 -9369 -8647 6096 -6019 6002 4078 -9278 614 -5968 589 -191 -6140 -2127 -7145 1061 7269 6483 5378 -1204 -1419 1399 1932 -4365 -5081 5840 -6058 6911 -6515 1812 -9324 -265 -8924 4387 -5990 -9520 -6936 7253 -9537 4709 7455 -440 -1302 5060 -8113 -5235 -898 -4066 2000 976 -6135 -8997 -471 9674 7048 -8162 259 -8056 1083 -1096 -843 -1043 3685 -741 -4638 -6777 9605 2380 3502 5136 
9607 -8113 -5114 1614 5243 -8278 251 7378 753 -2888 8380 6054 -4666 -4408 -6879 -7714 3470 -5775 9977 -5812 7360 -8380 3472 3766 -7904 -1795 5515 -7371 1547 -4814 5330 7513 4271 -265 -3828 -254 -3675 9189 -3558 7481 248 5152 8929 812 -7875 -7979 -4397 2437 -730 4930 8246 5468 -892 -4011 -9969 -920 5735 -916 118 -5588 -8955 1964 9388 8322 5734 -9396 5721 6822 -807 -7005 6182 269 4954 -6583 -1699 7132 785 
184 -6895 -6715 -3249 3702 -4435 5426 267 6918 3497 -4633 -209 -8802 -1367 -7612 -5249 575 4878 5562 -9883 -445 4013 -9319 6136 -3004 1177 -9239 -5251 9211 1311 -2214 -717 -2492 -3024 7676 767 6164 7971 -769 -7289 -3570 6031 -335 -2433 -9917 553 -9821 3019 -5493 4865 6692 -6534 -10041 3321 -8277 -4477 -3874 -8191 8151 22 8903 -157 2670 7151 809 -2965 -9503 9412 -1314 -8433 9816 9506 -3640 6480 1966 6940 -685 
657 -3118 2089 -5648 9453 -3268 2488 -7216 -3986 4010 6503 -403 -4320 3313 1380 -9086 3009 -5970 -7982 3795 -8443 -7641 -2870 5740 5675 -5788 -364 -5092 4004 7369 -4586 7807 -2440 -8013 -9206 4693 7432 -6836 3883 -8362 6736 3731 -7263 -3954 -6089 778 2383 -9142 -7545 6172 -1474 7808 6824 -9549 -9116 9442 -8528 1948 -10025 -8840 -3209 -7908 10085 -3470 -512 2677 -2707 -10045 3150 -5857 -313 -3169 3095 -4155 5563 3826 8448 
5282 8824 -8123 -5329 -8081 9105 6705 -2460 -6653 -6671 -8704 -6367 -9781 -7437 3838 2686 -3343 -9939 -555 578 12 9889 7866 -4618 -2823 -9176 3792 10016 5761 6493 7296 7043 8602 7641 6905 2467 -2087 -9553 3923 4135 9603 -3320 3 4883 -7413 -5714 4197 7498 353 7058 -9521 -8521 -2167 -9872 -5842 6946 6981 -7628 9304 7964 5824 6228 9110 -8813 -9038 5267 -6295 9599 -3368 5921 8120 -4608 -1808 695 -2375 205 -8255 
1455 -5806 3497 -6102 -9208 2170 399 9778 7844 7217 164 1379 -801 -3212 998 3272 -1148 4634 -5460 1369 1398 -2502 4029 -4312 -7318 -1462 5998 -8416 5109 -859 -9735 438 3523 5269 -5927 -2518 3566 9883 2077 279 9518 7156 -8624 -9916 7169 6397 -9738 1458 -326 3004 3869 -9400 2603 1472 2208 -1240 -6855 -7251 9789 594 9746 -1608 5545 -5863 6207 -5207 -9659 9132 5713 609 -1492 7088 2823 -1317 4800 8223 3466 
-1986 7855 877 -5790 2293 -9708 3035 -5267 1839 -182 -1192 5754 5120 -417 3212 3591 926 -5244 5709 -4981 -9041 1762 -1673 0 -599 865 3098 -7526 -4602 -9580 -598 657 2083 -8529 4055 1853 -9381 -5277 6100 9469 6440 1974 -6664 4483 -3618 2147 -8049 -3233 3385 -6484 2589 -1423 -2947 -8095 -10085 934 -7805 656 -17 -7318 3697 4974 -4193 5353 3943 -6547 -8992 8764 153 -10086 -8867 -2966 -7756 4215 -1020 4217 -6286 
-3287 1363 4154 -5655 7442 1407 -6271 -563 -9790 -9602 4797 -4436 -99 -5582 -4096 2279 -5689 -7065 9984 2806 5901 -6099 -1486 8633 -1527 -4362 2854 -744 3094 6465 9230 -6220 -4274 3938 -7416 -8900 3287 4279 9176 -5464 9628 -4657 6686 8101 -7963 9420 -8731 -920 4980 9715 -8865 9331 1243 2854 -4827 1108 1893 345 -5122 1377 -5118 3841 1348 5680 -4020 -7084 -7079 5282 -32 -5425 2583 -2776 -6618 8071 -5254 3842 8968 
5696 5943 -2537 4444 -4884 -3014 552 9701 -1752 -1204 1265 -762 -5854 7449 3708 7563 8590 -9741 -9855 1911 -1830 -8388 -466 1516 -543 -69 4917 8128 -325 2896 -5303 -8699 1418 2596 6015 4029 5822 -9723 -9271 -3586 10007 -3817 -5743 8963 2382 5904 2221 -6137 1346 1055 7516 7637 -6359 5925 -996 2910 453 -1616 5999 -1315 -262 5704 -6770 -6767 8692 1192 32 3046 -8253 -1482 1685 -9401 -9188 6948 4153 5765 -2965 
721 4929 5740 -9801 -9570 4159 4841 7336 -10085 9147 -1019 -1829 7362 -7838 6150 9414 6507 5084 342 7171 5742 -1071 715 -7725 5106 3425 4884 4651 -8915 -4769 3052 3244 -5200 9830 4266 -7583 7686 2729 -1174 -8592 7170 770 -7768 6156 9311 7631 -189 -3620 -7682 -2812 -2856 -548 -969 -793 2307 6416 107 -5836 5650 -1968 9313 7844 -7341 7248 6988 -636 1273 -2272 -7699 -9596 -5121 3930 4338 -5654 -2021 -4219 -5920 
6029 2294 7355 -2989 -5020 -5105 -6819 -4586 1780 -9127 1104 -7367 -5923 -1415 -866 -2448 4741 -2708 864 -2580 8428 -8341 -5317 8343 91 -1038 -1900 -4494 -3077 9224 -4407 9438 -1014 8377 4095 9948 -6418 -7958 936 -5198 8583 8293 604 8867 -6365 -4096 4675 -8732 852 -9429 5392 -1064 -5344 -5706 2687 5465 -2550 5723 891 8798 -1393 -2468 1134 7740 -6284 7711 6684 7759 9766 4466 -1377 9877 1864 -5331 9995 7191 5030 
-138 -5536 9835 4257 -8182 -8969 99 8613 -1274 -29 -737 -6131 -3918 -7851 8954 2961 261 -2429 7600 -9039 9870 6624 6677 5034 9812 -1660 3985 4591 2041 9151 8776 2771 -5683 -463 -3082 8939 1480 4286 -5957 -3905 -9682 -2716 -1802 -975 3066 2665 7080 944 6789 9138 10016 4381 -9634 -1998 -2555 8215 798 -1841 -8388 -5155 -6265 7644 6453 -4019 -982 4683 -5788 -6899 4478 4990 -8879 -656 4226 -8879 8823 5832 5416 
3968 -1350 7172 1253 236 -4789 7882 5356 -5075 -5609 -4285 -3322 4505 8879 3951 -6281 -5157 -2679 -159 7244 7751 -8841 5729 730 -1745 -845 3764 -2059 -1125 -4271 -1292 -7411 8876 6574 9815 3738 9735 -7795 4152 408 3180 4550 -5093 998 -6124 -3938 476 7004 -4732 -3810 891 -7371 4327 -1898 -9500 -1860 2915 1756 -9247 -78 2803 -9685 9248 -6580 -6359 -3903 6387 4637 -5894 8674 8535 -6354 6909 -4847 -1985 -5892 371 
6651 -4704 104 -1856 9191 -1585 8277 -9233 8510 -7706 5295 -2081 8307 2223 -8255 -7182 -5134 -562 2523 2438 7602 -3106 5577 6675 -9658 4974 -7965 9557 -8707 1575 9731 1240 -2853 -6410 9533 6300 2462 325 -2766 -387 2364 5194 3294 7597 2691 6604 -2760 -1520 -4198 8443 -3547 9696 6379 6987 -1188 -3275 9248 -3568 -1890 2268 1184 -3023 -1911 9677 7857 -2176 -4788 7217 4161 2740 9231 3314 -3634 -2841 -4547 -5220 6701 
-2165 6066 5208 -3540 -727 -5012 -9757 -4404 -3744 9473 4297 2338 -1637 4025 2078 6745 -5033 4297 3716 1608 9663 4813 5414 -3279 7343 9803 5400 -7701 7923 2350 7645 -1795 -993 -1298 -8698 -6403 6495 -8557 -1070 6633 150 9792 -9543 -3755 -7158 -9038 6492 -7069 7048 -433 1408 -4282 -3874 6958 -3835 -2723 -2670 5345 8433 -5894 -7570 -3278 -1186 2947 4077 -4677 6600 7306 -6214 -2460 1744 -8411 8933 7697 3314 7650 7011 
4781 8876 -8188 -2999 -450 8596 -2295 -8621 -4360 -7797 -2808 -3761 6266 -6162 -473 6885 8574 1938 4472 -4156 2777 5714 -9538 7139 5446 -9734 -2161 1868 5682 -993 -9159 -6161 -9100 2008 -3965 8964 -7606 8163 5449 10043 -1595 244 -6004 9151 -4219 -5888 6443 -1997 -9456 8555 -6357 5180 -7698 296 -474 5087 -8503 -2074 -4169 -2348 -1425 -7007 -7318 -34 -2314 -2840 3036 -495 -3245 -4408 2386 101 -3328 -7699 -9167 -4092 -249 
2552 4562 6726 -5127 7634 -2561 776 -1428 10053 8105 3266 -3725 -8891 1591 8118 1303 5952 -196 -9513 7269 2084 -9256 -3397 4598 -3719 7714 6717 3939 -652 -8425 -5788 -6743 -7491 9724 -7361 -9325 4685 -507 -6318 -7115 8132 -8304 9017 2083 -2909 3467 -7498 -8526 6438 5138 741 6382 -2924 6651 7924 -4992 8376 -787 7378 -5236 3552 8220 -1053 8864 3056 4121 -6834 -8845 -3993 -1484 2960 5682 -5490 7813 -963 9631 -1367 
3815 4516 -6224 -8252 5087 -8788 -927 -2681 3209 2387 -6886 662 -5095 7819 2731 -2285 -9836 7142 304 -5521 8484 4724 -985 2760 6862 922 -9870 5844 1564 -9571 8047 5494 879 8984 384 65 -4878 7931 7377 542 -338 -8804 -5511 -2675 -7528 5712 8065 -5229 6678 -4991 -3355 -5206 7225 2661 -5998 -8081 -8229 3153 9113 -709 8139 3229 -7303 6041 -4917 4131 -7299 7046 9722 3345 -8967 3770 5200 -152 -6190 6034 -10084 
-352 8299 5889 5963 -9227 10039 -5297 7406 4955 -4299 9140 2224 2455 27 -9545 3943 -1087 -1128 -2821 1646 3342 -6311 8792 -8329 7852 8601 7928 1711 4114 8870 2438 463 2165 7801 7698 -8048 1123 8113 -1989 8593 116 7287 7048 -8651 1246 2894 1918 2556 -2292 -5461 5006 -6944 9472 -6906 899 2627 9525 4446 5448 -2811 2475 2387 -4444 -9187 1350 3641 -9512 -3813 -5673 5313 -9502 -2502 -8444 -9341 -2604 2975 1798 
2449 3824 1743 -6875 -8765 4007 5824 8429 -851 4286 1794 -5243 8425 -1427 1010 -3657 1994 2783 -8070 8600 -4901 4974 182 6874 -6313 1383 -2332 -4917 -5301 8051 -574 -5992 -1902 5147 -6675 -5937 8390 -89 952 -7974 -743 7844 -2564 -1376 -2530 8139 2171 -1230 -3352 -6869 3948 -6543 -6214 -5698 2359 5945 -8918 9133 4694 -9779 5341 -1746 1704 5416 -4801 8791 59 8386 -161 -9081 4596 6920 4839 -5658 -9662 -7762 3313 
-521 1821 -5911 6087 5577 -1191 164 8341 -4514 -7850 -8443 -6551 -973 6822 7399 4427 6392 1898 -2841 9542 7021 -7859 -8208 -422 -7464 -935 -6636 -184 3059 7718 892 9441 -2785 10008 9181 9281 2934 2832 -8498 -2371 -4636 -9976 -2855 -2824 -8098 -1832 -6458 -4084 3891 6021 1520 -4533 -4434 -7124 1508 -3136 -8798 4837 6423 9078 -2249 -3073 4599 -1294 7540 5811 -2147 -7193 3252 -7290 9591 -1997 -909 1786 2888 -9910 -9262 
-114 -5746 9388 -2515 8520 -4460 7517 9182 -1837 4752 8613 2044 -6775 3828 -2906 5191 -4546 -7081 3756 -5514 6851 -1206 -5995 -7288 2250 -4278 -2430 -6593 -9232 -4089 -8663 -610 -5251 7816 -7413 4862 7858 5690 -3798 -5653 -175 2928 -6643 1763 -780 8734 -3092 -8836 5041 -887 -5484 8176 -6795 2608 -9911 7117 -2275 -9670 7515 1342 7211 5958 -190 948 -7789 3859 -7295 7072 -5560 8503 -5743 4120 6864 9191 -8240 2220 4957 
-5744 9942 9636 392 5048 -7225 -269 2560 3050 5093 6694 -10048 -8811 -1301 -6871 1183 -2999 -2883 7759 5069 8976 -1660 -5175 -8773 -5883 -8218 6061 9332 3344 7358 8547 -7209 -4711 -7916 2847 -5240 -9891 5359 -7108 -8119 783 -5576 4416 6392 9948 -707 2517 9482 9473 9438 1554 -8986 -3485 6122 -5244 712 -1108 6442 7526 -8518 955 5934 6668 -8669 2237 -1525 5702 -7564 645 1745 -1771 2124 -1236 -3043 -6879 7432 4973 
5625 -9205 3537 5240 1398 9315 5967 7026 -4033 -4771 -8908 -276 -161 8392 -1617 7492 -5659 -10040 -3561 5963 9072 -3071 -4831 3810 3684 -3941 8303 -4481 -2970 -1756 6160 -3673 1037 8274 -1236 -3396 -9332 -9744 -7525 9970 7636 7457 7348 8426 3786 1427 -9047 8017 -4386 8123 1955 176 539 -8345 -7951 -3211 7837 5130 -3788 -3994 133 9128 -4201 5844 -1704 -8583 443 3429 5587 985 -6838 -594 6524 -6439 5085 9662 7646 
9051 -5856 3942 3192 -2286 -327 -2675 6676 5355 4733 95 -9606 1073 8576 1260 5731 6302 4013 6071 -233 6625 -8072 7767 9779 -705 8552 1541 8320 -9801 6935 4411 -6996 5634 8252 7838 3216 2631 6686 9969 3962 3003 8661 -6634 5052 353 9899 -3678 9828 9420 595 -1002 -1292 3491 8903 -9380 5974 -7458 -7409 -9145 4230 -561 2570 5730 -3236 1507 -1125 9617 -3701 8793 5405 4510 -10086 -4203 5725 198 5823 9801 
-9015 10028 409 1542 -8022 673 3791 -8543 265 -2209 -3522 4296 -7542 -6713 -7696 -5517 4553 6583 776 -1639 9167 -7119 1023 9260 7200 -5719 -8731 -6750 1043 9645 -615 3439 9386 1927 -1628 -7138 -3312 -5947 8570 -8385 -5691 -1712 5159 3963 9177 -3408 9928 5833 -3011 -8342 4077 4223 -3470 9475 -5108 1173 -3383 2388 -8353 2729 -820 -403 9816 1878 5424 1116 -8025 2549 -5632 -3695 -1964 2546 -2387 -7173 -5327 1866 6570 
6985 -2658 -5063 -9142 -1378 -7478 -9824 4705 8792 -2328 4221 2497 -2409 -6126 9453 5344 -1149 -4488 5954 -9034 9464 -2686 3974 -1648 -4340 -1586 -7670 -4906 -6279 7674 -9883 101 -6483 6354 1404 137 -9705 -3732 1173 5370 7202 -9507 5549 -6182 -9901 9450 -98 7600 8441 8323 5716 3052 -1753 -10080 9413 -7768 -8711 -587 870 9578 -9819 -7310 -7156 -8471 -3083 -4799 9049 -4657 -7015 4301 -4183 8886 -6874 -5345 -5541 2848 -7992 
-2938 217 -8617 2147 181 8138 1737 -7923 -6812 2419 -8060 7042 -7786 10007 -8609 -3627 3115 8671 -3037 -564 5028 -6340 279 3018 -2813 1873 -1074 -1022 3692 1046 -998 -8092 6092 1628 -2081 -3782 8950 -6081 -9259 -2339 3364 221 9424 -9109 -2096 -7696 3894 9457 10007 -752 1333 9673 -1331 4315 3434 -2444 -1825 339 -2537 -2815 -4090 6577 -2978 8711 2024 -3129 6678 9492 7944 6056 -2300 5887 -6998 -3460 -485 9715 -9459 
-9021 15 -9826 23 -8378 5334 -9205 3508 -7104 -7077 7718 6103 -5264 3493 8831 -2812 8175 561 5176 7983 4407 -5302 -6864 4370 -4542 -4937 -1128 -9758 9290 -6664 -891 2792 8003 8333 -4999 2043 2562 -1197 -5121 1205 -4690 1194 -8694 -6173 -273 2503 -2032 9226 -2868 3438 -8179 9215 2396 5662 1178 8625 1511 -7690 1811 -1967 -7362 31 -5545 7042 3735 -189 -9275 4966 -4100 6904 -6497 1055 8820 -3771 -9699 4003 -8974 
-10068 3209 -6394 -5241 2646 552 4447 -742 -3102 -5601 7908 5359 9667 1759 9634 4477 5579 8217 841 -66 -7258 7882 -1987 -347 600 -5162 6723 5703 -7366 5997 -7372 -8878 8326 -8870 -5087 -5911 -2105 2668 9879 2027 9351 6302 3222 5954 -595 -9314 -3823 -3249 -2556 9909 7652 -3758 -7938 6689 -8305 -6470 1221 1438 1946 2239 8838 5986 5029 4057 -7462 4541 -1957 2975 3431 5614 -1093 -2028 -7545 -2855 6942 3757 3679 
-7773 659 -9927 5073 -8039 4083 1044 -1837 -1680 5350 -970 4382 -873 -5996 -7883 2095 -6564 -8808 8900 -2672 213 7223 -3896 -51 5978 -5437 -4374 42 5487 -8115 -7837 -6823 -9818 6148 -2590 3532 8208 -6504 -4659 -5753 5537 1498 -2033 3762 2419 -6435 69 7299 8969 -5986 -3178 1736 -10066 1009 -2255 -6787 -9998 -6371 -866 -7765 5368 -2927 -4698 -8831 -7411 9537 -1265 -8046 3245 5808 -4731 -7587 4126 -6885 -9373 6832 -4358 
2165 2711 424 6839 5808 6072 205 -9004 -3090 -3470 3940 -5210 2331 9955 -5726 532 -836 8468 -4882 569 -2567 8582 -2959 -6189 8943 1360 -475 4759 -4793 1488 1967 -5317 7007 7966 4500 -4269 -5910 217 6194 7005 4307 -9062 -2688 1866 731 -3715 -5543 3736 1971 -7395 8692 949 -1335 -5077 -6796 -5308 -1211 -9105 -5258 -5487 -1858 2769 6333 7653 -5411 -8865 4321 9313 807 -2647 4929 -232 -4972 2214 3424 -517 4859 
8639 7486 6644 -9299 6190 1050 3925 9605 -9916 5899 -9107 -2295 3496 6493 5705 -8991 -7064 5825 -8548 -6081 -6394 -5275 5056 -2140 3627 8188 2581 -3173 -438 -649 -734 -9443 9604 -5600 3709 8259 -6031 9755 3489 9909 -5636 5723 -7736 9205 10063 5606 5658 -5759 9033 -2862 1843 -2461 -9404 2410 -177 -1619 -5381 7889 -4703 -9294 -7178 -9539 2083 -8743 -2141 -4378 -314 -7277 -557 -5461 5404 2718 8147 -8932 4371 -8983 -1612 
-3942 8236 -3214 1961 -171 1637 -7058 -10084 7424 6642 5158 -4663 8631 5274 541 1456 -1826 -3731 4406 -1986 9346 -999 9482 7060 -4681 -5548 297 -7984 -3335 8166 1275 -6560 -2326 -8923 8678 -3076 -4760 840 -41 -3809 5749 -2707 -200 890 6391 6860 -4071 2575 -8409 -3796 -650 4665 -2592 2092 -5943 -6310 6955 2922 920 -1823 1331 -2149 6931 9352 -7909 -7081 -5263 7288 -5040 -1386 -1877 -2915 6457 -1329 -4374 -8265 -697 
9038 -9412 -93 4601 7959 -532 -886 -911 1389 -1016 7504 4245 -10016 -8101 -1784 1419 1651 7201 -4065 6468 9862 -7087 -705 -6221 -8957 -5341 5935 1126 8898 10051 3952 844 1088 7898 -7489 6834 945 5393 -5411 9521 -312 4550 -4938 3866 900 -6147 -5550 -1763 5248 6226 8532 2387 -1181 -7145 -4473 -2438 9616 -515 -5413 9360 -4679 7855 3297 -6663 3318 -2805 1680 6481 1236 -1198 -6285 -2775 -8430 2457 4735 9009 7968 
2876 -938 -5507 7159 -4831 -7128 8385 9354 5822 -9373 -352 6401 -6295 -933 -5064 -7451 4583 -2475 2842 4410 -6444 -6199 -3338 1905 -2309 -1421 5434 -718 -1956 6518 -8389 -6550 -4217 -7866 -9815 5738 1472 -5049 5969 -6153 -7036 6089 3035 2053 -8955 -5999 -5527 -581 1802 3920 9157 7532 -9681 9692 4334 -8332 -4823 5368 1041 -2705 -4869 4943 703 4271 9488 -5846 9920 3710 7864 -7404 -10024 -684 -4559 -9400 -4821 3872 -6188 
3172 5655 -5861 3441 -6000 -9147 2241 5316 -1959 210 8187 -9619 6891 2987 -6878 9419 -6409 2064 2206 4350 -5174 3964 -6268 -2905 -675 8995 -1843 -7422 -5953 -1447 -490 7112 6026 1076 5836 8616 9711 -234 7588 -8910 -8948 -5561 -6912 410 5909 -4288 10025 -5641 9767 -1567 8670 578 -349 -5882 5646 -7036 -2570 6994 8280 -1039 10007 4923 -1313 -1724 4650 -8852 2852 -5699 -9740 3924 -8441 -2198 -4576 -8376 3620 6550 -9666 
7248 9255 4166 -59 9766 -104 -2631 -2517 -7875 20 8214 4883 -2914 8614 -7669 -6017 6212 1631 -4310 4603 -777 -7527 -6245 4198 -1265 -7114 3215 581 -1850 3784 -7118 2045 9452 5563 -7025 -2336 -9768 -3484 -1483 -5268 8646 871 2783 9763 3918 -2795 -3903 4157 684 -4605 9907 -8528 8056 -3242 8826 5073 -3148 2208 2283 7700 8352 -2784 201 8510 6059 3497 -7614 4370 -9138 6038 4370 6588 3393 -3868 -3266 481 -4 
1957 -4794 3660 -6190 9135 340 1089 4130 -8161 8534 4352 3098 -9896 4432 -2457 -3631 4299 -2359 1677 -6115 -4284 -5803 6203 5807 -3233 5814 2103 -3468 -7082 3939 6296 7356 9460 -9704 9724 -6888 3402 -7179 -5773 6153 5646 5538 2069 736 -7424 -9219 9589 -1538 -1781 1122 5208 -9715 9913 -5111 -1280 2835 4664 7887 2301 -5521 -6052 -2396 327 9194 951 -9296 6958 313 6848 -6762 4745 -790 8768 -3007 -1989 -7366 8605 
-9879 -4236 4886 2424 8067 914 -3225 9927 -7638 6351 2634 1750 9442 -9475 -1208 5273 7705 3893 6731 -9543 2048 4980 -61 -5158 -2365 10044 1858 -652 -5831 6147 9805 -2120 2760 6806 9902 6487 7321 -2678 -98 -5655 -1891 -1948 3775 8484 3178 -7055 3715 -7464 9322 4551 9219 3386 155 2603 -6991 -9855 -10029 -4561 -6637 -1987 5636 -1948 1445 -6405 -9323 3918 -161 3261 -8121 -1720 4322 -3034 -1287 8260 4211 3501 750 
9280 -3826 -1492 -6089 -7711 -1370 8924 -5613 -4170 5178 4276 9903 -287 4744 -3313 -3549 1058 9604 -7935 1727 5251 2659 -7578 -8364 -9794 9158 -7510 -8486 132 5802 4597 3245 -6988 9298 -2236 8983 -2939 7217 7439 9985 -5326 2729 9764 600 9755 -9155 8016 2060 5332 5979 6980 6365 831 2626 8357 1375 -3041 9742 -5248 -5847 -2614 -3059 7842 9455 -1933 5324 8800 -5984 8336 5555 -8438 -6519 -5818 -7395 4483 -2917 -3856 
3655 2873 -9494 -5689 6854 2396 -3467 -4043 -7391 5522 -5334 2514 5598 1188 -7217 -436 8564 -6702 -6914 5491 -7929 1861 -5702 -3633 5393 6669 788 -2600 8071 7606 -7002 -4825 -4808 -9202 -2503 3689 -4647 6565 8080 6506 7601 2459 -3284 -732 4731 -1447 -4288 -1419 5161 9514 -6515 9023 6223 -4039 4666 -3873 9587 -4956 6386 5004 -2091 -7433 -5527 520 6343 4956 3379 -9713 8629 334 -109 -9580 5415 1999 -2769 -5327 1180 
6356 -4237 9896 -1678 4099 -568 5899 -5317 4774 -2325 -7798 -2644 582 21 7948 8246 -980 668 -2706 -3132 1553 -4042 -9466 4489 4886 -5316 -54 9120 -3916 -2290 7690 -4778 -7794 2696 -5137 3607 4603 -6540 -5195 7993 5461 -2809 943 -5491 -1353 -1296 5376 7560 1661 9178 863 -5333 -3414 5740 8358 6543 -5855 6135 -2290 -383 5147 -970 -6009 -1265 2800 8350 8941 7303 -2244 9353 -1399 6653 1698 646 -3909 -9919 -6764 
-1574 -7986 -2106 -9298 5737 -4318 8458 4489 -8124 1725 6808 -1448 -2220 -4663 3479 -8468 -8243 8374 -3401 -2401 -9674 -6453 8258 -5428 -5980 8483 4115 1099 4873 8279 -3347 -3702 -526 5175 -9254 -9421 -6388 7022 6027 8745 -8203 6634 -5911 -5738 5301 1934 748 -7003 -5722 -2101 5328 -9770 -556 7881 4475 -8071 4348 3559 7098 -2198 -5461 -2878 -3681 -8119 -5202 -1658 6219 -3142 -8278 9559 3461 4442 -6566 7598 3559 8392 -4797 
3012 -2160 -9169 -8249 9655 -3420 -4273 4918 2644 4415 -5646 -9335 -2087 -8443 -9984 9060 7427 3312 -9359 -2530 -522 2498 -7443 -3410 -6877 3304 -1314 5260 4375 7647 -9164 2838 -1498 2855 8437 5383 3053 -228 -9860 -8794 -2225 -9472 -8061 5878 -6917 8695 3137 3502 4942 -1097 -9801 9201 -3028 -5816 5251 2975 -5538 1089 -7532 684 -1841 2974 603 8011 -5376 5049 2605 7545 4170 -9519 -817 -4260 4265 5496 8560 6022 -5052 
7525 -8987 -1922 -5189 1774 -6435 -3583 -7292 7279 4116 -5353 -495 -1942 -6838 9955 -5879 -921 -2210 -1004 284 -7380 4586 -6714 7940 2618 -7790 -7259 9459 -6393 -615 -9981 -2010 -4017 -8649 -2413 -109 -9266 3456 -652 3695 -200 1365 -9879 -7186 -110 6152 -7461 2244 -5856 1744 993 -8317 6092 -7742 -6454 -4457 -2195 -5994 -6853 -6841 9751 -7546 -5601 722 229 8038 7947 9307 -4466 -651 -3950 6780 -7780 7193 -1395 365 -5164 
6648 -5012 -8622 -2363 -6596 -9904 1085 -595 -7298 6778 9396 -504 -3858 4337 8695 9444 519 8742 -4413 8631 3405 1171 -7537 -9724 -3211 -1304 -2650 -8783 -4072 9730 -6603 -7079 -572 -7059 -2647 9058 -820 8268 -8298 9503 -6348 4634 -5719 9553 5715 5459 -7283 3186 -46 -903 625 7691 1815 -2998 1872 5942 -8539 7683 7640 -4323 8961 -4126 3890 -4247 7225 7217 2815 -1736 8467 -4375 2718 1631 -7927 -8025 5765 9603 -2917 
2776 4625 -4139 -2584 3751 1026 -4378 9868 8328 6873 -2055 -7853 7622 -7672 2821 -2863 7496 4207 1727 7263 -8223 1548 -1178 -9439 3188 -8163 -7964 3820 3091 -3602 -5297 -5374 -5308 -4098 2278 257 2458 -7756 -9557 -9290 -2769 1328 9221 8773 9836 -6320 8890 -2864 -426 -3301 -9050 1180 8913 -4834 -8258 5901 8757 4005 6815 -9742 -9920 9300 9938 2434 -3682 -6183 -8864 7148 869 6655 4994 -4033 4574 5062 7629 4846 -9884 
-3164 6808 830 2578 -6030 -7137 273 1763 -1695 -6406 9128 -445 -4578 -1769 4700 -7199 8278 5574 10075 -2903 -2341 8431 3264 -5532 -9340 6473 9902 -4175 -5542 8436 6587 2888 -2694 6110 -5256 -4477 2135 -91 8704 3504 4276 4778 789 1752 5034 3384 -4966 4225 2680 -3351 -2382 4725 1608 -6325 8556 4499 -5638 -6342 8170 -9469 -6869 7432 1883 -5596 -2350 2209 6311 -1563 -3885 -438 9928 -5150 -2834 5755 -2465 -2937 -10073 
-4829 8505 4307 -1336 465 5103 -867 -5635 -2753 3170 5960 -2329 2157 -8225 -7722 -243 4166 1467 2251 -6034 -818 7904 2837 7002 8302 -5368 4234 -2524 -2606 3142 2587 -1734 -8981 -8278 -7384 -4037 -1984 3052 -3289 7945 -3611 -632 -6229 6009 -5808 7977 3258 -8263 -68 -3586 1284 6863 -3274 -5689 -8838 9594 146 -2282 1971 7219 8007 5096 -7968 5408 -6324 -9782 -3059 -7051 8414 -667 9614 -7822 510 -4558 -3800 7169 2797 
2884 861 -5199 4246 -5556 2824 2179 -3943 -185 -800 410 2447 -4599 7757 -6167 -7583 6022 1070 8106 5829 6577 7846 -3067 5982 198 -6951 6383 3668 5003 -621 -3089 -8149 1370 -3862 -3704 1202 1732 6987 -3486 4453 798 2111 -8329 -7652 9337 2906 1727 -1424 -7244 1034 -9095 7555 4667 -883 -2560 8718 -2727 6283 -9016 -4740 2220 -9544 -7209 -852 -139 -4673 3562 8836 -5981 -1256 8482 -655 8382 7964 3595 -5593 7334 
501 3743 170 -3515 9894 7345 712 -2298 4766 10019 6175 -5977 1113 9127 -1211 7223 -3474 1299 -8994 -2380 -6550 6117 -3849 -6668 -6482 -3675 1463 7254 -3951 3501 -5421 1980 -7620 10045 -2577 -4778 7100 6702 7654 -7479 3445 -2608 -9628 4083 -7520 -5643 7733 9008 5789 -7583 -2630 4481 -9181 -30 -1842 -5835 1486 7278 5971 -1010 5097 3826 -515 9991 9758 9793 -9377 7162 8811 -1991 1239 -6043 2789 -1828 -6746 -4784 -2203 
5102 7419 7687 -9752 152 -2139 8572 -7381 -9398 -8652 7185 7361 -4007 -5384 3217 8403 -4371 -7235 -579 -73 -1265 -9622 8225 -7318 -5017 2820 -7184 7725 -2235 -846 640 8273 -6252 -6087 7799 -1224 -9053 -2017 4654 2654 9651 2288 -6536 1430 -9539 -4206 -856 8354 2177 -6224 1803 3931 -7674 -2359 -1349 -7767 -10078 -7504 1871 -846 -3194 6450 -3703 -2674 8773 2866 3671 -7105 -3721 -7786 6063 1344 4896 1477 3136 -6776 3102 
456 648 -8012 -9566 -178 3271 5334 -7382 -8523 5879 -6164 12 -9906 -2850 -40 7163 -4670 9906 -9521 5420 -8515 -295 749 -2039 4915 6597 -4321 -1593 8940 7777 5018 2926 -3711 4459 2335 9634 4319 8804 -2885 9025 -3291 -9932 7999 6864 -4805 -3338 3793 -2424 -5123 -6165 330 4482 -1034 4989 8561 6893 -6248 -831 2838 5011 9970 -8011 -4054 3545 8559 5453 3927 8206 -5134 -5493 -9429 -2171 390 -5273 1289 -1415 -7875 
6297 -7043 4422 455 4078 -729 5914 3687 7125 7121 -2364 -5180 286 -9255 -1196 5533 8095 7771 9481 -281 1554 -885 -3498 -4363 -6268 -1864 -8103 -1508 2765 -7619 -5504 8875 -4854 9808 7708 5322 -5288 5752 1934 -7797 4132 7779 -4242 3968 9531 8606 6312 8529 -848 8043 -9239 7081 -2666 4614 6817 -9273 2849 6605 6302 -1643 -4123 5693 -7205 7102 -7642 -9911 -9847 1134 -2804 -7992 -3885 -2824 2415 -2208 -2405 4898 -7069 
-2986 5820 5082 9549 153 -5971 1379 -10013 3982 6944 -3891 6567 -6272 6550 1807 -7568 -1650 -983 1626 -3771 -3725 5531 -6170 -6702 -7170 -8493 -770 1842 -9483 -8005 -7085 -10008 159 -7013 -8871 -613 -1624 2379 10030 -6359 -3829 8946 4183 -8544 -2907 -9138 3412 -3145 -8764 5023 -3420 -1324 9431 -351 6344 -491 -4155 -3180 6452 2259 -1616 -8989 2611 7836 6262 -5365 1117 4975 2762 2836 -4388 -1027 10011 9881 -2428 2898 5896 
9136 7055 9963 -1657 -2679 5287 -7961 -3653 -9333 -1923 -3396 6932 -1757 -9515 3570 449 -1086 -6382 416 594 -3265 -362 3556 3813 8551 -7949 2035 -2867 -5671 8007 4010 -61 -5827 -1951 4073 6262 5942 -5545 -4576 -3720 2871 -9850 -8994 3052 3775 -7213 103 -7068 -8478 4437 318 -9235 9403 7362 9304 -3111 2386 -6550 -7967 5748 2849 -7732 1213 -5371 -405 6874 5137 8879 2464 5911 7696 -8683 1808 -3347 7277 -8789 2314 
2764 7197 5431 -4965 4083 -856 2035 664 6259 -6989 -940 660 -9167 -5443 -6063 -2212 2284 8261 -6930 -4622 3178 1642 -64 -725 2363 9622 -5793 8325 -9548 7428 2306 8898 -5756 -2408 -2269 -8093 -2492 9248 -3492 -564 1528 6050 4832 9021 8630 -6917 -5402 212 -7806 -6285 2110 4733 -2504 4439 -5157 7509 -2684 9897 9728 1874 -1625 -8677 6235 1637 5863 -4903 5027 386 2678 -4424 9350 -4001 1711 -2726 -3805 3445 -3056 
3544 -9530 2929 -3240 9002 -6962 -5639 -9154 -8931 -7967 9713 -201 5138 5539 5081 3134 8212 -9166 6643 3070 515 3462 -9794 4896 2956 2254 -930 -2504 7471 9685 -6635 -8597 -3844 -5486 3930 6063 -3175 -4255 -4083 -6523 5786 8503 5868 2113 9825 1428 -5238 -4852 5780 3263 -4560 7448 -7969 -8466 -1071 -4187 5547 -3049 7201 6274 5699 4180 3805 -5696 -5961 -1439 10052 -4633 -1263 4864 -9663 -5003 -1248 -2635 8963 -6085 -7845 
-3862 -5805 -4048 7202 -7356 -6517 7797 904 7798 -5579 3 8786 36 -7078 2046 5275 -1761 -1086 -10077 -1097 -6306 -7396 -4231 -1883 3652 -8324 7648 272 -7040 9936 6946 -134 5051 -6464 7217 5790 5785 8194 1664 3178 861 -8578 2564 9033 6436 -8377 2067 -2052 9038 6776 -6676 -7674 -9822 -850 2464 2879 -7310 -3456 4858 -6964 5003 -5752 5061 9807 -1255 -8597 -8052 8457 2951 3119 -558 2793 -7961 -447 6728 3234 3340 
-8298 -2473 -2951 5208 369 -9139 -3206 3074 4785 5905 -5747 5869 -1360 -5000 6056 1936 8621 -8013 -40 -4240 753 8592 -405 7287 -7055 -6045 -8694 -1179 7026 3128 -4761 -8786 -543 -3637 -2957 -7289 9851 -464 8888 -4362 2095 -1361 5907 -9090 -6813 2323 -2374 -8326 -9746 6080 4986 8121 6832 7490 6681 2950 -8880 -1970 -3511 8545 -8283 2503 -4811 -1109 4323 -9798 -1573 6908 -493 8044 8269 2576 3455 8623 1598 3841 6484 
1842 1982 6895 -9909 9935 3700 -3894 -6678 4465 5794 9603 -998 -1515 3692 3330 -6712 -7262 -1071 6139 9671 -8110 -7541 -6684 -490 8543 -8595 -3113 -3469 -2489 -3984 -4101 -5361 -5261 -6593 -1274 -1804 6933 -30 2468 -5847 -4294 7136 8382 -8600 -5807 8644 -7552 -6490 -3542 4076 -7951 -1403 -2620 8925 -6507 -10078 -10013 4398 8420 4876 -9647 1329 5880 6968 860 8482 -4886 -3603 -3290 -5233 -2937 5285 -9525 4509 9593 -451 -1136 
6734 -5286 -8883 2841 56 7125 -4090 -8491 -1791 4989 8330 6510 8942 -7756 7959 -3482 -2854 10055 8709 -3208 -3979 -8279 -6923 3364 9385 -8696 -1865 185 -1646 686 -8869 -9147 -4855 -2756 -8043 4729 6183 5355 -8313 -6100 327 -3224 -2968 -1773 2025 8615 -10033 1190 8900 3670 -5459 -7212 3407 -4687 9251 1115 8266 -6194 4421 8147 -6264 -7453 8502 -359 6706 5971 4404 7458 7495 -7094 -4953 1733 9292 9111 497 9936 -8624 
7548 4236 -1164 -7577 3911 6145 -1159 -10032 10024 8119 -4750 -3666 -8902 5521 5618 8045 -2917 -6515 -3159 9722 3390 9767 -5916 -4419 7607 3082 -8705 6418 -7758 1711 -3552 -9236 7403 -4016 -7434 -183 6632 2672 5111 3665 3433 5720 2630 -7284 7229 5288 6232 -6266 4835 121 -2939 6378 6488 -8304 -4068 -5103 -4337 1753 -2592 -1326 6443 -1992 998 5609 -2873 8973 1924 3425 1431 5127 -2057 4206 9977 -8670 -1021 2338 -7205 
-4085 -4850 3712 -4950 -801 2478 -1425 9989 -9473 -624 8928 -4684 7584 -2616 1690 -8747 -4169 9665 -1827 1511 3560 7550 8615 8395 -1896 -257 -6902 -4515 -5231 4688 9474 826 1200 1484 -5150 2301 -5421 1883 -6122 3257 -995 -6520 -7352 3375 447 -2142 -2215 8380 -9099 -8080 -10071 -5725 -5484 9327 -7074 2410 -3120 -4468 7699 -3992 6378 889 -847 -1403 5476 9661 6333 -8779 -9156 -7908 -2996 -2370 4060 -463 -1908 -3966 2772 
-7570 -4691 1063 -8187 -7512 5432 8123 734 -9183 -4424 5844 4813 6839 3065 -1346 8269 -7370 -8321 8323 7487 8612 -1525 8237 9800 1309 2296 696 6445 7156 -1777 338 9553 3648 -3222 -9944 -2335 -2628 -3821 7810 5530 1884 -7053 -5 818 3016 -4915 -9373 1170 -3924 -8529 1372 5304 5665 5894 -940 9971 4737 1010 4261 4602 -2772 -4123 9155 -8083 -2271 5470 7502 7579 -828 6222 3052 -8437 -7880 8510 6231 -9919 2489 
-8986 -9773 -9617 5351 -7340 -3302 4303 -7014 -2598 3231 -6034 7071 462 1863 -7323 4557 4240 2299 3521 -8541 -7136 -8142 -2303 1213 -7930 1448 -698 -5920 -1241 -1060 -2731 -3110 6683 2143 -290 7795 -5090 3654 -5015 -6274 2728 -9799 853 9286 -6864 6450 7882 4818 2804 -8930 4093 -4932 6521 -5301 -558 4355 -5081 -4062 -3483 3441 -4895 688 9691 -3428 5639 -3110 528 -8378 -9907 -2103 -821 1248 -8596 -2324 -1897 -5311 7696 
-4118 837 2232 3177 9767 791 -9928 -7321 6614 9902 4856 -5285 9432 7464 -5922 8244 -7017 1547 3438 6329 -7854 8028 9755 7926 8836 1484 -775 -3890 3782 -2848 -1930 5498 -1172 -3601 1839 -8971 4548 1555 9186 -5109 -5074 8943 -3477 -9470 8694 168 -6072 -804 3425 -7158 9781 6379 -8499 1023 6813 1232 -9519 7326 -3682 -9529 9599 538 -3780 245 5545 -722 4275 5166 -5398 -8587 -3300 9000 -2432 5948 -4949 -6796 8629 
-4319 458 3393 540 -9468 1860 -484 -3661 2331 -4416 -6941 6733 -2504 -2597 -1614 -3339 -2692 2421 -7824 -2621 -2983 7340 -6027 9288 -2940 7661 8422 -9342 -3205 576 -4228 1180 -5726 -6018 -5542 -4128 432 2187 -9299 -8435 6234 9178 -232 2497 -2175 5672 -9763 -7041 -3562 -9442 -1908 -7984 -7887 -7498 -1162 7197 -189 -4331 -8409 -9685 -7976 -9994 10036 -8480 5451 -5449 2286 -8074 -4104 -9656 952 -6992 -1785 850 -9731 9650 -7887 
951 -3517 -6414 -2055 2927 -8532 6015 2473 -8130 2100 7492 8261 -4676 7643 8480 -9799 10014 -3616 3255 9887 7104 7288 -8461 9983 -9890 -6727 638 1730 -4093 -7864 -7895 -3721 4043 -7792 338 2413 7150 5450 -5187 -5304 2968 9575 9609 -3033 -1240 -6129 -4349 -4858 -5546 496 -7985 -4615 -8772 8968 -5259 -1301 -502 4411 -2100 5176 -1819 8871 3040 -7335 -8549 -544 -3231 1353 -1598 6230 6183 7671 -255 4289 3726 789 9775 
7995 -2803 4531 9140 1002 -9323 9125 5911 -5306 -8922 -2072 -8606 -5588 -9471 3913 -6007 -2790 -1322 -7059 8111 5382 -7592 1795 -5084 -4612 5639 8842 -2241 -2598 -925 -915 1327 6827 7892 1517 9471 -6669 -1047 -8173 -8922 6816 -9520 -8222 911 -8967 -3227 -6626 2698 -9662 -8997 9142 -728 -4861 -3995 -9722 8692 -3648 -9565 -2468 1715 8610 5457 -3967 5923 6787 -4459 -1616 2105 -7170 -6993 1208 -8110 248 5473 -2701 -7390 3997 
9034 2358 -6864 -7456 -9859 5224 9665 9614 -2586 -3921 1841 4296 4196 -9907 293 12 4811 8587 -6927 -5614 -2803 1159 820 3064 1325 -9982 9483 -2970 4799 -9832 5009 -8278 -9171 4641 -2815 -5912 -4333 -3917 -1959 4157 -5109 -217 -2066 5771 -5676 -9414 2836 3516 -8994 -10048 8087 -6131 -4525 2510 3555 5487 8257 -6950 -6155 44 728 -3349 -2053 4067 9453 -3410 -2527 -6296 4695 5008 3212 5316 1785 -9794 484 529 -8938 
7353 5978 -3162 -5291 6868 -8465 4590 3763 -1134 -4864 8683 -7060 -8060 -811 6498 -9979 -2325 -1834 -8968 1313 -6544 5431 -4487 -3158 -4323 4588 -9394 4717 3768 6225 5117 8474 2626 -6093 -2995 -9973 7852 -7146 -7073 -8113 -2599 -7015 3804 -8172 9159 9735 2370 -7468 -8187 -2801 10057 9512 7385 -5664 -4226 -284 5064 8557 -1450 9990 -4477 -2686 3041 -4242 2702 9976 -9415 6574 2049 -1063 -3097 1730 4981 8918 7180 -2739 -1155 
-2138 -902 -6525 5486 -4834 3210 -4633 9477 4928 -8120 -9040 -782 9447 1033 -5152 -1125 8519 4006 403 1856 219 -9023 7141 8950 5156 8585 -4186 6117 -3061 -202 1702 -5241 918 8543 -8315 8909 10009 -9357 10080 5404 -3975 -490 6869 6744 -8637 4035 148 -8537 -1727 2948 -3687 667 -8323 3345 -5920 -3936 -5254 3582 -8238 5111 292 -1131 -4454 218 3287 -5473 -4151 -7902 -4770 5945 -8243 7706 -3881 -3629 1509 4832 773 
3287 5191 5811 1617 1405 -4991 4663 5131 6663 8401 -277 1159 -3435 -5591 205 2845 439 224 3814 -6480 853 -8829 296 9175 3007 8872 -4453 4832 3153 7735 412 -1593 -7003 -6135 9068 -720 -2441 5527 -3624 7140 8797 -5332 -6692 1540 -9232 -4959 7773 -2902 -8604 6398 -1715 -1703 6813 8218 -3239 6352 688 -3614 -1488 -1622 3934 -8523 -1468 -4997 -487 -400 -9708 4167 914 9064 -1983 624 -8608 5420 2004 9316 -2544 
-1338 7021 -1485 1078 9259 9399 58 -4953 7951 7802 -489 9932 -8569 -2324 8827 -3660 -3439 -194 1428 8440 6801 4992 -5751 -908 -1580 1388 -8752 -8801 -3516 -8829 -3542 9341 -9789 5320 7716 -2302 524 6205 8930 6062 -1661 747 5768 2228 7442 5216 6120 -7028 4664 -2113 1133 7477 -6647 3632 3511 3611 -9998 -9884 4583 -4824 4687 -3672 -1812 -997 -8204 1059 -1056 7894 -2021 7697 7137 -8138 -1980 67 1886 9020 2279 
-8012 8293 -2248 9630 5754 -6980 9442 -9793 -439 4646 -780 -875 -528 -7841 -7435 -8732 -5763 -3397 9118 2682 -1457 8960 4174 -64 979 8917 7151 2922 -8813 4801 217 8132 -1856 -5583 -3423 4161 -9845 -218 -6114 5946 4278 3449 1413 6419 -3795 5776 -4597 2504 -6402 -7616 3293 8751 -7746 1920 -6794 -7596 -9437 -1728 -232 9230 -3282 3006 2543 -9811 9081 1756 6365 4362 2852 8220 -6179 -8954 -7864 -7826 9798 4408 4602 
-8080 782 -1594 2755 -9343 -3968 7227 -5943 207 7381 2493 3847 -5162 -6807 4847 1918 -6814 -5048 -3967 -1699 -3675 -5400 4742 -9881 7798 -10037 -2449 8857 -9658 1754 -7390 -5335 1143 6053 7586 -492 6144 -1002 -1148 -5868 2591 -722 6599 5872 1378 -8751 8095 -9496 -3007 491 -6454 -5994 -8509 -1581 9486 5604 221 -8960 -1129 -5530 2528 1170 2119 -2584 -7446 2861 -4795 5481 -6933 -1884 8233 -7512 5561 9703 9963 -1072 -1152 
-1367 -7013 -324 6272 -5043 2912 -1301 4966 -3639 6125 3561 1512 -2639 3848 7348 7034 -458 8067 -704 4256 5700 -6240 -5670 -1089 -6027 4695 -7488 -3317 -4463 -2431 -1955 7032 2613 2447 8996 9058 -7462 -4999 -7849 5266 -5581 -9661 -3030 -1997 2363 7107 4392 3232 4656 -5836 10005 -2011 -4438 -8141 2541 7241 -2889 5735 7264 -3399 4037 9313 4713 5511 2854 302 7660 7813 9411 -372 -2102 2418 4862 -7958 -2023 -9512 -9581 
9063 -1734 -5068 -10037 -4962 8340 8095 332 4678 8616 8557 5262 -2767 -1342 -1988 -3999 -6340 7219 -3963 1271 8846 4178 6213 -196 -4263 1838 -7748 2678 -5979 7097 8894 -4607 -6685 -1394 -1387 6446 -2963 5475 -2901 672 3124 1050 607 -915 -7776 7862 -6692 -6958 3576 7204 1575 3743 8287 -9167 -6067 -2330 -577 -4439 -6056 -2720 -9884 7490 -2355 3523 466 1318 -5870 1488 4030 2795 5694 5720 -2369 -1013 -6183 128 -742 
596 -9689 1287 3492 3867 2931 8126 -8313 -4458 -5984 -7884 3863 -8821 4063 1718 -1172 -607 7886 -3833 826 -1353 1682 -3013 7990 -1892 -10017 -8039 661 -1666 1930 10026 -5724 8088 8223 -4761 -1412 627 5312 -8229 8607 6512 -9753 -2487 -6385 326 750 1581 -252 7272 -9720 -4067 -8226 5603 7219 -989 -7716 3890 -3933 -2926 4265 -2357 -5357 -6746 7991 4452 -4820 -5458 -1908 9383 -2239 -4529 3830 9154 5721 893 6208 9557 
-7936 3296 9067 -7102 -5959 -2731 -8792 -4249 -7971 6183 9819 4393 -7167 6627 4021 252 6925 -7820 364 -9054 6599 7766 -6284 -5996 2048 5059 -6106 -7007 -4056 -3470 7825 7420 -3315 -3895 5210 -7068 6226 -2154 47 10010 2907 -7907 8728 -8508 -5209 -8414 4934 7999 9559 6280 -4005 -612 976 9253 -3223 2762 3817 3145 766 -823 -7045 796 2216 2175 -9485 -3704 -5903 -3717 8098 -4594 -8066 681 -6078 -6301 -3427 -8248 -9867 
551 491 2813 4481 5848 -8972 -1980 -7299 95 -4639 0 2165 -7550 5594 -6108 -7574 8374 -5589 -9198 2162 -135 1217 -2372 -5720 -2198 4282 -2362 -1440 3773 9020 -1839 -6542 -5210 8496 333 117 -4382 -167 -2947 -918 4724 -5678 -4538 -8107 7481 6261 -4426 -2302 -1376 -2138 -9712 8286 7124 6122 -1468 2442 868 1761 8891 -3071 -3752 -3008 -8791 4882 8258 -6959 -8858 -7629 5710 -6081 2624 3637 -5027 -2197 -8767 5820 -6165 
-4449 -9127 -6578 -5862 1383 -6761 -9106 -7401 2665 -1926 -9781 5506 -5520 559 -4552 -7487 -1254 -9160 -7314 -465 8158 -2208 -5805 624 -4388 697 3480 8014 -6822 7096 -6420 7088 2119 8691 -7469 -2204 -4796 -7258 6142 -7418 -2150 3547 -5804 -4798 1175 -2756 -3317 6296 -5851 5071 -8923 515 8212 2668 -7598 9363 -3406 6444 -8742 1900 -3168 2463 -1115 -10029 823 -6938 -1279 -4991 -2909 174 -975 -7244 -54 4539 -3934 6233 2991 
-802 9212 9401 6105 967 2712 4150 -862 1676 7354 -2149 4299 -9614 -2170 7819 1200 -4212 6008 4878 1508 -5284 4419 -5226 -6859 -5316 -6412 9248 10011 -8884 -6728 -223 6196 5395 -5410 8759 -4069 163 -8466 -1318 -59 -9386 -9396 -8361 -7437 -2730 9639 -3046 -8000 -7679 8571 -8246 -820 -7203 1967 771 -186 -10022 -1505 3872 -7080 -9977 -6662 -749 -4447 4799 -4603 8266 -3330 672 -844 -6707 6089 6521 7483 6018 -3079 -3325 
3482 8684 9795 -2128 -8929 4609 -9323 -417 8967 -2954 3197 1787 -4241 4158 1063 -374 5886 -40 5946 -3204 -4966 -7971 -7146 -1040 9783 -5644 -7591 4253 -1786 1552 6679 6795 1905 3111 -7711 7693 -756 -2365 -1392 -148 9425 -1652 4045 -7980 -7173 6618 5871 -1823 4409 71 347 -6260 7327 -8186 -1797 -2308 2375 -653 9268 -1872 513 5952 9360 -9885 1707 -4001 6929 -3471 8959 -6088 -78 2571 1750 -8924 -1968 6162 7592 
8501 -1069 -1297 7585 3160 -8946 -4089 8974 -614 -3901 5671 -2426 8885 1148 6731 3308 3359 -2435 2821 2477 9746 -6396 -9598 616 3244 7345 -4421 -4982 -2928 -900 -4024 4613 -6285 -6777 -7358 -5452 6325 8868 -5517 -6042 -6289 4048 -9766 -9112 7532 3309 8456 4917 779 10081 4887 -3815 1933 -7659 1683 4138 6405 402 8526 8627 5244 -8088 9886 4015 8404 5406 5022 -4416 -5914 1311 -814 73 -2867 4137 4253 8694 -3503 
1248 -6662 -942 2700 -6186 -6195 8456 2577 5176 468 3618 -3533 9701 -2734 5883 6185 3293 336 7347 -7289 8274 -1167 8429 -1207 -6456 7360 9333 -82 9356 100 4335 -1063 9395 -3571 -2128 -6103 -8769 5869 -4736 -3964 -6027 7716 -5203 473 5740 2552 7900 9686 1891 3024 4826 5339 -7120 -1484 -7194 8788 -7389 -7202 -2521 6161 -3459 6466 1633 7471 -8624 7352 7883 -2445 -9566 -4262 -5332 748 7847 -1551 -7184 3475 3322 
366 6966 9709 -9806 -5323 -9495 -6562 3056 -3889 9318 -589 -2132 2069 -2058 -7716 -6116 2053 3008 -5491 5272 -5108 4844 2038 -699 611 -7855 3119 2631 -8017 3459 634 -1960 9987 -7313 -5005 -6810 9958 -7279 -9893 2687 -7527 3762 -810 -9577 -9455 4338 -7634 -8237 2376 -7947 3105 1449 9255 -3368 171 -3223 3980 6128 -7649 1193 3297 9026 -9045 8314 1381 1709 -8983 145 -696 75 -3946 2430 -4744 -6186 -2349 -1217 405 
-5327 -4590 84 2229 -7725 -266 -2035 -7063 -2032 5517 6314 4347 8993 -7635 6571 -1028 361 9407 9279 -6849 -5071 9223 3473 -593 5326 -7545 -3177 3218 6717 -5825 -10001 5809 -7461 -5940 -6855 -4035 -1594 5688 6435 -5353 -7219 -2824 1214 -7222 -9866 -4148 -6133 -3876 -1219 -4475 -2211 513 -7123 -2012 -3090 -4189 1946 -3282 -1059 9081 -6076 2388 -67 -1122 1461 8213 1676 -3939 8567 -5892 -5197 1532 -1239 9517 -6006 9982 9991 
8525 -782 -8906 6836 5871 -5581 -2708 -7542 4795 8274 -202 -1274 2970 6245 -1198 -4374 -7478 -1166 -1553 1436 -546 -9056 -3629 1576 -6034 1220 -8245 -8463 -2395 -5919 652 -975 884 455 -71 5671 -2965 1684 3917 -3655 -684 8411 -1825 7525 -5218 4887 4559 -6175 -7856 2093 -8501 -1012 8242 4479 9352 1433 -8655 5206 -2688 -7945 -3218 6281 -1673 3665 4652 1811 9867 -9362 -8101 -7969 6545 -8415 -4653 -2760 -8407 -476 1254 
2878 3543 3255 -891 8666 5489 -9782 -2594 -3954 -8409 -5968 1615 -5370 7070 2852 9320 -5174 -1156 -2125 -5669 6777 -6295 -1673 -5087 -9153 -3545 6833 5442 -9455 521 -1706 8893 2230 -4635 2568 5190 3044 9708 7989 -3772 -6904 -8059 -4560 4082 -6086 -1085 -6303 9226 696 7776 -6550 -8640 3665 9297 -7076 2292 -6621 -1370 -6516 -3675 -9865 3642 1151 -7747 4411 -1870 4572 -106 -8589 2176 -647 9589 7342 -6926 -4008 1362 -6923 
9323 -8150 8315 3318 -3897 5784 -3688 -6307 1470 -3114 -1896 9422 -1344 -2989 -652 9790 6473 6468 855 -2278 5695 7281 -9495 6205 -6827 -3744 -8558 -9988 -8008 5702 3253 2162 -5704 -7599 -1998 8960 5640 -2454 2256 -5801 -5865 -823 -7093 -2954 -453 9599 9165 596 -9172 7081 6395 -1319 4410 -9224 1760 7555 -3837 3010 -8378 -1896 2803 3447 1526 -2889 -4959 56 -8209 6899 10050 2361 -8302 -8216 1891 5051 -3207 3991 -466 
-1938 -3933 -6060 -9650 2856 -3057 2035 -1018 -7440 -2074 6437 5163 -3409 6218 -7473 743 1335 -8786 621 4538 713 9587 -4519 7287 -1604 -4083 -7285 -9179 -6927 435 -3935 3898 -4062 -2566 -3523 4251 -7889 5153 50 -2515 774 7825 -4608 -6561 6226 7913 -5535 8950 -9184 1382 -3084 3207 5104 -8365 6818 5045 9603 5972 1083 2925 -7570 3162 4629 1738 -5342 8688 1513 -7546 5066 9944 -6735 220 2755 5694 3939 -1837 -2344 
3820 -7164 1531 2495 -1397 -3150 1763 -6255 1766 248 731 2398 2654 3119 -7584 468 -3606 296 -5724 -2746 -257 4757 7290 -4450 -6419 9664 -578 -6704 -8947 -7589 -7484 -2700 7394 -6237 -6579 5667 -5093 5622 -7096 7862 -2554 511 -8792 6862 207 -6281 -8581 -9258 -3176 7617 -8713 2299 8646 1865 -5226 -8113 6104 -2052 579 -2349 2647 10057 3095 -4851 8423 7023 -3573 -4517 -9278 3569 -6836 -9597 -5705 903 -9289 -601 -337 
9893 -2495 -9533 2030 5052 7486 -1953 3466 -4969 9443 3774 -3871 -8834 6642 -867 -3062 -4566 2 5827 -1644 -8986 -2933 -6516 957 -52 8842 37 4862 247 -1131 -5686 6859 6610 -2578 4962 -2605 -7060 -7590 -3146 1384 -3028 9690 5630 7444 -9914 -5336 5580 -7380 5473 -3183 6644 -8989 639 4857 8167 -9461 -7914 -6412 2274 639 -1464 7884 935 -19 -3533 -4912 4186 -4245 -5340 321 267 -5042 8761 2062 -450 -5541 -243 
3551 -8628 580 -422 -6527 2707 -970 786 -8005 -3366 3526 8496 7060 2426 -7491 3315 6633 4403 7522 5302 7463 -1469 5475 4264 -3711 2496 7606 -5752 1198 -2763 2165 -3942 1848 -3912 9090 -7568 -9576 2351 -2757 8263 3678 1579 6084 -2857 -6864 -2110 -5474 -5279 5127 8508 3831 2019 -5370 5062 3380 4212 434 8803 6485 178 2323 4979 5619 -2138 -7560 -1371 4434 9328 -3846 -9171 -175 -1661 -8537 -6959 -2925 2778 9717 
-17 1691 2193 678 1379 1536 -5622 -3905 9127 3865 -7207 -3444 -4368 10056 -7153 -8444 -9168 -6832 -5868 2775 1990 -8980 7395 -1125 -8856 -5465 -5689 1770 9188 -6301 5143 -2468 9969 -7595 -9084 -1094 4929 8767 -5666 -5050 -3791 -7965 1524 2656 1283 -9576 2933 -1689 7973 -9018 -8527 5058 -7186 2209 -6285 8216 6202 -5511 7950 6843 4133 -7380 -1759 -441 -1347 9824 1690 4054 6757 -564 6715 9887 5811 9264 7433 5972 -1412 
2901 -9895 -7284 -6435 6758 -9228 -9756 9995 -4040 30 -2923 -6362 -2646 7044 5156 1766 7340 4030 -1620 -3921 -6661 -9478 1516 -1336 3169 -3502 5716 -3343 9916 -156 6749 -3767 -9980 2321 3145 1196 4189 -5561 9881 7268 -6249 -441 -8809 -4020 -4773 2941 4901 5463 1544 9754 7638 -7324 -1730 -7867 -7434 -5767 8619 1574 -2339 -5300 -2991 -7299 -4369 -3218 3539 -4549 -4635 -2849 9861 -9885 -6233 -9972 -5079 -4866 9631 4090 7077 
-2508 -9885 7015 -925 -9415 8893 3053 1716 4550 3260 6509 3794 371 6859 4119 -7082 6045 -9339 735 6015 -23 7300 1480 -5955 7851 135 84 -6688 9327 -4681 7478 2717 -4692 9687 7956 -8415 -679 4181 -453 5238 2538 4126 -9993 -4963 -7340 -3314 3415 4574 840 8868 -9027 -4230 -4337 -7635 6277 -5240 9196 -5524 5776 4473 -8765 -4266 5691 4852 4457 2983 -953 8778 -1461 2869 -5462 1550 9477 105 -9432 4850 6887 
-3427 1541 -7491 8827 -1827 8494 -472 -4654 -9340 -9458 8499 -8368 5095 -2376 -9563 2398 3326 -1621 -5931 -6711 -2795 5465 -6173 4855 2218 -3076 -5675 -8844 9694 8414 8990 -2262 -9022 3659 5853 -1302 7143 -8103 -9661 4924 -5381 -7790 -3524 -1181 9209 -5956 9480 4782 4997 2319 4126 -6321 -7298 3273 7989 -4154 4582 8193 5331 126 7024 -7633 -9309 -9172 680 -1822 6108 4888 6135 5044 4728 8063 -2859 5300 5141 2215 -5989 
8809 -3217 -1396 -1853 -769 4836 -6942 9828 -524 -2633 1021 -2944 8536 300 8891 -6455 2655 -6425 2418 -7797 2045 -9306 9104 -9210 -2266 -6362 1158 381 7970 -7484 -2788 9782 6034 3395 -7250 1569 -3069 -2353 -8931 -8098 -6975 -7608 -3005 769 30 7906 -3591 -3906 -585 4082 -5676 -7662 7127 7193 1624 9213 6101 7784 -3306 9506 -7864 -6230 -6565 7658 -578 4875 8767 -4341 -9122 -3532 2703 4785 8948 6176 -4340 1752 3003 
-5267 3814 -6533 -1875 -3970 -5283 8556 4886 7378 -4252 1777 -4908 -1089 -2629 7071 -7954 -5348 5827 2455 -2068 4030 8780 -8114 -8934 -2717 -5452 -5596 -1151 -1280 9873 -9650 502 8378 -8470 9940 5466 -4087 -8442 -1948 5456 8260 7176 -8855 2215 5215 -2104 5498 9810 -2289 870 6673 6082 -664 5978 -9385 -8905 1857 5576 538 -9197 5078 -7612 734 -3563 -1704 -2881 -4222 1618 2502 3047 -4028 4031 -8225 -2751 7008 2010 4201 
-8480 -1045 -7308 8778 4259 -352 8961 7576 8521 -9180 -5853 8744 -5647 4106 -4384 -6153 6978 -2232 124 8813 5818 8622 -8338 -4499 -4688 -7216 4956 -7730 1924 8585 5563 7964 7184 -8437 -3007 7515 2933 -912 -6084 -5399 5137 -1093 -7261 -1188 8759 7052 -4348 7331 7389 2246 846 5832 7262 -3487 5797 -4943 2936 -2616 7966 -3514 427 7441 7787 3432 -9382 -5560 4819 -7393 5142 9433 -2695 -1464 -1124 4079 -8543 1173 -9036 
-9639 8937 -2162 1648 3832 -5299 4469 -5875 2620 -2677 2428 -7558 1526 -1370 2023 8535 6668 4209 -7861 -5051 6616 -6551 -1647 -6181 190 6285 9113 -697 -1043 8827 -5642 -4896 3318 2866 -9449 9813 -3226 3524 -1312 6489 8846 4836 4773 5631 6418 -1120 -9200 7367 -3409 708 -8052 5698 -6140 -8509 9124 2138 7150 2759 -5323 -9070 -10079 -3679 6999 -7915 7032 1683 -3776 -6457 -4907 -25 -9462 3689 9173 2122 3730 9015 -2379 
-1985 5575 -9119 -9319 -2561 -4877 4549 2460 -7157 -6455 1888 9347 -5773 -5913 -5979 -437 -8156 -988 -3976 9271 7717 7561 8805 -6865 4643 -9898 2831 -9009 -6028 -1702 -3860 -197 944 4102 6941 6467 247 -9917 796 5012 -3410 -9416 -1162 9306 8713 -3960 1755 8579 -8290 -8335 -5807 4900 7344 -9972 -3501 -2501 9616 7576 -3642 -116 -6051 9205 6533 -4043 -3197 630 -6961 657 -7609 1034 8526 -3228 -9313 788 -7189 -8681 7878 
2100 2398 6550 -2053 -8117 -5740 577 3585 8311 8724 8139 4886 -5729 4911 -7133 4929 9010 -3015 7480 -9552 3616 -8497 2910 -9617 -6314 8029 8012 -7226 6443 9604 -19 -5230 4494 4401 -1859 -4011 -5972 -4546 -8081 1478 1514 6575 -951 8706 -7002 -1630 8438 878 -4765 -6865 2911 -36 2107 5396 -2034 -790 -8331 8797 -8129 8608 5734 -8257 -7757 -6802 2693 4156 2562 -4007 3691 -4674 -8002 -5437 -7595 2705 8391 7802 880 
-8980 4630 -376 1519 -1479 9904 10058 5778 -6246 10005 1923 6606 1975 -1015 568 -3871 -2582 -5547 -9884 9179 -9938 -7588 6721 9422 9296 -8488 8896 -6244 -497 -4221 -7022 -1215 6897 -5052 -9540 -2 -7574 2693 -5781 3245 10066 3218 -4640 -2237 -3118 -1321 9314 -1082 -7666 -1590 -1614 -963 3878 -8330 -1669 5722 4760 -8832 -7904 1581 -9057 4241 7953 6698 1901 7551 4001 -1274 4905 5545 -7467 -6069 4632 2640 5866 -5823 -1934 
183 8924 -5060 1 -9355 -7611 -7913 3020 -2254 -3290 -7637 -3782 -6192 9073 -5759 -4669 -6384 4695 -8098 -6545 -2187 2433 862 -8227 5753 7223 1637 -1105 9427 2488 -5619 1895 -9223 -5611 9579 -4656 -9348 -9885 -3957 -3865 -4035 8641 4579 -880 3873 5569 592 7802 3623 1643 29 687 -5496 3085 -217 9069 8762 -7136 -5681 -5229 5886 9085 -6775 -4471 8335 9655 4040 5375 -2239 -5412 7300 9910 528 4851 -8635 5497 6484 
3193 9657 1114 -1853 -6254 -1400 574 3704 9335 -4783 -752 -60 3156 -5538 -2188 6338 -9715 -4615 3197 -5940 7231 -5782 -5451 2028 4124 -2018 -53 -6425 -696 4974 -3017 8120 -3818 568 -4324 1385 -1047 -5030 -9148 -8056 -2821 -4120 -8265 -8151 897 -229 5899 -6799 2430 -8312 -6260 -2419 -1531 -3573 9376 1181 -3460 -7254 -2179 -9266 -34 6223 -5980 -3186 -720 9059 -5220 -6517 7266 2958 7808 3560 -8149 6490 -8552 -5149 5710 
5504 -6511 9858 3112 -2782 -1560 1638 -7704 9931 -1661 3822 3952 -6703 749 7331 -2210 9123 4494 -5099 -1645 2046 7164 -538 -8902 6719 -9336 7429 1458 -2196 -6403 4062 -3399 4849 1757 6451 6464 -9806 9749 -3486 -527 6613 3618 4772 4919 -7187 6759 4566 -1657 588 -7846 2407 7291 -1531 9487 -7942 -6911 1291 -5673 8335 452 5246 138 -699 -7031 -1200 8082 -5545 -5361 -7017 -4284 -5829 5201 1716 3463 -8996 9893 -3333 
2095 390 -3919 1086 9003 -6805 -7782 -5266 6319 -4954 2034 1996 -6841 8864 -4897 2623 6861 7595 974 -9373 7103 -4786 -3608 -5168 -5727 -4648 -1479 8571 -6279 -6405 -1705 -6262 1623 -6808 6943 1611 7290 3054 6279 5670 7566 -5779 8805 -7963 1287 -6629 3890 6651 60 -2222 -9912 -4064 8005 1897 -7151 1356 591 3811 -5967 -1533 6063 -8199 796 9253 3439 -5140 -7246 -9057 2302 518 3997 7030 -6628 6701 2863 -7666 10044 
578 4876 974 1400 -6283 -8096 -7998 5561 -7885 -939 3959 -8998 -8880 2659 9022 6648 -1806 5895 5981 3688 -5060 -2972 4134 -5604 1679 -6721 -1670 -5569 7540 -4663 8654 -2181 -8245 7927 -1330 -7282 -1323 1416 -2205 -10070 6854 -4894 -9560 4282 1656 -6383 6743 -3511 -4175 -2418 1589 3669 7441 -4567 -7237 5713 1490 2406 1861 -9045 -661 -5223 -4599 -8082 7489 -6510 -2237 -9532 8438 2780 -9576 7798 3207 933 3362 6417 -8301 
-315 3080 -4754 -583 -2601 8423 4166 -3366 -7054 -6555 7177 6814 -1994 -5900 -1375 -10068 -7519 2995 -8281 -8012 3399 6607 -7510 -7009 9863 1187 -5968 -3221 -2303 7831 2114 -4517 -8732 -6746 10010 6419 -9823 -9079 9674 -2775 7610 -4716 7295 3498 -2494 2326 7043 -4450 8593 8127 5944 -6139 -5936 -4607 6280 -2162 -6695 471 -1599 8634 2192 5137 -825 -18 1046 2945 -1207 -8892 -2143 4825 3804 4668 -2040 39 -4488 -233 8890 
-1446 867 -4966 3247 7540 5537 1829 -5021 -4908 -3541 -5744 -1995 8115 5127 5865 -8663 6425 -6064 8607 4203 -7285 4935 1392 -6608 -715 -2572 -6585 2523 -3644 -1745 -4533 -9619 3883 -2955 -9615 2365 8467 9196 4292 -309 3387 -7728 -309 -3244 -7536 4128 1352 -6169 -7204 -8593 -8206 8138 -7085 484 -3171 -7097 6181 -9657 7088 -260 -1181 7658 7631 -2008 -8907 -8857 -5854 1161 4018 7952 5939 6440 1465 2666 6919 5049 3368 
5971 7294 3705 -133 5865 -312 1395 -9953 -628 7909 -9561 6752 -8490 -8503 -6736 -9859 1358 5824 8020 -335 9479 3349 2014 6275 -273 9263 790 568 -8752 -2288 -3646 7352 -7503 3674 -9828 3886 -7709 3041 -587 7247 3133 5141 5728 -4161 -3533 -5747 5325 -713 -2196 5794 -6252 9361 9248 -6867 -1709 -8978 -2376 -4264 8019 3615 6966 -5602 -399 4328 -4326 -4361 -681 6636 5244 -7855 6902 3489 9009 -887 -2458 -2553 8527 
9270 1353 -5797 -4389 138 6093 -9846 -7384 2782 6772 2483 51 8083 2646 84 -8432 9098 4050 -5185 4552 8365 8468 8002 3580 8618 8496 4369 -5337 -354 6535 2416 7619 1564 -4874 -4060 -7231 5895 -5189 9370 -7433 9671 10004 34 2633 9548 5758 -8644 -9956 -3551 3105 5171 -6934 -6805 9793 8593 3748 -7220 9093 -6594 8833 9591 -7160 -1096 -856 166 -9969 6013 -355 438 -6545 5333 3144 2130 2315 -2796 5253 -5007 
5781 1100 4249 -5829 709 -78 1595 -1850 4345 -1379 -3338 7994 1234 -6071 -807 8407 -3105 6585 3409 -7983 7706 2952 9489 -8040 -3244 5391 7670 -3119 348 530 2711 -2037 -5895 7696 -6610 -1264 3886 -6795 953 -6499 1667 5409 -3473 -2300 7781 6507 6898 4557 -9814 -7254 2166 -8235 10008 3655 5060 7011 -1008 -2043 7802 4998 -9740 -940 2710 2295 2879 9077 6608 -6272 -2314 2534 9359 -2110 -8496 965 -9594 8323 2372 
2066 -7198 9888 3407 -3397 -46 -968 3295 6956 6858 5397 -489 7214 -9965 3885 5056 -1055 -4142 -5884 1791 1573 7295 -7504 9059 -4643 5414 938 -8653 7663 -6658 3830 -7700 -1611 -1990 6419 -5432 6143 -1448 -9634 5154 -6772 1112 6687 -5884 1922 -493 4821 4293 -7026 -9248 9079 -4763 -5837 -7835 49 -9668 -3736 -6607 -1878 6498 6761 8901 2371 3471 9988 -209 5303 -554 -1669 7903 1155 -9550 8727 6827 3252 -7673 -921 
-7887 -762 -8905 7055 -3331 4163 -5607 4975 9417 -5042 -4835 -5252 -5931 7903 -1078 -4809 -5501 -6017 -8921 3621 9188 -4719 461 5649 -6097 -4566 9023 5309 -9930 1998 -3639 -8617 7261 -4730 7413 -2123 -9579 -4048 1251 3099 -6364 8148 782 -8615 -7502 6277 3349 6490 7437 243 -1016 -1186 6493 -1394 -4130 -3970 7638 1058 -9417 -2111 -7961 -4992 -3267 7654 -8034 -8437 -4238 -9348 9370 6934 -6679 842 -9314 8799 -4142 -2814 1533 
7344 718 -427 -7898 -6367 -997 1899 4184 5745 -4780 5541 3273 3423 5246 -4826 -5566 8711 7544 -3443 -9998 2355 -6948 757 -537 4568 -8645 -9078 9740 -6202 -5607 3558 -9794 -5029 7473 4707 4091 -8161 -5544 -584 9028 -9830 3221 -7505 -5191 -9142 -7629 6176 -4259 4435 2545 2393 6157 -2475 -1657 -844 -9804 -4165 2947 550 -7136 8864 -8021 1718 -19 3102 5984 -2814 4850 5884 -5532 -2734 3048 2824 5035 6412 8671 8106 
-5395 4644 6740 -1509 25 799 -7003 6435 -1855 -1897 -787 -10036 6673 -5950 5313 3340 1085 2740 9453 4371 9295 -9673 -3219 9590 -3325 2934 -1699 -5470 -5470 8624 -6904 3118 5988 298 9396 517 -7076 -4421 -1294 7573 -36 -3878 2101 -3977 9207 7816 -8211 1487 3617 -4810 3143 5278 9199 7366 1723 8469 1830 -816 5886 -5715 5649 4849 4454 6784 367 7199 5221 -8070 -386 5375 7994 -4101 1849 -9202 4771 4532 -7423 
6633 1901 5357 3329 7777 4986 6826 -1303 4126 3287 2234 -4082 -578 -8317 8815 -8874 -855 -4329 -5534 -2332 6844 -6098 1341 -5081 3135 2855 -1893 -4608 -3612 8825 -5677 -1314 8161 1442 3561 3654 5460 290 -3091 6226 -7691 -5554 -4860 -9181 2544 6990 -5428 153 -1973 -5273 3745 -7411 1835 1 -5652 8101 -4911 -735 2116 4456 -7738 9561 7553 -7222 -5116 4374 4692 4178 -1311 9327 7744 2405 1131 8962 8710 -9268 -3728 
1631 6140 -4849 2008 -9137 62 7501 4947 -3155 1017 -1491 -223 -5974 107 2010 -1446 -9462 -6993 9114 8432 879 -304 -6235 8512 -208 -8713 -7425 -7602 -4207 3800 -507 -2809 4432 -3196 -6414 595 -509 -6193 -7929 -6466 -7197 -6533 6206 -9116 7203 -1481 -7560 8249 1763 7138 8866 80 1225 2290 1213 -4696 -53 -2001 -4671 -7235 5716 9585 -6502 -4488 3423 3924 -5470 -8793 680 8765 6470 862 5760 -572 7359 8609 2915 
-7939 -3178 2043 5173 9323 -7173 -873 -9673 -9701 7942 5212 -1424 -8735 285 -9162 9224 8636 -4581 7017 -7292 1909 6485 6300 7994 -8709 -173 -9738 -5660 -6382 -1029 4240 -2129 -9826 -8485 5055 -47 -1075 -1549 -9010 -3580 -6458 1947 -4905 4547 -6825 -1109 7799 5892 -8586 6585 -2219 8864 1569 6109 4468 1999 -1094 2132 -2568 2729 8232 6020 -4539 2016 2878 10056 2779 -160 2618 -1049 -5283 4574 2241 8400 2528 -8461 -2519 
-3692 5915 7201 1779 2748 4340 -9251 -4245 959 -1189 -21 -6404 9736 8355 5798 9469 6781 -5905 -7838 -8416 -762 -5884 -5181 -1753 -1442 -1433 -1357 9865 -8784 -3450 -1242 -7331 8008 -1847 9625 8124 3164 -1355 -85 -4687 573 -915 -2233 625 -8968 4021 -2546 -1188 -4377 9129 8845 -8564 -1600 -4159 755 2482 -8740 -4382 3065 -3474 -3561 -3229 -8158 -1290 -9678 8829 7176 -9961 3246 7941 -1200 -3527 -5511 -3772 8996 3633 4130 
226 8499 1459 -9995 118 -3382 2915 2187 200 2907 -6718 -499 -8812 -4975 1647 -6681 -252 -3764 1388 5052 -6152 -2604 -10062 -2361 -8661 -8679 -9772 4140 -784 -3842 -7662 -5566 -2079 5642 4327 2169 -849 -5400 -5285 3651 4976 9530 6570 -4478 -3732 -71 4362 9752 5911 2621 -7758 -1187 -7847 5373 2098 1666 7335 -5442 -7141 -8257 -9788 3942 7670 347 -7113 9395 9632 2243 1025 5333 -8496 4253 -4225 -1692 9028 4098 -2418 
6070 -7809 -9528 4513 -3163 -9957 -8041 6787 7604 4971 8362 -5892 8599 -4968 2877 -6583 -1208 2587 2438 2229 -3611 -5355 -10080 -5476 8736 -794 -8469 -819 -9248 1107 -2948 -2310 4987 8433 1532 7987 -8573 -4131 4310 6893 8704 -5165 -401 -310 814 -8181 -8014 9136 -1446 -4902 1508 7832 -2075 -4027 9700 -2674 3320 -8687 -6992 -5338 -959 -8505 -664 -9285 -5433 -983 -286 4085 3790 7959 5115 -9879 -7000 -7605 8623 7869 912 
-8461 -2250 7015 5706 3001 -4083 -4932 2634 -1530 -2897 5634 8553 -8855 3513 3660 5166 4398 8255 -4874 -7677 -2778 7110 6744 -5650 2416 -4793 7204 -2132 -2477 4578 -6113 -916 -3754 -6493 -9329 -327 5036 2925 -1490 -2749 -7579 -4310 -2696 8494 7263 2665 -6527 1553 -2825 -3300 7323 -5973 -1258 11 -9899 4359 3169 -5147 -8174 9306 -4217 -4812 7100 5536 -6153 -6879 3480 4978 3229 -7986 -6627 -1992 5085 4075 9565 -4446 -6833 
-3206 8855 -4761 -4022 6079 3787 7456 -8768 -6904 -8474 9751 -5766 -1503 9343 -3522 -8439 -9778 -1406 8071 -5599 -1395 -5406 7477 -1423 556 -1347 3293 -2578 6299 7617 -208 -8521 3523 -7980 8829 4489 9632 -7439 -2918 1483 3161 -2518 -7974 353 7371 884 -5082 4709 -1780 -4312 -3763 -4260 -6484 9825 1223 6152 -1803 -732 -8364 6365 4164 -2186 5500 2537 7456 -9668 -4336 -7304 9715 -4528 7014 -5120 -7592 8414 -1290 -4082 -8392 
-2169 -10067 -9663 -7257 8178 -6126 -8931 -400 1596 -9697 6637 6931 -7516 4215 -3629 -5147 -3694 1370 4649 -2579 1992 -2795 -409 -560 -6958 3603 -1029 -8572 -3340 6732 -5865 5077 -3894 -6833 -9247 9855 7077 -6310 -3316 1096 -909 179 9376 8735 7684 3092 -9822 2117 4263 8882 -2084 -3637 -4486 4875 -85 -4151 4254 3048 36 -7779 -8872 -6442 1064 7212 934 -5585 5261 -6987 697 -9920 -7323 9394 5602 -4338 1450 -8082 4014 
9472 -2780 -8048 -6199 4526 8072 8043 1318 5926 -3985 -774 -1224 8786 1747 -6849 -8636 -5082 9638 8063 7367 -2379 9385 -648 -6113 -8902 5285 1355 -6677 -1265 7291 8257 -4935 9070 -224 -749 383 9501 6175 6389 -3531 -7607 -2258 -7555 -5234 9293 -1120 -6288 -35 -3936 -5800 8607 -7113 -6509 2651 -2787 -9805 3783 -7578 -3637 -9492 -4530 6637 -2514 1086 -3341 2609 8903 -2010 -6557 -2483 -2325 1123 -672 -774 3800 -9885 7873 
2130 -4121 10006 -7032 657 -87 3 9964 3307 2969 -4346 4874 -3426 -8844 -2715 7969 -10084 4270 2435 -2460 -5699 3040 -8211 1920 -6448 -6089 9304 -4082 -6459 9321 8804 -5727 -4160 -4778 -3563 5235 -6477 6239 7674 -9956 -5729 -6893 -6738 4862 4398 -5908 -8293 4102 4844 -9454 -2674 -8993 520 5990 -2936 -6082 693 9640 5895 931 -2010 7534 -3389 1321 -9762 -8380 -9602 948 -5801 -6155 -9143 -2144 7981 9866 -5016 1859 -6030 
-9750 2123 -3504 8563 8901 -3588 9712 -7833 2141 -8307 -4803 7047 -3247 -9109 -9684 -9812 -254 6958 -4288 6047 -144 -5547 1157 -8210 -3205 -2272 -8151 -3465 5949 -6627 -5776 5108 -1144 2077 5240 -9992 -936 -511 5503 3539 -7434 6699 9428 6122 -7153 -5033 -6823 2386 -4169 5038 4074 -8091 -6321 5114 672 770 -2993 8393 -2178 -9414 -7349 5903 1283 -1088 -6055 2340 -3337 4922 7465 -804 8665 9184 9594 -6444 -1463 8200 8521 
-427 2267 -2770 7349 -3105 -7769 5794 -7847 9921 7975 -9293 7255 -9335 1071 3718 -5831 8877 9862 -1720 7356 -2244 -617 -8776 -1356 -5396 -8818 -728 -6182 1580 7005 2309 -1630 -4956 -2803 6546 -2905 -2694 6791 8218 2804 2875 3978 8167 -9560 -6239 -5758 980 -862 -537 3434 -1802 4558 2758 3430 6319 -3177 -8233 -10002 1317 -306 3754 8456 614 2485 2825 611 -7532 8951 -2315 -7750 -7342 -2602 -3695 8153 5828 -5128 9425 
-7395 -3561 -577 -9884 7949 9440 9813 7278 5655 5740 -5115 -1194 2600 -1599 -6267 -1786 6621 -1233 5737 -1051 7730 7827 -3281 4075 5222 -4095 4640 4987 8433 -1355 -5406 -6024 -6144 -2853 -4260 2541 8980 -7434 -9057 7194 -6261 -3827 -3343 -9304 3475 -1985 8921 -9572 1474 3620 -5246 -4497 8209 -3432 -3887 348 991 -4104 7330 1121 5204 340 6381 6520 -7443 -6876 4334 10001 -7637 9029 433 -9088 -7023 -8452 -1658 -9754 2270 
3017 -6113 -1655 978 4153 8120 -5297 -9583 9445 10043 -7510 4282 6936 4710 4763 -9805 2448 -7248 -6465 8605 7939 -2540 -6965 -9065 -99 1899 -1371 6930 -3073 8885 -1770 -4768 473 -8753 -2965 5718 -142 -6034 -1443 -6376 2637 8713 5189 -138 1150 -1716 5815 6346 -7023 9078 1377 9358 -2881 3593 7925 1696 1896 -4508 -2035 5179 9231 5196 -5125 1013 6606 7585 6000 6860 8581 1072 -3795 7624 -5425 -3670 2945 7772 3140 
-9012 6820 -8840 -2309 2324 -7923 6478 -5262 456 -4568 -394 2946 -9578 -9201 9265 -5793 -9167 7365 -1114 8610 651 -6062 7276 1759 -4843 -1055 -8711 4468 7913 -393 -8046 3007 9516 8019 -1550 2850 5996 769 -5169 2223 1221 -4382 -3860 6583 4608 -7817 3956 2319 9137 6952 -3771 -5701 3321 3356 -5105 792 5024 -2717 -4674 -1012 88 9012 -9799 -8792 4481 2409 -3267 -8157 -2869 -8067 8009 -2309 -7920 -7996 9168 -3273 5446 
1824 3642 7444 -2633 6810 9054 409 9255 6879 4044 -78 -1788 9725 -6759 -5001 1834 6238 834 -6086 -3568 6648 4545 -3270 -7485 -798 -4363 3490 4173 -3256 8797 5149 6464 6795 -4296 -6741 -6647 -4821 -1026 -9657 -5686 3010 -3440 2891 -9022 5654 -1718 -5812 6580 666 -4545 5861 5817 8750 1756 2453 -4433 693 7753 7224 6362 -8640 -1883 -8800 -5238 -9457 4928 -9568 -8152 4784 6605 -3065 4860 8318 7471 -3979 -4090 4893 
7954 3822 -3099 6972 8258 2086 8231 -3170 -7699 -3688 -8171 -4065 5082 3388 8023 -3675 967 9759 5983 7012 3159 8418 5407 5217 2468 -3362 1076 -7878 9090 -7893 3043 -4677 -6428 -1632 -1260 -6802 -2244 67 -8744 232 2578 -1991 -3687 -315 -4467 -534 -5897 -5239 -7774 -6372 -7482 -4004 3936 2642 -7945 -1344 9254 -8460 -3555 -2737 -5894 -5260 -7220 6253 -4382 506 8502 7700 2893 7588 -3473 -126 -6585 -9415 5844 -3961 3952 
-6550 -3308 -818 -7290 -491 7861 1586 5779 -8501 -3657 -307 -1936 3820 -1312 2625 440 2953 8463 8434 5260 7915 -9657 4650 8056 -9657 -9332 3686 791 -6154 4192 8243 5168 -7 7316 8929 6982 1740 354 851 5531 -8038 5931 5370 -9170 9961 5568 -9068 -3454 -798 -5369 -7424 301 561 -7541 -7888 3589 -8891 -9771 -3062 -2918 5701 -7340 6309 4347 -5988 -6300 8705 4877 -4395 -2143 2786 -2348 -472 -4283 -7988 1953 5372 
6262 -2516 -4464 -9897 943 -5299 4021 -2375 7043 -7839 -1537 4801 -6618 -6405 -3501 -9643 9482 7458 -3853 6406 8980 -7639 2784 6421 4125 -10016 -9109 -9819 -6891 4034 4490 747 -5888 -2844 9172 9372 -9199 -8211 -1927 5572 6281 -6646 1186 -5800 5710 8002 -7082 4505 3735 4635 -1549 7124 8630 -5000 -5187 -9211 2579 -287 -3402 8171 -8507 9121 -2803 3742 -6179 -4261 -9357 -6875 9048 3605 -5245 -1065 -6730 -1916 -149 -4906 7334 
2591 4647 -1919 -8662 -3343 942 -6577 9866 8039 -8702 -8381 -6297 1152 -8040 838 2864 -7374 2722 3309 4156 5410 6302 6402 9986 -1421 -9479 -7857 4721 465 6278 -618 -5751 -3361 8906 -614 267 -7504 -790 -5757 -3256 -5370 -3435 -813 -4082 8430 6071 -3844 -9388 4667 -9968 6169 -6086 -8682 1976 -1288 -6624 -334 -8663 -5733 -7857 8886 -2558 -6274 3074 8475 1516 -5229 -2695 -4564 -2319 -5668 -5524 -4479 -3731 3593 -62 769 
-8389 5613 2747 -2308 9275 9250 7908 -1077 5935 -5282 737 -9352 4128 4375 4041 7067 -7961 -9083 5763 6008 -8223 7037 -3741 -2051 -7324 2178 -9048 -7236 -2974 -533 9007 9364 4285 4896 9146 -1444 7453 -4430 -7111 3982 2658 -9765 -7228 8059 -5427 4730 1975 -2315 -7925 8458 -6136 -7924 -7157 -3183 -3272 -6052 -7879 -8992 -1628 1906 -649 2549 -285 -2557 132 -9876 -5075 -9402 9054 -9688 6122 1181 -281 8102 8854 -9018 -1334 
-1527 -2601 131 -3843 8569 2539 -4534 -6900 -4312 2122 4943 6868 3516 -4800 -7274 7007 -1728 2813 -8794 -8036 -7725 4835 3603 -7000 560 7718 8021 -8997 -863 -6527 -476 9388 9039 -9071 7097 -1682 3404 404 -3448 -3775 -6142 6682 3901 7817 -1969 -759 733 9808 6727 2767 -9594 -6970 -1081 -5155 1059 -9705 -6023 2700 -3481 2224 -9296 -8748 1403 -2904 -7928 2942 180 -7655 4462 -1828 -5036 -7687 6827 648 7774 -9899 6980 
-1318 657 4824 -4865 -8012 -3998 -600 2522 2851 3710 1508 -450 -7347 2428 -3629 1354 -6386 6479 -9607 6857 2465 4548 -556 -678 7776 9352 -4799 -6991 32 4426 5537 6552 5204 4297 1218 -3247 -2383 -3128 724 6961 7818 -3560 -4549 -4956 1111 8520 3034 -5115 -7368 1857 3966 -2594 2122 2668 10062 -6181 -9395 3241 -7546 -3737 170 8629 7428 1595 7640 9318 -5817 -8922 -9789 -3140 -4896 -3614 2396 5079 -599 7280 9757 
5140 -569 -4951 3632 -5489 -8466 -1218 1315 1738 -6298 -7923 2107 -2329 -520 -3693 6206 7272 6058 -7069 2819 -210 -3635 -5691 -9655 4869 5538 4702 -4333 6322 -3344 -37 -1118 5168 9861 4665 4524 378 7053 -9679 3312 6138 -51 5097 1355 -4147 -7139 -9624 376 5446 -4531 -6216 9498 -6571 2062 2173 3396 -3393 -5506 6936 171 -5320 7628 -4089 9681 -5145 -3830 -7897 2216 1428 7677 -2284 8439 3762 -1936 3499 2646 -4123 
2866 -7556 4957 -2130 -5668 158 2718 6432 4235 -8494 -6906 23 7507 -4785 -1823 7016 -2445 -2855 -5360 -5924 -2244 -8229 8048 4158 -1879 -9261 626 -2311 -9342 7039 4997 10073 -5276 532 -9749 3137 -7958 7240 -6344 -1182 3994 9150 -4788 7349 -5174 -7514 7580 -5885 -8418 -2113 5636 6203 2311 -8214 -8912 -6824 1320 5762 6465 6008 -4266 -4582 129 -3404 3088 9987 -3149 4122 1734 1110 -4117 7684 9773 8922 8382 7909 -7320 
-2192 2992 2229 -8697 -985 1983 3114 -565 5213 -6566 -7047 4295 -5186 123 3678 2173 -887 8848 -1009 3564 7822 -3672 -6132 -8562 -1326 -7381 -6899 1648 -6327 -8687 -8891 -3382 -2959 2119 9276 -1751 -406 -6082 -2610 -7652 243 -7416 5478 -7103 7343 -9929 -7123 7721 -4235 -172 -5645 -5592 -7497 -236 -400 4831 5700 -6014 4836 -3337 -4602 9531 8255 4624 3088 9400 -4061 1670 -1800 -2069 819 -8899 2963 9910 7840 285 4561 
-9640 6283 -2802 -6573 -8648 1162 -1162 -2207 -1496 6938 874 5115 -934 6751 5044 5765 3034 4617 3632 5977 7903 4990 7255 -8416 -757 -7067 -5305 3091 -7911 1070 694 2441 808 -2540 -3497 1019 1084 6258 630 -9052 -1437 -9463 9351 9576 -3696 1395 -3875 5354 4590 -1743 -4476 -7182 -717 675 -6133 -8238 7438 7688 -2408 9893 -361 -9280 324 -9766 289 -9549 -3307 9498 5919 9311 9485 8913 -4095 407 -6732 6697 9551 
-171 3356 8995 6356 2943 7215 6427 7019 283 -3719 -2807 7563 4343 -1781 5052 3825 -7319 5131 7407 9770 -8609 7008 -9169 5725 -1963 -8384 -5233 -1316 7480 -7090 -5857 -6829 6088 9680 -9922 -2917 -7615 7882 3632 5244 2759 -347 2848 -8099 9897 2349 -6331 -6032 9458 8617 -4985 -8469 -9522 -5887 -921 9830 -8559 6816 4055 84 -3161 -3424 -844 -1495 -2586 6278 -4721 -6469 4833 5852 6185 3663 -3227 -569 7494 -8177 397 
574 10060 -8936 5729 8248 -6503 -691 5601 3348 2090 258 -3845 -6690 -4280 -5535 -8479 -9635 -845 6858 -4799 5119 2040 2612 -267 -8833 -1337 9500 46 7488 -7249 -5126 3062 9365 4051 7084 -8879 -2174 -7571 -2997 6610 5156 -5808 9339 7378 3408 -6345 -8489 3725 9714 6968 -5548 8928 4550 1503 -1320 2914 5784 -9894 3684 546 -1739 253 -10030 5018 -9599 -4323 -4905 7244 -10044 6421 -6774 4068 5626 -6162 -2793 -356 7027 
6214 -8146 3383 7590 -7118 -224 -3254 9159 1502 1909 -695 -9537 3197 7716 -1769 320 -4287 -8169 2262 1231 4586 -5293 -6107 3127 -1667 6425 -1293 -4547 -5875 -9736 -2927 1179 -3277 222 6518 -5673 -9557 -725 -5607 -7639 24 1319 -3421 2166 -7711 -8690 6225 7305 79 -2697 3220 9626 5522 3949 -4250 -6646 -2215 -8477 2040 8796 -1871 7237 -2685 -4175 -6554 -7280 6617 -3228 5681 5397 549 -3175 1806 -229 -7412 -8173 -2093 
8269 6227 -6570 -8823 7400 -9506 8792 -5835 1260 3258 -473 5690 -5026 -6196 7882 5077 -6071 -1145 -6646 758 506 8690 -9500 7577 -8117 -668 -4150 -7125 -6859 8685 8158 9724 9688 4697 6324 -5606 -5978 -3797 -7688 -825 6929 -8462 2023 -7545 5988 1961 -6047 1998 6130 -2940 9329 5057 -7215 -124 4635 -7011 3979 -9721 1725 -3942 -1348 -9572 -4757 3495 -2755 5578 3491 -2621 -9820 -3692 -7485 -1427 5880 -10007 7467 3153 -3087 
-6593 7319 2444 8252 171 4782 -6092 -7230 875 -3581 -8036 -5872 954 -4773 2192 2572 4492 -7448 -4269 -2835 -2123 482 -5631 -9382 -9298 7336 -4953 8875 -6482 -998 -5423 -4848 6699 795 -1450 -10067 -3146 5639 -2006 -341 -4418 9470 4786 9926 4039 -6257 -6823 2874 6616 -7438 7043 632 -6119 -2407 9145 7741 -5962 4973 3433 2384 7120 -4427 9335 -4707 -6841 3498 -4548 -3061 4014 -3474 -3644 -6021 -170 -6612 7975 2870 -282 
6235 3130 3837 6414 63 334 -8496 5435 -2385 -528 1264 -4764 4528 -5034 -5240 -7476 -3941 -6843 1433 -2846 -2625 -775 1056 -8519 -2436 -5167 -8027 7305 -3107 -6070 -8184 -2134 -7024 -4419 -2099 -9602 -9393 3930 -7825 7014 -1772 9031 -5916 1096 -1204 8068 -1133 7159 -9122 -3879 9649 2437 -9442 -3644 -7970 -6961 -856 6749 -7071 3903 7225 -7281 -4606 3781 3444 2760 9061 -7079 -8537 -8462 324 2255 -7684 -532 -4904 8255 69 
-2596 -1083 3140 2571 -2859 467 1958 -4609 -2353 5938 3583 1217 4537 -1968 -9114 799 -7894 -8141 7778 -9438 4966 -724 4904 -2977 6961 2101 -6722 5953 6341 -3074 7499 9454 -6802 -5587 -7193 1060 1701 -1696 -1028 -3481 6006 -4366 8508 8124 -9278 6215 -5586 5588 -2029 -4889 5467 -4652 8825 -7248 -4615 -1396 7066 -532 -434 3204 3377 -4194 -294 694 6547 2679 -9094 478 -5103 75 5018 -3025 -8429 282 5927 -2330 9723 
-1553 8605 3362 1574 -1829 -6567 8361 3898 -6622 1983 -2312 6360 -9258 -6628 7169 6030 831 -3302 -3558 497 -9312 -8779 -6621 -10032 1258 8979 6074 -9436 -5262 -7621 7895 230 7275 -6573 -1712 5071 5091 -6662 -8185 6400 -5327 2980 7490 -5417 -1355 3946 -9304 9120 3444 270 -2132 -3104 -8696 -9009 -6891 -5115 5402 4009 -666 3504 3098 -6788 -4842 -362 3606 -5480 3740 2429 289 1292 -5614 5819 -10061 -1642 2031 834 4414 
-9878 -5515 6272 3775 2836 -9538 9998 4018 -176 8711 4024 1135 -3056 2749 -1506 4172 3616 2711 7619 2663 2956 -8578 -6468 5419 6971 -8373 -7399 -9100 -8425 -5346 9863 1858 -7279 -2264 156 -6203 -2118 -160 9416 -9630 -2658 9937 -8785 2835 9428 -4980 -6310 9164 4463 -1816 4930 6682 -5517 -2037 -8785 -3666 1005 -9265 2575 -2443 -708 4075 119 1106 5811 -1923 -7700 -5339 -944 5303 8349 3967 -6998 4223 9094 -2274 8829 
1455 -4574 -2491 -5993 -7232 -4716 -1861 7402 -4041 -7759 -6825 7527 -752 -1839 -2786 -1938 -153 -8851 -3154 -6186 7341 -9921 -5478 4050 8293 6114 8628 -5775 -9208 10064 8849 3124 -9650 -655 2405 2546 2508 212 5090 -3526 3021 3563 -171 -5141 -3814 -8888 -9226 3142 3334 2805 1021 -7000 -3231 -3948 -9156 -625 7088 -969 2116 -3828 8926 4719 -1362 1468 -9327 -990 -9115 -9294 -8421 -7264 -8984 -9354 77 270 -7874 8814 -229 
1263 9043 -4037 6700 -7991 -2696 6337 -2969 4798 9400 -989 -3552 4108 9175 4440 -377 3101 4315 1671 144 -3017 6701 -3861 6071 7601 -5690 -1368 -6124 8757 2512 9395 -3574 1292 -9745 3835 -4443 9272 -7920 -1277 -5829 6553 4114 -8891 496 -4817 -2546 1204 9884 8365 -9963 -5971 9894 -7200 6893 -9502 8886 7587 -5618 3088 6820 569 3775 1102 5117 7101 -6657 5244 -7471 7808 5096 -9856 1777 -4629 -9639 7166 -1955 -4995 
-6439 6668 -6656 -1823 -7247 8870 -2134 -6424 -6752 -8426 2918 8447 -8464 -4511 -9631 8824 -923 8492 -5685 2792 8800 6779 3610 -156 6597 5387 -7129 -9975 -9634 8317 -1962 -2974 -1196 -5247 4686 9511 -6571 -3647 8754 -7621 -1281 4596 -2780 -5093 -2089 3328 1635 -5623 2566 -8429 5661 474 7400 8144 -9794 6580 4384 -9711 5782 4292 -9903 -9250 -8491 -7535 -4719 7651 7346 2175 -1354 -6004 -4337 9544 5680 -356 -7266 -9855 2733 
1101 -6667 -4223 9852 -5648 2482 8998 5466 2233 -7365 -1702 6590 5435 3727 1197 -4985 130 4773 -6461 -8035 2137 -4794 -8045 -9261 2161 -3181 -4538 6894 2715 -8319 -5218 618 -3773 -8373 6714 -6199 4856 -1251 -6150 2235 -7308 -9343 -9545 135 -2923 -1300 -545 -5241 -4187 -1149 2412 7782 7228 7294 5060 -7020 7506 712 297 -1083 4338 -6576 3292 -8253 -2874 6592 7791 -7503 8238 -1093 4981 -8407 -8953 3569 -6767 -3755 -1056 
-7153 -8847 7048 10000 441 3647 1710 9372 -5 -8803 -6462 -9568 -1868 -1434 -8709 7505 -7073 -4468 -274 10068 2221 -2277 -3180 4923 -4671 8231 -127 -7680 -2847 3522 -1696 -8174 1459 -5491 -7032 8709 -100 8812 5709 8611 -5740 702 3765 92 8942 5966 -318 1548 925 -986 6305 -2533 6818 2970 8436 6992 9149 -2611 2833 9724 -5050 8192 -6726 3790 -490 -6323 -95 7564 -1621 -9831 9684 5383 6487 5812 -7223 -6729 -7859 
5584 -9926 -4724 966 -4391 6242 -4574 -1232 3345 301 -1602 -4476 -1375 8629 5471 -2541 5065 6067 3641 -9762 -4328 2489 8384 7543 -2134 -6382 -2575 415 -4756 -3703 495 5109 6335 7810 -6452 -5443 8246 -4190 3816 -9665 -7030 6583 4535 9779 -6562 -356 -6233 -7499 -5926 5868 -2248 4880 3954 -8910 -2554 -9679 -9700 5680 7650 -9526 -9989 -460 2054 827 319 6145 -4556 -7343 4221 -7336 -3176 7292 -2065 8027 8243 -3084 8547 
8534 -1043 -7803 -3809 -9098 5839 -2067 -5692 1173 8477 -8040 -5444 -7790 -475 -1957 -3683 -6306 -8942 -2760 -2487 -698 -5338 -5698 6396 -9935 1762 4894 2826 -5789 -736 -1141 -6161 9789 7872 -1605 5067 6600 -9289 -4277 8839 -4221 -1372 -974 -3486 -8457 -7105 -9375 -2241 -7363 -8592 7655 -990 4150 -8972 -4622 -2087 9014 3060 385 -9714 9709 5574 -900 8097 -9959 6757 9795 3845 -7591 -6926 -10073 -83 -8787 3754 -7626 -8508 7137 
6597 9114 9774 -6055 9414 2273 -7372 -1622 -1667 6221 7497 -7366 -1853 -2954 -2410 -5480 4815 -747 10084 8733 -1543 -278 1962 8190 -3663 -3130 9218 -8438 4102 3847 6087 4587 -4676 -9379 -5385 -5559 -5885 1439 6603 1594 -5371 7686 -3994 3672 -499 3883 5399 -124 -3710 3388 9756 -2586 -8244 8789 -86 1426 -6884 -6984 4166 -7631 -6681 -939 6098 1359 975 5420 -262 7768 -4119 10076 9268 6373 -8740 6135 -1079 -2622 8084 
-4730 8047 476 -3297 -6652 2559 6512 7150 9061 -6764 201 -200 9030 -7551 -9290 -2995 -7064 -370 5328 1792 5143 3629 387 -6933 -7490 3091 8095 -2773 -7024 -4084 4403 2076 9465 -4521 5125 5771 8860 -6043 5103 -9975 -4790 564 2492 -2951 -9789 5262 -9731 -6080 -6818 4570 3780 -5395 -3381 8339 269 -5551 -6024 -732 -3013 4361 -4980 6636 7888 -2518 6237 -2276 -7214 -2606 880 -1157 -9157 -4739 -4983 -5352 9198 8509 5565 
-9704 -688 -4878 6844 -4720 -314 -72 -944 -2737 -8823 7226 -2847 3314 -5390 7095 -3932 4688 9557 8195 639 -5052 -5999 -3829 -8044 8609 -9387 4169 -1707 6060 2205 8240 -8705 -5184 7722 3834 -5009 -1519 1929 1336 -2896 -3221 6555 -4886 163 -8556 8839 -3053 8568 -6841 -8784 5320 713 -6716 6041 9824 5029 275 7071 86 -7667 2387 -7002 7544 251 -1092 -2829 -6112 6486 632 1380 -10080 -7871 -2408 7617 -9234 -8314 -8766 
-4815 4044 2737 -7142 8900 7634 1781 -9977 -3657 3135 -7595 -4468 3041 9798 -1315 -2254 4088 5579 -9981 -2679 4772 -3000 2733 -1587 9934 6533 2694 6008 -918 1610 4314 -1797 -4427 9575 104 -3828 -5624 -4466 -7733 -2876 -718 9958 -2875 -9059 5112 7334 6906 8297 9904 -8305 -9689 6249 -1008 -7453 -9617 3012 6755 1333 -7083 -6223 -7735 500 -10068 -7666 -6767 -4683 3290 -6568 -545 -1580 9256 1383 5275 -5624 -1643 6391 -5237 
-2446 284 -6461 -7775 7709 7420 5867 9769 -8287 -5399 -4812 4769 6988 -8008 729 -3 8457 7885 7657 2844 -1355 -7949 9045 -6586 844 2353 6295 -6480 3899 -2474 1733 6006 2673 7924 8975 2680 -9394 -3005 503 -8145 7585 8483 -3903 -493 8673 9396 -1370 -9993 -1847 -387 4271 -7095 5857 -990 -1180 4926 -6322 -4643 8516 4510 -5223 3609 6536 -5646 -1231 6586 4390 9727 -4709 1899 5866 4026 -2762 9254 -8201 7786 -8239 
-7889 -4771 3619 7721 9574 3818 5033 376 2083 9570 -9248 8794 2650 -1917 183 9822 -9920 -6588 1079 9545 -4599 4825 979 5077 9252 4377 1666 736 4162 4369 -160 -5674 8521 1845 4597 -2417 6494 4495 8949 9695 9860 8436 -1916 -7189 -3904 6144 3327 -9993 4173 598 8870 9758 -9328 4868 31 8874 -3308 3211 3892 8502 -7764 -7207 668 3602 -9203 5675 6025 6532 -1351 -6563 -7045 -820 2063 -6386 -7589 2430 -4896 
5210 8268 8516 9697 4303 1329 -4139 -2133 -3742 -7543 272 6293 4239 -4030 731 2239 7986 -6116 -6039 -2382 -5858 2699 2374 8231 -4818 894 -5751 7418 -1071 -7315 5968 -9215 -4184 7278 -8938 2465 -696 -9073 -8411 -4955 9470 -7279 4937 9315 -238 -2008 3633 -9906 -4171 -3157 9052 8139 9922 5708 -5697 10039 -7383 -2648 -9196 -9654 3764 1957 505 -8979 4631 -2945 -1902 -4958 9130 5890 8376 -355 8680 -4147 7446 -7992 -7430 
-9033 -117 1474 4009 -8759 -6320 1112 499 5678 7036 -3869 -5833 2250 -2265 5863 -2801 -2065 -4096 -5458 6558 -1589 -3572 -2615 -9878 -303 -5861 -385 -5954 142 5375 2255 6738 -6786 -5233 -6804 10057 -1133 7358 9845 9896 1530 9711 6069 2619 -3552 2821 5055 109 5437 -7712 -9208 -1626 6114 -7778 -1803 -254 -3610 3709 -8615 8379 1055 -7644 -6570 4144 10070 8965 4768 -5586 5175 -7512 5780 3445 -159 -6234 -8176 -8583 -7434 
-1401 8335 -153 -2018 2070 6867 8604 8034 -5528 7165 -965 -5856 -6339 5362 7262 -7960 -5068 -611 -8377 -7237 -4207 6743 8519 -9275 8502 -9804 -1921 7846 -5326 8007 2440 -3867 3522 -4360 -8078 -1457 -7154 3524 1817 -9776 8985 -6926 1450 3366 -6698 -9107 7833 4798 9108 -4927 8420 3829 -8608 -5787 4209 -3529 6752 8663 1176 -2251 -5994 -809 6103 2091 -418 686 -2906 8150 -1322 7635 6538 -8354 6284 8378 -7259 5262 -1102 
4273 -9976 -7917 5155 2224 8131 1702 -2505 1246 7592 -8763 -3644 6155 -3749 554 -7717 -3552 -6289 -4630 3288 -5664 -2449 -8681 -993 1363 -1415 -3671 -2137 4423 -2077 -6030 1366 1625 -9983 8056 7431 7032 9089 -4532 5319 5979 -2819 -3691 4366 1295 2923 2485 -6122 -4978 9128 4047 -4716 2363 -5561 4348 -7720 4977 5837 -7688 -6448 -5519 5765 -7129 -324 9028 9545 7283 1625 -5071 8111 2639 9281 -1082 -6191 -4137 -3580 -1842 
-1525 6867 -9715 5456 -1016 8906 -1504 -7598 -5664 7147 -2068 9813 7833 3077 92 8838 -3602 3642 -8672 3636 10078 4573 3318 -8116 -1446 -5461 -9627 -772 8310 5930 -3323 -6126 -1926 9727 4517 9613 -3423 -2836 -8218 -5944 -3972 7498 -2926 3669 -8386 993 -3778 -8403 -4656 -4271 -5524 3085 -420 3871 -7174 -4183 -1685 -5842 -7281 -7720 2600 2646 -2096 -4918 4591 6840 -578 8488 -3053 7286 4128 8877 6175 6696 -5904 -7471 5906 
1591 1747 -5449 -7952 -5001 4896 -4116 7870 -1253 6287 6841 -1474 6841 4132 -9621 -4001 7488 -547 2677 -1241 -1257 5880 -6072 -4731 4895 -97 9174 -3890 -2304 -4834 -5257 5146 -3232 -6698 400 -2996 -1378 -7096 1774 6999 9829 6373 -2271 -2756 1404 -2062 6792 -2534 7253 2234 -6078 -8861 -4064 8490 -8719 -5018 -4905 -7635 -3400 222 -8577 5726 7031 7827 4613 -3425 -357 -1562 -830 -8651 1353 -446 -7028 -366 3994 -6868 10056 
-6763 4403 -8785 -845 -4083 4372 316 7412 4482 -5143 -912 -4293 -6204 -728 128 -402 -2247 3232 5676 -3364 -341 8117 -7495 9006 -4644 -6531 -5649 7713 -3555 3545 -10082 -3285 -9381 -3863 9745 -9150 -8408 -6434 9964 8439 3525 345 8737 -2664 6181 -2636 5735 -6885 -2436 -2840 -4913 -3146 -5231 -7296 9316 3183 -4897 3300 2231 -4319 -9141 4145 -361 -7493 9793 -2303 -9279 -6877 859 -9154 -2010 -5120 1957 -5537 -355 -4173 9464 
-8662 -6904 -3165 6513 -2807 6772 -1883 -3448 -4944 -2725 -8861 1786 -1747 -1878 8177 -2173 2365 -2727 -158 -7825 -336 -6464 275 9471 3621 -4696 8755 -4668 -1751 -1011 -7857 -4991 -2495 6217 -9435 -4127 -2928 -4175 3972 8434 -6476 9931 7155 -2707 8327 4651 -7596 6115 -1199 742 9443 -498 461 -5724 -1973 -9365 -8577 1610 6394 -6971 9432 -5270 9448 -7517 -10084 7348 8636 6014 -8337 7755 -513 -5346 -7270 -6886 7876 -3161 5063 
-769 -5683 2012 -9665 4095 5219 450 4373 2471 3843 -3707 -8603 -6230 3303 199 -7261 8152 664 -5907 9117 8014 4336 -3302 -492 1166 -5901 2050 -9810 -4015 -7387 -3128 -1324 -5071 2251 2582 10053 -2505 2181 -9675 3136 -6342 -5255 -5234 5634 -7666 3662 -1824 -7338 -1235 318 -7417 -5646 -8256 -6467 4653 8196 1123 4769 7317 293 6369 -9557 -4981 -6874 9455 5895 -4506 -4041 5537 -6071 -3923 2348 1165 -734 6343 4964 -3790 
6266 -9913 -3065 8653 -8066 -243 -18 3713 -6183 4856 4723 -7231 6601 9455 2057 -164 2095 5070 6317 -90 5890 246 -4868 -5481 2212 -5332 -1163 3602 -1345 217 -4845 -64 6376 6157 -1018 2228 -5747 -450 -2002 -2193 5859 4229 -4511 -5207 -212 -6582 9443 -3813 -4338 -3014 -7368 -5246 3710 777 8292 -8548 5668 -665 -9415 -3226 -7927 -5493 6840 885 -3119 -9113 -7508 5571 1504 -962 -2757 4101 4284 -9235 -6737 5110 2394 
7908 -10024 -1331 6396 -5763 -6492 225 259 9187 4335 4120 4106 -479 -1505 -9269 3008 -5723 7673 -7049 -4818 -8883 -7169 -210 6274 41 1471 3557 4079 585 6104 42 2212 9039 -8743 2042 -6475 -9326 2398 -5194 -6754 2885 300 -8411 1356 -5036 5724 -8771 2493 -491 -5467 -9351 -4382 1829 -5446 274 4883 -1800 -1517 9965 -9000 -9831 -2357 2153 -1870 482 -5063 6516 8802 3462 -6589 -6844 10037 -8287 804 -3663 7964 -7478 
5853 -958 8398 -10016 6590 7733 166 919 5524 4204 -8181 -8536 -1628 2093 7086 3247 120 8980 -3083 4982 -5723 -9885 2291 -352 -2647 8414 4460 -7441 -4028 -9444 -3340 -9061 -3960 -4433 8254 -6365 -6629 3417 9322 -8571 1121 -6662 -4187 2794 -8031 -7296 -2602 8373 5488 7625 8407 1191 -4698 -3292 7356 4363 -8560 -552 4842 471 -8106 5084 9805 -4333 2772 3003 -235 -1851 -873 6085 567 -1436 -7159 5128 6874 5978 -8071 
5973 -8557 -7659 -5460 6570 2124 4500 5775 -721 -1146 7197 -2275 2498 9036 -7463 4561 -4092 4138 -9985 -1595 -7640 8999 1304 -9845 -4058 5019 -201 6846 -746 734 6267 -1095 -3967 -9470 6349 -8326 -4579 2287 -5490 -7244 835 722 -2740 3564 -8525 6767 6215 -7363 2710 -3565 -9368 7703 -9800 -214 -1808 3651 -4583 9370 -984 9337 -4652 -7438 -4677 -5902 -6751 1835 -7391 -8769 -9725 1625 -3939 -5516 -5866 8763 -7135 -9970 6774 
1551 6271 7469 -1474 -1285 9696 9299 9249 5344 -7384 -1965 -8498 -9717 686 134 -8904 3284 -1827 -9812 -9019 -8513 -6394 -399 2386 2493 -7194 -5771 8992 -4094 5342 104 6032 -9673 -2695 3405 8570 4962 -2750 2398 1774 -5863 -9822 -5606 -7215 -5977 -8757 8872 2428 5192 -6972 4788 -9232 -7185 3865 3121 5712 -6182 3833 -6317 -965 2505 -5813 2588 2180 -6461 5857 -5263 -6559 -4616 -5300 -4129 4413 -8059 5244 -1781 -7251 6023 
2440 -3791 -3342 2602 4776 -9995 -3648 -5740 -899 2473 -3687 7606 9355 8014 -169 -5704 -2009 8123 -971 1400 -9497 1098 -3282 432 5472 -2894 9977 8139 -8113 9709 -8420 -7988 695 -9512 479 3995 8035 4827 -4337 7981 829 -6836 -7739 8236 2619 -4186 2491 2205 -3134 -5412 -3768 8681 -4415 6278 -9528 -3740 7428 5556 435 956 -6451 -7254 4474 -9808 575 4711 -7516 -4234 4285 182 -4053 9034 -7234 6817 -2552 -4197 5628 
6835 3966 6036 2075 -8294 -3492 -3258 -7063 -4898 -4838 -2179 -9112 5494 4456 -3294 -1159 4513 6949 5458 -6902 4230 1108 847 8051 -1958 -2087 -6929 5858 7692 -2572 -10077 5247 2802 7938 1538 348 -3090 2034 -1459 9051 -288 8858 -1830 -6898 7352 6974 -9566 -1744 -2805 -4758 -6167 -6372 7446 2104 6429 8054 4101 4585 9167 4574 -3484 -2252 -9005 -8137 3356 -2518 3773 -6940 -4403 -1666 -9771 6267 -9471 -2908 6621 2017 -1350 
-4237 -6963 -5392 -6578 6547 -1081 8054 4202 5943 2981 -2609 -450 9038 -4982 -9301 -7402 4574 6259 -9855 4246 438 -9071 -210 5035 4743 5811 4431 -563 -3061 8484 -2030 -2479 3760 6629 643 6751 2427 2204 6921 6654 7442 7834 6340 -8300 7581 842 6246 -6316 9952 8025 1104 9246 -7836 -4870 -5158 -2949 -5847 -417 3804 791 -7545 7826 -9657 -9285 -5438 -3019 -3859 2429 7060 5182 318 1246 7128 -6973 -531 1197 -2872 
570 5585 -9128 4857 -2769 2939 -8952 -7077 -2069 8400 -6826 6629 -9749 -89 -934 8958 -1306 8785 8422 -4659 -9365 1316 3657 -432 -3472 3792 -7882 3451 -3829 -10054 -590 1829 6279 3295 4018 -391 -3036 -6191 -4831 9572 -734 -7807 -8032 -7039 6768 7402 3469 -613 -5770 9353 186 -2597 300 354 -1205 -2702 6752 2947 -6420 1937 -594 4647 -2465 -1242 7150 -8242 -1632 52 -429 -406 4118 6364 -2390 -6703 -7406 -3505 6594 
4843 2909 3030 9496 -1097 5067 -2298 -9824 6437 6724 6498 3231 5522 -9035 -4566 1661 -2485 -2913 -3256 -3942 -4516 -7701 5242 3676 9788 -4227 1807 -2092 -1432 -2845 -9228 -6235 -5897 -7309 6888 3057 5567 -9711 -8881 -7001 -5795 -3887 3599 9814 339 -652 2512 -1960 -1015 -508 7153 9927 -8145 -1029 -5209 727 -3502 -5405 -1422 -6360 -4999 2726 -2075 -6822 -48 49 5250 9957 5635 -758 9290 1824 -8992 -3694 -6234 -4820 -4298 
7559 -1981 4300 -833 9913 8931 -5084 5167 2972 -7642 -6212 8160 -7480 -9218 -7297 -4682 -4722 8922 8131 -4497 2256 -8227 -2835 1958 9512 -3203 -1957 2973 9103 -8538 5356 1245 360 -7473 5650 -5459 8060 2981 -6418 -8005 3644 2512 1010 5825 3902 -6315 -811 3653 -9110 1043 6641 9266 -3155 -9822 -9374 -6092 9373 -7096 -9533 -8201 -3641 -6538 6992 5142 6998 -9006 6128 2313 8387 -7862 7745 2201 -614 -9822 4323 -3976 6548 
6898 7970 1919 -2509 -3966 4110 9337 1188 6985 -677 3578 -5009 -216 -6152 -754 4541 2021 8851 8501 -3359 5839 2535 5179 3916 -9595 -1877 -9398 8907 6556 -2203 5977 538 6718 7764 3297 -7756 -8813 4860 5764 6902 -7883 7549 -6608 2178 6079 6105 -162 -607 -405 6041 8022 -2694 1438 -3354 -2497 4491 139 1481 -3102 9275 -8311 -883 -648 -3644 1392 6112 8738 -3071 1670 -401 -7099 -6298 7195 -9001 -8309 -8642 1579 
-683 2699 8623 -531 -7577 126 4634 -9920 7523 -2229 0 -9111 -1018 -877 9271 -3133 5644 -1381 4110 2427 -8740 -2970 1510 -6208 8909 1052 5567 829 -8870 -4528 -981 8684 558 7850 9440 -4356 9392 2893 -2518 -8581 3630 7323 8937 -6368 4583 1638 4008 6154 3964 1732 -2401 -3027 6143 3912 6667 8340 -6286 -6999 5774 9373 1166 -8059 3289 -1791 -4510 -1655 5084 8174 -1626 9806 6878 7618 6471 1398 3038 9238 1084 
4961 4497 -6914 -6263 8003 -7036 -4518 -128 -1938 7534 -107 -4146 -7819 7501 -2904 -2849 -799 3925 -5528 3708 -4720 9715 6631 6321 147 10056 3632 5662 3888 4525 4327 3047 -9996 4467 8557 -9218 -4853 -9828 6081 2963 288 668 9648 -4191 4434 9813 4155 6799 4621 4278 2384 2652 1065 5518 6201 5111 3251 -4896 -1945 -1846 982 -2678 -2041 1151 7327 9563 -6235 6143 -8496 5372 8550 8078 9529 5134 6651 -4902 -10075 
-5271 3549 -3256 -3104 -3744 -4513 -9829 -4532 -7215 5490 -6724 8843 5474 -4580 -7155 6264 -527 9711 -2986 8433 -356 -8112 6032 -5061 -558 2085 7646 -3571 -3001 66 -6039 6193 -2740 7877 -7063 -6793 2379 8829 -8039 -7693 3429 -8571 -8555 3797 -6777 -7313 -7924 -5244 -9319 7755 9588 3118 -6169 2188 -6896 -5647 -9240 1282 -964 5018 980 8382 -3119 9181 -4995 -326 -7872 3042 5574 -5056 3953 7925 -49 -2431 8692 -7169 9062 
-3954 6585 10028 4167 -3695 -9747 -3772 -266 941 -4150 -6140 6948 -3215 3725 4392 -5768 -585 -9272 4455 -5464 -4882 -2673 1215 -1513 1330 3136 -3053 3820 -3319 1078 -2751 8907 4679 6533 -4895 9613 -2231 -7255 7703 8731 -3068 -8950 9900 2228 3995 -4060 -9885 -4102 -7299 1411 -1644 3139 9351 7561 6409 1639 6534 10081 3668 9019 6578 -1212 -9297 -3028 8410 5351 6632 4636 5743 -8457 -8992 8178 -972 -4264 -6864 -9283 6510 
-3742 -3447 -8332 7853 867 5684 -481 4906 6000 -3957 2945 8577 1353 -291 -4195 -3170 6425 5559 3055 2605 2955 1206 -7764 2186 -8486 -901 -6537 145 9155 525 -3859 -4245 -9739 -3415 1519 1326 3660 -321 4712 -5049 -4297 1447 7738 -762 2686 -7772 1268 6558 656 3531 -6852 -8553 -8691 -2285 6087 7399 6559 9453 716 -2902 -9226 1128 4068 1232 1348 -6281 -6025 9196 -286 933 5918 10010 4588 -8196 -6244 -4717 -4345 
-9414 8398 7679 -8229 -2784 8683 6588 -3449 -1461 7815 3081 3615 8887 -1227 -5569 8195 -2007 -1751 3988 -8919 3235 5780 -8135 6553 -7950 7431 8394 5425 -2264 -7238 -2036 -142 -9305 -4821 -3441 6999 -1178 -6856 8792 1733 -6372 1608 9076 -2316 -7537 -1783 7216 7407 708 -5766 -8532 713 -9131 5824 3213 -3856 -7161 -966 3241 -6945 -4871 1871 6733 -7842 -6549 2376 8059 6374 1121 -416 6078 -2848 182 9987 -6408 -2507 5167 
1308 -3910 -6821 3895 -6163 -2273 -8515 -7826 647 8859 4357 3517 -3876 -4071 -229 -8100 4046 -1667 1240 1689 1492 -5709 -5801 4631 -2453 -3936 6930 5838 -6348 -4951 -1807 230 1141 9888 -2030 -1684 3462 -801 7230 7028 5901 6473 -8160 -5655 6193 1656 1495 -2930 494 -6910 -30 -4469 4082 5135 -5870 -9200 5300 2717 -6261 2035 -8467 579 -1231 9166 -5771 -2448 9262 -8054 -8788 2473 6271 -1363 -9605 -5045 4015 -4608 -7523 
-9055 8543 -7367 -5858 8994 -8583 3132 5163 -4374 -964 4450 4122 739 -4910 6244 7489 -6802 1444 5097 -7721 9301 671 -10050 -4820 -4479 -1660 -9013 -4595 1851 8306 7956 2155 -2409 8720 4254 7023 -5071 2586 5425 -1642 -8507 -1380 -3580 -8694 2218 6160 -6415 7866 -4996 3162 -5168 -8549 1749 -2831 -5504 -1579 9613 -4008 7944 503 9623 95 -9140 -1040 -5601 -2994 -6622 8207 3363 -1045 187 9239 -2484 7013 -4172 -6757 7517 
-9469 3579 2375 -594 8493 1469 6697 7654 5329 -7319 323 -7960 -5896 -906 -5445 4731 10032 -7907 -7103 9425 -3882 -767 -5505 5393 2833 -2170 2892 3150 1231 -901 -2529 7701 1098 4223 -2509 -6627 -7537 8215 -7629 -9198 -27 -460 6647 -783 4741 9010 4478 9768 -5367 -272 -1417 -918 -4437 -1567 536 -9927 -2372 7254 -3442 452 2421 -8519 -9995 5516 -1747 -2831 9639 6092 1571 -766 -9712 503 4739 -7855 3247 4699 5387 
-3074 -3746 5913 -6640 6917 2052 7577 4744 -3517 1111 -1059 -5808 -2537 -4040 5812 -6979 2255 421 -6689 -1328 -832 -9986 691 704 8616 -8582 2647 283 8963 3519 8035 -7267 -3209 6506 -6111 -8248 -2386 7239 -7102 795 4327 6227 -3965 3970 3702 -5701 9677 9293 -6951 142 8867 7983 -9845 7190 4282 1192 -4051 4948 -9890 8471 -6052 7776 -3225 -9628 7542 5480 -1892 7326 -811 -2380 -7880 5343 6908 -1542 -8858 2671 1875 
2296 1212 -3884 9981 -3961 -6335 2345 -4140 3205 -2138 -5771 -1834 3996 1574 3603 -105 4063 -1358 1991 4027 -1899 -1085 2576 6132 7310 3823 7752 7579 -1247 -7891 6791 5724 5808 2134 7087 -986 6846 1204 -1129 228 -5669 28 2690 -2925 6382 4 -1740 621 -4730 -2617 4931 -1751 -2622 -282 10052 -6142 -2362 9586 3277 -6966 -4713 -1601 -9639 2609 8872 -8283 7404 -517 9954 3146 145 3862 6347 896 -4679 108 3997 
718 -7146 5876 2277 3619 5261 3041 5555 -9182 3108 4860 -1881 4591 -5660 9415 6932 9386 93 5131 -5917 -9170 -627 -2439 -9555 -8660 -903 -3661 7981 -7795 -5999 -6429 -6411 -7350 6812 9915 -1633 -2752 7690 791 5399 4443 -4001 1296 -9503 6525 -3269 1400 9260 7826 -1603 5275 -1396 1097 7600 -5088 -4391 -9414 3838 -7877 2340 7031 5140 -10075 1328 7032 10068 276 3446 -1777 9170 1324 1734 -2368 834 -7856 8575 -3013 
8420 4006 -2828 3108 -1900 8666 -2221 5777 5168 2047 -4620 -7125 -3754 -3270 5009 6851 2529 3894 -4411 7240 -1440 -6638 937 -313 -6353 -4239 -5161 -4784 477 3739 6047 -3196 9523 -5625 2154 3542 -9238 -9347 -1417 6250 -7812 -5645 2125 1442 -8749 -4981 9319 5168 -4958 -9036 -2821 6698 1261 6482 -6259 2424 -10036 6455 8905 -8164 -2792 -1180 7486 -1732 -6813 -8313 6891 2511 2813 8261 -4133 4260 -1088 -9996 -2145 -6660 -8739 
6217 5235 -9379 -5431 609 4606 -7240 2349 -4935 5898 -8633 -6164 4142 -2961 -3641 -9262 -9746 8262 -481 -2699 -4364 -2414 2298 -8634 -6095 1248 3471 -8931 -841 9635 2819 8462 -4537 317 -2706 3585 -3294 4940 -313 -7517 -8125 -7551 -2009 5481 -8689 3402 -6869 -5024 -299 -2173 -1402 -6144 -8826 -3103 9074 9759 8041 -4586 -6767 4685 352 -1099 -1980 -3546 -5795 -8153 -4241 -975 -3624 2893 5670 5589 -5522 -4179 -8401 9738 7284 
3911 8000 1644 2739 5414 9350 -6345 -758 9549 9914 8066 -1907 -7347 -591 1253 1189 -601 -4568 6093 -4616 -4174 -7210 4876 7488 -9521 -3124 -7548 -4467 -4277 7191 2291 -1312 8627 -9919 1435 4816 4359 236 4526 -1995 6154 1539 4207 7810 3371 -9289 -9692 1205 -3864 158 4903 -1532 -4172 -1001 -5824 4440 -3287 -349 7212 -1390 -7744 2626 9303 -9427 9979 -4964 -6870 -2598 -2588 -4251 5810 -1092 8170 9026 1991 5226 -5487 
-7848 9044 -5871 2591 1359 -6399 6812 -5878 10023 -4716 -6240 -5994 6314 -6877 5745 5924 -7762 7737 -4026 -7644 -2977 -29 -6432 4184 -4412 -5122 -8078 -7209 6290 -1046 -9907 -6468 4232 2487 4680 -8056 -984 6441 -9786 4250 9791 -9169 1340 -18 -1008 -708 2963 -9494 -1832 1955 -9256 1029 4543 4020 3014 1963 -5650 -2304 -48 -3722 424 -1224 590 2058 6259 1721 -3931 9352 600 4471 580 6879 2764 5191 1587 -2652 6585 
1710 4380 9321 1438 -691 3441 -4483 -52 -5476 10068 7516 5716 -9402 -2695 -89 8489 191 -7234 3328 2428 -4867 2114 -9788 -3413 6460 7001 -3509 7091 3793 909 -3076 -2707 -172 9960 -8009 -293 988 6627 7423 -7109 9772 9031 -6184 7729 -1507 -4080 -9667 -5717 7353 1877 8505 -5846 -8786 -4621 -2569 6460 -5648 -1056 -9716 9102 8495 6195 -3723 7296 -6279 8020 -4746 -2541 8064 432 -9927 -135 6984 7941 8509 2855 -8391 
-5753 5318 -5314 1602 5897 -4354 -2470 -5140 -120 209 -1721 4592 -4355 -6111 3235 -4013 9421 8034 8831 -1036 -4705 5968 2987 3891 -2147 -3539 -2622 -2316 4200 6921 -8243 -1953 5628 -8316 3216 -2576 3891 -6413 6570 371 9801 6229 -4694 -5075 2167 -247 -5306 6553 -2498 -4817 -3684 953 -6306 6303 6202 2406 2102 1153 875 -967 2101 -8601 -8594 4427 -8412 7996 6323 1539 4689 -1846 3513 -6126 316 -6161 -4714 -8496 -9373 
-1358 4865 178 -9631 1912 9076 80 -228 6631 5206 -5852 -4452 -2232 -4937 1482 5033 8257 -6502 6286 -12 -7396 5075 4661 -6634 -5902 4877 2254 158 9552 -8182 -4873 9996 3701 -8054 -8195 -8150 838 3174 4721 -3610 5291 -5556 5104 7679 -8738 -6660 7 -4406 8484 106 -933 8418 -4043 -5889 -2245 -4467 -3078 1849 -2173 -3092 -608 -5053 -5260 2948 -2937 -2659 8698 -7110 3258 -5350 -4478 5538 -1733 -4002 3752 3932 -5322 
-2880 4688 -5253 -42 9392 5052 4817 -9297 -6742 9470 -9411 -1136 644 -5606 -7173 553 9873 8197 -790 3149 3538 3836 -4404 3828 -7370 -8648 5435 5384 -4736 -3102 -161 1867 -8673 4155 -3752 8949 6447 -1774 -3063 5500 -237 -8722 -3561 -4002 4498 5604 8037 -6123 -181 6278 3708 3725 -4596 -6110 -3942 4784 -5322 2052 -9082 -3240 3855 1025 8389 1959 874 -1225 9384 -1093 57 210 8918 -1072 8699 9552 614 2590 -1140 
5621 -1246 -632 -4738 -449 -746 6974 -3514 -5695 -5912 1160 3022 5506 955 -4774 -3609 -7385 -9317 4215 -5581 -3978 5779 -6828 -2828 6040 90 -2735 -8962 274 -492 4878 7090 1438 -1483 7624 -4186 -2991 7376 -366 9944 4760 -4487 -596 -5731 -7323 5073 2568 -8880 -4207 -4157 3835 -48 6851 -151 704 8704 2421 -3551 -6489 8931 4344 -156 7940 4919 8336 -10014 7573 -9056 2791 9516 -4559 -8704 2108 -7629 -6498 6588 -7738 
4510 -4656 2337 1438 -7877 -901 9146 8759 6618 1533 -8852 2001 5231 -3735 -9628 2602 11 -597 -8460 -8218 -6016 -4122 5407 738 835 9484 -5087 4743 -6168 -2094 8665 -367 608 -1870 -7857 -9756 4212 7874 7183 -7785 4358 -9008 -3465 7079 9075 5378 7811 5051 -8367 -5350 6270 -5563 -4710 1593 5590 8402 5748 8518 -9577 1417 877 8693 -1522 -8103 -2678 6528 -7657 -9885 -1410 6892 -5781 -9413 -1109 6315 -6832 -4957 -5125 
4654 -10044 -5861 218 -2781 9871 -5853 -1450 5057 2218 -3819 9377 -5915 8350 -4040 4773 -3126 -2734 5703 -551 -6446 -5992 3913 5605 -4036 3395 -2272 -3587 -2684 -7252 -7056 -2288 4877 -363 -6262 -5310 3760 3072 5925 -3615 9604 -6707 -229 -2788 -1784 -6794 -5895 -8538 173 -3804 -4872 -3540 -134 -1610 9983 -3505 -8604 4544 122 6088 -1905 -2188 6172 -8686 698 -9221 8307 -380 1194 -998 -3429 9433 4069 -4388 -79 3882 1900 
-7499 8643 3434 -2433 2462 -5269 -4424 -4479 -7320 -2250 8836 -2175 -9973 3080 7227 8111 -3354 3643 3232 5553 1858 -1615 -9320 2421 -8512 -9897 -5913 8207 -4677 9641 7652 -6341 9049 4720 -634 -8428 5742 9830 8229 -251 -836 2806 8492 -9775 4465 734 -1722 -6416 -4219 9159 2896 -1794 -1006 -5528 6646 5988 -4369 -5980 4937 5096 -5243 7063 3882 -27 7321 -5562 2838 -4647 -4568 5391 4466 -9591 -1922 7280 9387 9027 1148 
-1585 5102 -5216 -4894 -9763 -5680 5763 -6740 -8547 -5687 3460 -1947 947 3972 6975 1106 -8921 2977 851 -9377 -3664 -5616 2851 -1163 -5084 7897 5441 -2875 -4422 8062 9471 8183 6995 -5766 2858 -2373 -2604 3572 7465 -549 1499 -3739 6908 6874 7774 157 -5066 1926 -8570 -2304 9069 -546 7643 6391 7087 5584 8508 8224 -70 4730 -4615 -7689 -4614 5754 3663 -9353 -5790 9266 -9810 -3123 9981 4508 -4862 -9804 -5753 -77 1945 
-7502 -4030 -3465 5548 5902 -4246 8529 -7744 1165 -1148 -789 2323 5212 -3358 -1967 -680 -752 -5640 -4631 -8228 -2320 -2450 6094 2484 305 -9473 -1150 2370 2093 -1972 5088 6720 7600 953 4083 -6768 8032 -1444 -8985 -9838 8790 -1253 7442 4325 -4412 -2614 -8713 1468 2061 7449 9953 8018 539 -1329 -10049 404 677 2890 1481 5650 -9017 -8035 2129 7107 -6722 8256 9787 -3324 -478 2715 6809 -3239 -4615 -7378 -1385 -281 5878 
-2287 -9486 -3780 9885 -9279 -4175 5970 5813 5850 -7095 835 -1007 -4587 9502 575 198 -8054 6893 3715 -506 -8513 1428 7638 -4543 -80 -5093 6437 8344 -1421 -1454 403 -5696 -5776 -6998 2889 4274 -2194 4569 -10012 -7439 -8376 -3081 -1954 -7115 569 -6563 -794 8840 5997 7603 -7688 -4871 7532 -5427 -9822 7947 2829 6427 -1465 -5372 8821 -6169 -1383 -933 -9328 -3833 3030 9679 4490 6459 -8046 8744 -9513 -3347 -5368 8907 -1123 
5801 -7196 5564 -6958 2805 -7873 2630 738 7401 3607 -5260 -2606 4558 -5499 -7547 -2326 -7924 7930 -5482 -2603 -7023 7871 7346 -5376 6826 -7802 -1853 9944 388 7245 435 -1191 982 6961 -8242 -19 9920 5991 2943 -8983 6369 6468 6533 -2303 -4366 -982 -6644 -6144 -5110 -8989 -419 8477 -5872 -856 -306 -3919 -6058 -9059 9975 -7875 -3855 -877 3838 5039 8388 2417 -8911 9944 3245 -5563 6077 4696 2243 1360 9842 -4709 689 
-7862 1943 8726 -7781 -1700 2080 3600 1655 1977 -1041 7374 -7652 6775 6902 -6957 -6714 -8921 -9566 -1574 1000 8308 -9196 -1800 -9453 2895 -842 5283 4610 -294 3141 7603 7806 8690 2515 5904 9978 4468 4004 3239 9780 7675 3863 9092 -8283 -6309 -3769 86 -2020 -6269 -6375 5709 3472 -4945 1288 -2488 -6865 -9639 7326 -6130 -9042 3073 3438 9288 7897 -8381 -2595 5274 -6964 7679 2698 -114 -9121 -6685 8048 -117 -6915 4108 
-7151 3171 -3349 9390 8240 5965 -1124 -875 -191 2319 -5794 -7806 -1384 -7254 -9253 -9292 -4343 -9842 -3154 -4659 8481 -7512 9384 8436 -8920 -2449 -148 6407 1764 -7598 8327 6681 9226 5025 661 2291 -3694 7177 7236 -2037 -9375 3225 1060 -283 7463 7988 -9753 9681 3755 3045 -3492 8760 5447 -9789 -121 -5608 1936 -8881 -1884 7205 -1126 2702 -7813 -3122 -3286 -3872 -6372 -7782 -6109 -3505 -3822 -4173 176 -9036 6554 5271 3462 
-1686 -8917 1279 6386 6334 -3170 -6164 -5179 -3060 3253 1581 8696 2347 6006 6269 981 6663 7433 6788 8968 2466 -2259 2369 -1303 -8635 5410 -4034 35 7763 5860 3887 126 9234 9389 8032 9133 5670 2348 -4608 -745 -6569 6283 7293 -5896 4679 -7247 -1953 -965 -4209 -1622 -5356 -9872 6017 9708 -2513 -9091 -8004 -32 -7341 -3637 -6728 -5359 -3867 6213 2437 -1852 5345 -1290 -566 8757 5440 1234 -7306 -10044 -719 4915 -8365 
-8034 -5199 -9607 631 -2829 4954 7475 -6448 -9643 -8487 667 -4988 -7529 6 3076 -10083 5579 -548 -5597 -1733 -10009 -8089 751 5153 -5949 -9190 -9959 -4821 3611 9999 9339 -3402 -1175 -6071 -3545 -3221 4289 4133 4900 8573 -5763 2723 -4721 -4555 8044 -384 -71 -458 -75 -9955 4454 4603 5403 4963 -2015 -1917 5628 -2761 -1253 8379 8726 1663 2112 -8407 4441 7747 -8068 5316 -4360 5277 2449 761 -6140 -4739 6042 -9123 -5793 
-1508 -2728 -8924 -9470 6059 1940 -1798 -5332 722 -1519 -7251 4010 7 -5611 -2978 6427 2768 1507 -7242 -9956 8080 -3107 4393 277 -6924 6088 -3180 -2640 -1672 -4929 7116 -1257 1757 4702 -3052 2239 4976 3493 -3691 -1062 1353 1672 -9898 3450 -9005 7978 1150 -6720 9629 -5426 -5121 5421 -7391 -6315 -881 -2059 1637 1564 4108 2819 8167 6076 -1680 8147 1195 8328 5823 -1334 9298 -7069 -3342 5165 3537 -824 8131 6056 -1380 
5915 -2916 -7769 7740 -2214 -7600 6249 4829 4443 -2045 2381 9566 343 6866 -284 1423 462 -1668 866 8955 -204 8810 -9576 -5649 -4484 5676 -7597 3404 -4499 -8142 -7180 2466 -1766 -6222 8378 -7577 5377 6488 -228 7373 -2033 -2520 -1787 8461 -7132 2512 -5136 6674 5781 7077 6071 -6912 -6896 -4589 7864 -9289 -3846 -2402 9666 -10001 -5712 4363 -8433 -3190 -4269 7230 -9682 3253 -240 -288 1173 3067 -1356 -564 -9383 -548 5628 
3748 4962 -3939 7409 2513 120 -1033 8695 -6504 1026 -3543 2273 4454 -414 -10057 -4518 -7215 -8746 -6690 -214 7063 9944 5694 -9796 -8614 2704 -8654 -3490 6993 3186 -9040 -7888 -5580 -4074 7928 -1181 9273 8395 5779 4518 9087 3055 -7966 5826 -7472 -9441 4321 -739 -8476 9839 104 8421 2833 -3945 -6998 -220 -2573 7660 -1209 -6268 5590 8256 2273 -591 -5984 -9190 -7757 1831 -4415 4637 -1227 -6435 2953 4440 -48 -5945 7978 
-7113 6342 891 2756 -5247 -1607 1868 8987 -8208 3028 5286 -8881 4874 2425 -4215 6868 -10062 -9753 4977 -7596 5080 7564 8058 -9009 -3968 5987 4262 -8172 7723 2511 2746 -3423 -6669 -3525 -9325 9332 7217 -8547 -6553 7297 -9147 7901 -5472 -1663 -325 -9407 369 4580 3280 -2518 -7317 7911 -985 -2917 -4604 -4829 -8478 863 -1834 1141 -2701 7590 5618 5108 -2301 9266 3731 -5643 -7378 8434 517 9383 1538 122 899 9221 -3891 
-3586 9557 -4845 4028 3989 3796 -7977 -6321 -9087 -5315 3070 -2412 3545 -3895 5287 2715 -4985 -132 8509 -2232 -4655 9967 -189 -1766 -5711 6230 2117 -5850 -8197 -7488 7262 2770 -2730 -5255 6939 7325 -2156 -4527 -9509 -4300 -9975 8174 4585 4989 -3655 -5242 4077 7715 -8362 7297 8286 -7799 3489 -2767 -2662 -7754 3456 -6678 9849 1958 2288 4389 -3466 -5121 -771 2921 4196 4356 9314 -1043 5296 -3928 -1806 -4769 -3072 -2774 -7774 
-3717 3380 -4656 -5731 -3265 3229 1038 -8368 -30 9834 4227 7337 311 211 -1541 -1170 -6513 -7968 2287 9592 5119 -1969 1228 3800 -2297 -7571 -2582 1916 1263 -566 -3066 -8010 10008 4993 8362 -633 3600 -7355 5043 1477 1171 -7034 -2018 -1685 -7986 -5672 -474 -6070 1089 -9779 2535 -4035 -7422 -8356 -2468 10066 9582 3068 8276 -374 427 9913 61 -2025 9595 4617 1837 7397 -4969 6029 -5981 -6099 1931 2365 -9417 7446 948 
-9286 3732 8225 8149 -9266 -6849 5679 3880 -9764 -4371 -8542 8316 7219 -3960 -3889 -2094 4766 1573 -1393 -2235 -2847 -8051 -1524 -8437 -3035 1568 -9313 -4405 1831 -1028 5900 -8331 9572 -1909 -3119 -5369 5209 6287 -6771 -381 2689 3886 -5753 3431 4687 -8881 -369 2137 -2942 -8052 -6845 -8288 -2978 -4069 3911 -7592 9075 -2953 -6900 6187 -3105 -10017 5971 -5925 -5634 -5203 2661 -9498 -334 -3586 9817 -6300 -2842 -9142 1002 8869 8680 
-4400 5470 -4559 10044 -2205 -5625 -5390 8833 3045 4918 7605 -5171 2124 -5171 4735 -294 -8586 -3171 7628 -9929 -9599 -4966 4341 5628 750 -3677 -7326 4604 5326 -3834 -7983 6148 9887 -7815 -2595 1798 -2101 6795 -872 6112 1215 -843 -4484 -3007 6667 7739 1536 -9451 -8893 1208 1749 5254 -3072 7555 -2509 -8620 -1524 3406 -7234 723 5744 3569 2060 -6975 3722 9358 4237 5422 -3876 3811 845 -2344 1568 1633 6517 -5848 9626 
8748 -911 1981 -4434 -6331 -7037 -1161 -597 -6511 3092 2837 -9485 639 8925 -7117 -2283 -9596 -1653 -2380 4039 -3892 2977 1037 -1462 7810 5818 519 -6645 817 6159 -9889 2745 -4739 8898 -1222 -6632 -29 5715 -8368 198 8727 5559 -9030 9345 -4329 8497 1582 -7727 -5735 -7931 8107 7286 -1008 -3406 3825 -8806 2271 335 -7071 -7580 -7654 -6971 -1882 1317 -7910 -8921 -4625 -9856 -6685 2550 3973 20 -5175 552 -3584 8113 2710 
-3900 3391 -6147 9955 8659 -8767 3186 -6091 1290 9949 8238 -4543 -8411 8189 1349 7546 1056 -4539 -1830 4938 -2268 -9702 -5188 -6385 3938 -3805 10069 5344 -6150 -5035 -500 3331 6718 -3722 6492 5508 -4842 7157 -5173 -5521 -4444 -2663 -6678 -4654 8296 6243 -7245 1544 -7790 -4720 5239 8404 -1786 -970 -78 5656 5878 -2585 -4418 7036 -441 7572 -2902 -7135 8025 -2239 -479 9687 5300 6693 4701 1136 6923 8431 1747 9489 4312 
-7537 -4697 -9302 -7478 -5212 2530 8608 -9933 9971 -8496 4495 -2113 -9486 583 86 -1181 -8516 -4367 8947 -3854 -6598 -2061 4255 3828 -4257 6211 -812 -5317 2123 6262 -7791 -2347 6558 -7564 -861 6820 6554 53 4557 9460 -7504 -2748 -6691 -7884 5027 10033 2737 3557 -6314 -8157 9802 -4977 -5344 -4296 -1568 4810 7002 -5752 6365 4829 2693 311 -1582 -1908 -5351 -4808 4630 5235 4109 192 3336 1976 -8760 688 2587 -1627 -9288 
8473 -7640 -8812 5641 -5837 9442 277 -9798 7994 1779 -1473 7175 8667 3567 5252 -6472 -3996 -6758 -3310 1631 1703 -5243 -803 4605 -1433 -6044 -6431 -7901 -4440 4176 2996 -6435 -2894 5553 -6467 -5653 -2687 -5900 -8637 -7997 -4890 5265 2284 1553 -7522 5087 3068 -8090 6689 -6295 8823 -9754 -4264 7937 2423 -4406 4156 6615 -7549 -9229 3433 5439 -7474 -1584 1726 4536 -4851 -7457 -3691 2200 -1991 3948 -1752 3537 309 -1832 3068 
-1109 -5314 921 -939 492 -8410 -6154 -6046 -7053 7427 6752 1604 -2563 -1998 6258 6879 3069 1263 9912 -594 -2499 -7574 -9591 -2931 -9531 -1305 3898 6250 -7675 3097 8801 1914 -4421 -2080 -8253 -7418 2589 -7094 -2190 -470 -3694 -819 7219 3437 1916 910 -1665 223 3981 -2261 7457 6840 8268 -3738 -6493 -3626 388 9917 -7955 -6168 7096 -6837 -4572 4054 -6109 548 8021 -192 -944 7039 -5420 2419 -9121 -4609 29 5671 -4385 
-6536 -4194 7902 4496 -7518 -4626 5394 6543 -9809 3409 8619 8169 -1536 9946 3483 -5006 -4211 9621 7185 -9763 -883 1463 8730 9607 9803 -9916 2317 -9122 -3393 -1689 -6631 600 2053 -6856 -3683 9357 3287 9621 3889 -1102 5559 1160 -6352 7462 -3689 -9945 -641 2106 5130 4422 9920 5417 5120 1100 1309 7265 189 -7684 -5955 469 3693 -7248 -7251 4094 -2432 9868 2043 -9964 5323 4249 2576 -6745 -575 -2738 6164 -2359 -8943 
4512 1437 -5887 148 -9995 -3570 -9340 5887 9304 -531 5411 1248 -573 7181 -5654 -129 -6567 -5760 -8570 214 4165 -8955 6223 -2610 -4837 374 -5674 -3365 -4720 -6517 2927 9662 -4121 -3959 154 -8994 -1272 -6537 -37 6130 -6068 6950 3925 443 -9915 3190 -9950 -700 3399 7931 1361 3538 3375 -1378 -9459 6556 934 -197 -1417 8817 2661 -7784 9928 -4320 5924 8774 -4270 7667 -3766 -7083 -4103 5616 871 -9648 793 9299 282 
-3957 -6462 -4647 -7026 -7738 -471 -7080 -9911 1877 2022 8046 -9013 -3573 6950 -966 1614 6030 -6404 -7559 1096 7036 699 8112 -5677 -9585 -3993 -7859 463 -9803 -5703 -4873 6241 -81 -5191 8380 -1104 -1242 -4091 -8854 4036 183 -1672 1274 1283 -4841 5990 6486 -6836 -4100 8776 -1819 -6105 4911 -9697 2154 -7407 -7284 2795 7308 -5946 -2325 3795 3873 7025 -9955 -3203 3871 6358 9474 7403 280 -5353 8957 7399 4170 -6281 1116 
8006 -8933 5042 -3629 -916 1598 -1982 572 -5898 9903 -6552 -9026 6219 -1825 2389 -18 5819 2671 -6787 -9022 -2210 -9901 1524 -1119 6308 -7699 4928 8914 2382 8926 -3520 9802 2318 -6803 5049 1787 -4032 6799 1958 10010 -6757 -4954 6017 350 3610 -3870 8437 8510 1209 -6797 -1633 5093 914 9770 538 694 -3634 2146 -1075 1348 3037 9206 8207 -7555 3941 7931 1647 3311 -9561 8244 -1367 -300 -4051 -9575 4815 4378 1556 
2500 5982 -9560 9117 -881 4578 871 -9418 9445 8209 4199 3084 -1424 -2473 8000 -5864 -2996 -225 5977 -7764 7872 -7756 -2894 1961 -3888 8469 -630 6012 4376 2975 2870 -2342 4789 -4616 187 5569 -8945 -3163 -2195 2838 -7753 4439 -5510 3906 8107 243 -3792 -5239 6028 -10042 721 -7918 -2567 4061 -7839 -982 -403 -8534 3823 4362 -1601 -1525 7857 -2753 -4750 5948 3419 -2000 -5633 1109 1052 -2448 -4003 -2970 7114 -6412 -2967 
9815 -157 788 2687 -9733 -1396 4806 5916 -309 9087 5511 -6960 4849 -9734 9685 -5410 -9319 9072 6079 -555 -7008 7749 6618 2503 9945 3765 4350 5489 -7055 8653 6838 -2698 60 4983 241 2952 104 1654 9459 -1132 3126 1756 6028 3163 6000 1643 -3658 6314 1416 -1305 -5987 -5749 -2714 9831 -816 -4607 -1365 -5277 -700 6215 -1593 -6566 8214 -4261 789 9644 -5720 9021 -2347 7465 -9315 7429 -8597 3385 5984 -4826 -6455 
4409 6512 8942 -5045 -4447 -697 2118 -41 -4385 2942 7255 2908 -5111 -3104 -8280 -6371 1993 5972 -9531 9228 -5573 6907 8138 -2126 -1087 6386 4966 -7221 -7256 2595 -6717 2940 9255 -1599 -9365 -6867 -6042 1708 1574 486 -945 2611 5183 3511 -9153 7894 9085 -10075 -6553 7233 1757 -94 3658 -9513 5063 -6944 -3876 -5584 6300 -883 4071 1507 -1108 -1626 -8124 7245 -2484 -3398 -9586 7037 -458 -3825 -6553 8646 9091 -7231 9463 
-5923 9760 -7341 3411 -5882 -14 -1232 6571 181 1639 -340 -879 4609 8822 6192 -1782 4544 -6962 4635 4555 1348 5779 1062 8247 2187 1512 1787 -7863 -3632 -7151 -7659 8098 375 7759 -5285 4787 -489 3995 -2413 -2531 5990 8659 6397 -514 -7804 6263 5200 -6317 -7979 3713 -7395 5168 6730 -2390 -384 1188 -9632 -7718 4419 6853 -8986 -6232 1914 -656 8362 -3458 1454 -1324 -8758 -1177 -565 3879 3782 -2767 -4703 1104 4392 
6613 -4991 1758 -8294 -1770 2935 4248 3283 540 551 -2658 4750 8083 -7960 -4231 -823 1242 5138 5812 -8692 -7827 5142 -8318 7838 -5553 -2496 -3611 -1087 5647 7135 3575 -8959 4592 2224 650 9922 5374 -8548 -5964 -4193 5282 -7645 1215 186 -3914 7415 5108 354 -2536 -4013 -9723 9460 -9819 -7058 -258 -3098 -704 6811 6281 3627 3020 -3380 -6643 2274 5004 2637 6388 9015 -9501 -188 2802 1484 6357 -337 3650 -2563 -4974 
-8811 -8310 5101 -7416 4017 -2523 -4220 -251 -821 4177 8154 4105 10058 -5092 6296 -653 2824 -7952 -1445 -2410 3623 8357 -4929 7046 2463 -7588 -2893 -6193 -7446 -680 6616 4937 2478 105 -9155 5641 2412 -4516 3846 -5682 -1919 -59 8757 9209 6193 6115 3335 -5812 -9779 -8246 -2941 334 4126 7833 9401 9778 -4866 2477 -8405 -9234 -629 21 3900 4805 1108 -1145 7608 1432 -5899 -3387 -5956 -7853 -8616 2398 1161 3528 933 
2978 6709 1554 8482 -927 9241 3543 -594 -4580 -5912 -5126 8743 -5111 96 -460 -1526 -7828 3965 -99 -5530 -9009 -6089 128 5138 7794 -5178 4681 -1527 7106 -6073 -5927 5077 -4223 4904 -8775 8326 -5210 -1434 7202 8749 -4408 257 -8922 -6499 -4868 -2542 -1178 -1453 3130 663 124 4164 -1168 -5415 6625 -2985 -6257 6593 -1565 7042 -5467 -4442 -2046 3369 -5011 334 -6401 -4583 -9080 -4505 -4327 520 -6126 9058 2453 -4671 -7258 
-9695 666 -26 6998 -1413 1147 -8637 -807 -352 9419 -3636 8060 1391 9524 4491 6889 843 -6341 3934 -2404 -250 1033 -6138 -3394 -5793 -9552 -7674 -7170 -8363 5648 8208 -4379 -6625 -5960 8543 -259 -8172 8118 4029 7976 156 -3405 -7227 3117 6646 -3581 8657 -390 -8687 -814 -1240 -7168 -9386 3818 6487 6931 2497 621 1070 9602 3936 -2323 1659 -8466 4036 -9438 9664 -7735 -6131 -4054 -7010 -5049 -8424 6019 -6641 7882 -4751 
-1530 -3900 4520 -3209 5255 4416 7359 -10045 -1892 9720 -1360 -5118 3029 5247 805 6775 -2644 -3370 -395 9963 -6319 9991 7379 6891 2660 -474 4065 7622 -1893 -2498 -743 -414 -5611 -5197 -413 9306 7358 7538 324 -2430 -9852 6607 2181 -9586 -3863 -2139 6921 595 -6905 -38 1989 -9122 -9327 -1429 8098 2402 7030 7277 -2881 10078 2195 2934 8939 -6264 -3146 1290 3543 -3552 -633 -7182 389 3900 -2139 -6090 10029 -8157 6024 
2794 -5308 -7029 -9485 3152 -1665 -7492 9054 -4212 -7821 -9457 -6161 -7668 -7915 -1962 -2121 -7471 -7663 -1388 9346 -1338 -1257 4468 5761 -5150 -4972 1098 2530 -1270 2652 2429 -8790 4287 643 -1038 9010 -1913 2587 -9519 8609 9943 -8640 -6752 7096 -6928 -9469 -446 1789 3881 -1164 -1705 6668 6168 -2396 -4366 -3495 5267 8730 -8292 430 6224 9340 -1961 5239 -5356 -8286 -4669 6382 -1665 271 7070 -9022 -10041 -659 2545 3007 7635 
-8499 2448 -5492 8703 -6311 1555 -1347 6322 5345 4183 5891 -2809 8685 5940 3308 6422 -3715 -7270 4235 3505 -1586 6359 1973 -7171 -4668 -6860 -5553 5679 6955 -6932 153 7091 9045 4356 4483 -9014 4037 2905 -8850 -9485 -2426 4518 -3498 -1192 -5384 -6511 -595 -2975 -474 8941 -2808 4930 8366 -3111 2274 2929 -4044 -938 -3516 7110 4653 -5712 -8774 1420 -4573 -3199 9421 6314 8997 -9100 3490 -335 7748 -5060 -558 -1817 -9872 
3438 7532 3288 9803 -6484 7370 -205 -5770 7970 2189 7834 5781 8395 -2 8683 -6483 381 -5141 -3958 -1707 -1742 -9352 -2029 167 8203 -8770 3048 8783 8821 -7340 -5865 4724 -3131 -392 178 -1288 -3913 2524 9513 1413 8297 8845 -5276 8625 -2965 -9820 5732 -7620 8844 2770 317 -2382 -2226 6237 -3734 8851 -8971 -1606 -5666 1341 -2616 -2324 -9167 8952 1034 -9218 -640 -7004 -9031 -3492 -4100 1082 5157 -2005 7862 917 -656 
554 8350 542 2983 -4989 -8897 1563 -8704 207 2191 686 -1986 1346 -5434 8577 1887 -8591 -6991 9390 -3517 3568 8321 -857 8407 1947 -921 -4781 4384 7347 8768 1914 3335 9365 -9977 6614 3714 3984 5687 1809 4364 -8237 1575 -4084 -2949 1347 8134 6833 -9952 579 1405 1020 -9998 -8410 -9549 -2898 -9259 9052 7572 -3757 -6920 -8418 1124 -1600 -2097 867 -3520 8 -7955 -1767 -3791 -1231 -117 -4992 -1783 6472 3231 -7421 
3699 -5455 -1452 -3542 697 -348 9353 1887 5128 141 3454 -2141 9773 4099 -2818 -1091 2642 -3768 3358 -6364 -3611 7802 -4237 -3882 -1848 -5979 -836 -4657 -3348 157 4260 -8674 5736 -5106 9762 -9095 7105 9965 9730 -528 -6570 7695 -3388 -7410 9380 -1441 6974 -3129 8463 -679 2974 10078 -9484 -9925 6975 -3389 -464 397 8057 -1545 -7652 -4428 -1245 -7257 -9785 -2561 4184 5018 6686 -669 -7722 -9131 9979 2521 9985 8692 -401 
2443 -3306 1878 8591 -9921 7319 7184 5983 2096 -6654 -5637 8184 359 -7840 -4212 -4188 -494 5993 -8004 -835 -4327 -9995 -94 707 -1767 -8712 -37 -3429 3266 -4285 -6378 5931 -4226 -508 -4602 5099 -2092 -6133 4641 -4610 -8691 -9842 -10072 8246 -7787 -10055 -6540 9323 7097 -5725 -6398 6109 1332 4862 -2290 203 6076 -3967 2098 5488 6559 -8558 -7762 -5133 -329 1381 3641 -181 -180 -6573 -9643 6339 3552 -3719 -5611 1365 10011 
383 3554 9845 -7903 3779 3114 -5200 -4979 738 5555 6209 -9836 -10046 -4418 -7342 4138 -9524 8929 -5020 -8422 -8957 2800 4584 5379 -4330 -8842 -8973 -4882 -6968 2334 4408 -9344 3298 1374 4402 809 4298 -2443 -239 -4452 8814 -6614 3297 -7998 2001 9319 -734 -9048 7370 -8621 -7436 6626 -835 -6832 8814 -8075 -6686 -1084 -6409 -7162 2827 4498 5046 7863 -8546 -9976 -5690 -2706 -5858 -2532 7904 2476 6180 7291 -7901 -3911 9135 
-4853 658 -3651 2624 -7339 60 -7807 -3654 -9419 5229 -431 -6497 -8406 -5433 -3300 2894 -2342 5407 -7979 4504 2497 4194 1034 -6560 -3163 9425 8333 4880 -1119 4569 -2849 5247 1555 1863 13 9244 -3271 618 -5263 9386 -8493 5268 -6923 -8818 -8099 407 65 -6562 -607 -3400 -9542 5984 8378 3373 9820 -1750 -974 -1923 6638 -631 -8070 -9360 -6039 -8861 694 -4505 5705 -9138 -9575 -8682 5384 5827 3931 -2971 -5194 -1997 5763 
-5599 -9188 3855 1891 -8011 5892 -8156 -9806 1129 772 -1485 -9172 -7452 -4776 2455 8858 -6494 -9757 7568 3364 3330 -4752 -2113 2931 -5649 -4982 -10001 6745 2359 -1048 6327 6419 -9228 -7296 -7318 8573 -9917 8745 -2724 8507 8092 3107 8365 3470 9573 2021 -2456 1872 9355 -7447 -8098 -7306 -4856 -6469 5290 9423 5900 5968 -7341 6429 -2676 -6681 2946 -2217 -4568 1242 5919 9583 -6528 -7167 -8288 -2426 -5329 6817 4245 1906 -9167 
8590 -498 1346 8732 8683 1549 -5262 -9141 2119 9967 9864 -9470 5189 -9665 -3271 3827 -1922 7394 2924 6481 -8569 3709 -2736 9953 2151 2961 2201 -2267 9065 3492 8237 -4497 -8780 -9947 5956 5770 -5144 -1843 2075 -9852 3852 -8321 -7810 3008 -2933 2729 9904 -5661 -6754 7011 -177 -3716 -5644 -66 -6180 2528 3273 8101 3477 -3240 -819 5795 -480 -4694 -10 -3742 4423 6480 1962 -1355 1586 -4494 -1090 -673 -8172 6128 9223 
2038 9171 2723 -8656 -7243 -7197 -5290 1802 -249 5287 3271 -1699 4742 -6794 -1454 7026 5655 -367 5894 -3697 7018 8741 1585 -3832 5468 -4946 961 -1396 -8396 6248 -4782 2681 -7286 -9949 2841 -3966 6621 950 9763 -3599 -8758 -7257 -431 -3134 -9908 -937 4925 -5043 8462 5130 3355 79 -3845 3852 7212 2708 4779 -7708 6685 7155 7779 6873 2655 -3835 4716 93 -3414 543 6660 2101 6639 126 5701 -167 -9278 -4089 6428 
2181 1997 -2661 -9824 -7468 -5603 7265 -5716 -9397 4559 -3452 -3855 -4597 2297 1096 -3760 -1171 9932 2016 -5860 -3918 3784 -2885 8229 -4219 -4764 3950 4818 -7323 -6803 9011 645 -1555 5177 -7685 -8781 5475 -9079 4171 2820 7870 -1657 4373 -10048 -4821 -5349 5967 9991 -9076 7456 142 1599 1024 -4567 3466 -3181 9183 -2481 1401 5155 -1283 9291 2088 -9498 -5350 1614 2921 1439 3762 -6566 -9148 6597 1132 9041 -3501 -7721 -5683 
-5429 5727 8516 -3104 6486 -4537 376 8943 -6223 -3943 7788 -10055 3506 -9024 232 -1179 -2378 6084 -10017 -4616 6043 7451 4806 5230 -4683 -2674 -7841 -9173 -2714 818 -8852 2855 -8700 -2960 1183 -3597 5843 -8190 -1687 2539 1542 8170 -5942 -1490 1948 4983 -3832 -222 -7372 6450 849 -1771 9084 2823 6598 -8641 -8095 -5632 -4902 -5675 402 4663 -6973 5315 -6322 -2276 -1497 4918 -3809 -7360 -8840 7685 -2451 -9508 -2426 -927 5051 
7935 8414 -3116 8988 1721 -5731 5464 1061 -5105 1611 -4308 2874 -5648 -6181 2697 3451 -7161 3077 9406 -2005 3820 -1951 8262 -3398 -7792 -9823 -4680 7130 -4806 3989 -3553 5556 7295 -7627 5111 5213 7687 -7040 -477 4392 6713 844 -1178 -2630 4251 7142 9532 -8568 -1149 9024 -6043 6662 7246 7510 -6031 6011 -860 -6494 -3916 5288 8558 1959 -5222 4520 -9181 -328 292 -8434 -313 6252 1529 -8500 -4894 -6720 8041 2749 -3381 
7048 7781 342 2934 -3992 7923 -8182 -5771 3279 2884 -1455 -9180 -9117 348 -5264 4156 7002 -5449 9358 -6217 -2505 -6760 -7007 -3664 -5757 -6381 5648 -639 5735 487 -7004 -5177 -452 -9606 -4797 -9519 3203 4123 -4250 -1001 -8306 7929 9712 -9145 -3253 -2131 4324 3892 1483 7311 1398 3259 -3017 -3658 6850 3586 -4939 7706 -6866 357 3535 1308 333 3285 4245 -4998 8055 -4928 -2677 7977 -6091 4857 4036 -5345 9674 7057 8662 
3986 8737 9753 2382 6179 1439 -8533 -7296 -754 4537 -6812 -8212 -9246 6335 2235 -1046 -3105 -3195 -3252 -6563 4160 -3903 -3787 8096 286 -4505 9010 1082 -6291 -2342 -1049 6032 7709 7359 8726 -9545 8026 8547 -8224 896 -7913 -3519 4339 7127 7749 4863 -1978 -1629 2858 9137 4960 -7376 -2884 5817 -792 -5445 7628 -1898 -1113 1363 5276 7742 -2719 1986 -874 -3539 8721 -5499 -9140 -320 64 4547 6907 -3417 -5201 1194 2802 
2727 -2953 293 -4060 -9863 6809 -2896 -9363 1097 -7888 -814 2781 3173 5227 7079 -6821 8045 8720 9030 -5710 7884 3853 -2668 -5442 -4678 6951 -2039 -6516 -3927 -6156 1413 9825 -3872 2031 -9341 8279 3128 -5874 -8427 -141 1694 -1264 6846 -5677 8252 2583 -2165 -2376 2264 -8578 4872 5448 -6526 2654 -4049 8019 9656 -8109 -5933 9708 -3204 -8779 2547 8654 8959 1576 251 1605 3243 842 -9471 -898 2044 -6816 -15 5258 -8370 
-4301 -812 2834 8039 -9047 -2682 8136 -1814 3632 3708 -3820 6147 -914 -1543 1367 -6654 -8851 8054 -2206 -430 -4901 453 -3828 2071 9657 4732 -9433 3510 -3146 -7330 2741 -2151 7405 -1105 -6503 -2159 7858 4379 -3913 4578 -242 -2622 8402 7620 8927 -7128 5834 6350 -1516 5635 -6832 7431 -3649 2967 -9159 6484 3404 -4913 -71 -5089 2717 -1418 9749 -768 -4549 1646 -9063 3579 4130 9734 3827 -3379 -6224 -9766 4977 -5871 -6419 
-7893 1978 1730 781 9987 2161 1801 7411 5351 -3491 -5178 3744 -2448 1165 -5724 8974 -7012 -6638 -6862 -7443 -791 2364 -2194 8911 3249 5565 5818 9262 827 7898 -8856 -2284 10078 -443 4989 8926 998 -7814 -7878 -3403 -5370 7637 -6564 6788 -3321 9466 -8442 9064 -9070 8657 9711 3296 -6889 -5278 -6390 9003 9998 4082 -9884 5100 -3139 302 -2677 6920 -2373 3326 5780 -3312 -9128 1501 -2190 -5792 -403 3182 2852 4419 5935 
5306 -8354 -845 2429 6921 -1244 4849 1166 5551 329 -5876 9952 9187 1451 -8673 2131 -3346 -5579 -7672 5808 -8408 -6309 -8170 -9362 -9543 -2088 3032 -3043 7341 52 6436 7189 996 -3671 7868 7407 5066 -2390 -3826 -5258 5919 -5624 -4872 3546 -348 -8221 -6234 -5259 1841 6147 -8624 3870 -1301 -4314 7147 4450 3534 -8617 -3626 -10066 7880 2047 5546 -4846 -4432 1966 533 5132 7372 4614 5212 444 3889 -2141 -1519 1065 -1317 
9753 -5059 -1307 792 7281 4473 4190 -6757 9538 -2324 -4906 8132 -5076 -2514 -2245 5425 -4408 -7778 -9115 9616 -2534 -826 -6266 -3540 -179 -3258 878 7237 4732 1855 -7144 6951 7346 442 -2603 -6841 9785 5289 7120 -5894 7395 1943 -10081 -3188 628 3381 -536 2245 -4237 7383 1177 6614 4016 -5043 -1698 3329 -8934 4767 -5905 -9102 1035 7907 436 -3846 -5800 1113 7976 6745 5269 2337 7190 -4929 -1408 3484 -2965 -5572 2072 
4719 9722 5674 -9598 2907 -5094 2140 947 -3551 6166 -8175 1337 -9568 5049 775 -3727 2264 3702 -8679 -198 6849 -52 -9026 2315 6137 4238 -9438 7662 6978 571 -6296 -6270 -9175 -2877 809 2333 1539 7041 -4809 178 -1145 -9684 -2543 -3620 9342 -3046 8990 4450 8427 -7377 -7541 -2675 4600 -3393 2544 -8232 2075 -1262 -5735 8585 8477 -245 1918 6784 -1962 -3612 1344 -5974 -3012 4936 -6824 -2310 -8634 4409 7365 -3210 -10051 
5596 1726 -5729 2078 7843 -9511 -6477 421 -9578 -4717 4927 4363 -7315 -3033 -3073 -6765 -7611 -872 -1134 2936 -4618 -9145 -8588 -3100 -1314 2060 5360 -4114 -6357 9603 -4687 -8881 8173 -7905 8266 3692 6805 -2620 -5928 -3578 -3378 -4627 6931 9134 2096 2965 7996 3612 -3377 -4963 4120 -8396 -7248 -1973 -9996 9424 -2107 9200 7630 -10063 -1960 8523 -9741 -2845 3970 164 -3066 -8241 9835 1974 -854 4961 -682 3958 -8277 823 -1188 
-4761 -2756 -2615 6456 -6336 8171 2974 -10053 1674 5705 9297 7145 9817 -2054 -3205 9238 -4867 1896 9271 799 -4229 10069 7078 4939 86 -6868 -3007 10075 -8161 -2920 5881 7168 4591 -3899 -7607 -9222 1372 1087 9099 4053 7964 -8152 7823 -6473 4083 7677 -1713 4735 8408 4640 1597 8863 8051 -1667 -2379 -2977 1535 -8398 3682 6408 -9978 -6973 7443 4155 3096 -4542 -5023 -1021 2692 -8700 9627 -7443 7768 6596 1025 -5591 2896 
7325 7919 -3775 -5201 9321 8738 443 -5638 6456 4685 -6537 6480 -5546 7464 5289 7679 -7458 -5904 -1350 -4970 -9155 3578 317 4404 2838 1831 -1888 4210 -1849 -1453 -1735 998 -1635 -1612 6285 -9729 13 3234 -6067 4783 9434 -4247 -1679 1105 9544 5289 -8699 -6119 -1157 -3629 -577 -3594 -1046 5457 2702 -1034 -3184 8732 -5954 617 4724 320 -8390 -9464 7361 -6992 -6702 -9762 6252 7466 -9107 6789 7610 -6803 1186 -8179 1854 
-8440 -7783 -1150 -2001 4216 -1799 -340 -1414 -7251 7978 788 2167 8686 -6847 2317 -6411 -1478 4714 -7873 8305 -6264 -7129 -9886 1534 -6134 -2305 6517 1746 1452 -137 2168 -751 -6341 -7244 -5550 -5742 -5978 -2121 -1619 2821 -2503 -6789 8074 -4656 -9753 -6109 6555 -2412 -1969 4060 8087 7491 1573 4078 4532 -3914 -6962 -6072 -3278 2208 1767 -525 -9248 5324 3064 -6470 3012 1043 2663 6787 2442 -3591 -1919 -3800 -10034 10067 -6913 
433 1144 2109 5540 9484 -4699 5355 -3481 2088 4568 5285 989 6162 5745 8584 1332 7280 9797 -5479 -1418 -1659 2253 6748 5740 232 1824 -3787 9083 9532 -549 -9303 -7954 4803 -1435 3186 1424 -6687 3491 4678 -4666 -5030 -1941 -2534 8882 -3162 5708 -5833 -1398 -3355 -1051 -4336 5245 2644 -6873 -4030 -3004 501 -8050 1944 4586 -2271 -4234 8267 6757 5056 -2224 -377 -2753 2238 -5768 2922 -2494 2268 7794 -2596 -3092 -593 
-3326 5943 -6238 -1888 5494 -3675 8848 -2083 7742 -678 9221 -2634 7951 -7939 -8586 -8468 5898 -5898 -6707 2602 -5160 -3471 -7848 -4096 -1482 -4871 -7817 -7666 2077 -5283 6580 -8712 -5196 9904 6581 7987 -7625 -9910 7192 6035 -1018 -1731 9206 -9279 -10018 -4048 -9656 981 8320 -2937 5972 -7589 9932 9174 2029 -6560 1578 -6018 -365 -1234 3677 1559 8950 -6723 -4580 6032 2928 1292 6018 8886 -7047 -7949 6460 -9533 3857 -2651 1416 
9674 -2516 1962 9758 3398 -6446 2868 2903 4046 -1281 6818 -6328 -1211 -9725 2132 1582 -7014 3840 -5065 -5543 2732 -3967 -9978 5016 3883 -2085 -446 8450 1196 5024 -8191 -7681 5818 8606 -6598 8734 3032 -9447 -2883 3825 -7570 -6225 -5431 -5525 -1899 -8744 6486 2806 -9682 -6937 8353 -5722 382 -8419 6660 -1384 -2862 7276 6304 8228 -6111 -2066 -7550 8244 -4851 -5721 -2233 -5101 3103 -303 -7468 1725 1896 -3432 -6899 2284 3767 
-7510 5748 -586 -9174 7459 -1138 -5441 1633 2015 -5139 10033 2594 350 9285 -7469 -2294 7747 48 8205 -5824 -4313 -8644 6959 -7523 998 6076 -4193 -5188 -5269 -2940 6990 9383 -6821 4566 8951 -4572 3978 -4063 -8195 -6603 4296 -3311 -9113 7324 -2234 852 -3892 4089 1582 3844 -2211 1083 5514 -9129 9947 6003 -2823 3478 3956 -9809 -6373 1255 -2543 -8778 -6761 -1407 5950 9762 -423 -3044 3201 2411 -8266 -6153 6523 8799 1038 
-7342 -2878 -4022 -3281 -2632 -7573 -9791 2336 8103 -8810 -212 6013 1319 -9821 3288 -7905 4826 -191 7134 2688 7343 -564 8493 8397 5067 -5575 4393 7596 242 -6780 -7982 -2230 -2232 -4908 -919 2453 3938 3811 3338 -8976 -3638 -10064 -6536 7061 7693 -3119 2704 -172 -9637 -7490 -912 -6600 4226 4320 3534 -8799 -2214 9291 -1178 -9613 9117 -5930 -9783 -4375 -5286 64 -8691 -6551 -8793 -7644 -6425 -2863 4527 -4733 1567 3091 9287 
-4449 7259 -731 426 3513 2664 9360 -552 2588 4987 1760 2215 6840 -3000 -6131 5048 -459 9521 -7622 5300 4595 -7684 9619 -6622 6165 8762 -8724 4734 1052 8233 9121 1746 1243 1631 -8743 5731 -3351 -5123 -1100 -7454 2168 3991 187 -2360 8678 9523 -1062 -5372 9665 -4494 6776 816 7433 -8734 8146 6244 -3149 -3748 689 1320 -9057 5902 7650 4920 -3580 2212 5112 7762 806 -9887 6909 9830 8163 190 -4877 2370 -1447 
-546 6362 -6009 -4817 9695 6268 -9439 6941 -8332 668 -7816 2949 2572 1017 -9478 3761 9297 6943 3790 -2273 9201 -5151 -9876 -6444 8853 6866 -8618 9068 2435 1314 4039 -8661 3775 -1360 6864 8254 -6418 -2461 -8452 -2794 4503 6177 2730 7461 6105 -7502 4375 -577 -9346 -8561 3190 4768 -9560 7239 -2541 5183 -5509 -3849 -203 2757 -5840 1720 -4594 -9961 1371 180 -7785 -7268 1410 4719 9182 -6655 9731 -113 1095 -9600 10036 
-6627 6793 3561 9788 10072 -3010 -4010 8180 6864 -7082 -7713 -8692 -9922 439 6904 -4845 8053 8601 -4243 7249 -6491 4739 -3850 4207 -8748 6541 769 1188 -2519 -6233 -7518 1137 -8827 2009 2990 -169 2112 9832 -5280 4382 6719 571 -4415 9950 1637 -8047 -1414 743 9715 -927 1827 -4229 -3517 9344 7742 3537 -618 5977 -9756 6099 2373 1159 8204 -5256 8954 -1209 -5397 7622 4821 683 -8417 -6958 6019 8274 2167 2628 -5252 
-8964 -866 3240 9112 -4762 2730 -9331 3200 -7797 -4635 -7881 -9600 2756 9937 335 -9754 -5606 6980 -5358 -6358 -4867 -4759 6566 -8798 -3488 -6975 -1323 -3522 -8371 9385 -7844 3102 -9376 -9048 4553 1447 3517 -4411 4585 6029 -3036 -4285 -4057 8210 813 7817 8641 -4401 6787 -2483 6366 -4976 35 4695 -981 165 -6650 7854 -6195 -8399 -8351 4724 2540 -4067 193 -3096 -6078 -8133 972 -2554 -6009 6724 8127 -9129 1665 -8985 39 
-8270 -7336 -5521 7535 -9716 10019 -2169 -185 4462 2232 -889 -4277 7746 7435 -9429 -7327 -1101 -4951 -4475 -8283 8140 -3338 -6771 -2405 -2740 -1418 -8705 6392 -5852 -4354 -900 7302 593 -7421 -912 -2070 4766 3514 -32 -5515 5047 -5164 -6060 -9858 -6168 -9716 -3007 732 -258 -3392 -2619 -5219 381 9954 1696 1530 -4905 -8919 -1806 -5924 4169 2436 -9253 -4347 -4583 -7005 -1167 4837 -3043 4265 9832 3250 4828 -4639 -9878 3558 2684 
-9537 8196 -5812 4340 519 -3925 5934 -541 -9977 6627 7227 -9809 -1427 -4762 5789 -986 3082 -8913 -5716 8590 6315 -1694 -2129 -6769 -5899 -3125 -8644 5991 -9678 4351 -9222 4549 9638 -315 6287 1144 -6139 441 -4120 -9918 -6051 -5357 -5640 -1986 2842 -4643 -5302 -4124 -377 -2548 -6259 -139 -8580 -1381 9216 -1823 -6727 -4528 -540 6469 8581 3889 1946 -9088 -7532 -4854 -4400 9290 7607 1523 -5411 -7228 -5007 -6482 -1118 -3372 7354 
9404 6827 3391 -3409 2624 5893 6644 3911 -7431 9626 7753 -2066 1573 -4620 6697 8066 -1422 596 7230 2305 9849 1657 9006 -7081 5552 5651 8292 2333 -4415 -9181 5096 -4400 1143 2874 -6556 -9423 3749 7475 9163 9048 9812 -1332 -3798 -3768 7166 6608 -7947 8578 4212 6343 -162 -2755 -619 9536 -7542 6607 2679 9202 -2109 -5530 -1216 -6656 7431 6892 -6680 9131 3620 9591 -2958 9946 4791 -4498 -6226 1689 605 -861 2174 
-496 -509 -2124 8032 9872 -3162 5380 -2259 9767 -4368 -9709 -4507 6544 -6696 4296 4405 -9749 -2518 -909 -5516 1 -7237 8387 7018 -4676 3010 -8098 -6495 1019 731 -1345 8289 72 -9102 2730 -3809 -9095 -7962 -9892 -1941 -5482 7113 -6469 7318 9378 8002 -9378 112 -265 -9024 3957 -8741 3023 7026 829 4493 -5557 -8162 -6928 -7769 7333 5471 -8136 2531 -6499 -6926 -7882 9695 -544 -9908 -2800 6530 124 5781 -8419 4590 -5066 
9921 4136 -4854 -2227 -5775 -784 -9235 1185 1429 5031 4132 4588 -5834 -3466 2258 9719 -1006 -8625 3260 -6537 -8864 6113 -9374 -9645 4255 -2039 -4168 -2445 9179 9447 -6038 -1338 3570 7622 -8933 1784 8470 -7179 7540 -8785 3598 971 7114 -1412 -7496 -551 1533 10047 1306 9114 6417 6208 7323 -8503 9457 -3204 8256 -10050 -10076 5212 7607 1441 -3570 -1590 -2921 3258 -4951 8625 -1868 9591 1999 -6016 960 3099 -1620 3157 9584 
-9203 6967 -6641 -10006 4314 2495 1761 -7107 3388 6745 8246 4286 -7080 -7059 2687 -9194 5415 -2097 -9295 5416 -8169 -10014 -5615 1775 -4934 5715 -1670 184 4533 -8013 -7119 -6875 -8383 -4127 -6595 5156 2684 -2917 -6387 7614 -4512 -2896 -2061 -9888 6205 -6146 -9883 -8068 -7227 -1581 -6541 -6570 -5756 -3910 2523 8833 8796 7393 5096 -926 -9867 -2466 -8243 -1398 4126 8208 -781 -3434 -7316 4417 944 1807 8513 -3176 -1947 -8711 7448 
7043 -7109 -3249 291 8782 1237 -8743 -6878 1099 3698 3653 9281 -3702 6143 141 -5138 -3765 6612 253 3211 9996 -3320 6729 -5585 3103 6342 -2241 -20 -2908 -8553 -5982 5469 -5174 3550 -2412 373 -7006 -6240 1195 -7864 6758 -7658 -6735 5636 7174 1456 29 -8093 -7988 4136 -6988 -1989 5415 298 5661 8853 -9007 -2100 -950 2215 9038 9436 -2282 7537 9925 5019 -6046 -4092 -2226 5754 3075 658 858 -2052 -8173 2520 -8492 
9876 7901 8768 3744 -1683 9906 -2702 4235 -3000 4451 2180 -6508 -1435 4111 7700 -7012 5448 -8151 -9697 4392 8300 -7947 2899 9127 9295 -2042 -9860 3334 6383 -9716 -280 -6239 -6809 9036 8491 3954 -1345 5346 -42 -8423 -6367 3903 -8098 2227 2458 2392 -1837 -372 -2968 8478 8528 -8289 6829 -1971 -1570 4142 -9541 9568 400 -3613 -1433 4111 -8392 -8788 5111 -8211 -3162 -7137 -7316 3734 2449 -9568 -8632 -2756 6525 4334 4985 
3244 7038 -1752 -7749 -6177 7972 239 -8607 274 8900 1704 -4700 3602 -4087 -5959 1577 3197 1468 2780 7961 -708 -7557 5545 3376 565 -3897 2660 -1515 -554 -426 -8589 -1051 -2402 -2579 3199 3074 3369 8444 -3796 -1138 -8344 -400 -3862 -667 -8862 6884 -9373 -922 -1801 792 -1445 9253 2598 -3140 2693 -3955 9667 -7675 875 -1824 41 -8000 -9092 -4747 -4584 -6928 1415 4715 -5448 6816 9962 7332 -5943 -8829 658 9711 3114 
-7998 -9689 -9430 7398 298 -2764 -6527 -8461 -4327 -2615 -3262 5003 -210 6319 -3124 -3581 -5202 -4039 601 -6509 3797 1686 -395 -5963 3424 5633 530 -5367 -6839 -5807 -251 -2877 4815 -1587 -4080 -8349 2115 -6865 3697 3802 -1940 5179 1336 -5508 -7496 7748 8514 -7031 10069 3873 -8122 2240 -7353 619 5519 -268 -3085 6148 -7105 -4018 5378 3370 -866 895 -3027 3665 -357 1345 -6916 706 -48 9978 -3576 -6244 -9753 -9522 -6054 
7478 9816 -1722 8007 3866 1046 1379 3718 9608 -9006 5979 1041 -6772 9136 -6622 -987 7578 8507 -4207 1907 5556 1303 -5094 9370 695 -9905 -6310 5099 -2836 3092 -9125 149 -2524 9665 3766 2522 -2970 4197 7496 4711 8951 5923 -3297 8739 -6137 -7256 -4023 9552 1882 -5417 -7929 1150 -4002 -2645 5617 1609 -1345 -5362 5279 -2811 5275 -5249 -4277 1680 8965 1026 1959 -5963 6398 6284 8801 6557 -9765 1708 8967 1347 -2625 
2793 -6057 138 1433 -6508 8491 -8074 9068 4640 -4481 -219 8432 610 4345 5650 1442 5729 2080 -5759 -7064 3879 3376 -8573 2662 -8379 -7022 4360 -465 -2087 7814 8216 9151 -5910 1662 -9585 -5297 -2437 7788 1801 9537 -6549 6139 -941 -12 -2467 -9681 -9992 -5745 2247 220 -5027 3904 1595 3011 -8029 -9736 -9135 5364 6622 507 -829 -1151 6241 6238 3895 803 1524 3346 -5540 7746 6530 7284 1431 2830 -215 5354 -5283 
8926 7921 -995 -7166 3284 -9358 -3856 1804 -6012 -2226 -3072 4824 3273 -3972 8411 2281 -2447 7401 -2374 -2971 4661 -9878 5438 7430 473 5940 -677 -2984 -9430 2549 8598 8741 -1295 -3020 -5658 6017 -3941 -8695 -8027 6273 -842 -8839 -5227 8835 3483 -4764 10060 -9658 3240 -1226 969 5207 738 -9042 9963 -1409 4737 4562 7915 4920 907 4580 -1115 -5390 3567 -6872 -5309 -2157 -9027 10047 6989 1739 -5562 8472 3904 -2182 -4924 
-7317 -247 9538 18 -8867 7885 -8633 1708 -3837 -8116 7703 2746 3105 -724 6078 3550 3494 -5287 3733 -4781 -297 9012 7774 -4640 -5451 380 -332 8545 -6149 3951 -7508 7604 -7856 2615 5327 10005 9559 -7033 -2953 2000 -5628 -6597 9642 -1998 6831 7063 -9286 -3264 -3952 -279 6572 -3302 -2130 2584 2856 -6756 1930 3027 7479 -107 1205 3661 -7923 5051 -7655 6303 -4856 -3638 2239 3724 9633 -5794 1169 -8353 8433 -6837 3604 
7331 4193 406 26 8623 -8236 -920 -2777 5694 2237 3879 -3447 -7931 -8028 83 -6787 3012 -3358 3352 -3431 9382 889 328 2043 -3612 9903 6046 -5967 7043 -8236 -3460 -8414 -5864 6938 -8942 -1702 -9597 -7089 -5892 -279 8284 5591 1550 -7718 -1729 -3010 -2651 -1381 7486 -1000 3217 -9793 5365 -5675 -63 646 -7461 9467 8298 2690 792 -6039 -6801 -4378 9467 984 5966 -6170 -6865 -2524 -9884 4875 9069 -4111 3616 5092 2730 
-3273 5088 -9570 -5582 1732 -9197 -2759 -1249 5913 -9621 -3063 3887 -6605 4085 -9351 4072 -3072 3197 6236 1282 -866 -9922 -3327 -8675 -8765 7521 4778 -4900 3094 6976 -4296 -550 -5994 -6378 -1295 -5606 -1981 -8161 -908 -6150 -6821 -7220 -8491 -1449 -6900 -1707 -2449 -4069 2220 -7135 6838 -9416 -3216 -6199 3456 -456 -7723 -7296 -2482 9523 -8075 4598 9344 8622 -2992 5291 3559 -3471 -8397 4343 -4344 -5926 239 -483 -5167 -2954 357 
-9990 -8584 -9728 -2466 -1818 1719 -6651 705 -4658 -9003 4208 7062 3329 -9809 9531 -7487 9854 -7376 1535 -8909 7373 7129 -7164 -827 5150 4274 6991 -9301 -2678 -5324 -12 -6341 8900 6099 4751 2492 5056 -5109 141 2824 -2174 6499 8081 -714 -8216 9823 -2242 1438 -7511 4484 -8828 1733 6758 -963 -9495 -7079 7641 -7421 1974 2952 -3468 894 -5321 577 2177 -4850 -8655 -1558 9717 6854 49 -2799 4162 -2743 9936 9913 9646 
-3215 1716 -8065 3905 -9114 572 -9352 5179 -4097 6817 -3486 -9206 290 -8820 -3539 -4314 5089 -9177 -6101 -993 -1823 -5109 8882 -1421 -7496 1388 9699 8475 -9782 8429 -6456 7820 -9908 -1778 3027 5604 -7396 -2807 9234 -10012 -6059 -3230 3498 5187 4602 3904 -8552 -6672 2710 6197 -5652 10082 8308 866 -459 -4990 -919 -8153 -5106 8300 6119 -3796 -2068 8553 -7339 7573 -632 -4647 -3698 -7761 -8036 -3279 6148 958 -1828 -7441 3844 
-6930 -5527 848 9398 -8137 4195 1259 -4740 -5629 -2111 -3821 6760 -7371 -5899 9235 -5923 9697 -10030 -8600 3841 1041 -8822 -762 -7248 -4947 6979 9462 -564 1911 4182 -4804 2241 -4205 -3805 -8597 -6421 -9108 -7629 459 -1545 -8951 7732 5962 -8255 -5361 9359 -7569 5344 -399 -3589 -7012 -2658 -3280 3696 -8128 -4372 917 459 3242 -7655 -339 -632 9939 8639 290 -8604 5775 -2405 -590 -4763 -2679 7238 3496 6677 -6754 -4337 -1479 
-6286 -4404 477 3795 2559 -5300 -4226 8664 -3300 -5002 9082 8004 -8043 6149 4515 -7259 -8435 8717 -1121 -7148 5444 8384 624 9535 8123 -8133 3735 -7507 -9896 7884 -7233 1469 5188 3289 -1656 -3754 -5645 -8337 -1232 7485 -2867 10011 -6799 1118 2613 -3340 692 -8103 712 -8292 -2456 -550 8228 7481 -5677 5933 -2512 3740 -7582 -3974 -6921 -7132 -2493 5660 -9337 2759 -5625 4589 7394 -1854 250 7933 -9013 -2588 4787 -3821 8561 
-9564 -3455 93 6116 3130 2540 -3758 6073 -7185 -9492 6874 -1822 -2655 -3404 1710 -6742 6624 4288 -1074 -9923 -9892 -5580 -8740 -6086 9838 -5918 241 469 -5824 -421 2967 -8918 3911 -9121 306 6905 -5605 608 -8950 8269 -7999 -2028 790 -9984 -7220 -3135 1711 8999 4008 -1554 9025 1164 -8267 5275 -412 6534 4979 -7142 -9697 -8696 2852 5803 -4752 -8377 6141 -1273 8992 -2398 -6171 -3802 -9419 2115 7263 -2200 9541 -2007 3572 
3329 -6612 6178 -2098 1658 -6123 8932 -6860 -4472 5877 -852 752 362 -9868 -6741 -6294 3119 -7226 -9790 3636 9409 9749 6390 -5137 8203 -6871 -7039 6177 1219 3676 5220 -6095 -1012 5752 -6714 -5311 2970 -5536 3466 -6132 3226 -4474 -9496 -2359 3592 5596 6377 9758 607 -8130 321 9583 -2791 -1761 -1954 -3166 3295 5710 7479 -4871 -9853 -4412 -6526 -6043 1912 254 8732 -4899 -8094 6828 -7594 7131 9588 -9369 -1526 9355 9650 
-4700 7287 -5237 4926 5500 3649 -8864 -3271 -9745 -4850 -2728 -6936 -8974 5086 -2787 -5951 1739 -6891 -1007 7714 4194 -6860 7348 -5840 4597 2947 1327 -3919 -4031 -5134 5877 9655 3117 8772 -8832 457 9327 4197 -5697 -7558 8374 -4942 3544 -4572 -9618 5152 1376 6822 5490 -4107 181 8157 -9225 -7824 5790 9385 1340 8709 1626 1898 9047 5822 -2401 5111 7513 -4910 -6553 -4126 9548 9067 1092 9418 5207 -7236 -8749 -849 4972 
830 -1251 -2129 905 -11 -6619 -2415 8202 6527 5521 2899 2739 -1482 -3967 -6434 7890 -3298 -5331 2655 603 -4621 -9467 -9183 1061 7455 -7643 3937 -7137 -5187 687 -10085 -380 -3695 -7283 405 6131 9194 7461 1578 9425 9231 6981 -7194 -8755 7137 -6440 2235 -800 -8110 1151 9675 -5996 -8177 6830 2308 2351 9148 -2168 3223 1937 -6866 1549 8407 -6380 4665 3225 -3458 6543 4651 1561 717 5284 191 -10046 6837 -2842 652 
8510 -5650 -7545 -5093 -5442 -8582 -3168 2198 -2349 -5786 6022 8817 6586 5708 8948 -2652 5520 -1013 2083 -10030 -504 -6041 -8460 5355 4503 -5439 -6138 -8583 2431 5326 2489 -6511 -6663 -102 -9161 -1281 -7514 6217 6867 -7028 -4374 -4022 134 -5529 -6114 -5527 7642 -2089 -2333 659 -6234 1591 -8865 -4970 7461 -7427 9213 -2542 2023 2221 6238 3244 -3692 -563 4379 -6640 -10026 6690 9119 -7102 -9517 356 -338 1079 -8250 -5780 9593 
-6305 -7892 -6101 9189 -1314 -248 -6655 -7549 1222 2464 5498 -5732 -4431 9885 5597 -6259 978 -2902 9308 -1912 -10042 5530 -8407 -5430 451 8535 690 -8317 -1695 -1602 -6095 -6940 1188 -3562 7830 -6947 6911 7960 -1696 6804 7055 7927 823 -3693 -7296 -3243 -5185 -6859 1183 -3960 -880 -3636 7913 4268 -1072 -6965 10019 -1750 760 9913 3252 8452 -2170 -3907 9213 -7093 -5616 6468 -9567 907 -21 4050 2628 5121 3072 -8375 4662 
9176 -192 -3455 -3513 -5378 -5773 -5344 4898 5671 4835 1439 -7958 -5671 -20 -5473 4165 6967 -3343 -8521 3897 -820 -5136 -6753 5721 7495 6166 3428 -3025 -5131 -2624 -9017 -8272 1806 -3344 8367 724 -3139 9177 8788 -1621 4011 -2539 2430 -5615 3906 6247 -8356 -6507 -5541 2594 9565 -340 -3600 -8372 8149 2201 2616 -6418 -5878 -8360 7887 3288 -6928 -7752 798 -511 5391 9232 -9924 9651 -1298 9230 -9081 -270 -6514 -5938 9175 
-9623 -2112 3834 -9706 2729 6593 2683 10052 125 5430 -4580 -7924 9329 -8644 4451 6251 -8687 7312 568 -6145 -3502 1767 2126 7128 560 5210 -7868 4937 -3513 6057 -219 2613 1831 8201 5273 2154 -5432 -6398 -3605 -9636 -8782 8807 3267 -7115 -1994 895 4854 7450 1557 3195 -8321 7343 5551 3377 2983 9325 1382 -6104 -3857 -2687 -5337 8621 -2079 -10006 -5025 4663 -2855 10013 -4069 -7948 -7963 9825 -9546 5877 6175 9751 4652 
-6330 -534 958 -2013 -2836 -9029 884 9951 3390 -3774 4637 8306 85 -8055 6388 8338 5796 10019 8648 8760 -5817 -6387 -5724 -5054 -6175 3351 3337 -31 2822 -2354 2005 2940 4500 3276 -3510 -9267 -3773 2526 -5327 1337 6955 -1076 2007 -9227 5135 -9549 -5179 -10018 -4496 7496 -7176 572 -494 -3351 -3859 7976 6259 7553 -5121 9032 3750 -4491 -9412 4045 -1028 1738 4134 -3756 2568 5203 8079 -2878 -7688 -1174 -4083 6572 -2972 
-3894 1168 -5953 8162 2408 2034 -325 6208 1940 -313 9642 -9703 -9284 272 8641 1316 1574 -65 7592 -5532 -5062 8794 -7773 -9276 7628 7705 7488 -1011 2565 603 -4245 614 4573 7030 -1361 1573 7478 2416 4669 -481 4446 -3768 -227 -5160 -4935 2827 -6958 -7126 -4898 493 2670 -3130 -6194 4168 4091 3266 590 615 1378 9313 -2129 -1069 1379 8633 -9787 -1597 -1602 367 -5665 8025 7202 3368 9603 -193 9930 -5581 -9862 
7429 -6725 580 -3764 -3002 -1399 -3478 -4749 3967 7121 3675 -4705 8353 443 -4884 3014 -6655 3328 3199 7527 -9565 -8228 -9400 1359 -6320 -4378 -7256 943 -30 -2693 9992 -5196 8317 -6037 -4406 1071 1330 -9003 -8691 9709 -4823 -9158 -1103 2765 -7541 6175 -2265 8764 9155 -7748 4633 7598 -787 1168 -3938 6940 -7759 -415 1029 240 -3995 -6250 4712 -5456 -896 -7128 4659 7173 -6441 -926 2540 -1303 -8736 -6147 8126 9280 9033 
-8465 5250 1220 2123 1620 -1723 -6473 -6936 -8419 -8937 -2537 -2212 -7420 2599 3101 -1968 -7821 -2573 -9704 -263 5066 8697 3147 9788 -406 -6833 -2534 4973 940 235 -2989 -1969 -1532 9628 596 4950 -4618 7303 3795 -9551 3456 -1340 121 8465 7833 -7817 -9911 -7128 -2439 -6760 2613 -4603 -4924 6664 -4161 5002 -6457 -8998 8711 -1262 -6679 6914 -6182 6450 2486 9131 205 -6827 1734 484 -7141 5634 1791 1351 1156 6837 -5096 
-6291 -2126 5290 9483 -9665 8994 -8151 -1466 4981 -9052 3551 5010 -8641 -1873 5843 -9888 -6095 -8920 2054 -1688 -9014 -1561 -2265 3989 -4243 5906 9348 3913 1629 -9503 4597 5896 8223 4512 5820 120 6688 -9222 9042 -6729 -7426 -1380 9973 2411 9194 -6420 7995 -2767 -131 1425 -666 -5197 -2257 -6975 8074 -9892 -4319 -9610 -1201 -5329 5444 3160 -8225 1319 8463 797 -2124 1231 2479 -4831 -7854 -888 1982 2842 -5343 768 -3015 
5703 -2037 2203 -8138 6049 -7388 64 -7950 -9378 -1023 -8181 9498 8113 -9049 1423 -6651 2627 -3924 135 3541 -8928 9185 -8849 -2801 -6360 1855 9428 8837 -7815 780 -5440 -262 254 6221 -7659 -4101 5508 -9585 1424 -9032 1487 7003 2650 1735 8051 -10002 -3192 -4931 -2474 8333 5828 -5078 -5031 1185 -7686 148 3269 6170 -4167 5258 4724 9023 174 5464 -2957 -3012 235 -120 7910 -1952 4126 -2434 3652 9233 6935 -7354 -6254 
-9747 -8783 8515 -5625 9058 -9920 -691 4928 2179 9468 -2383 -2585 8279 9703 -6777 8553 3721 -7989 7884 6667 -1441 8909 7909 -7704 5529 5460 8837 2048 -1647 -8227 -9929 -8046 1739 545 4551 127 -8173 428 -3617 -1915 -1072 -9708 7753 -6353 -1344 -2795 -3193 4084 -3599 9518 4643 4077 5929 6369 7330 -923 -2296 8273 -7920 9503 4938 6304 2486 -7039 -1549 9923 5073 3001 -2337 -6300 4816 7273 -3843 1809 -8222 -1295 -3405 
3490 -7519 -347 2435 -343 552 -2812 5028 -4986 -2183 -702 -2920 -6697 -8661 -4142 -2796 -2117 -4172 4806 9295 3526 5552 -6698 -826 -3209 -1233 1364 -2366 -8811 5541 -9486 3143 -7068 -281 -5224 6870 -7163 -4718 -6455 -7362 3553 1018 -1113 -836 -5661 1639 1531 -413 -6132 -6801 1439 6475 339 9114 -9429 -7812 3383 -8418 -8041 -7656 -941 9595 1739 2478 331 -5362 -2293 -1828 9115 9395 -2056 9702 7663 -4936 1142 773 -280 
4571 9349 5596 8346 -7229 -7289 9179 -5211 7725 6368 -1588 -1210 1533 -6869 -5752 4484 4581 5041 -9840 452 6044 3709 994 2201 7095 9776 6435 -5510 357 -1135 897 8046 6636 -9136 317 6917 6132 9256 -712 -4362 2712 492 -3415 -5853 -7430 6213 -6335 6839 4107 -9663 -3813 -5011 -7038 282 3938 1854 -2477 6214 -6039 2277 -3310 4857 -4618 -4093 -8798 9099 2651 3953 -9396 -5494 -104 -6284 -7834 7320 7835 -8795 -9802 
-487 8764 -7230 -305 9728 -6830 -8863 -9352 8191 -4404 1864 9083 -7772 -4095 -9216 7123 -8460 3614 2233 -7057 99 8190 1637 -8528 -4935 1006 6459 5772 -591 -3573 -7096 -5535 -6453 -4182 -780 -5619 1342 -8068 5838 5570 8462 9351 6407 -8596 9662 -3310 628 7089 3029 -999 3750 146 3132 4497 4738 -10042 -8104 3913 9123 -6532 -6413 -743 -1786 -8386 1175 -7363 1267 5494 2541 4817 -6187 4717 -2163 -7152 5498 -6886 -3454 
-5228 2924 3405 -7966 7949 -9135 8356 6015 -7812 -4669 -4795 8779 1165 8819 -10075 -1558 -5511 -8171 -9757 9130 -666 -7108 -7655 7815 10013 -4783 6821 2048 -3545 -3253 1571 9088 9756 -920 -2554 -5951 -5699 -4396 -161 -5498 -7951 -1377 -4336 6701 -1267 7247 -1341 9390 -8028 1083 -1310 -3437 179 -9150 -4143 1426 -916 7745 3941 -5504 1072 769 4501 5621 -303 -1265 2048 7883 -1218 6006 -5382 8522 -8559 -3541 1412 -3941 9363 
-3084 5409 5061 -4577 -4115 -4348 975 7344 -4707 697 5216 3501 -8444 9998 3246 1447 3027 3574 8949 2030 -7740 9485 -2093 -3291 -8878 1800 2224 -8079 7708 -4442 -8611 1073 8213 8927 4767 -584 -2205 9539 9424 -1659 -8756 9969 5545 4837 -9928 7029 -9418 -8405 -675 7333 4653 2974 -6633 9566 -8058 -9716 3657 6511 -6852 7957 9250 -8539 114 8524 -3272 -2317 5854 -6973 8568 -7395 4446 -4249 -5815 9137 -2819 -9803 -3728 
2510 3210 2807 -8187 9547 -4309 -5162 5220 -8168 -4471 -7238 3224 2076 4208 7707 1895 7689 1878 -8781 1786 -5181 3172 -7284 7363 -363 7389 6821 9520 1421 -6143 -9998 -4885 387 -4009 1654 -2075 -2700 2355 8429 -3992 -4767 3343 -917 8067 -4442 6860 9938 8525 6299 -7192 -4652 -6867 -1831 2013 -8511 -5519 9429 -8510 4047 -1438 -5510 8364 -5366 -8062 -5285 -2600 8846 705 7230 1110 385 8876 1287 -3571 -4387 8763 -6824 
9034 6737 -9965 -9849 -7916 6252 10054 3149 -2565 5489 -5479 8174 -67 -8129 5880 -7131 -8592 7577 -3214 -3107 4473 -3530 -6004 -8158 -8825 4721 4747 -5465 881 -8980 1210 832 -4391 -7245 3921 6830 -1712 -8285 1431 -9112 -4477 -307 7400 3003 2863 -2210 -4210 1511 -546 4105 7275 -2030 -4341 9266 -4124 7378 -8102 -228 4762 -3069 -5562 8117 -2910 -1744 -7931 5697 -7104 1009 4115 552 9874 -4752 -7977 7633 2397 -5638 -8394 
-5639 8386 -3383 5951 3291 -5838 -6683 -2421 -8946 6161 2970 -955 1372 -5101 5553 4110 -1592 -2120 10000 -540 9527 -1178 -5210 -6850 -3422 -1069 8046 4446 2444 4318 1739 -7681 -2867 -2254 -3707 6273 -650 -8049 7943 -3007 -3036 -7147 -105 2682 -1792 -2286 -5476 -9817 9612 -3591 1487 -8755 1685 -6748 -5387 8023 -3108 -9858 809 -5668 -2727 3553 -8823 -9475 6410 981 8813 -4210 5451 -7396 4561 1058 5431 5243 -6072 5448 -4380 
6774 1947 7490 4325 5617 1206 -1211 -4101 -9527 -6543 -1487 -2401 1276 660 2690 -5659 -5337 3821 -2852 -103 6860 -4581 -2855 4437 6662 2815 -280 5252 9446 -2801 -8418 -4427 -498 -8933 -2917 -4130 -9760 -5662 -1702 575 9199 9483 3296 -9526 -8301 -3044 -2717 6485 -1202 2068 -3967 -6417 2522 -4144 2633 3783 -5163 3328 4922 3897 -4326 -143 7313 8377 1033 5407 4298 5189 472 3036 -1074 7799 -1906 2560 -6920 4961 -1241 
-496 777 -9875 6362 10046 8084 4913 -4568 -1905 -8464 -6304 -4846 -7896 4290 2229 -5913 189 -1277 1002 2654 -187 -7335 -9543 -2875 -9339 -2908 3127 4575 -2401 -9317 -7386 -225 600 -794 9117 1222 2966 9658 2347 6862 -5705 8247 -8816 -9480 -892 -1438 -1211 -9398 4509 -970 -3473 -3405 7673 8366 5556 -178 8235 2704 9018 3681 -8192 497 -8178 -6654 -1811 -6674 3646 3992 -862 6596 1826 -9874 9236 -3750 4545 9254 -8975 
-6196 -3292 -3004 3335 -2734 -6063 -5748 8320 7189 -3328 5560 5285 -8653 -4597 -8130 3979 1087 1509 1263 8180 -5094 4020 4399 6529 -5533 6253 -4407 8696 -9931 -6629 9318 -9555 -9648 -6437 141 -1162 -7973 -5412 -2157 4547 9017 6679 687 -8246 3299 7581 -3890 8084 -4871 5486 9386 7819 8365 -9548 5422 -383 7736 9741 -1426 6190 9753 2088 -3850 9272 3445 8885 8922 -5667 4591 8074 2586 5736 -4558 -991 -1427 -1800 8902 
5662 8213 -5335 9810 -1460 -8738 2862 6418 257 -7654 -6334 -1415 -7690 1759 -8989 -6197 4748 4938 -3806 -9691 -8141 -1274 -4744 8528 10051 -1054 4470 -417 3230 2564 -5167 -7270 2119 7362 2448 2883 -6423 2633 -3605 4819 837 2454 972 -1607 5084 2430 -7081 8911 -2906 4980 -3053 5900 3689 5847 -1661 -8258 9592 1177 -1733 -2605 -2101 6745 -9647 2302 7485 8783 8989 -7258 -4630 3437 -3284 -6883 -2094 373 -7826 9058 -7485 
-4809 5378 3847 -5607 -7125 -1493 1682 8144 -9708 -3535 3247 -2099 -1999 -1468 -6373 -4422 6928 2417 4950 -4358 2295 5510 93 -10049 -4226 -2676 -4828 -6735 5408 1334 -5164 -5617 7394 8084 6696 -6495 7220 2820 -4524 2256 1138 4734 5830 9235 8384 933 445 3115 -5931 -5269 9539 -7878 9014 -1412 -3627 2537 -6602 -3643 1577 -6665 -5620 1506 -6982 -8263 -9790 -7603 7212 -4873 -3459 8414 7325 641 8837 7110 -3695 -4098 2298 
-5471 -7965 3327 515 -18 -7419 -2171 5464 -5613 -1017 -3148 -1094 2246 5892 -316 -5315 1106 -3475 9325 -230 -3482 -6010 -9503 -9166 -7995 472 -7711 3876 1979 -2819 6391 -1727 -6204 -9911 -4453 -1416 -4385 -834 -3847 7298 -4028 -9516 4778 -3693 6598 368 -5146 -9372 -1245 4550 -9209 -7219 5013 -8757 -9802 7866 5344 1011 5377 3705 4967 7872 -7118 2884 -1887 1328 -5908 -2033 -882 8924 738 -2210 -6667 -4948 334 6736 -6544 
-1563 4084 2665 7034 7742 -335 -1490 967 -6990 580 -9328 4224 -5968 -7191 -1881 5145 4861 6060 -8379 -1384 4945 -9205 5634 7980 -6370 -2870 8989 9719 64 -7335 -708 6318 -9372 -5834 -10054 -7298 -6632 -1046 9811 1686 -1588 243 6313 -4116 -4660 2007 3466 -8929 -3769 9200 -2562 -2230 -1997 -9192 2824 2854 6914 6529 -8544 -2427 -381 6241 -5004 4600 2695 -1380 -4585 9731 4867 -1686 1994 -1438 9567 -456 9653 -1045 665 
-8373 5994 -8291 9118 -10024 4980 -2621 -4990 2149 -6632 -4592 -3221 4514 6265 -565 -9693 3167 -5804 206 -1435 4262 0 -9811 -7150 -7833 3306 -6702 7248 -2434 -6889 -1413 -3939 9731 8183 1477 8763 -1287 -9542 -7864 4697 9067 -5655 -3080 -7561 -4124 6011 -6790 -6344 -1344 5333 4229 2351 560 8334 5671 -5922 10076 -3601 3339 8756 -9206 6982 2155 -3406 7247 -3379 -8414 5991 4080 -9985 1816 7967 -2640 5608 6925 3463 3187 
-8083 -996 6517 10039 -4708 9307 -4417 -6857 226 2205 -5481 -6896 8376 4 -574 -4924 -4499 8486 3579 -3835 1457 2251 -6931 -4853 8896 -4052 -7407 4374 -9729 -8303 80 -5498 -1535 4473 -5209 -590 7986 4073 4234 6848 -2556 2035 -6477 -6743 4232 1208 1576 4567 4799 3457 112 3330 9828 2084 -7880 3806 -7571 3064 -6711 3474 2248 4387 -2024 3266 4259 -6926 -5686 -3346 -2310 -4979 -1555 371 8997 -6572 -7454 2241 -8325 
-9200 1714 5229 534 8793 -5636 -9092 -6282 5877 9319 3523 6084 -2821 4541 -2569 -4798 3403 -4772 -6460 4610 -1972 6179 6164 9417 9649 1793 6510 3872 3580 -7807 -4615 1282 1350 1516 -9522 2893 -5868 -6244 -6604 3424 561 2659 3876 -3099 -8703 4444 8504 9189 -445 666 4691 4890 -3334 1672 -5333 -5887 -5958 3331 4328 -9172 -4236 -2342 3514 2922 2275 -2832 -8999 -4363 7836 -1184 -6433 -7274 -4352 -6393 8949 -2125 3469 
9133 7151 6736 922 7908 4724 -6318 8689 6181 -8123 7010 -4544 5937 -2524 -7497 1062 -3017 9420 935 8338 298 6004 5503 5559 -9241 -5106 -8335 -5283 -774 -5507 -9060 -1004 9171 -353 9934 -8645 -5753 -474 -7834 8840 7573 -1604 7814 -5836 1445 -2407 -2985 -4381 -8104 1447 3612 8620 2477 8594 2014 1622 7158 9624 -6878 -2772 -8739 9873 343 -2950 -4631 6806 -1886 -3389 -3466 -7626 -6467 -9801 8681 -2562 -8461 7287 -8755 
8872 -8115 -4598 -1582 -1176 -448 6333 8584 9300 -8046 -8349 3961 -8939 -3373 -8163 -4459 7824 9029 -9659 7661 -9784 951 -2463 -6760 -3931 -6476 -5112 7000 -7795 5821 -5599 -717 4651 1240 -1303 -5256 -3062 4620 -2416 -8635 -7821 8449 -3708 5936 745 218 2979 572 7736 -3550 -6453 -4670 3228 -8609 -4568 5087 -6930 8047 3675 -8105 1133 8102 -6730 1818 1264 -8094 8639 8495 2979 -9178 247 -5172 -9698 -7149 2348 -3307 456 
-8022 -7805 -7697 -3010 6129 -6004 -223 5643 858 -3599 -1916 -5102 245 -6934 3863 1767 -6707 8535 -978 8733 9402 1264 9427 -4307 -3369 8251 7482 -4016 663 -8680 -3468 -1428 6277 3675 5633 -3952 464 3280 637 2075 -717 -8360 -6004 9415 4924 -6270 4003 -8967 -8925 2235 -1303 7550 1957 6735 -3345 -2131 -7668 -4401 616 -8100 9294 5718 8242 -8952 -8188 -1078 8219 8408 -9639 -2129 -4090 1679 -1919 -5197 163 -3749 8906 
-9641 -7424 -5896 -6044 -1024 -9650 5565 5263 6188 -8766 -816 2704 1712 -8291 -6712 5855 3858 5500 5725 3137 1060 -1285 4109 3808 8444 3455 2197 -3419 9451 -2389 -5695 -737 6150 8895 7376 2629 4971 3725 6806 9767 4011 -5317 -6222 -1962 -5893 -2424 5923 -828 992 5894 4219 -8924 5520 3795 -7108 -8593 -2577 657 -4416 3839 8008 215 -8606 -8559 -2635 -7223 9574 4137 10036 1340 -4364 -5806 -6066 1155 5730 4883 1674 
2852 -2872 9747 -3380 4065 3296 -9165 -5949 -6782 -7101 3939 -5146 -7384 -7859 -1272 9026 6514 -1754 4027 -4480 -5633 -6060 -8061 5154 -646 6474 -6163 5581 8248 25 8750 -9256 8058 8371 -506 2891 327 3426 -6509 9159 6414 -753 -9879 165 -4347 1538 1866 8890 -2074 -7156 1944 964 4162 8111 5981 4650 -4637 -6479 4802 9081 8255 3203 -5729 -2342 -1521 -9209 8000 -6997 1555 -5292 -788 6211 1317 4073 -3521 7702 -8657 
-590 9924 6877 -9547 5213 7446 3031 -6669 -4324 -7234 -4188 1690 6338 7107 -6072 -9659 4376 -3238 5559 -7234 8072 6315 -1362 -5648 -1268 268 -3087 -9869 2576 -2905 5795 123 -6914 -6494 9400 -5033 -8951 -5800 1269 637 5685 7214 -1682 2584 -1978 5511 8339 1752 -1109 6598 3655 9303 3245 6233 141 -1282 7172 -8398 -6426 -3278 -9722 1068 4117 -255 2012 2756 -8173 -2954 5382 -5863 3534 -6409 2509 6445 625 8801 -7593 
-4380 5425 8272 3925 5497 -4609 4940 -1337 -961 2007 7892 -1124 -3640 -4856 4322 8609 -1263 9734 -1376 8131 5991 -6868 6944 -3201 8235 727 7121 5781 9135 3040 -6946 2882 -2355 -7754 9162 -7867 167 2055 -8290 -7627 -23 5247 2300 2933 -3487 4928 -5096 4613 -6662 -6001 7158 -5495 -5768 3380 -9023 9548 9928 -5124 -2331 -4870 -4207 2176 -23 -8004 3419 7897 -7629 -7031 3398 2206 2791 -2905 4747 3454 621 -5939 2480 
-3704 5584 -5409 9802 -9293 5348 280 -878 601 -6680 6948 -6364 2782 -2657 378 6515 7833 1538 2351 -6190 -9500 -7370 -9158 2136 7562 7532 10043 7413 -4083 -6798 -1496 1526 -7778 -2596 -4501 -3547 33 -3690 7502 -5213 -5201 -306 -3033 -3270 5853 6619 -1947 7520 660 -7850 -4092 1852 -4265 -613 -8809 1635 7476 3011 -6307 -3335 -2209 4996 1326 -2626 2517 1589 -1578 1398 6292 -8992 -1861 -3639 -217 7354 -1240 -6823 -9000 
2633 -9351 -1584 9741 -4471 6086 -6671 9769 1660 -6256 -1497 -9284 5654 -7229 2599 -6650 -4212 -2747 9319 82 -9462 -159 808 -2152 9422 -5111 -1355 3864 -7783 2943 9034 4209 7219 3462 -9075 4556 -8729 -8804 -3809 9321 -1946 -7575 -6254 3860 9434 -7184 3462 -5361 429 -4325 -4840 7633 -9954 6558 -1268 85 -4725 459 5152 6976 5371 2987 -2134 -8340 2011 -7060 -2753 7453 8080 -5706 -5404 888 4015 -8733 1812 5611 -5215 
5262 1553 -4699 -6781 -5729 7 -3686 7934 -7968 1229 7969 -7343 224 -5641 466 -3862 3961 261 8333 -1733 3625 -5711 9805 8934 2532 -763 -6651 5026 1827 -3895 2760 7661 8001 3221 -1882 -1866 -5327 1775 -8108 4079 8894 8160 -1213 -4592 5686 -4166 5242 -2773 -2496 -6934 3047 6542 -5269 934 7705 -9799 -9669 -4032 -8548 7802 -1611 -8402 -3364 -7579 7904 -633 -5328 -7625 -9421 683 -2936 1950 1050 7916 1935 2798 1112 
7220 7447 -1666 -9716 -9636 3393 -2260 -7210 5514 -2629 -4204 6583 4983 -5946 -9007 5073 334 5982 -8834 -2669 8473 7606 739 -8482 9943 -550 -6020 7196 -1106 4980 2964 -5983 -5181 -4641 2015 7284 8654 -6831 -6750 2041 -963 -490 5756 -3368 1793 2100 -7977 -4217 -448 -7960 -1815 -2492 -1983 3764 -6414 -5696 9282 -7148 -1126 -4330 8132 7389 3092 -6668 6046 -3476 892 9601 2261 -5769 1689 -5361 -8881 -341 -9605 2513 -3576 
-5338 -1944 9545 5614 4480 2915 1996 -69 -9173 -6311 -6385 8385 4063 6649 -1134 5146 6232 10025 1877 -399 8492 4555 7929 -3933 5036 6528 6456 -10046 -3328 -1137 2755 9584 3064 -4852 6913 -5466 -7059 6109 -1421 3657 -1330 -6086 -8383 3504 5575 -2982 9109 2034 -3840 -1232 5379 -2530 -7953 -8492 4771 -6255 -1668 -9317 -1848 -3658 -1107 -7880 7710 3496 5751 926 9011 -6816 -5137 5898 -1991 -6505 2999 -4670 -7260 97 -7020 
4741 -6295 5457 3305 6825 -7075 -9936 -4151 -6892 -8804 -6111 4335 1634 -1841 -408 3474 7030 -1293 -4454 -8104 9713 -2247 6613 -2425 1377 -7230 3043 6909 -2363 7033 -7112 8479 9033 6308 3872 4157 -1661 -1716 -9922 4909 -5675 9074 -170 -9221 -547 8218 8857 9501 -5440 -3840 -5049 -6142 7868 9907 7231 -2345 -2649 -9943 -2625 -6336 -2831 2509 -8878 -5567 -9026 3391 7369 -9623 -1416 -1734 4132 -5380 9596 -3380 9380 8648 -8942 
5606 9434 8619 9251 9576 9642 5632 1726 5161 -5993 -9539 -4974 -7665 -6278 6977 2214 -2409 4333 7882 1483 -7437 -8869 -3471 -3016 -3213 8854 4371 -5080 1571 8049 -6033 4263 -9384 -5671 3546 -9557 -6934 3726 1825 -3953 -5354 -4851 -7391 8298 -7503 8636 7130 4837 4733 7754 7594 1845 -3138 7189 5820 -5579 863 -4691 5270 -7701 -9225 3883 -2433 -987 1791 6182 6357 2037 6177 -8881 -1466 -9457 4771 -1701 4834 9679 -4160 
-1672 75 4820 9452 -353 -9550 -9325 -8272 2614 -1522 -3338 8468 1415 -8123 5317 -1188 -8720 5658 -5158 1671 7297 -7109 4567 5722 7006 9747 1428 1608 5165 -6093 9676 -4175 -2675 -7362 2324 -6667 1588 9579 -8760 -10006 -4767 -1068 -3558 -3773 9362 1835 128 -3036 9890 -2145 -664 -6038 1506 -4151 9466 -2086 -5225 -8911 6097 1876 -2722 7655 -7156 -3466 -344 4939 7664 8206 5858 -9782 -107 6063 9186 2110 -5753 5075 -1731 
9086 -6933 5542 -7834 8799 -9600 7983 1255 10014 -6859 2630 4337 -6220 6511 6527 4247 -5322 -6011 -851 -2440 -5303 7142 9562 5711 5068 4760 1283 3537 -9841 9420 -9207 5520 -8349 -665 813 -2319 8116 -8657 -4594 -7352 -9286 -4099 -4771 -3133 -1592 2879 -5044 -8062 2461 670 -4232 8296 -5250 -6047 5145 -6519 5473 2296 911 3224 1224 5787 1859 -4805 -8112 895 2708 -3712 1485 2410 6931 -7987 -3640 -5445 9451 -7605 4817 
-7843 -361 -1542 -2524 6047 -3203 6467 8163 4743 243 -622 -236 7043 -6957 1276 4634 3758 -1486 6847 7689 7697 -4494 -1464 9825 3167 -6636 -3027 -9763 -6411 -7041 -4875 -4072 5116 -5439 -9258 -7577 4658 -9479 10022 9694 2937 1582 2764 6220 -2122 -7904 6776 -1928 -5483 -9915 -319 -2731 470 3355 7003 1588 -6447 7348 2027 -4799 9162 6407 3959 6018 3614 7842 -550 8707 7556 6276 -851 921 -985 -542 8602 -1184 -7348 
-5408 461 7577 -217 8752 3143 362 -7817 754 -1212 -1306 -9635 2110 -7528 -2599 5788 -9405 7853 -739 3410 5310 6224 6270 3066 7949 9743 6279 -5109 2680 -2049 2833 1718 -8898 8662 -4782 4201 4518 1843 -1364 -7358 7010 -3429 473 -3193 6934 2353 1132 57 -283 -4501 -940 7993 -9056 -1317 929 -401 8506 -5915 2994 -586 9332 -4354 -1070 436 7303 -6862 -9095 5613 4358 3439 -9233 -5036 -5275 -8006 9197 8053 -1194 
9795 -4060 -4044 -7978 8687 2523 3249 2910 -4156 -4911 9132 -9138 -1223 -5304 1442 -164 -6618 430 6607 -9715 1961 -1040 1983 4171 -6380 2079 -7404 -7687 -8915 637 -8480 2808 3210 4381 3947 2958 5489 -6237 8120 6517 -3515 7272 9675 -8398 10060 -6360 -2932 220 -5052 6883 6658 2139 7816 -3751 380 -1012 5236 -5211 -5549 -8287 1785 -1207 9939 7625 -4945 3462 -8341 7206 -2280 -6757 809 -8996 5539 3588 -8192 -6922 1802 
-4309 598 -8240 4561 -7250 -292 4452 5341 2602 3544 8572 -9403 -5080 -479 -9608 5110 5115 -6292 -6047 -8142 3389 -2300 2539 3431 5153 -7030 3742 8333 -8839 -7788 4630 -319 -7877 4325 -4201 3475 -3140 8749 -9901 -8975 -7295 -6252 5261 3151 -329 -2794 -9561 -3112 -10073 5570 2231 9818 -9052 174 -9304 -1716 5537 6566 -5591 -6842 -3021 6473 -3839 29 3794 -204 4397 -6266 -6697 -4475 -9158 1840 -6312 5550 -3026 -7478 1767 
-4510 -3441 -8248 -9481 8715 3554 3304 6952 -5461 -6199 9129 -7788 -5812 -795 -6812 -1816 3117 129 941 4957 -1948 7094 7305 9721 -5193 6849 6627 -459 -1279 -1103 -9509 125 -9775 -7312 1607 218 9569 -8422 -3321 73 -9264 4599 -8736 43 -766 4724 5910 -8215 3034 507 6913 4363 -2924 1005 -8451 -1828 -7820 9902 2037 -6011 9700 2634 -8399 9238 -629 987 10036 7491 3083 -1395 5704 -4289 -4154 -1617 4372 3372 -8409 
-3272 -9624 5138 7885 -2907 -3326 3812 -6812 1354 1651 -1171 2739 -7122 -1287 2385 -1017 4534 -6586 4268 -5522 -3376 4526 -7055 -6351 2290 8630 -4479 -6816 218 -1813 9983 3827 9923 2091 6453 4489 -182 2734 -7728 -3157 -1502 2744 9839 6705 -8665 2164 -9456 1529 5107 6576 -232 2333 -2032 -2399 5923 -8101 4678 -5161 -3779 -7561 -4191 4598 4953 3507 -7570 5273 7336 8560 3791 -3302 849 4133 -6467 5680 8181 8659 -9531 
-7689 -10052 -937 2335 7315 -8155 -5004 5261 4216 -4543 -7249 5443 2317 -3558 -1337 451 -1500 -6662 3522 1048 8896 2201 4690 -1985 -7479 -4275 7223 4490 959 -5232 -1589 -4418 3293 -9113 771 -9234 3023 4539 1919 5792 -1973 2242 2773 -8475 1987 -6539 9366 7647 -4132 -9354 5011 -9019 -9224 5679 8707 9721 -7970 8072 6236 5851 -1040 2770 2231 8088 -9974 -4233 -11 7373 -1738 -3340 -9389 -7639 9317 7835 3025 -7123 -7022 
-5732 -8822 7618 -6020 5441 3600 -4563 2817 -2112 3411 -5480 -8913 6578 -5579 -9310 -6661 -6371 6126 -3261 1545 -7160 -4756 -1253 -4947 4487 4220 -7338 -5984 8539 7561 -8859 -3101 -1581 -1696 6542 -3078 6607 -7235 -6989 -3557 8606 5839 3222 -9489 -6298 -579 4651 8514 395 9557 -8102 3788 -4531 -1326 6648 -5259 -5485 744 -8806 5452 -5119 -7331 5700 -9088 939 -1270 3225 -6113 -701 -8599 -3179 3014 -5760 -7891 3566 9840 -4140 
-4521 -3367 -4945 3145 -3890 -7233 796 -7752 -6267 -1370 661 1938 -8062 -4071 148 5084 -6790 -2907 -4963 1 -3917 3152 4438 -2042 5762 -5417 7769 3559 7652 -5935 6263 8871 -6975 8892 -5110 8891 -6978 -9054 2601 -322 -2006 1370 4660 6017 -4066 -8288 5673 3438 -4782 -6744 7695 -2960 4989 -7652 -2018 8517 -8933 -4336 2589 -2246 7747 7239 2210 2399 8168 3358 1067 -6616 5000 5653 -8163 9283 -6052 7304 6558 1276 6965 
-8362 7384 6545 5832 5445 6553 945 -3318 -239 295 7131 -837 -3859 -6745 551 4732 6692 -9099 8066 -8591 6164 -6563 4574 8746 -3306 -2804 5903 9057 -6519 -9071 -1482 -7933 -5685 2151 -3619 736 -6705 -7098 -3658 3874 -1338 -6975 3696 -1844 -8251 -1450 -4020 -4340 4435 8821 -7396 9453 7749 5775 9152 150 -2111 3517 -2402 3607 -2151 -7918 -5828 7108 -3455 8041 7428 106 -8701 376 8453 9655 -6861 7840 -4661 -4565 -7625 
2517 6898 59 -8634 7527 -3329 -6199 -9757 -9231 -7676 9139 -9568 4322 -4263 -4744 -2703 4423 -6224 -7260 3377 7028 8570 48 1098 4114 -9101 -5397 -3718 1014 2064 -8652 -7816 299 1314 -4671 -241 -4786 4892 6758 -7227 -7197 -2153 6688 8341 -9690 6162 4352 6256 -9725 3151 -1458 5760 -1155 -4802 -9667 1324 -9148 9010 -9046 -989 5413 -8014 -8723 -140 4137 3251 -7354 -855 -7663 -5448 3486 4627 -1865 -10065 -8504 -2361 -2016 
-1981 6846 3555 -3980 -5234 -7028 6971 -7220 -6057 6764 6959 -5139 9591 -195 -4853 -9408 6070 -2218 -7604 -9600 8783 -156 -9590 7806 4080 -9968 8074 6347 -8258 -8748 3389 -2874 6953 -7569 1145 5301 -6767 7697 -9382 31 1559 -5582 114 -4949 -9391 -8275 -5234 7090 1423 -2125 -6935 -648 -7642 5543 5674 -2026 3896 7896 1101 -2047 1132 3735 8195 8380 -2715 -5441 8818 5255 5852 -3115 5214 2180 -805 3484 2729 5843 -3301 
2004 9266 5817 -5153 -8068 -8381 7193 5958 -5035 -2639 -2711 8039 -4696 1827 -5638 -1703 2455 -9272 -4799 2630 -2024 -4316 -848 -9722 8846 5763 9931 -10048 9244 3222 -6633 -4592 -2560 395 -7735 1350 -6154 8827 9873 6763 4750 1266 -5832 4096 -5288 -6058 8004 10063 -8652 5271 -6713 -9503 -8617 6288 -5171 -431 1819 -522 1385 5805 1730 -5799 4561 5324 -1231 -733 1878 5889 -853 8183 -3854 -736 -1752 -1772 -2007 6865 -781 
-7941 -1205 9118 1555 5611 9356 -10081 6734 7139 -6644 -1762 1118 -1196 1646 -2446 -8996 -293 -7411 -8553 -9714 5281 4736 -2373 5241 -3404 -5293 -5529 3627 -5237 -5930 -3588 -9668 1674 1239 -4576 -789 2803 -6696 -9637 -8320 4096 -9534 -4303 4439 9644 -1295 7683 -2584 -10065 3917 8970 -4970 -2618 -7016 5792 2397 3097 140 -9691 -7263 -8278 -8469 7827 7261 9627 -3365 -9347 1058 -9162 -6134 -3813 -8509 -4420 5708 -4114 -2160 2506 
9359 -7931 4255 -3892 8875 -1502 -6600 1970 -6373 3060 4380 633 -4805 6646 -3667 1791 -4597 688 43 -6339 -253 -3924 1074 -2741 6527 -3308 -7839 -8365 7096 1848 -5750 -195 -9840 2479 2427 -6179 1936 1671 -1661 -2670 6071 -8562 -8816 10035 -4622 -5324 4138 -3628 -4186 -6684 -8663 -3024 -8877 5076 6198 -8133 2693 -2985 8319 -5733 -2284 5614 2163 1326 -9828 -1373 9892 -6079 1918 3442 9959 -4637 8759 -3871 9937 1896 -9516 
-7943 6621 5873 -4179 7276 2717 -9949 465 1587 9542 163 2958 5264 7467 2321 -838 -4491 4401 -1814 6873 1557 -1037 -1822 -4820 7168 -7924 5291 -9261 8781 -3449 7435 4896 1708 7734 -8540 -267 -9079 463 9504 -7589 -7671 -4495 -1725 -9211 438 2130 -5769 113 8624 9037 -6348 9854 -6517 2858 2829 -2352 8111 9200 1371 -4755 5760 -6609 -6843 6737 -6013 8158 5057 4030 -5172 6188 427 806 -7397 7088 -7803 1584 -5422 
7227 7030 2973 -9660 -216 -3183 4834 -3584 4216 3217 -2948 -9078 -1646 4181 -7358 2605 8019 -693 5677 2240 5867 -2259 -516 -535 -4551 8601 2030 8260 -2979 -7574 9795 9795 9838 8843 5018 -2919 7614 7767 2683 2566 -6841 2607 -8795 -1241 2335 -4694 3708 7547 -8122 6370 -2365 -8318 -3385 -4368 2934 2135 -3003 8246 -7034 3044 -4162 6248 4372 -8695 803 9806 -1601 -9136 8369 5604 -7569 368 -6821 -983 -1795 9293 9958 
-3171 -4043 4676 -5769 1116 -2198 4082 -7292 -8387 -2680 -1976 -729 -3766 6565 -8632 2066 2161 -8318 -1201 -5593 -1494 3262 8433 -4992 763 -4962 -3976 9998 -116 8110 -3853 -1564 -3271 3349 -731 -2645 -8089 -258 5970 3987 2076 4808 -1211 -3939 -7226 -1932 -7224 -8453 3373 -2123 -490 1816 2786 7058 7957 -1323 3500 6434 3550 7660 4759 8803 -4311 7780 570 -361 -8078 3037 8192 130 -415 3718 -5552 3069 9656 -2198 6937 
4225 6098 -8238 2372 3424 9048 5109 5493 4028 6431 6140 -8737 2360 224 -6300 -9431 6076 8465 -8668 -3691 2111 1510 -7130 -8115 5778 2431 8682 1993 -825 5317 -886 9934 -5777 5385 -4858 6572 8496 -1482 -7792 -8040 -1797 -4676 5321 -9682 4756 -8705 -4206 -5899 7274 7754 -5079 8361 2778 6740 -8315 -2444 -6449 9469 2713 9110 -10032 -6442 8862 8203 -6341 -5130 4353 -7409 -8593 -56 -4850 -3493 6972 -8573 3999 7727 -5065 
4838 -7144 3286 -863 9715 -9586 -7128 6357 -4957 -4828 -2399 7752 7599 2468 339 -2928 -9929 -2092 936 -2987 4806 5877 2701 1681 -6712 1479 -917 -2124 -1007 -9028 5327 7986 -5788 9855 4635 -3089 1607 -7614 -862 7321 5863 -8030 3088 -6255 5283 1482 -6756 2545 -4030 -722 -3054 -6454 -9736 3335 -2889 -7269 9323 -6170 306 -5913 2272 -533 8626 7345 8008 -9015 1713 2659 7778 7614 6514 -9715 4272 8771 -1227 4943 -9626 
-2869 -310 4040 -170 -1932 7414 -3978 -261 7423 -5672 8408 -643 -5205 2553 858 -984 -4760 6951 -7423 5042 2533 -6905 2747 -3456 6952 -2691 -5664 3643 7371 9622 -6084 -6798 -8240 -3544 -7340 -1986 -343 2449 7946 -8367 -4103 3208 330 1337 -2960 300 -3118 719 1530 2565 2570 2455 -2491 -7879 -7782 5448 1714 6542 7525 6790 8663 7919 2995 1908 1582 6134 -6962 -7243 -167 -5485 3902 -2342 198 -9333 -7901 5214 -2831 
-6727 -5604 8592 3122 -835 -8042 9151 9634 -2615 8452 2924 768 -5525 -2924 -9589 -712 -5949 -1028 9639 4440 -8836 -7756 2523 1297 -6549 -733 -1067 4936 7850 1286 -6041 5932 7336 9797 -7588 3626 -8300 6308 885 -8668 2275 1513 -4771 3209 1470 -2159 9885 1508 -4765 3371 -10050 3203 -10074 5510 5540 -6729 6870 445 -4240 -4763 555 -5804 1247 -6305 -9569 9918 -1212 5827 6712 2664 -3281 -8459 3691 2778 -6947 -6432 6784 
-9015 -3793 8887 3497 6968 3069 4505 -3077 -2983 1071 5118 -7108 1645 -9637 2801 -3027 7635 -7613 -940 -6860 3512 8708 -1929 -4728 -2198 -3216 4573 4989 9481 -1612 8219 9363 1729 9327 -5257 8653 1897 -8413 9721 2083 -5793 592 -6481 -4981 3320 -2880 -5115 10055 4641 -9357 -3066 3821 7572 4985 -1249 306 -3782 -8141 4018 2622 -4155 -5722 59 5958 -9516 -1873 -4397 1846 413 4330 -7141 -3432 -9473 478 -2860 154 3638 
-5471 -6113 3749 -8879 -2806 -8195 2003 5438 -379 8995 -1992 -7318 -7434 -6811 -3992 368 -9056 4749 185 1560 -8034 1086 2891 -6066 3814 2403 499 3642 -438 -4115 7900 3323 4079 -9980 -2529 5633 7363 7827 8214 8638 -306 -8363 8081 -3536 -5464 -8517 -7018 5484 9851 -8647 7124 5234 5917 -1714 -2690 2160 -6473 5462 155 7928 -1372 5505 2075 5499 2768 -7444 7632 4891 -1319 3605 -6048 4868 -64 866 -6122 306 8842 
-4554 -7106 -1352 9285 2805 9750 3700 -1926 5495 6164 -4668 -8294 -8119 -8530 328 -8259 5440 1712 3285 -3095 3662 -7106 3330 5010 -6470 -3797 -4929 -7805 2616 -7535 -4800 -2115 -3260 -8696 -2780 4333 -4184 25 -9860 7280 4124 -6507 1030 -3184 7149 -9209 -1240 9103 -9272 4196 -9460 -1572 -4036 -5713 -8323 -9934 -9612 1357 1515 6451 9236 -5689 -8911 -3332 -6624 10067 3348 5262 4340 2553 6786 -8732 6705 9192 4825 3246 -2781 
6501 -8899 1593 10008 9633 1892 -5488 4685 3695 -1330 -5993 -4440 -9543 -8167 6326 -2404 5808 1180 -8584 4210 7984 -8472 -1736 2376 -2591 -966 -2274 -1034 -4825 -5043 2916 861 -3423 -2682 -9382 2708 7114 -3402 5842 -6193 5020 872 -94 2956 -7550 7765 -1027 7169 -6608 8267 2514 -3962 7068 -6994 5512 5069 890 -685 -6020 -8536 620 -1316 -1822 81 9481 -5831 8155 985 3160 3771 7994 -8364 -115 -3592 -1981 -4861 -9934 
7873 -4322 4880 -5366 6424 9590 -5903 -5378 9748 -9208 9110 -3078 4971 -9684 7313 -3142 6065 50 -9729 3814 -4275 -3054 -270 -132 1490 4112 -9968 4825 9334 -2350 8029 -6426 -2762 -1057 -935 -5469 5224 -2057 6284 2722 6794 4217 5307 8475 3207 -5376 606 7755 -6732 -3917 -8859 3350 -576 -8000 5423 2345 -5746 28 -7962 8423 -9004 1015 3702 6082 9933 986 -6684 -1081 2241 9457 5843 -9749 -601 6342 4461 -5305 -5307 
3315 6084 8634 -2794 8526 9367 -3386 -355 -1215 8372 4873 5369 2774 2090 -5697 -5446 -5212 6987 -2749 7198 8741 6811 493 2619 -447 -5005 -2389 7196 -4328 847 8422 3451 -8982 7132 -5332 5601 -4479 3972 -1490 1432 4631 -9 2678 -5061 9413 -5907 -2402 -2340 2323 -2768 -2377 2445 -1458 3736 -3573 831 1355 3455 9893 8399 -413 -9371 9228 -4521 -9782 -8153 -7144 -7429 -5226 8661 -9644 810 -5110 -3882 9285 -6006 -5620 
5787 -5701 -4843 3696 -4800 -8453 5172 -112 4764 -346 1719 9589 -1191 8722 -8946 -3367 25 1178 -6966 2839 -8214 -4359 9207 -5894 8928 -7542 -6875 8284 10079 4150 -4420 -2338 -1857 5660 -1968 -2519 9299 -2075 -1575 -9944 4318 8267 -6685 -2372 3805 -6566 -3853 -1509 3496 -6991 4517 7422 -2282 5452 2218 1263 6482 -4008 652 5932 5162 -2325 -6096 -7612 759 5685 2126 -7362 2440 8572 3853 -8053 7940 -5845 10012 -3210 8581 
8074 6246 -9466 1966 7111 2892 -7369 -5174 -1681 10056 2093 -729 -8913 -6262 -653 -7046 -5149 4547 2558 1290 4507 -469 -5143 -1911 9180 1663 -8167 2649 1043 -8404 9468 -6429 -8329 3827 6037 848 7853 -9719 -82 -3486 -3712 -3333 -8578 -4613 2876 -1271 5012 -5990 -8149 -4501 -8812 2967 -250 -631 5289 6393 1093 6998 -3892 -1544 2939 -7058 -1263 -4960 -118 8584 -2878 -5270 -869 -9255 -4606 7512 -4379 -8855 5145 -4089 -4017 
7102 7875 149 -3000 777 5878 -1583 9267 9221 -9197 4465 -7587 2039 6527 4161 2819 7394 -255 -1579 -8930 -2840 6211 10065 -5080 4502 -4002 -2146 -4006 8910 1504 8179 8562 -9537 -9103 6835 8671 6096 5427 6585 5566 -4557 -4461 -2191 4202 2155 -4582 -6252 3934 -307 -4275 4214 -8317 7981 4345 -2179 -3704 -5424 -1689 123 -5267 6233 -4308 9297 626 -3569 -4276 -33 4092 -834 -7838 -2379 750 -6423 5335 -99 -1873 6307 
-8229 7587 8447 -528 2980 -8399 66 7552 -3405 7536 -822 1134 -2911 -1366 -7836 -1575 5000 8495 2083 -6412 6688 3387 -1154 -6324 -4864 174 5424 -1235 -5503 1081 -591 -1356 -1532 -1052 7581 -8950 -5845 11 3587 5966 9578 3265 8489 -6792 -8666 -241 -2158 1813 9225 7678 2100 -9072 7091 8758 -6546 4348 3224 7843 -7701 -8070 -3728 -7578 -3296 -9937 -8839 -547 -5749 8703 -2020 -3696 -8038 -5418 2567 -2920 3779 8499 -4881 
-856 -1826 5480 -3107 7429 4854 2296 -6302 2194 -2220 934 -4546 -8274 6440 4305 -5946 -7302 -3719 3030 -911 8615 -727 8761 -9588 -316 -4958 -5196 -3609 4820 2191 7016 5139 -411 9033 -6996 -4013 -6491 6752 -9846 5825 3434 -2115 -7648 8980 -2012 6639 716 -7059 -6800 6459 3222 -4521 -4966 2799 6894 5412 -4779 -1667 1857 2078 5659 -2364 2325 -9201 -3178 -7507 -9806 412 2007 4024 -6231 -2539 1340 3655 -6060 2400 -2346 
-7976 -9123 3646 1913 -4929 747 3979 2473 1249 -6801 -1773 -4233 1161 1108 9351 -4424 -6100 -9447 -9087 -7662 -7691 -8 -10037 771 -3269 8323 2155 5564 -7092 533 8595 7773 -3497 5133 -7586 6233 6205 -4062 -8663 6328 2640 -3498 -2370 2068 8430 4567 2105 1950 2939 -5710 9346 -7392 -2773 5365 -8524 6916 -9522 -3637 -1570 3730 5000 -6102 7608 -7166 -9878 543 -526 -2242 6474 4693 -7919 -9462 6940 -7357 -4527 -9363 5966 
8174 -2887 -7557 980 -9040 8322 3098 8739 -6622 9785 -5731 -2403 2587 -1287 -2652 1594 9378 -2164 -2343 3237 5091 -2323 10078 -8552 6298 9288 -1229 -6065 -7003 -4147 -7663 9334 2134 4057 -8087 4130 5260 -8395 -4668 -523 -5993 8180 888 -9555 -1879 7689 -1014 -9044 -5250 4551 5461 825 -3047 1381 6471 9028 -9099 -3727 -3390 5601 -4171 2561 5196 1198 -5101 6172 -5320 -2252 7928 -1482 3866 8122 10008 -1078 683 9592 4037 
5194 9041 -1376 -854 9151 1678 -2870 -8710 9854 728 -8999 -525 -3313 -3593 7223 -3342 -2264 -8608 10019 -5865 9305 4155 -3566 1691 -3695 -575 2269 6279 129 9896 -2344 2528 9816 1586 1653 8930 -9968 992 -6276 -7122 810 7719 -6227 6376 8500 -3902 -1744 -5942 7140 -4503 -6662 2886 2527 5 -7636 -983 -4236 -4771 -2782 531 -7297 2817 9544 2679 5652 -9509 8555 10059 4313 -2935 5859 -8798 7123 3998 1959 -9877 -4629 
6515 -4776 -4869 -6772 8190 -2482 -5643 4855 3406 -8038 -1038 -8954 5832 42 -4588 -8322 5382 7915 -3461 77 -3033 4346 5969 6317 5506 5100 -5213 10037 -2536 5459 -2751 5420 2197 -5775 7337 -2719 3403 -5445 -6045 -2312 -7526 5475 3013 2723 -6238 4562 -9594 -4574 328 -671 849 -9476 -7430 -3970 6597 1647 1425 -6582 -4288 -7365 -198 -8277 4631 -9161 -4996 8063 5694 9612 -7022 -7184 -5449 2792 6332 8023 772 -3663 -7274 
-1793 -1288 970 -10036 2731 -5467 -1870 5241 -9206 -2618 6463 5465 6990 9026 -2143 8106 10029 -5879 7404 2070 7356 -7651 -4920 7060 3911 -6462 6711 7570 -7986 -577 -9233 -9278 -7813 -9262 5193 3816 -1336 748 2871 -2540 -8490 6842 2144 8822 -3688 9556 879 8720 -3628 8095 6296 5732 1006 9273 -3563 -5458 2520 -8733 8212 8505 8188 -8531 3922 -2082 5180 1951 7735 -8205 -2205 -8672 8646 9504 -5352 1914 -8150 -9075 706 
-6686 5696 -1278 3926 -1321 3798 -5910 4895 -700 -3600 -7645 6239 4321 2545 7549 8246 -5308 -8733 1251 1788 -9543 -4623 5109 7518 -4281 -9666 -5396 -2440 834 -535 -4007 8082 -9882 -304 -1953 6213 -7179 9087 -7877 4686 -49 5458 -2849 -5307 -7130 -7739 5562 -7478 -2428 1252 -3577 -7865 -40 7643 -7607 7646 -4416 1674 -8256 2506 936 -823 6370 -7223 6065 -2175 -5596 -1378 -6525 3577 -1210 830 4080 -6829 8438 -768 9588 
-4419 3426 -2008 -7850 -2152 -8315 -851 -3546 -6746 -7901 2435 3733 9059 9381 -2638 -9875 1921 -7870 -9230 -2256 -1129 -963 9717 7451 4641 -2649 -1385 4946 7000 -4831 6643 -7281 -7151 -8494 6953 -6272 -9460 -8184 1972 -2837 -5537 5763 -5233 1984 3582 8734 -4575 7128 -7385 -7410 9348 -3958 4186 2490 5922 1498 3350 -7403 6987 6261 1544 -7332 5702 2792 -6659 -2057 8461 6462 -5689 -3609 -4096 -362 -8501 -8121 5594 -1220 -5826 
-8457 -5938 1868 6133 2104 -1083 7253 -2595 -7592 -6287 3327 571 9038 -7488 2071 -4279 6064 7407 -1622 4939 -1401 2844 1514 2616 2271 -7770 7898 9701 -2706 7680 5116 4756 1083 -4539 -8147 6444 556 -8408 -8682 -6770 6393 293 -5107 6180 -3037 -9079 4104 5384 1493 -4385 -7949 2557 -8468 8478 3083 1384 598 3457 -3405 7019 -9807 5823 1371 -1282 -2717 -6303 1563 -9883 891 5996 -9608 5522 -9977 6284 -6527 -235 3481 
2130 4900 -477 1006 8731 -6834 4270 -3907 -7295 -8310 -2643 6689 -10076 6806 -1473 1276 -8660 1424 9053 -5795 2677 -557 -2014 -9153 3890 7819 1905 -2071 9892 5492 10019 969 7582 -1696 2213 -5638 8818 -5635 6757 -827 -1475 3209 -8110 1144 4001 -8186 -1687 6326 6084 3623 -379 9535 -6680 245 -156 -1405 -8391 655 -1870 -8282 9909 -9224 1026 1998 10031 -2081 10045 7683 4279 6878 -7814 9475 7966 7723 -4158 7982 -7810 
6779 7126 -4648 -3569 9674 1457 197 -2695 -6761 7405 7349 -4872 9872 8303 -9186 6057 2151 -2264 -6104 7242 -1858 -5423 1194 -4024 -5788 -3587 5715 -5501 -6636 -6734 6387 -7138 -2287 -2468 -354 7524 2985 -150 3598 5867 -457 -6117 -8785 -8272 8390 -2219 -9891 1522 4259 5229 4557 -10032 -8812 -9914 7978 5551 4452 -9689 -61 -5276 2545 9223 6449 2324 -6607 2183 4345 7714 -7310 434 -9260 4411 -1239 -6885 -5899 -2295 -1045 
-5835 4305 794 2700 9158 4405 3531 5325 -4926 -6786 -7609 -3376 5199 -4834 -8461 -9200 -6341 91 -7780 -2313 -1817 6334 -3898 2840 1457 2830 -4908 5077 -6023 5822 8308 690 -746 3163 -3489 -2732 10012 3161 1900 -5992 -2703 -9486 10081 -2759 -8351 -2922 1101 1331 5387 2333 2583 4266 -4313 2734 3828 5263 8687 -4677 4077 -3801 4054 -122 -7568 -9630 -294 -3959 -5602 4084 4669 2279 7378 9484 259 -5620 4169 -1015 -8541 
5246 1594 -2428 2929 5003 -8258 1670 -2267 6255 -4093 1254 -10072 3333 -5065 927 5202 2746 6611 -8799 -4733 -3803 4018 -5152 6545 -5236 -5588 -7982 6079 7933 -946 16 -1669 6571 -8834 -1421 -3491 -7262 -7970 -8677 -4615 2088 6521 2633 3101 -1441 4269 5611 6561 611 1072 2422 -6336 -7296 8328 8180 369 520 -9970 -7172 -9944 -3525 -4541 -2356 -4846 -4426 -9292 -9333 -3835 3430 2430 -6260 3428 -3214 -1541 10058 -4626 -8174 
3235 -8866 8929 2748 -2640 -5886 705 -2083 -3698 -2071 4582 -2828 8955 -6737 -6801 -3399 -4565 -6361 -5706 1627 -841 644 -3372 -2631 3604 3236 4934 2318 8766 7426 -2739 -4493 -6000 9663 -3685 -6632 -609 -7143 -5120 5830 4229 -7334 -2284 -5416 -815 -6956 -8572 -9296 -4989 5807 -2789 5528 -9918 -9099 8637 5291 -2195 -4396 -8862 2775 1316 6631 9002 7915 2537 -7322 -4697 -4255 6510 -110 -3364 -8811 2979 -1193 -7222 5010 262 
-3251 -310 -4947 -6580 -3758 -3198 3324 -903 -2622 -8202 5738 1542 -5045 -1680 -9178 584 1250 -7067 -2250 8629 -6900 -6037 -6432 -3584 -1625 -3018 3358 -9026 6706 -7460 422 -7164 -6332 -9296 -6706 3851 3130 6436 -4247 547 -854 1341 -9329 -8698 4848 -8444 6330 2913 -2445 -2080 40 4714 826 3802 4596 7983 1170 7066 771 2267 -7568 -740 -8343 -3478 -2777 1382 3624 3493 2186 -1485 -7744 -9278 9693 -1420 -6021 -6096 -2859 
6751 -526 6182 5914 -6128 2634 -8255 -5771 1316 -4365 -8724 6572 3854 1309 213 6803 6396 6972 -9759 -3153 -4988 -8425 -9140 -541 3781 7696 7941 -3636 -7767 -9010 -1972 8613 -4662 5980 9750 -9609 1345 5670 -806 427 5379 4699 -8432 -5901 -860 -8742 1303 2624 4312 -6611 1246 -3670 -6352 5264 -5497 6725 1600 9501 -4131 -605 5247 -7366 3888 -1315 -2844 -9609 4954 3164 -4167 1650 1333 -5910 -8197 -5248 -3051 -399 2218 
-2582 1608 -2555 -8833 7521 -7816 4311 -8341 335 4985 4384 -2523 -7452 8914 -8022 -8238 3465 6924 311 6431 4858 -8880 -9142 -7103 -9257 -7674 6635 4737 -7622 -4282 -6368 -8726 -1317 -7499 1788 -1255 -4025 -1418 92 3215 959 216 245 6352 -7832 -7374 2036 8270 3325 3047 -3283 -5248 4020 5840 -4377 6977 7323 -2325 1105 -4766 -8903 -1456 -6936 -8941 8991 -4349 798 4101 -2904 -2464 4728 -3800 -3524 1335 40 -9768 1213 
-3910 -6090 -6978 -5123 2004 -4329 8249 -8800 4837 -435 230 7708 -6556 -4879 2257 1657 -2739 -5619 4632 -2581 -9069 580 2081 9564 -4575 -6399 -7244 4815 5760 -367 7388 5717 9778 8689 7592 -6995 5280 -8809 1101 -5563 -4573 -7198 3590 -4648 2420 -8368 -5278 -1080 8589 -2400 5991 7154 183 -1844 -7711 4635 9830 3101 -7854 -5039 -6732 -7299 914 -6469 -1710 884 9653 5663 215 2152 -10077 2039 4605 -9486 834 5640 -5382 
33 -8235 936 2631 -5175 6043 5681 -4161 -4994 -9727 296 -8763 2978 -6921 4362 -2633 307 219 -2642 4039 -7329 326 9515 7437 -2131 -3533 5884 8250 6371 -7405 -6378 5355 -9368 -10030 4472 1874 -7151 -4265 2049 -9456 7948 10079 -5594 -6143 2106 9584 1332 -9108 -6023 9230 -6379 -6926 3533 -3639 7646 5676 59 52 -6028 9823 3711 -5450 -9991 8336 -3291 -8527 9235 605 5108 7146 -5926 -4015 -3519 5908 3922 8843 -7517 
-1991 4150 -2227 -9805 -3946 -1207 -4233 -8785 -1601 -4912 -885 1294 1461 9482 3955 2415 928 8327 -372 -373 3319 -395 -9548 -1860 -9675 6355 -6935 -8178 -9568 7457 -2193 -7357 -9824 -9959 1465 -991 9896 3039 4516 826 -3726 6309 5251 -630 -7908 -9869 6539 -464 -7890 -2775 -5714 -1423 1452 379 8902 5272 4159 1955 -6566 3945 -3103 2874 7434 -5337 -67 -2989 1034 5010 -2298 -9411 8537 -8017 -9109 -785 4762 -993 -3840 
2270 -5379 3452 5536 5728 3594 6910 8498 4707 3519 -1707 -4118 -7647 -7028 5050 7950 2129 -2039 -3878 -7642 1079 -725 5658 -7155 4364 -7574 3561 -8237 -9219 -4499 -8090 -749 6234 6046 2481 -1361 7389 304 -5920 -1858 573 8516 464 -6916 4812 -5524 5045 -8574 -9620 -6764 -814 -9461 5883 8896 8463 -8711 7745 -5564 -7604 -2578 -4429 -9486 9389 -368 2494 8322 -3582 7910 -9659 -9397 -6145 -2033 631 -1788 -6323 -9500 -6381 
759 8783 -4573 434 -5953 -9620 2175 9485 -1902 -6133 7837 -6617 897 -7575 -4090 -2462 9915 6123 9453 6797 4470 -2387 49 -2726 -3707 -6959 -5030 95 5527 -3015 -4669 -6718 -974 -4554 3566 8543 -1739 9554 -10052 -710 -6082 -2377 6718 5336 -522 376 8261 9588 -9279 7700 -1887 -3167 9701 -6262 -3452 5005 -9226 840 -2523 -9134 -7147 -5215 -1559 -6857 -3061 5851 10002 4713 3707 -2003 -835 10013 -2371 6955 -1748 -2767 -5959 
6998 6559 4508 5027 9984 -5507 4508 2810 6598 7940 -325 -4930 8107 368 6249 -1137 7112 -8730 3731 -9835 -6590 -5077 4311 4217 -8356 2743 7109 -93 5267 -3167 -6320 3153 -4142 -4748 -363 4436 -7393 -3721 -3104 3236 -2227 -1337 -1524 -5728 -5125 3003 7455 -8785 6232 -1157 -2283 -4654 9244 -2808 6944 6804 4314 6315 -5072 -3187 8413 -4201 -9098 4415 8794 116 28 1485 2744 -2353 588 2100 -9514 1124 -9761 7357 9177 
8785 -4626 -4899 2960 -5995 2145 -3962 -1136 4942 3736 -8457 -3030 2039 -8204 -8563 1778 -7578 -4812 -8040 9065 -1974 -5877 5987 -9118 -5146 7932 6116 -8059 -7019 7918 -8078 -937 -44 7055 3604 -8043 -6558 6829 4635 -5771 -4622 3351 4271 -8257 3656 8880 -7424 267 -2525 -5126 5065 6581 -9493 -1739 106 265 -3349 4853 -8555 2325 -6580 4254 2370 -7649 -3953 -166 9456 -8236 -7097 -2196 1207 9898 190 -8519 4053 4575 -2323 
1207 9489 -3810 -9226 -4325 -6016 7076 -6979 -6068 9330 -1937 3551 -9397 -8274 4438 -3563 -950 8252 2767 2152 214 -1381 2796 -3085 -7195 8493 4196 5644 -3401 7512 -3906 419 3329 -1832 5400 4443 -5729 -1247 1003 -5297 9954 -9775 -7392 10049 2390 -7625 6779 -5079 -7192 4874 -3445 -4585 -3190 6276 7164 7292 -4538 4029 -4293 4872 -5293 -9293 -2411 -55 -9199 8912 6154 6535 436 10037 -9994 -4428 8395 4094 4092 -3118 2007 
-3558 8407 663 -486 2431 7268 3374 8353 6296 8834 -4483 1323 -1443 -7693 -631 -2047 -1658 -1577 -7773 -8013 -5700 6773 -6208 -4140 -7038 8798 -1437 4237 -8512 1828 5364 9692 -4141 -3003 1143 -5510 7189 7882 -5579 -9920 1149 7863 9542 9654 -5555 5240 -4481 8963 -9738 -8556 -3873 486 -4220 9817 682 160 324 9976 -8275 -465 1409 5235 -6789 9669 4119 -226 -6826 -7668 6104 -1610 -277 7530 6218 -2041 -7650 1376 -5856 
6106 9481 2813 9900 8689 3360 -2755 6768 -9136 59 6473 -2676 8063 -1765 -1998 -5912 -1675 8742 -1866 -5285 1288 2116 -7830 8705 3842 -574 -8768 2755 10060 -9042 -472 -2193 -4083 90 -5248 -9755 -8148 6324 -5669 -7412 -8021 8850 1329 9422 6329 6756 4786 4773 -1954 4722 8566 -8101 -1319 -7223 9266 -3930 -3041 843 1048 8043 -3901 -9679 -1625 -3382 593 -9136 -6132 -4947 466 1932 -8798 4408 4027 6368 9991 3588 -7589 
-663 -2103 10011 -8653 -8776 1888 -1400 -2930 8063 5483 817 10000 8355 -7871 -102 -8372 2349 4855 -2110 1440 -8960 7338 6286 -8009 4286 -10008 1733 2003 -538 5030 -1322 3203 -5107 -3905 818 -9881 1496 6842 -3983 -90 4500 3141 6621 -1420 -2246 -8499 7645 -4558 3975 8512 2833 -4653 -7865 1196 6722 3535 921 2435 -6081 2563 -7710 -3079 -6483 8439 1405 -1332 9747 4249 9740 2039 -81 -9270 -9807 6232 -8903 -4007 -1695 
2745 2886 -8630 7129 7579 1464 -4254 3329 -9988 -4026 2299 1873 -4947 -1470 5034 5870 5897 -4560 -3890 -5412 4097 5989 -531 430 -9070 8113 -3246 -6857 5001 8190 -5276 -836 2538 6921 -5922 -2541 -5485 -4173 -4561 -9782 -7552 8 3399 8646 1156 6021 8381 8930 -9439 4039 -9473 -3516 -4789 1130 6986 -4046 3738 1738 1373 -4784 -940 -9751 7468 -8592 -554 -1768 5756 1475 -8794 -7256 594 7987 -4721 -8530 -8449 5074 -2363 
-1686 9325 5410 643 -7745 -9100 5068 3565 1224 -1289 8115 -2876 3392 9252 433 6298 -5081 -9746 5510 -938 3972 648 9731 -9977 -7023 -167 9098 -7041 8755 4548 546 -8542 4678 4907 -7396 7391 -8102 -7370 -1164 -5884 -5524 -9066 9756 9702 5066 -6022 -3506 5655 -4316 2072 -1499 -4900 -8947 7762 -1554 -2372 291 -9124 -8380 -5699 8211 1815 6152 6025 -8069 -4289 -4658 -6893 -9257 -2640 8880 9453 -5614 4018 -6574 10048 1975 
-6183 9249 7831 7395 -2978 6844 1056 7426 -1680 9452 2520 -1510 -2976 -5886 8582 -6471 -5698 4806 6078 -6825 9593 -4621 2398 3550 -3671 5939 1889 9302 -7706 1001 -574 -9643 1781 -7813 6993 -9481 3734 5909 -7146 3130 8240 -6025 2612 -5331 7078 4171 -1620 -6199 -6297 -8327 -9779 -2831 -8428 -912 -1406 4810 1905 4947 -7720 -4179 120 -336 6295 -4917 -8316 -5 -3105 7117 147 8977 1413 -2139 -9056 -737 -2828 6896 -9545 
-2659 -2540 3586 9423 3682 4393 2226 -7704 9837 2913 -4947 3455 6657 4425 1047 3304 -5286 3313 -1786 1913 -7292 -61 -1486 7170 -3536 -1809 -962 7696 4229 -4812 1219 7192 -9935 -4777 -8677 1202 3791 -955 -7857 4933 5814 3084 -1187 495 -2138 -2305 8796 -8927 -2868 882 3119 -6729 -2646 -9280 8529 -4937 7982 -7426 4015 -4706 -6640 -8590 8134 8021 -9981 -4213 5636 -1104 -3272 639 89 2028 -5734 -9329 -7103 -3259 3254 
331 9619 7834 -2510 -9757 3760 -9532 7014 1921 3887 5436 3717 -1361 8837 4729 9244 3398 -5939 -4156 -8026 5791 10059 -6220 3596 -1541 -4326 -82 3872 6203 -3714 -4169 2773 -130 -648 4295 9666 6597 -8340 -3143 -6414 -5334 -9397 -9437 2294 -717 9970 8080 -1709 -5236 -2093 9012 8527 -8448 -4565 4442 4373 -1343 -6261 -6091 -8664 9689 -768 9431 5586 780 1505 -6760 6713 -1947 -8435 5068 -4557 -139 1221 472 -8056 -5180 
-530 8013 -2478 -4145 -6650 6690 9130 6565 -4592 -5518 7293 3158 949 -7002 7477 4018 -3688 5967 -9576 -700 -6672 -5488 4654 -3951 8181 -3422 8148 -8513 1911 -7790 659 8949 -4126 7104 -1745 524 -2931 -8367 2163 -4592 8888 -3396 -6745 -705 -5193 -8623 -3452 4416 -7750 -6211 2210 -9620 4967 -7674 -1139 -9579 4042 3562 407 -5311 -4373 -6819 1703 -8554 -9283 866 7281 -2409 6850 6961 5949 -2156 -8167 6917 -3679 8856 8767 
-171 -3634 5506 8005 -6208 9351 -5944 -9994 -9968 -5774 6717 1754 6117 -3486 5493 -3393 -4791 -4041 134 -7853 5235 -8879 -272 3651 6450 204 5929 -6533 326 5580 -10039 8993 -8118 -6777 -3405 7226 -3851 -9316 -6186 -9863 -5056 4741 2861 -212 2830 -1908 -10059 10001 10086 -7167 -8629 -9351 4969 -5419 -5749 -1685 -5674 -10012 -2210 4745 4579 3942 1445 -3404 3981 4275 -9723 -8655 7771 3328 -7450 5966 -7082 -6119 -5084 -9272 -1576 
4814 6331 -5436 5448 2456 1140 -9225 -2113 1414 5541 3048 -2380 -3449 4900 9717 -8604 -313 -1572 -9444 6059 5351 -1381 7681 9433 1674 -5314 -2958 9954 9917 -6796 2358 -2509 934 3978 9291 8007 3309 -1260 4891 -281 3809 -642 -1639 -322 -5475 -1508 -2237 -6023 6746 8316 -2768 -2100 -5344 4527 8140 8254 686 -5677 5703 5674 212 7498 4519 7591 -9944 -6849 9865 2895 -7991 -7608 3 3011 -6945 -3182 8304 4873 -7831 
5388 -7049 6112 -359 -6609 6945 6487 3256 9515 -306 8595 -7277 -5640 -8064 -2336 -3554 5414 3482 -790 -4015 -8140 2991 -8354 -1266 -9830 2562 484 5705 2570 -3400 469 -9718 9868 -9007 1012 6120 6173 820 4987 -343 2371 -1165 -1528 6788 -5201 4850 6439 4554 8274 -3114 -8073 3903 1308 -9185 -5784 8786 2636 -5503 1664 9626 -599 -366 4061 -5945 7488 4200 -1977 3704 -7647 -600 3904 -7970 -4084 5606 -3521 7717 4254 
3509 5387 3503 9005 7949 6996 -6439 -3207 2673 -8871 3031 -4638 8807 7378 9189 6619 -4994 1007 9189 -4405 4217 -3441 1026 -8775 -6675 -2141 -7895 -2836 8601 2210 1141 8965 5752 -5712 -2550 4565 7479 401 -3305 -9596 -9234 -7934 8504 3752 9278 608 1057 3079 9286 -8183 1797 -2021 -3143 -5928 -8368 1255 -9704 -7719 -6958 -7300 -7324 1891 -5720 9920 -8705 -7269 -727 4995 -8161 -5114 -3823 -7031 -1863 1304 -4890 2635 -1373 
5566 -1643 -7381 7851 -8799 -274 -6830 -9913 2071 -7986 -9963 3854 7765 6383 -607 -6903 5159 463 6843 8542 4446 -6328 -6225 -3671 -5444 -7188 263 8883 -5240 -7816 -8827 2255 3834 -7403 2844 2892 -2895 -5045 -1666 2043 -10002 1697 8949 3181 8376 3406 7995 134 3906 -2776 4823 5095 386 848 -8892 9862 2936 -9777 2971 3454 7824 1730 8102 8165 6329 4029 3247 1961 8679 -441 1790 9622 -4177 3571 -2587 4594 -3014 
4677 -489 1114 -6222 7360 -4730 5916 -1711 -7154 1511 -3304 -9842 -8343 -5275 170 -9885 -7572 6064 -4145 4988 -7378 3901 2366 -6970 763 -5015 -1201 7676 -6198 -8609 4470 3020 -5391 4417 9503 -8949 6116 8316 2584 -8128 -3499 7815 -4911 4398 -9424 -8366 3350 -3393 589 -9757 4739 -6232 424 3995 1802 -7140 8086 -6581 8697 5676 -7582 289 1333 -6717 6651 -882 2214 -8614 9900 -4325 -6492 1140 -3790 632 9161 9767 -6384 
6325 -86 -6464 -9276 4077 -6359 378 3767 5368 -8735 5766 3165 3290 1484 -800 6099 7662 2317 -5722 -3499 -716 -9817 6465 -3971 3070 8474 -3562 9482 3205 -2376 649 3240 -1428 8972 9737 5480 -8171 -3019 3853 -1969 -900 -6514 6782 -4209 -2714 -2788 3283 9189 -1357 9399 -2123 -1674 4777 3409 -1 -9378 -2072 8519 7392 -4386 -2329 4281 3084 790 -4140 5387 -1656 -8806 -3144 8311 4610 9122 -4031 -756 4174 -9385 2824 
2460 6092 -2590 -8754 -478 7284 7256 -7358 -8054 9590 -8161 -6174 -9668 9554 -8514 347 -4886 -1130 7455 -5567 -2656 1340 -8245 -7240 6194 -1216 3251 4995 -7722 9019 -2053 3507 3928 -3510 -8999 4133 4210 1275 -4942 -7499 9440 1074 -7065 3556 -194 -1964 4570 -8352 9407 -4171 5323 679 -7598 -8870 -912 1630 -3995 2685 -4123 811 -8579 8652 405 -8315 2081 -1163 -9047 -1503 -9917 -7704 7465 -4252 -1590 -2262 -4650 -2326 -1057 
9303 -7600 7497 5523 9598 -7690 1091 -9538 7499 4441 -3855 -8580 -7335 -4305 1953 -339 -4372 -4195 4319 -5241 2388 -6429 2618 -2254 5688 -438 6775 3467 3303 -4941 -6365 8332 8357 5665 5974 5909 3535 3125 -9574 -1260 -8574 -8064 4177 9462 5789 1864 6288 5817 140 6638 3659 888 3475 -8853 -2295 1801 2596 -8882 2361 5794 978 1379 9177 -1924 -2832 -2978 9580 -6170 5331 -8057 5973 -4450 2312 6372 2317 -4361 -9195 
-4209 8883 -1028 -837 -135 4949 -2298 -9862 7497 -3249 -7311 4572 -538 4856 -1600 -7480 -308 -1222 7317 -3304 -7812 -4750 -8749 7139 10055 7722 3516 -9461 -3356 2150 653 4587 -10067 2381 2941 5461 -3224 -7581 -4092 3607 -3556 -9824 8024 -6532 5148 -6199 -7461 -2807 -4445 3879 8880 9655 -8028 170 1613 1842 1290 -7801 -4245 -4172 8877 -5260 3939 -6881 -1495 399 7146 -9577 1410 7302 -8494 -4383 403 -5001 -2199 8743 -586 
-5634 7471 8725 -283 420 5694 2705 8002 4584 -115 -3361 3109 -2894 2189 3937 5229 2814 -8734 -6096 -1751 -2895 9214 -7824 -4755 -1528 -4189 -4464 2094 3651 -3424 1091 214 -7955 -1054 -3054 -4150 8109 8118 3656 3751 8144 -7943 -5756 -7889 3909 2147 2313 4402 -1064 -7717 -3807 8089 -6838 9266 4521 -1098 -220 -10 -7950 -9762 5733 3317 -4605 -4532 6886 -3836 -9337 1905 -4573 -5656 -3832 -6754 -8694 6269 -8635 1373 8921 
-10039 2812 -7793 -7623 -6073 9693 -8376 9739 7628 8412 5796 -7528 -6823 -8940 6206 -9218 9445 8870 73 4481 1424 -4297 2379 -5123 8895 -9 9982 -7454 -3942 4877 -4663 3467 -558 6734 -3550 5851 7608 1879 -3712 -9511 8340 9377 1020 -1117 170 -282 -418 2108 1200 -7795 -7544 -2581 -6702 5623 5298 9617 -9336 9801 -1656 -9271 -7056 2272 -1531 -9151 1758 7583 2862 -3262 4702 -996 1752 8974 6479 -8559 -443 10083 -8445 
2184 816 6470 7210 -5877 -6985 -6468 -8291 -4500 -9621 -7093 -270 9199 -44 -8633 -4143 -6436 3330 1927 -3187 372 7739 -2569 9733 -2456 5106 -8538 9441 -8847 -6783 9921 -3471 2456 -2051 4187 -1103 -7728 -8542 -4472 -5802 8455 -8064 -7287 -7035 -6021 -1027 4100 -7646 -5905 2184 -9096 -1996 -2361 -2282 2942 6363 -7722 -7029 3605 6568 -1963 -7850 -7764 -4989 -3882 2087 -7556 10014 6064 10029 -9745 7999 -9262 520 3272 3635 -4333 
-7360 -1399 -4949 7922 2722 -7587 -6907 7080 4337 7256 -3679 3474 6166 -8050 -5903 7437 1376 5935 6818 -826 -5377 -8603 -864 -914 3310 8205 4423 259 4227 3517 9071 -4912 3674 4498 -4108 5291 -9513 -6549 -3048 -1270 -3948 8156 2934 -534 -2896 7379 3865 -1900 -2558 -74 -3247 -3434 5709 4479 -3369 8008 -9033 -1438 -8637 -4141 2931 8916 -3285 4925 -4410 -6031 -9097 3361 -367 -1292 744 -6820 -1610 -1145 -122 2808 6521 
-3924 4589 -9369 6240 -3489 5560 -8326 9682 762 1248 5405 -808 8287 4954 5763 -6351 -5346 4564 -4532 6664 7998 -9213 4766 703 3808 5595 6516 7594 -5824 -6825 1887 3402 -1319 3205 -4001 6979 -6237 9794 -2499 -4567 -4402 503 -4330 3399 7841 1649 2387 10062 8944 4597 -5925 8 1651 -4222 -6962 2581 -6325 -5300 -5240 -7775 -1328 3622 4490 4622 548 -4530 6178 1981 -3364 7192 5254 7676 -9591 2309 -6053 -53 -5529 
9180 -90 -424 -4944 2990 -3019 -6308 -8663 -9709 9998 208 -9990 6115 -8664 -7940 9177 -8640 -4153 -8210 9041 2278 -7185 -8818 3600 -3409 -3645 -7905 -3510 -9079 5728 892 4271 1065 6115 6661 9 9698 2793 8658 -4156 -709 -2706 -3799 9097 10054 -9227 2557 4580 909 -2276 2626 8103 -9319 7647 -5343 4004 -9439 -7017 -2670 -1433 -3595 6819 6588 4497 2248 1030 2760 6354 9694 -5039 425 -5892 6208 7775 66 -5022 5290 
-5675 -7730 5406 9215 9857 -7919 -3560 7816 -5075 656 5165 6267 -4796 -5614 9811 83 -5619 -3550 7051 6694 -3800 -2154 -8875 -2582 6372 9943 8069 7395 -1715 6176 3428 9004 -6437 -3084 -8298 3142 -7307 8288 -3367 5882 -5622 -4084 2621 -4787 2673 -4578 -2174 1529 -8170 -4443 -4102 -6657 6536 7336 -9086 -4813 6487 9443 -5371 6016 -8949 2942 -8133 5700 7318 9816 -5953 7906 -6927 8794 -4885 8008 2632 8067 -7269 -10086 4130 
7754 -8673 495 7310 -8454 1864 -1839 -6317 9676 -4479 -1739 2247 -5670 2795 2456 -7608 -8380 1153 -2142 1461 -3316 10056 2404 -6336 141 -111 9010 -2630 6893 -1202 5902 7839 3534 5716 9689 2781 -4065 -5557 2312 61 9420 -1329 9376 5787 3068 1441 -9117 -6808 -2469 4348 -7878 6931 9102 -5912 -3265 -5258 -8444 -9564 2877 1442 3367 3921 -9061 3838 5954 -3810 -2042 8600 9185 -5901 -5556 -1748 8779 5053 -9762 2083 599 
-8355 -2889 -4 -2764 -7865 2798 -410 -7016 -7431 8060 4289 -4400 9067 570 -782 -4659 4759 10037 4186 -8073 4004 5032 -825 -6027 -2305 3982 -7613 8120 2344 3051 7300 9571 1590 -3818 -1013 2442 -8268 8467 -9668 9077 3349 8079 7529 -2847 -4378 4579 -1281 4366 -9373 3660 6504 1645 -9063 -7932 339 -5016 -3165 3984 4267 6237 -6790 1757 -1226 -8061 7200 4901 -8374 4928 7198 -8696 4693 4656 6193 -1018 -2704 -7556 -4669 
-8564 -8516 -2481 3647 -3671 8293 -1439 9144 2597 -7229 2194 -9572 -5701 -5637 8258 -7295 -3159 8216 3316 -8870 3754 6913 7920 6337 7736 2203 -3899 8743 4015 1368 -6067 7035 -6916 3403 -348 3825 -826 8523 1584 2892 223 3989 -5396 893 8410 -2744 9751 7303 -3703 -4439 -7424 -3933 9040 -593 -9046 -3597 -5682 6584 9124 -9902 -3769 -4332 580 638 -2741 -8049 7432 7671 -388 5538 8160 306 -4199 267 7955 2397 -2159 
1070 9579 5491 8653 3146 1081 5126 -1611 1132 7071 -8708 5180 -2640 -5815 -4189 -10004 4588 -1246 2619 5321 -9531 3234 -5482 9703 -5266 -2047 -9277 -3665 4518 2231 1921 2166 3757 1493 -4429 -2752 3880 -3134 9439 8404 874 -4004 -3253 -5822 -9178 -6716 7389 -6084 -8760 9032 -4424 173 -3415 8745 3944 2687 2438 409 5645 5965 4632 -246 -7958 -2113 -7026 -8533 -6475 -6241 -1567 8586 9585 -2172 3429 -8260 4343 -8498 -8461 
-2348 -3563 -4758 -3710 -7747 5131 5024 5473 -6583 6102 -2907 -8523 1363 4261 -5234 -70 -1742 -1109 -6537 1683 8454 -7857 253 8047 -8357 -8439 9417 -4695 2661 -5935 -623 -2881 4230 -477 1685 6650 276 -10043 -5934 9856 3854 5537 1520 9070 -6419 8503 -1388 -2928 -733 -9278 8654 6669 4235 -1939 8268 5841 -1135 -4474 -8097 5587 -3113 1324 -3780 8007 40 17 4125 361 9673 5919 2133 2233 6541 -7723 5582 9656 2475 
8573 -9096 997 6010 5096 4090 9159 1316 -2241 -3215 -1657 8847 277 2934 -5729 1536 -9312 10081 -166 1064 -2880 1507 3757 7434 8416 -1680 -8041 -4312 7790 -8094 479 3041 -1856 -773 5357 149 7635 -6222 -2608 1980 -5898 6366 -868 7030 -7027 2083 -1983 -9030 -1302 -3108 5359 7269 4110 -3465 -1978 683 -6132 5974 1105 8345 -8904 6910 2266 4641 -6764 4952 3148 5834 1357 -1586 1833 -6180 1059 7517 -1564 546 898 
-2805 -8156 -5158 5370 2453 3734 3600 -8004 -577 -6744 -687 2297 -3377 244 -5226 -9583 7716 -962 -677 -3288 -4330 -2226 -8882 8071 1531 8156 677 -4196 4671 -1607 -315 7731 3210 1010 -4661 -8105 5820 1339 4454 -664 55 -4976 8484 4318 7429 -834 -7485 1395 5575 -8097 9727 8995 -2497 7510 5570 -5652 -5314 1707 2284 4718 9854 -5883 509 -7279 7885 6474 -9499 -9176 1131 6957 2525 1242 3224 93 6393 -4707 -6227 
7350 -1333 -4679 -7224 1818 -8346 1269 2127 3280 -2123 -3078 -5474 -8015 2639 -9435 7863 -4201 5055 -4441 5066 -1695 8247 -343 2600 1062 558 5931 2389 5018 3847 1275 -350 2711 1809 -1096 -4436 7369 5663 4326 -8777 -7115 -7271 4945 891 7133 -4464 -4827 -7412 2326 -8233 -3626 -2562 -8458 5098 5748 865 1788 541 5900 -7777 -5556 -4357 8383 -6669 -3609 -1964 9997 5157 8827 -1358 -4472 -4626 3830 4556 3711 -10026 5601 
7589 5311 866 3122 8452 -1383 2826 7127 727 1544 3784 3914 -2695 -3382 3315 3550 -6705 1427 -1409 7380 -6377 7603 -5103 8123 1582 -7117 -2438 1582 8855 -6719 -7059 8869 -7102 4466 -1913 -9382 -2036 3530 -1386 4855 -4466 3144 9601 10074 8034 6824 -8261 -1279 -9148 4268 -8725 6400 -2462 3952 -600 3348 2646 8143 6869 -1824 1603 757 -5488 -5492 -4751 -6159 4955 -8833 1124 3574 -5304 10 4338 3493 108 6181 -2817 
7063 -3578 6510 -8901 -434 5129 -574 8379 -3643 1969 3320 5211 6931 3226 -456 -4145 -3584 3580 8884 -9863 7447 -6667 -5894 1213 4691 -773 -5213 2946 8099 -1768 -422 301 7830 1578 216 2730 9445 -7430 3894 8468 -4311 -6439 4697 7582 1261 -2423 -9161 6337 -9997 6753 -4465 -2347 -6671 1360 9640 -6839 -6057 6403 9597 7852 -9850 -9732 -5569 -5008 -5112 4046 9290 2765 2694 4932 -6245 9828 -4558 -3494 1943 -8243 -1438 
1331 -7976 5811 7498 -6961 8171 -2855 7131 9105 774 2609 2707 -5258 -2095 -6995 1128 -9498 636 379 -6140 -6025 1658 7829 -2271 -7368 -4037 4671 -7139 -445 -1745 3601 -183 5798 7788 -8745 5835 9923 -9779 -4733 -7389 -1052 7934 -3584 8054 -6236 3968 8507 7460 561 2236 -5815 666 -6293 -1180 -2708 7249 9865 676 9382 -4884 -7729 3413 -10026 3287 -6539 -7130 -7825 -4562 5376 1177 6077 -3862 -9633 -2252 5407 -5406 -5740 
-5683 5186 4004 -2201 5692 -7423 7758 -5685 5991 4045 -8798 -9670 6931 -3284 2993 4550 -7721 -8590 9713 4580 -9204 7290 7441 212 5786 3845 6336 -6944 3513 7608 8526 8596 -6689 2 -7065 -127 -8853 -3564 -5319 -9842 -7595 1975 -9816 7144 -5071 7615 -289 4667 -9285 -9983 -5051 5198 -948 -2680 8138 -3736 9896 7936 -1161 -2047 6897 -2713 1769 -10018 3332 -6712 -8549 5170 -5410 -6967 -140 6255 6216 -6069 4734 -2261 -3196 
3995 3243 -8128 7019 2589 -3707 -2791 -6659 -3469 7921 -8507 3957 -9300 981 -3902 -6092 -4468 3363 -7829 1457 -2519 -6970 -9851 1811 767 6051 -2993 7461 731 6517 -3049 7896 -5035 -7675 2264 -8118 -7160 -2069 -9158 -5264 -2743 3393 -8102 -5553 -1474 3821 5551 -7665 30 5996 -5359 5151 -5037 5868 -4434 2465 -1261 -3736 177 8086 -8083 2643 -1459 7315 -6137 -6175 2800 8105 3183 -8270 1824 -7635 -10059 5465 -279 -4069 4764 
-6181 4626 9412 2140 7295 3326 -5175 1409 4084 -5024 -761 7968 -1290 998 -10022 -5760 9582 -6585 -6088 1303 -9746 -4566 9184 -5855 -4189 1997 5792 3287 -2567 -7158 4410 -2153 -6148 -7740 1011 29 7776 -6157 -3984 5189 4077 537 7217 4594 -296 3086 3174 916 5653 -6955 212 -1482 -9825 -7752 -3274 -4497 -4359 4327 -9179 10062 -1754 -3396 1488 -6803 -3249 1257 -5250 3137 -2185 5504 -4065 -9459 -8220 -2044 3811 -9928 9327 
-7836 -7849 -103 -5470 8542 3556 2621 8007 7905 871 -2919 8011 -881 1191 720 -3367 -3346 2008 -3127 -9952 3732 2253 6808 8611 2696 704 -5318 9173 4307 -2519 -8384 7891 4798 7622 338 1932 -3051 -9438 -6494 2358 -2981 -9014 2662 -6349 -465 9071 -6158 8180 -3469 -8043 -94 9803 -1606 -574 3312 -6501 -9366 7555 6017 -9555 4667 -4392 6174 6198 106 5622 -10071 3692 -5226 -675 -8622 2881 8998 -5270 6197 -3085 5369 
-9089 455 7994 -6163 5257 1894 3144 -2747 -114 8374 -7775 6775 -2806 303 -3974 7580 -9723 9287 -3183 -7904 2691 9921 3526 322 7779 -6308 -1134 -693 -7565 5980 -10051 -7644 -4194 7301 -338 -8616 9562 6662 2896 -3648 3488 -4592 -8558 -3985 6854 -96 9910 -6356 2205 -9348 -4298 -4699 -395 -9060 -7580 -1830 -5105 -4027 -8415 -9126 -5430 3720 5355 -4589 -3308 6766 8800 1619 7096 -7715 5960 2269 4296 -9310 -3773 8955 -2078 
8147 -328 2640 8821 3374 -9119 -6337 2146 -3751 -7360 211 -9202 -6591 4391 474 7199 -5156 -8267 -9277 -1453 -9377 1025 -3626 9953 -3441 -7928 -5258 -3690 2062 -5819 -5681 -3696 -7124 -9332 2015 8968 -5444 5540 -4519 -1420 2564 -6012 -3930 -5413 -3953 1087 -8098 9800 8914 -635 -8317 -4642 -6238 9542 9646 1319 -6053 9380 -2022 7008 5049 4573 6332 1561 -4442 1189 -9809 5183 8717 5257 -4025 651 8617 8763 -7730 8585 -6744 
-1160 -9051 -1652 7508 1000 -6474 9897 3332 -9476 -984 4045 9351 7654 -4350 -5620 -5503 -3711 9730 -7754 -4403 1017 1605 -2944 9146 5397 -10076 2761 -1009 5498 -6752 -8364 3290 1506 0 7135 3778 -3298 9555 5149 -8016 8933 3897 -9624 3644 -331 4026 5760 -5746 8911 4360 1753 9980 -6991 -2755 -7456 6850 -7602 -9502 -7337 2773 9872 3085 8281 -9346 -6200 5462 -1149 -6619 837 5704 1971 -9992 -6764 -3263 -2850 -8628 -2474 
-733 7634 5843 8913 4594 594 9630 6222 3957 -898 8359 4946 -1991 -8776 5415 7193 5267 6375 -4221 7953 -5819 -6065 4198 3874 1992 2532 -6714 1113 -2933 9610 74 -3869 -9127 -399 2587 -4087 -8889 -9912 -1488 -4812 -7089 -6341 2765 -4035 -365 -951 7674 1775 -10038 -3980 -6378 7589 4811 4741 8359 -1365 3037 7597 4271 -6984 2631 -9360 -8895 -3863 -7432 -949 782 8530 8956 4365 3626 4994 -4059 -676 -3994 -2450 -6464 
-7440 -3013 1224 -6391 -3583 6047 4301 215 -8289 1778 3821 4166 -2635 9077 -6305 6848 3199 -146 -6881 -2999 6714 2278 -7527 9620 -8367 -3579 1907 7579 -2055 -9934 7437 7297 2822 3151 8330 -5599 -1878 6727 -8549 3248 -9038 2375 9851 -3161 8238 6972 4226 4569 8013 -1341 -4744 1266 3062 6775 -5438 -2092 4385 -5454 1201 -4556 9125 4140 4857 -2064 -281 743 4959 -9304 8530 1063 5198 4510 1714 -8930 4687 4417 7243 
-9316 5609 1511 2467 2633 -4738 5134 960 6 6939 1200 -8460 -8398 7941 -763 -6585 7402 967 9392 -7151 -752 5253 -5848 4090 6431 -8525 -1393 -6981 2740 5640 6767 4377 -4816 1845 340 8146 4538 5142 -9334 -6354 -546 -839 3963 7484 -9497 -9056 5321 6960 -2738 4053 -7578 -4113 1700 -8928 -8406 1914 -850 -2323 2272 8344 -7456 -9145 2631 2651 -4290 -8721 943 1542 3935 2160 -8374 -4302 4507 4333 5348 -7502 -4819 
-4329 8790 -1120 -3524 -1078 9312 5699 2984 -363 -2021 -8502 -1258 -4502 -6497 -5794 -5268 -4389 -4297 2836 -6888 713 -3033 2439 -2507 6214 6301 261 7274 8436 665 -9371 -7040 -9572 5348 8919 -8324 5560 3937 8579 3282 4873 4442 8591 4603 -198 1560 6929 -6271 -2840 -3790 -6544 3933 3953 -6702 -1170 3652 6147 -8590 -5389 -5253 8615 -3882 -5899 7272 -1955 -8091 -8429 -3621 7220 -5300 -8742 -8213 6388 5220 -6958 1656 -9954 
-6627 564 -2706 -291 -2680 3261 -5187 9839 9308 4542 -5954 -3291 -9387 5786 1279 9479 -4923 3995 -7005 -4604 -4108 5064 371 7596 -1062 5162 3576 -8550 -2324 5322 -1582 -4475 869 4251 801 -3643 6681 -7616 5928 5425 4143 7761 6442 -5215 2205 -1085 7566 5505 8459 -1793 -2776 1397 637 2232 1166 4106 9931 -3063 -5281 -3508 -3877 7934 -5415 10028 9734 -6031 -766 8180 -1097 3264 -5428 -8622 -1972 -2747 3359 -2715 557 
-3811 1015 25 -6496 -6194 8373 -6198 -2523 5488 10042 -8987 -7884 -965 -9600 -8998 4108 4946 4154 7274 -2443 3630 1647 8693 -8155 3589 7621 -5717 -8436 -4599 6584 8275 -9943 -8124 -2031 -688 8035 3256 -3893 -9652 -607 -968 7205 -88 -2224 2015 952 -4791 281 -287 903 -1413 -3785 -8497 -4559 -3736 6143 -8048 -6220 4365 1051 -1911 -246 6965 -6892 -9752 -8358 8222 465 4162 -4701 -7463 36 1483 2873 2180 5349 829 
2722 5662 7651 3624 -9963 6449 -2532 4370 -2784 1254 1441 4817 2263 4862 9042 4924 -888 -5718 9988 853 8987 842 -2620 9999 7256 9975 -9537 -9395 7787 -9603 4265 8240 6031 -1295 -778 -3434 -6885 -9477 -4915 -2735 -1021 9985 7182 -7311 675 -2233 -1583 -1089 273 6191 9908 -1263 -1045 8591 -4646 9168 5247 -746 783 -1297 -8860 3811 -926 -4793 9418 -6367 936 1651 7037 -5488 -9858 2642 -3695 2744 9986 -5238 -2965 
4085 -4556 1230 -6395 -7573 -6744 9460 5521 -4895 -7218 2621 468 2923 -4006 9178 -1715 -5207 -1933 -137 -8333 -1533 -3772 6266 3693 -7958 3878 -3911 -450 230 -7360 7229 -8122 1462 4153 -8266 3529 7357 -5887 -9733 -5266 1422 -5765 4136 -408 545 3252 9598 -2705 -8202 1569 -6341 9261 -3458 1576 6369 -1307 6400 9925 -4582 -515 3376 -4069 -6995 -4983 -5310 8409 4182 9910 1140 7278 -5642 -6660 -3694 -5472 4683 1197 -1844 
-5822 9769 -2199 9069 233 -302 2521 -6404 4199 -5545 -7143 300 2030 1623 7003 8704 4085 5613 -2278 3420 7347 7649 -4131 4059 2515 7480 6166 7596 -9218 8558 3899 -8068 1129 -926 6188 649 -3349 5922 -7372 -8272 8077 -7241 3774 -9867 5636 -9578 -2424 -4705 -610 -1597 -8603 -10019 7766 759 7244 8257 -1735 -9360 7302 6387 8587 -115 -6480 -4691 3838 2296 4127 -3195 -3477 -5929 -524 -6475 -77 660 2878 -1992 -6111 
6593 -10054 42 -4041 6576 -7986 7909 -5190 -1008 367 4747 2731 7893 -4578 8305 -5411 -8921 -9676 -4766 9846 -8281 1763 10043 -1058 8419 -9932 -833 6863 5671 1520 -8391 7018 -6675 -5393 -4975 -1225 -8060 7406 -9320 -1732 -10046 -5074 8153 -4839 -2758 6616 -4435 -6444 -4541 4102 -7754 6643 1575 -7295 1508 -217 -454 7655 6569 -7398 -8180 -5237 -7907 4615 2649 9637 983 -7088 -2538 5725 6349 6769 2999 -2201 -7929 9324 2840 
1672 3279 -1885 -6330 -908 4757 -1409 -9973 -3806 8062 -9371 -5462 -5386 6383 -5870 -907 -1785 -7226 4563 3476 3983 -6931 7097 3689 -5265 -4003 -2418 -9591 -5758 -1810 4276 -4216 4984 1048 1346 -1849 -4460 -5902 -3771 1483 5029 6048 6353 7826 -6007 9874 -8701 2307 4709 -7333 -8780 -4406 -9842 7744 7849 -2155 4314 -4501 -6256 -2318 7809 -7611 -5195 3926 -9709 -1912 1870 6479 -1315 8376 -1236 -6081 -7435 -4175 4053 1636 8650 
3466 5359 -1113 -3528 8994 7777 -6422 -1788 -6118 -2247 8300 -2772 6991 1437 4222 -2680 4468 -6684 -392 -2460 -2328 -7793 9035 3881 -2115 7444 6289 1214 -6484 -4193 -3460 7822 5042 -2010 -1146 3719 -3877 -8005 -2687 7190 -3046 7858 5076 9486 -5188 4603 8497 6192 -288 9402 6575 5483 -6000 -745 -972 -6341 1892 2642 8463 3129 6444 -1903 -6005 -725 283 -10082 -9566 6023 3896 3905 4477 -6516 4420 -9122 4201 2582 -6647 
3240 7747 -4914 7561 -9159 -2070 -8982 3842 -6577 -5446 -7817 7810 982 370 6449 -4271 3392 -2566 -7494 1340 2860 4312 7578 -625 -998 9399 9031 -7883 1464 4633 -4160 8881 7543 4686 -2232 -1555 3595 3801 -1500 5907 6241 490 2609 3215 6675 -4999 124 4216 -4752 7318 8201 7574 2120 861 5285 -9642 -5971 -3861 7924 -3046 4609 -9189 -6876 10025 9540 3104 6457 -4717 -5753 -7733 -3529 8008 3613 -5678 -3455 -780 6546 
-9212 1250 -5214 -8624 -2350 -9122 -8695 -7647 -7032 -8029 -6720 -8350 -8643 1816 8194 -9481 7131 -2166 -5459 916 5443 -597 -3163 -7236 -6838 -9696 -8660 -5463 4497 2962 -9535 3543 5917 -7470 3891 7132 3548 -6322 2820 9691 -2483 -3880 -9461 -2871 321 9166 -2786 3798 -8556 -8538 -8792 3074 -6330 -8737 -3113 1050 -9689 9292 -8106 -7881 4067 -6149 -8152 -4429 6123 7038 2877 5798 7785 -6899 6726 -618 8218 -8033 827 6804 -170 
-7891 9336 4415 8416 3274 9277 -1606 7000 -1895 6337 -3243 -1612 6686 -10073 5795 6517 5877 -9279 6389 3750 6335 5618 579 -10018 9253 9289 7657 -3083 -7589 -7300 -6728 1443 2018 -1706 -5007 246 3075 -9603 8476 -24 -9371 -5361 3939 -70 -9170 -3696 -6374 3138 -2048 9717 4160 1178 4876 -9502 -4140 -2980 1523 -6495 -1998 6519 -3448 -6599 2571 -2906 -3733 -4573 -4096 -1834 -9339 4517 -2688 -8682 -2943 -6743 -880 4452 38 
4502 893 -2545 6701 9181 6321 2325 8934 3987 -6299 9130 -7119 -1315 -2831 -9433 7547 -5267 8057 -658 719 -1004 8884 455 2481 717 -6532 -8703 2138 -4186 8493 1061 3127 -3982 9968 5465 8801 -839 -1273 -9991 5520 6855 -911 5770 -5070 -6090 -2973 -6082 -2555 -6086 3089 2427 8470 -3895 520 -9554 -4175 3848 1005 -1782 4701 2826 -369 9907 -1839 9779 8129 1220 -4252 -4713 2871 7782 591 -2143 5381 -5198 4759 -4919 
-5809 6838 -6888 -6549 -7793 9408 4199 6469 -7180 -1475 -1955 -2625 -1765 2534 -425 -2580 -8036 9598 4398 5997 3353 4054 1174 -9356 -2314 -1669 5861 -9357 -5432 -4827 6486 6256 7911 4467 -5576 -4560 7427 -3980 910 4894 -9919 -9646 -4147 -3880 -6677 5791 4699 -9618 8906 6838 4581 6196 562 4314 9943 5477 -4029 -6530 5959 5615 8168 -5070 3384 -1453 -8356 5567 -466 8491 5829 2121 -3665 -9113 5361 -5822 -903 5787 -5958 
6002 8003 -26 -475 7801 -737 -2273 -5512 -2675 -8227 2363 5221 8949 6736 7363 7053 3157 -5475 -5117 3832 -6932 9578 1222 -4249 -2090 9093 -9226 4144 2878 -4928 6789 6931 1405 3232 -2154 6735 9691 2890 689 -6762 2402 -8722 9889 4360 -5150 -8772 3069 6344 -6454 1447 -3466 -6178 -1875 -9362 -182 339 -6909 -1441 -10003 -9036 4763 7193 5294 -6237 1100 -4022 3765 9868 -2147 5394 -2768 1454 5790 -9675 5360 -6327 -3138 
8575 -6621 -8533 61 2314 -601 -5651 3889 9594 -9 -9631 8669 -8521 2148 -9610 -4423 7311 -5728 -6283 -8924 6520 -7771 -9918 7559 -2622 764 -4648 6542 -9676 -8290 -8617 -4178 2227 8846 5339 8181 9619 3788 5611 9475 4972 -3451 949 -433 5324 -1013 4701 6713 5188 -1381 5885 1440 -3704 -7766 3967 9834 3300 -5819 -2804 -5458 -8006 4912 2627 -9874 5701 5334 -4070 628 9881 6514 3470 -6743 -6999 2513 -5661 -2498 3130 
331 -8223 -3794 2979 -3508 -7748 7260 1158 1083 -9737 2445 2300 5243 -8759 -5129 4861 -2496 -6784 -3611 9524 -2202 -1239 9691 9068 -7366 -4338 709 9086 4032 -2542 1558 -3863 172 -4012 -3756 5507 -5747 -4954 2726 6329 -2623 6591 -6597 -5978 4820 1513 -8860 -60 3985 8615 4967 2003 4863 -9541 -10053 -6459 5413 -9662 9079 -3873 9340 8593 7581 1487 6201 -3260 5832 -5517 -489 519 -6030 9277 -3710 6055 5791 3855 6031 
5642 -7489 -8991 5424 6208 3158 -7577 8044 9313 -9986 8151 -761 805 111 -4177 -9237 -7873 -4827 2252 2133 9806 6610 1145 -4679 4467 -9371 -849 -6303 5906 1809 6805 -578 -8780 -7562 -7378 -4329 -1923 -1940 2852 5915 -684 -8800 7034 8805 1691 -5762 7229 5259 -8286 -6328 -2848 3441 -4938 1533 1755 -2887 -8027 -4606 1270 -6479 4899 -1051 10072 -3418 -3649 6489 -720 -8568 2649 -3307 -3290 -2409 -2366 1191 9824 5401 8954 
1190 -4371 2742 1983 -3952 -4565 -1725 -9418 -6339 -6290 -934 -6207 7913 -4601 -7463 -8897 4538 -1517 -3118 -9761 5409 4251 4767 3985 3991 6613 -4707 8265 6159 7291 -795 1076 2513 -8745 4493 2853 2831 -1632 8143 -5247 -6052 6776 2289 -7319 632 7720 4796 10036 -5191 -6060 2751 -808 -2669 -3264 4183 305 -79 -4144 765 -1405 -6585 2982 8790 -1885 9874 9503 1524 7171 -9077 7442 -4951 -4729 4432 5039 7839 -5774 274 
-9802 -233 3253 888 8350 -7460 8974 3614 3333 2705 -1297 6594 68 8959 -268 1166 -10082 -6470 -6174 5248 316 -2450 -1470 -9774 -886 -8958 3901 -8594 2195 -9108 -6336 3909 -6127 -7955 308 732 -3727 -5250 4551 -6963 -5044 3784 -5518 -8463 2063 -2124 -4969 -391 9292 5404 -8436 6511 -4100 7729 701 -9877 -7195 -821 -6759 7504 3589 8764 3082 1230 -7949 4039 -5147 5359 -1001 59 -2086 4882 7167 -4708 3772 5354 10046 
7957 -874 4437 -2779 726 -10022 3874 9100 -3687 701 9574 -6582 1570 -8781 3866 -2461 8045 -8502 2915 -3248 -2031 -6051 2788 2047 -8049 -3867 -1117 -9386 1932 -2943 -3175 -9880 -7995 1618 7591 4026 -1357 1224 2269 5502 1787 -8654 4537 -6317 -6300 8586 -8108 2606 -6973 3929 4458 -1066 -2632 -10054 -3278 -287 -1068 1839 3837 9090 6138 5355 -8987 -7848 1719 -545 1755 -8243 -5083 -1435 3970 9591 1508 -2172 7885 9785 5664 
3683 -6327 -1660 -5403 1559 -5747 -6335 -2476 -3963 5067 5688 -1287 -8046 3702 -4206 726 8023 3467 -260 -4382 -3121 -9090 -9295 6715 -4397 9810 6017 -8287 7121 1628 1587 2881 410 -5482 9288 7843 -442 -9707 749 -1342 -8102 -6665 7956 7084 -2549 -4226 -6021 249 8305 -7216 -9455 1537 -9450 -1220 4247 7239 -7027 -7612 8909 6637 1260 -5866 6860 6252 3731 -7402 -9165 9583 -2855 -1745 -8630 2354 -6102 -1176 2623 7863 3322 
-3354 -694 -2735 -863 5761 5486 -5299 -8568 4488 4921 4013 -4689 -5102 8033 -9543 3625 -5115 3 -2670 -3038 3009 7260 9180 -1669 -5344 -3232 1290 -4394 228 -6137 6128 -6958 3178 -4333 -6874 -6829 2195 1866 5630 -9523 8362 -4733 -7491 6191 9282 -1229 -7641 7923 -1847 -3636 -7761 6133 -5241 -6950 6957 5343 -9657 -2986 -5873 -368 -4463 2957 6392 1872 -2244 5909 7376 2093 -7479 5846 7079 -9122 67 -2420 -8241 -8950 -860 
-4721 -8306 -4618 2337 -5287 2413 3238 7582 -9389 8944 -5454 991 5166 5706 -9013 1090 -1823 8721 9837 6934 8662 -7652 5993 1530 6382 -7043 -6787 -8030 -1626 -9489 -5 4970 1284 -8858 3016 -859 -3977 4015 -9841 4271 -8180 -9254 4603 -9126 -8763 2990 9854 8828 1601 -7477 2571 -6503 -9480 2585 3232 -1272 7584 7210 4440 7761 7427 8389 9094 7412 5206 -3864 -8075 -8255 -6827 -3040 -6908 -7423 -8168 -8740 3076 1975 10072 
5063 9399 4542 4125 -1189 503 -9707 -7878 5072 -1825 5492 -7722 -1620 834 -5522 4581 2854 -7494 -2089 10076 2076 -6799 9079 -1301 -8565 3335 2346 4940 8143 9930 -9024 -4952 -8177 8022 -9114 -9997 -6981 -553 -1661 2808 -9552 7380 3767 -8623 6824 2797 9372 -2393 4969 -7217 3732 6178 -4877 -9383 4532 9676 7691 10029 -3973 1240 2135 -8263 946 -6047 6127 -5265 3552 2909 993 -5137 479 5263 -9302 -372 849 -1830 3361 
6183 -9207 9468 -3862 1425 5607 7996 -2739 -7265 -6940 5477 -3026 345 -645 5405 8303 7364 3472 -7161 -678 9134 1628 -6498 3019 1167 -1825 6270 600 9546 -6166 52 9263 7709 6543 -2417 8538 6681 -6138 3143 3505 4979 511 9326 -6399 2401 -5056 -1553 235 -7664 6810 8206 8276 -3884 5959 8931 8214 -2790 -5250 4978 3875 7941 6259 1626 -3475 -3398 9403 8656 -4909 -1696 -6967 6186 3757 -9336 3942 -3368 -6907 7512 
2480 7119 5482 8320 -3615 -2750 5938 -3572 8752 -942 6698 4 6364 5236 -7287 -1597 9128 995 -2575 -7194 616 9040 2561 -8580 717 9322 4252 6287 -1256 -9618 -2963 -6867 -7642 -945 2652 6734 7356 -7046 7789 -9469 -1804 7403 5427 7774 10084 8681 2533 -2807 -3741 4340 3633 349 8352 1402 6437 -8142 6529 -307 424 4897 5266 -593 8568 817 9761 -6671 -7454 1723 -4199 6660 -7285 -493 1491 -9471 9075 -1037 4779 
3712 5172 -7511 -4549 1902 -3986 -2056 129 -2429 -6709 -6092 -4261 -6705 -8595 3777 -9164 4331 6923 6269 5437 -6975 447 5289 -9898 8751 -7856 969 -1428 2100 -1415 -1791 -4753 -3440 -864 7115 -6599 -6431 -1852 -8839 5492 5595 -6649 -631 -8383 5376 -9027 -1718 5024 6128 -9061 3897 -9226 -6891 -8613 -863 -7291 -7321 80 -4492 1640 2452 490 229 -3012 -10057 8572 519 2313 4225 -5497 -6950 4468 5930 8648 4879 7065 -26 
2517 5301 -2819 -5944 -2969 -3002 -2329 -9993 4666 5301 -235 -5802 -6580 -4787 4285 -1240 -7710 4572 2375 5086 5886 -9311 4375 8716 -7437 131 2019 4246 1014 3473 -8878 1242 2477 1996 1776 8225 6386 7139 3080 4155 -3412 -9257 -2279 -9864 -257 -3688 8673 5964 5089 -2834 6565 3253 6178 -4188 -3597 4555 -4797 1779 -6832 2734 -9349 -44 -2715 2158 -5415 9933 -10084 2446 6438 -3839 -9986 3160 -7404 103 8025 -8831 7952 
-4917 -1233 1658 9465 -6475 4749 -1557 -8912 2372 -5680 -4745 8836 -4963 5943 5213 7067 -5145 3534 7434 9100 6588 -1742 9744 -9426 -5874 3723 -8808 3456 428 -4182 5524 2653 1457 -1539 3994 4594 1461 -6796 -3843 -4768 -8902 2940 -9172 -8299 10012 -8812 7432 -1515 5683 514 -1884 2240 8114 9325 3711 -4545 -3088 8889 9974 2180 3947 -600 2070 8746 2944 8570 1363 -2367 -3954 -8169 9582 4091 9754 4659 5503 4943 9670 
-8451 -3760 6545 -3732 7046 -817 -2296 9256 4594 -9512 7199 -4215 9948 2138 7848 6450 -4313 3667 -3288 -9947 -1707 -7587 -2064 7237 -3963 -3672 7777 -9849 -6163 5829 -7210 -909 -7806 -2788 3625 5607 -3626 -3796 9235 -6904 4727 8114 314 1505 10008 4975 -3069 -3591 -260 1147 -680 -8737 -8293 -2577 -5775 -689 -5688 -8691 7955 -2156 9923 2106 -1159 140 -9292 -6642 -2896 2961 3515 -4093 9136 5360 -2937 -4027 -5815 9170 8429 
9460 -1647 4032 742 -3220 4826 1778 -7736 4428 5362 2751 -8605 -1212 5030 -209 8681 1174 611 -4012 -4982 6063 -5530 4633 7024 7065 -9052 -7898 -8480 -9590 -4400 -2781 -6268 6425 -4839 -3724 -1564 -2196 358 -7888 -3244 3443 3085 -3379 185 -1989 -7531 9248 7848 -2593 -5974 5955 167 -586 -6344 195 -10025 -1925 -7733 2938 -2215 -4373 -7539 -711 -4479 8900 6274 -3465 -9934 -6507 5286 -7681 -5023 7534 -762 4365 1058 -5826 
-1528 9033 -4121 -3709 -9888 9797 -7933 6939 2643 3536 -8230 6954 -9017 -6971 5127 2892 1588 1175 4870 2950 2273 2768 780 4944 291 -8918 -9721 -3666 8453 4991 -8815 -9438 5105 -2218 9954 4493 -2677 4345 -5640 -5714 4459 -5212 4542 143 -3167 -5043 -6468 5640 -4534 -1201 -8218 5764 -3832 1728 3566 -6951 -3274 6122 -4294 -1298 -1607 281 -9146 5764 -9851 -6526 -9333 6236 9 -5275 9954 -7888 1317 -1065 -6172 -6565 5782 
-911 -8714 5124 6724 6262 -4211 -8455 3850 7043 5050 7105 9152 3885 -2917 -1027 -7319 9424 -5298 2757 8777 184 10075 1003 -8002 -6789 -96 -7135 -1672 3342 5241 5202 -3422 8870 5918 9378 -2404 -3166 6335 4409 7571 60 -9289 -6814 7096 -4585 9221 -5478 -6807 8567 584 -1444 -55 -3294 -7935 -7184 3302 -1384 -3761 4565 1068 -2306 3832 -1122 -5406 -6804 -7096 8862 3152 9170 1629 -7295 1966 -8864 -5121 3375 3585 1847 
-1500 -6292 2092 -4706 6594 3566 -3334 -8061 4110 1121 4153 -8632 -7198 9305 6672 8925 -3395 -8615 -4743 -5419 4381 8966 2576 2204 8331 7967 1943 -5391 9087 1929 9162 -2362 6091 -10039 -2657 -6941 -7123 4823 -5419 -6536 -2627 338 932 -305 -9495 -3349 -3451 -4866 -7631 575 4530 4157 9456 5622 9895 -3705 10029 -1949 5789 -8597 -2312 -8786 124 9387 -2804 3166 5051 8963 -550 5318 -181 5263 -2468 6309 -6211 -7264 1628 
3091 -2836 1546 6791 -10065 -10012 -2295 -9613 -72 -3361 7162 -4470 8051 -5776 -8395 -9581 6572 -4951 5917 -3072 -4174 1042 -5211 3868 -9956 7357 -2182 3455 5118 6401 3591 -1814 3316 -9527 9781 -8599 5539 4171 3956 -5385 -1973 506 9551 -9625 8271 1916 818 -5220 6537 6544 2146 190 816 -9957 1666 8611 8293 3927 -9441 1109 -764 6958 -7758 7989 -3420 -657 7057 9168 5925 -142 9458 -5837 2561 2090 568 -6640 -7924 
6506 -307 -9696 3168 -7141 1727 7254 -1488 -1827 2540 -425 -3877 -2331 -5846 9762 1307 -6060 -3807 -9433 595 -8875 -3109 3604 9892 -2561 195 6525 -297 8013 5070 -4492 -2159 -3235 -7420 -261 -6972 6551 -1973 -10069 81 -8631 6060 3995 -5826 -6652 -9989 2667 -5351 -8131 -4366 -6355 -2433 -6087 6348 6302 -5860 -8513 -4393 -7908 -2182 130 -3937 -5786 -7013 -1640 8746 -1104 3967 -2879 5732 618 1111 3711 9802 -8519 -8054 7754 
2273 7514 9433 3493 7573 7360 -8663 -555 -8786 -4797 -8739 2221 587 -4892 -6640 -5808 6123 -2651 8269 8807 1870 -3057 5067 9146 317 7993 -9019 -6571 4012 3209 -8348 -1122 -7631 4461 -1515 5941 -7812 3805 -6011 -5510 2837 -9514 -1986 9156 -8380 528 2474 5434 -8088 -889 -3589 1805 -5803 9202 10029 7193 -3319 2292 -862 -5372 2978 7708 9543 -9705 -1063 2893 -9251 5183 -4776 -6291 -967 1939 5107 3921 -297 -3129 460 
2049 9546 3887 -6008 2130 -7452 -1387 6449 4257 -6533 777 -4708 -5014 4338 -3831 -6507 -4877 -65 1957 1416 8118 -495 4571 5972 1409 8465 -9634 -1199 5138 -2817 -8540 6359 3563 -2779 9113 9513 -3967 6565 2113 -4880 -8981 -3741 8953 -1656 -8856 6606 3967 4198 -3181 2005 9159 7202 658 9296 -1579 -9306 -9203 -4150 3199 2265 -3481 -3782 -1202 7074 -9775 -390 -8492 -5657 8653 7130 7804 7101 9895 8335 -8476 5460 8514 
7554 151 2486 5508 -4255 -654 9776 9479 58 -9664 -8203 -2549 -8798 -6938 -1843 2402 8382 -6111 -972 36 -1588 -7870 3855 7216 -821 -8147 8939 -9209 5812 -2045 876 347 8446 5391 -6494 -2874 -2073 8321 -7930 3929 -8594 -774 3672 6547 -2412 -3408 -9923 -2589 -3902 4320 4939 2936 8367 -6073 -2005 -7728 -2849 -4370 7879 -3873 -535 7283 -4775 -4594 6241 -9581 7150 1799 -1128 8094 6458 1672 5843 -7312 7972 9480 -5718 
-4049 -993 9892 -2063 -2753 -2660 8548 -4175 -8633 9210 7636 2397 -9942 4997 3091 246 2455 -4012 6671 3778 -4221 347 8645 -4264 4492 9029 2078 -465 7756 -4841 -4847 815 7501 5514 7553 -2946 -4503 -7369 -4054 9671 987 8501 6685 3408 2982 -5993 -9760 5565 7500 -5857 -5545 -9314 4025 -4554 4848 -9902 1675 -7899 -5541 -3227 -8537 6954 7791 1881 -5892 6001 -227 -2538 -2152 -30 -168 3601 3086 -5655 6956 -6068 7040 
2863 4262 -8388 -4670 2589 6286 -2910 -2664 -3719 -7607 2289 -4622 -3622 -7007 -2968 -2515 -8818 4767 9024 2153 9623 3717 1780 -9127 8974 -3284 5164 -4585 -1420 7174 6487 1272 -9867 9031 -9111 -7135 7678 -6358 -1850 4129 -7408 399 -4661 3082 -4131 -4096 -6806 -5355 -6546 7504 6810 3548 7067 3863 1550 -1510 -3238 5170 5785 -9474 4820 -737 1522 -7905 -5389 3923 -560 -4915 -3899 -8498 3016 4298 -899 9019 -440 -6030 3427 
11 -9069 -6078 9749 8129 1977 1237 -2089 2781 2693 3723 -3376 -6889 -5603 -9151 5158 -6613 5908 5010 -4236 -3324 -7549 10077 -7853 2984 -6217 -8657 -10066 5622 1928 1451 7039 1035 6840 -1310 4181 -878 7759 9558 -6549 -2424 -9251 3245 -2097 -2487 -4253 -1615 4136 -3573 -3745 8425 9951 25 5248 -4316 4064 4125 7918 8008 1102 491 5235 -3234 4290 9130 6390 206 -2476 -7578 5693 -5020 -8974 615 6307 -7085 5181 6536 
5910 -4604 4218 2554 3647 10023 4990 5583 4828 4941 -8809 2792 7119 -6697 272 -6498 67 4030 4571 6751 -6527 -1996 1395 -9051 -4266 2098 914 2319 2845 971 -4644 1072 9945 8596 -5375 1154 -9553 -9238 9464 -5516 2810 4538 1487 -479 9904 1140 2589 4549 438 1750 -6312 5089 8233 -9805 8138 -4628 908 -9694 1169 2634 9882 -763 1514 7304 -6017 -5244 5885 8833 -9868 -6428 1637 -8395 -2881 -2152 4737 6834 -153 
4832 -2800 8808 8765 9863 -6059 -961 9341 8946 5785 -2973 6375 3096 -709 9308 789 -364 8171 -700 -2383 -4190 5777 -6420 -2384 4005 5582 -4163 -4013 1580 7511 8252 4189 -4917 -6455 -7054 -2593 2276 5820 4793 -2183 6028 -2707 7829 -624 -4754 -3372 -6185 4400 132 -2973 3006 9551 -2076 3589 7938 4271 5997 4435 -8038 -3605 -2067 2591 -2400 8447 5839 -3483 -7095 8233 -1933 1253 -8205 9363 -6694 7770 5219 -5104 -4621 
-672 -2253 -1682 6400 6148 6606 3436 6991 -6110 -1897 -9361 9757 4460 2564 -8078 -4798 -6734 -6001 4502 9401 -1073 3240 2594 -8729 996 -9510 -5580 4554 5882 -9253 4543 -9562 8708 353 8303 -3477 4722 9466 8350 -6076 -5870 1303 -539 -8252 8649 8546 -953 -8686 -8114 -6112 8660 -792 -7296 5595 -4441 3532 8467 2313 -1458 1879 163 6454 5278 -6932 6152 2375 7255 9859 -1824 -3034 3689 -2907 -1688 1422 -8092 -5792 -989 
-7881 4573 5824 8145 5644 9227 -8582 -9994 8068 -3754 7660 2058 2615 -2589 4422 2922 -4383 2201 -8675 -7095 2596 -1647 -448 -4346 5615 -4135 4362 -62 -9241 6319 2033 -1758 272 -6119 210 -7243 407 -8299 189 -3729 -2592 -5590 8686 7558 -9728 5978 -3283 3764 4642 -5141 124 3191 -6510 -7132 -296 -7426 -6314 6836 -2043 -7754 8397 -5910 -969 -1768 7496 6748 4414 -5830 -5035 -6673 -1980 5192 8752 -1629 -387 -4551 8872 
7675 755 -6660 3735 -3223 2621 3796 8538 1375 3932 8598 -7264 7034 -2679 -8157 -3613 3043 -920 -5244 7402 -3784 6617 1 -1793 9314 -9559 -1053 -1023 3240 4626 -8910 8205 2289 -6434 -9051 9574 -5990 -6021 8446 -7488 -4573 -79 -228 -2640 9156 -6556 -2520 1547 -8585 8232 10025 -9388 -481 4181 6983 6905 1576 -2384 6336 -6236 -6232 3985 744 -7927 -1212 9454 7039 -2574 -4082 -9838 1161 8643 7487 -8192 -8508 -383 -335 
2360 -7510 10084 -1109 -366 4171 4237 441 8983 8281 1848 9914 -1728 6709 -3664 7368 -3012 -7791 2897 -2531 -521 -2633 -898 6569 -1652 -575 -8769 -3519 7360 -7068 9871 49 1257 -1126 -4116 472 -6497 8557 -9927 681 6652 -3965 7833 10072 -6832 -7679 -6292 9671 1727 7277 -2106 -7292 -8029 -2000 2157 -1862 -43 577 -2847 -8756 4203 6918 5194 7767 -2324 6251 -8033 8003 2105 878 3489 1773 8944 4835 -5644 2650 6151 
-578 9232 2411 3787 -3258 2807 1285 -8726 -4810 3096 -3921 -5069 2255 -7755 5155 5694 4708 4920 -4098 8135 6824 -6467 3702 6463 -3643 2187 -1656 8780 -6556 3397 6362 2584 214 10011 -7729 1649 7099 4549 -1876 7431 -4680 -10086 7348 -618 4448 -1822 -8028 9142 -3592 -3990 1411 1570 -4844 -435 9020 7013 1820 4894 470 7492 1712 -4062 -7730 2181 3012 5124 8290 597 -7226 -4066 1994 -1166 587 1760 -2252 4443 245 
-3755 -8370 -6673 2080 -1926 -2255 1266 -1110 2079 1132 7464 -1981 -8396 6795 -8029 -6789 3195 8346 7611 -9443 -3317 9462 -5128 -565 -7226 -5625 853 -7280 -1661 -135 73 2887 -502 -6916 5292 -633 9981 -9545 3928 257 -5351 7813 -6333 -9699 3985 -7246 -8227 6609 2809 3585 -561 -7144 6277 5258 10045 1872 4002 8345 4847 -379 -2982 9500 2780 4809 -6357 -6631 1975 3643 -1294 -1849 7995 11 -9121 4097 -3015 -1461 -5787 
4707 -6942 7172 -6223 295 -4145 4471 455 -10031 -4960 7231 3763 2570 -8964 -2190 9824 -9952 9168 6404 7380 -9787 -437 -2769 -6513 7302 -3412 -5679 9892 586 -1429 -2519 7148 -2409 -7776 870 2661 -1330 -2425 -696 3673 7455 -7311 6638 -1818 -7409 -9281 -6805 -3835 5072 -1989 -8904 3047 1482 -8534 171 8038 9776 -3283 2704 2146 -5968 -8453 -2926 1816 6751 7959 4174 6914 5444 2862 4240 2671 -381 -3286 -113 -4909 9541 
-1584 771 1916 -6809 1484 -8132 -8335 453 8536 -4765 2127 -4790 -7685 -4004 9401 651 5116 -9164 7914 -4774 -2985 -8128 -7665 -2244 -7010 2061 -1691 -1091 -1562 6002 -8702 7324 5192 -5850 6318 4552 -1365 -9930 -4175 -4710 5316 4305 -5666 -4969 1760 -2381 4767 -2178 6749 -3318 -1963 2763 -869 5045 7955 -8656 -6944 5496 -5438 -7554 -5527 3043 2393 915 5227 -3775 8691 -2403 4661 -7583 -5381 8157 -4958 -8996 -4267 8714 6276 
7236 7900 2826 -5858 -3217 4626 856 -1864 1711 -2489 -1078 9001 -7607 -3692 4814 -3904 -4787 -2947 -5036 10055 -4270 1476 -1984 -992 -2757 5850 8790 -3226 6770 1541 5631 -1605 -5526 1203 -9750 -4807 2626 -3731 8234 -2540 -6063 5823 -6438 -9943 3540 -8044 -1468 -6899 9345 222 7137 -1488 8611 1394 5475 6188 -8243 4990 -9868 -1539 4636 -8213 -4816 -1793 -734 7767 -1047 1412 -4837 -7111 -2347 -5557 9766 -8728 -9922 -3284 -5401 
-5470 878 9858 -9318 -6532 -2890 5854 6192 -8787 -488 -5833 8746 -7711 -5498 1251 198 -4793 7126 -6158 -6163 -8149 -655 7585 -3673 -5546 -8275 -1994 7357 -5 -2793 -5039 9817 3435 9042 -6487 -597 5261 -1203 3712 8787 -4168 -9147 1291 -7926 9544 1772 580 -3722 6351 4375 4028 -2808 -7507 -7080 -6927 9980 -3163 4254 163 6681 6266 -6403 -7682 -4460 3538 8579 -9960 7619 7716 -5082 3693 8937 7721 1885 8641 4944 -4651 
-8297 -8358 -5621 -214 -3928 6822 8269 2105 7826 -966 -2606 8113 -9416 -8098 7555 5313 -4121 3724 -8003 44 -8170 8206 1791 1263 -3398 2368 -1720 -5289 -8335 3972 3995 -4774 -9300 5410 -35 2548 6138 7936 1807 1509 -4880 -5331 5847 -4065 4161 5116 -9860 2451 2153 -3793 7647 4418 7004 2010 3827 -5408 8449 -357 7353 528 -3836 8640 -8181 4394 -6347 1783 -4291 -3825 -389 1994 -7706 546 -1384 6773 4172 -790 3504 
9249 -5830 5029 -959 -2944 -1052 5395 -6484 6340 -5427 6085 9116 521 -8610 8258 8256 6676 -8096 -5530 -684 309 -5961 -6961 3350 9931 -6018 -3662 5085 4667 -4504 -3528 3210 3398 3364 -9764 4626 -6980 8569 -5469 -8687 -6699 5141 -2553 9344 -6370 -9030 9322 -4438 9222 -9676 3537 -1289 672 1410 -7646 -8042 -159 -6967 3837 -8229 5831 -3118 -3777 1438 3463 690 4728 -5095 -9881 -6876 5122 -5864 2221 -1222 753 -9056 8194 
